Date,Open,High,Low,Close,Volume
1997-06-30,10.7668,10.7668,10.7668,10.7668,2592844.9157348
1997-07-01,10.9391,10.9391,10.9391,10.9391,4839556.8140921
1997-07-02,11.3661,11.3661,11.3661,11.3661,4439604.8802971
1997-07-03,11.5045,11.5045,11.5045,11.5045,2441513.2567872
1997-07-04,11.7327,11.7327,11.7327,11.7327,936113.09155399
1997-07-07,11.9314,12.2178,11.9314,12.0456,1468411.1212171
1997-07-08,12.329,12.329,12.0735,12.2436,1538879.2503887
1997-07-09,12.0735,12.2731,12.0735,12.2178,710098.36444691
1997-07-10,11.9314,12.159,11.9314,11.9609,987806.20084414
1997-07-11,11.7923,11.8174,11.5634,11.6194,949543.03089474
1997-07-14,11.648,11.648,11.3064,11.4205,1779743.3854934
1997-07-15,11.3661,11.5045,11.3661,11.4801,2145061.6424025
1997-07-16,11.45,11.5634,11.45,11.5045,1112898.7439582
1997-07-17,11.648,11.877,11.648,11.877,1355524.6502094
1997-07-18,11.7923,11.8174,11.648,11.648,1325857.0761079
1997-07-21,11.5045,11.6194,11.4801,11.5347,169211.53065199
1997-07-22,11.5045,11.5347,11.4801,11.5347,1230745.8843774
1997-07-23,11.5347,11.5347,11.5045,11.5045,460630.48343494
1997-07-24,11.648,11.648,11.5045,11.5045,785480.97936087
1997-07-25,11.648,11.648,11.2225,11.3661,919462.5204567
1997-07-28,11.3661,11.5045,11.3661,11.3911,529397.96690464
1997-07-29,11.5045,11.6194,11.5045,11.5898,864482.2205926
1997-07-30,11.5347,11.6194,11.5347,11.6194,288206.47108569
1997-07-31,11.648,11.6774,11.5045,11.5634,708358.32679185
1997-08-01,11.5045,11.648,11.5045,11.5045,321298.42842557
1997-08-04,11.5347,11.5347,11.0789,11.0789,898030.58125185
1997-08-05,11.4205,11.5634,11.4205,11.5634,598507.75286387
1997-08-06,11.5045,11.5898,11.5045,11.5634,597555.55427199
1997-08-07,11.648,12.5013,11.648,12.5013,1530327.1215235
1997-08-08,12.8127,13.7792,12.8127,13.5518,1795007.0881709
1997-08-11,13.0659,13.0659,12.6993,12.7839,665747.10021964
1997-08-12,12.7839,13.2102,12.7839,12.926,971730.20892569
1997-08-13,12.2178,12.2178,12.2178,12.2178,474702.91911515
1997-08-14,12.1303,12.1303,11.9904,11.9904,485621.28185622
1997-08-18,11.9314,11.9314,11.648,11.877,290940.81597219
1997-08-19,11.9609,12.159,11.9609,12.159,253075.64058403
1997-08-20,12.1303,12.2731,12.1037,12.1037,143798.28749166
1997-08-21,12.2178,12.2178,12.1037,12.1303,420342.0237559
1997-08-22,12.2178,12.2178,12.2178,12.2178,234527.46401904
1997-08-25,12.2178,12.2178,12.159,12.159,103181.10875522
1997-08-26,12.2731,12.4159,12.2731,12.3025,203909.0496689
1997-08-27,12.5013,12.7839,12.4159,12.4423,218640.2818071
1997-08-28,12.4726,12.53,12.3577,12.3577,160473.30876678
1997-08-29,12.4423,12.4423,12.2178,12.2731,175295.54990022
1997-09-01,12.2178,12.2436,12.159,12.159,118393.19439062
1997-09-02,12.5013,12.8127,12.5013,12.6691,729265.94551673
1997-09-03,12.8428,13.2102,12.8428,13.1792,866817.21257468
1997-09-04,12.8127,12.9555,12.7839,12.926,491682.20926984
1997-09-05,13.0107,13.2102,13.0107,13.2102,683476.19582756
1997-09-08,13.1543,13.4369,13.0659,13.4083,565673.88073434
1997-09-09,13.3824,13.9479,13.3824,13.9199,684884.79773879
1997-09-10,13.9199,14.0922,13.7792,13.9199,1194578.6380047
1997-09-11,13.6063,13.7792,13.6063,13.6652,368521.23020379
1997-09-12,13.4083,13.4083,13.2684,13.2684,255860.2441694
1997-09-15,13.6349,13.8933,13.6349,13.7792,311784.59256609
1997-09-16,13.7792,13.7792,13.6652,13.7212,316030.77344797
1997-09-17,13.9199,13.9199,13.7212,13.7212,578984.28587239
1997-09-18,14.0922,14.6318,14.0922,14.6318,361706.4223073
1997-09-19,14.3447,14.6318,14.3447,14.4889,533925.32483149
1997-09-22,14.6318,14.7717,14.4889,14.7717,550707.65522039
1997-09-23,14.3447,14.4889,14.3447,14.4889,438776.09949104
1997-09-24,14.2056,14.2056,14.0325,14.0325,266199.952702
1997-09-25,13.9199,14.0627,13.7792,13.9199,275131.05932336
1997-09-26,13.9479,13.9479,13.8345,13.9199,275010.16677746
1997-09-29,13.9199,14.2056,13.9199,14.0325,89800.069770117
1997-09-30,13.9199,14.0922,13.9199,14.0627,714121.77704196
1997-10-01,14.1209,14.3447,14.1209,14.3447,177895.4188087
1997-10-02,14.2056,14.2056,13.9199,14.0627,447815.87356939
1997-10-03,14.0922,14.0922,14.0627,14.0922,426996.54715332
1997-10-06,12.6993,13.6946,12.6993,13.5805,175387.91723866
1997-10-07,13.6349,13.7792,13.5805,13.5805,482418.30856144
1997-10-08,13.4922,13.6946,13.4922,13.6063,207668.94368076
1997-10-09,13.4083,13.4664,13.353,13.3824,525640.78957921
1997-10-10,13.4083,13.6063,13.4083,13.4664,333640.3348532
1997-10-13,13.7792,14.3447,13.7792,14.2056,244685.15456119
1997-10-14,14.3447,14.6318,14.3447,14.6318,430389.68849783
1997-10-15,14.6318,14.6318,14.4889,14.4889,527020.86628299
1997-10-16,14.6318,14.6318,14.4889,14.4889,677777.94605165
1997-10-17,14.6318,14.9145,14.6318,14.7717,430442.66388311
1997-10-20,14.6318,14.9145,14.6318,14.7717,221204.83379207
1997-10-21,14.7717,15.0588,14.7717,14.7717,305563.38065342
1997-10-22,15.0588,15.0588,14.9145,14.9145,294467.07495152
1997-10-23,14.6318,14.6318,14.2056,14.2056,196124.38471877
1997-10-24,14.2056,14.7717,14.2056,14.7717,340063.93990453
1997-10-27,14.1762,14.1762,13.4083,13.8345,278021.6136793
1997-10-28,12.7839,12.7839,11.648,11.9314,158041.87441663
1997-10-29,14.0627,14.2056,13.8094,13.9199,535564.84508883
1997-10-30,12.926,13.6349,12.926,13.0659,552053.77334385
1997-10-31,13.2942,13.7499,13.2942,13.7499,481262.35848771
1997-11-03,13.353,13.7792,13.353,13.7499,418523.20219452
1997-11-04,13.7792,13.7792,13.4922,13.5518,151263.74178688
1997-11-05,13.6349,13.6349,13.353,13.353,115810.98394389
1997-11-06,13.6063,13.6063,13.4083,13.4369,104157.75752492
1997-11-07,13.1248,13.2102,13.0659,13.0659,269356.74232756
1997-11-12,12.5013,12.5013,12.2731,12.3025,177339.85643484
1997-11-13,11.3661,12.2178,11.3661,12.1303,501804.58288845
1997-11-14,11.9314,12.0735,11.8468,12.0735,664273.29783421
1997-11-17,12.3577,12.5013,12.329,12.5013,440031.20861928
1997-11-18,12.5013,12.5013,12.1303,12.159,284188.49186347
1997-11-19,11.9314,11.9314,11.7923,11.877,301424.50888531
1997-11-20,12.0735,12.0735,11.905,11.905,113186.66485758
1997-11-21,12.1884,12.3879,12.1884,12.3879,431121.8354893
1997-11-24,12.0456,12.0456,11.877,11.877,303683.43364749
1997-11-25,11.905,12.1037,11.905,11.9904,279529.37464503
1997-11-26,11.7923,11.9609,11.7327,11.8174,278169.67308945
1997-11-27,11.7025,11.8174,11.7025,11.7923,153231.9811016
1997-11-28,11.7923,11.8468,11.648,11.7923,198151.03279164
1997-12-01,11.9314,12.3879,11.9314,12.3577,294916.68655482
1997-12-02,12.5013,12.728,12.5013,12.6691,316375.79262392
1997-12-03,12.5572,12.6434,12.4726,12.5852,256649.44157579
1997-12-04,12.5013,12.926,12.5013,12.6434,440150.74282196
1997-12-05,12.5013,12.5013,12.2731,12.3025,174545.74444699
1997-12-08,12.0735,12.159,11.9904,12.1037,153473.76619341
1997-12-09,11.9314,11.9609,11.8174,11.9314,322857.80643337
1997-12-10,11.9314,12.0456,11.877,11.877,400321.4031487
1997-12-11,11.4205,11.5347,11.4205,11.45,525532.12212222
1997-12-12,11.3661,11.5634,11.3661,11.5347,551322.98469559
1997-12-15,11.5045,11.6774,11.5045,11.5898,407691.77341905
1997-12-16,11.5347,11.6194,11.5045,11.5045,430339.42979897
1997-12-17,11.5898,11.5898,11.4801,11.4801,417277.60146877
1997-12-18,11.3661,11.648,11.3661,11.648,346609.79584497
1997-12-19,11.3661,11.45,11.3661,11.3661,737809.92432257
1997-12-22,11.3661,11.4205,11.3661,11.3911,299946.63147025
1997-12-23,11.277,11.5898,11.277,11.5045,173408.81117822
1997-12-29,11.8174,12.2178,11.8174,12.2178,113903.87007371
1997-12-30,12.2178,12.53,12.2178,12.5013,345936.05761162
1997-12-31,12.7839,13.1543,12.7839,13.0946,371324.85059413
1998-01-05,13.0659,13.0946,12.8686,13.0659,409752.38007222
1998-01-06,12.5572,12.5572,12.4423,12.4726,305044.49354629
1998-01-07,11.3661,11.3661,11.3661,11.3661,669736.55423438
1998-01-08,12.329,12.329,11.9609,12.0154,491415.97400021
1998-01-09,11.7621,11.9314,11.7621,11.877,358546.91599531
1998-01-12,11.3661,11.5634,11.3064,11.3661,573110.80982208
1998-01-13,11.9609,11.9904,11.7621,11.9904,429300.29724152
1998-01-14,12.2436,12.3577,12.2436,12.2731,459212.37312123
1998-01-15,11.9904,12.0456,11.9314,12.0456,167661.66104667
1998-01-16,11.9904,12.2731,11.9904,12.1884,680959.18585503
1998-01-19,12.5852,12.7839,12.5852,12.7839,527971.70653165
1998-01-20,12.728,12.7839,12.5013,12.728,435166.98157576
1998-01-21,12.728,12.728,12.53,12.5852,233409.54755526
1998-01-22,12.4726,12.614,12.4726,12.614,309929.09573798
1998-01-23,12.614,12.8127,12.614,12.7537,248981.59414193
1998-01-26,12.6691,12.7839,12.6691,12.6993,364518.19275691
1998-01-27,12.7839,13.0107,12.7839,12.9819,319586.91597797
1998-01-28,13.2389,13.6946,13.2389,13.6349,553140.44791374
1998-01-29,13.8094,14.3447,13.8094,14.2056,763672.77908619
1998-01-30,14.4889,14.4889,14.2056,14.3447,843254.03286961
1998-02-02,14.9145,15.4843,14.9145,15.3407,806873.52661257
1998-02-03,15.3407,15.767,15.3407,15.3407,907407.22444688
1998-02-04,15.1971,15.1971,14.7717,14.7717,541499.44658369
1998-02-05,15.0588,15.3407,15.0588,15.3407,1360691.7877893
1998-02-06,15.4843,15.767,15.3407,15.3407,932766.1338787
1998-02-09,15.6242,15.6242,15.0588,15.1971,1171145.8592481
1998-02-10,14.6318,14.9145,14.6318,14.7717,307458.26943468
1998-02-11,14.9145,15.0588,14.6318,14.6318,512360.26799182
1998-02-12,14.4889,14.4889,13.7792,13.8933,325578.56788776
1998-02-13,13.7792,14.0627,13.7792,14.0627,697683.10748579
1998-02-16,14.7717,14.7717,14.3447,14.3447,364804.80317473
1998-02-17,14.4889,14.7717,14.3447,14.7717,241005.40279886
1998-02-18,14.7717,15.0588,14.7717,15.0588,861110.81273949
1998-02-19,15.0588,15.4843,15.0588,15.1971,610257.42165091
1998-02-20,14.7717,15.1971,14.7717,15.0588,466657.45226826
1998-02-23,15.3407,15.767,15.3407,15.767,788971.92141667
1998-02-24,15.4843,15.4843,14.9145,15.0588,530035.02987124
1998-02-25,14.7717,15.1971,14.7717,15.0588,266716.1231227
1998-02-26,15.6242,15.6242,15.3407,15.3407,1015391.4348011
1998-02-27,15.6242,15.6242,15.1971,15.3407,555384.43090059
1998-03-02,15.3407,16.0504,15.3407,16.0504,655342.19121285
1998-03-03,15.767,15.767,15.0588,15.1971,429696.93345952
1998-03-04,15.0588,15.0588,14.7717,15.0588,421640.59986693
1998-03-05,14.7717,14.7717,14.4889,14.6318,286902.4616018
1998-03-06,14.9145,15.1971,14.9145,14.9145,192228.65638569
1998-03-09,15.6242,16.194,15.6242,15.9113,1113338.847159
1998-03-10,15.9113,16.3368,15.9113,16.3368,1093202.7673787
1998-03-11,16.3368,16.3368,15.767,15.767,603649.0819227
1998-03-12,15.767,16.0504,15.767,15.9113,613919.51495147
1998-03-13,15.9113,16.0504,15.9113,16.0504,528612.84452789
1998-03-16,16.194,16.194,15.767,15.9113,435992.85424888
1998-03-17,16.194,16.194,15.9113,16.0504,661140.95838648
1998-03-18,16.4767,16.6195,16.194,16.3368,924559.02418953
1998-03-19,16.3368,16.6195,16.3368,16.4767,227170.67718082
1998-03-20,16.4767,16.9029,16.4767,16.9029,269896.00458287
1998-03-23,16.7638,16.7638,16.3368,16.3368,234933.60863954
1998-03-24,16.4767,16.4767,16.0504,16.0504,318775.98508018
1998-03-25,15.767,16.194,15.767,16.194,626913.42612105
1998-03-26,16.0504,16.0504,15.6242,15.9113,469429.83076471
1998-03-27,15.9113,16.194,15.9113,16.194,468708.55051894
1998-03-30,16.194,16.194,15.9113,15.9113,511143.19247354
1998-03-31,15.767,16.0504,15.767,15.9113,210232.1373225
1998-04-01,16.0504,16.0504,15.9113,15.9113,236886.90617894
1998-04-02,16.0504,16.0504,15.767,15.9113,255198.73102497
1998-04-06,16.3368,16.6195,16.3368,16.4767,233406.83086883
1998-04-07,16.4767,16.6195,16.4767,16.4767,329485.16296655
1998-04-08,16.3368,16.3368,16.0504,16.194,203095.40208469
1998-04-09,15.9113,16.194,15.9113,16.194,186000.65275695
1998-04-14,16.194,16.3368,16.194,16.3368,110427.86979325
1998-04-15,16.4767,16.4767,16.0504,16.3368,164949.04965156
1998-04-16,16.194,16.194,15.9113,15.9113,96023.99836922
1998-04-17,15.767,15.9113,15.6242,15.6242,554248.85597504
1998-04-20,15.767,15.9113,15.6242,15.6242,133519.70440362
1998-04-21,15.6242,15.6242,15.3407,15.4843,123242.47965879
1998-04-22,16.4767,16.4767,16.194,16.194,502553.02999848
1998-04-23,16.7638,16.7638,16.4767,16.7638,338797.96403059
1998-04-24,17.0457,17.7563,17.0457,17.6156,576920.9625328
1998-04-27,17.6156,17.6156,17.0457,17.0457,349277.58191407
1998-04-28,17.0457,17.3292,16.9029,17.3292,411587.50175213
1998-04-29,17.6156,18.181,17.6156,17.8975,287187.71367641
1998-04-30,17.8975,18.6072,17.8975,18.4644,491751.48477367
1998-05-04,18.7508,18.8899,18.6072,18.6072,267714.50538379
1998-05-05,19.3168,19.3168,18.8899,18.8899,388710.28536931
1998-05-06,19.0342,19.0342,18.6072,18.6072,208387.5072401
1998-05-07,18.7508,18.8899,18.6072,18.7508,478381.31253426
1998-05-08,18.4644,19.0342,18.4644,18.7508,481327.5589619
1998-05-11,19.0342,19.1763,19.0342,19.0342,390355.2389995
1998-05-12,19.0342,19.0342,18.4644,18.4644,289039.13547487
1998-05-13,18.4644,18.4644,18.0382,18.181,271452.66590425
1998-05-14,18.0382,18.181,17.6156,18.181,125122.42666471
1998-05-15,17.8975,18.0382,17.6156,18.0382,237125.97458432
1998-05-18,17.8975,17.8975,17.0457,17.0457,181810.16394677
1998-05-19,17.3292,17.4727,17.3292,17.3292,676274.26011555
1998-05-20,17.4727,17.7563,17.4727,17.6156,277813.78716781
1998-05-21,18.4644,18.7508,18.4644,18.6072,578222.25533025
1998-05-22,18.4644,18.8899,18.3246,18.7508,551460.17736004
1998-05-25,18.6072,18.6072,18.181,18.6072,210001.2189764
1998-05-26,17.1893,18.3246,17.1893,18.3246,206328.25893014
1998-05-27,17.7563,17.7563,16.9029,17.1893,92231.504120269
1998-05-28,17.8975,18.181,17.4727,17.4727,208941.71127075
1998-05-29,17.0457,17.4727,16.7638,17.0457,884869.59386715
1998-06-01,17.0457,17.0457,16.0504,16.6195,684236.86802649
1998-06-02,16.0504,16.6195,16.0504,16.3368,402611.56980476
1998-06-03,16.7638,17.3292,16.7638,17.0457,200784.86028044
1998-06-04,17.1893,17.4727,17.0457,17.1893,361198.40194588
1998-06-05,18.181,18.3246,17.8975,18.181,474727.36929297
1998-06-08,18.181,18.181,18.0382,18.0382,275379.63613123
1998-06-09,18.181,18.181,17.4727,17.4727,316182.90788776
1998-06-10,17.8975,18.0382,17.6156,17.8975,501738.02407105
1998-06-15,17.3292,17.3292,16.7638,16.7638,194290.62138207
1998-06-16,17.3292,18.181,17.3292,17.8975,251144.07653603
1998-06-17,18.181,18.4644,17.8975,18.181,252670.85430674
1998-06-18,19.0342,19.0342,18.6072,19.0342,601180.97230582
1998-06-19,19.3168,19.3168,18.7508,18.8899,362066.38325858
1998-06-22,19.6032,19.8868,19.3168,19.6032,225551.53207167
1998-06-23,18.8899,19.0342,18.7508,19.0342,207135.11479828
1998-06-24,18.7508,19.0342,18.7508,19.0342,84820.38355355
1998-06-25,18.7508,19.3168,18.7508,19.0342,146835.54291454
1998-06-26,18.7508,19.1763,18.4644,19.1763,239219.18147459
1998-06-29,18.8899,19.1763,18.8899,19.0342,43917.952742511
1998-06-30,18.8899,19.0342,18.7508,18.8899,382801.49239549
1998-07-01,18.8899,19.0342,18.8899,18.8899,131669.64094837
1998-07-02,19.1763,19.3168,19.1763,19.3168,168229.44850945
1998-07-03,19.3168,19.7432,19.3168,19.6032,179689.79019226
1998-07-06,19.6032,20.3123,19.6032,20.0302,267923.69023851
1998-07-07,20.0302,20.0302,19.7432,19.7432,551980.42281038
1998-07-08,19.4604,19.4604,19.3168,19.3168,438913.29215549
1998-07-09,19.3168,19.3168,19.3168,19.3168,145507.08325284
1998-07-10,19.3168,19.3168,19.1763,19.1763,210298.69613991
1998-07-13,19.3168,20.1694,19.3168,20.0302,434637.22772294
1998-07-14,20.4558,20.7393,20.1694,20.4558,664434.94067649
1998-07-15,20.4558,20.4558,20.1694,20.3123,1001295.9072862
1998-07-16,20.1694,20.4558,20.1694,20.4558,249556.17332077
1998-07-17,20.8821,21.1647,20.5957,20.7393,937148.14908183
1998-07-20,20.8821,21.8745,20.8821,21.8745,344554.62256464
1998-07-21,21.3083,22.16,20.8821,21.7346,446486.05556448
1998-07-22,21.3083,21.3083,21.0212,21.1647,335669.69961249
1998-07-23,21.1647,21.8745,21.1647,21.8745,332898.67945925
1998-07-24,20.8821,21.4482,20.8821,21.4482,549218.91105962
1998-07-27,20.7393,20.8821,20.3123,20.4558,289528.13903133
1998-07-28,20.3123,20.4558,20.1694,20.1694,481457.95991029
1998-07-29,19.0342,19.8868,19.0342,19.8868,334035.61272801
1998-07-30,19.7432,19.7432,19.3168,19.6032,465989.14740776
1998-07-31,19.6032,19.6032,19.3168,19.3168,139560.25666906
1998-08-03,18.4644,18.4644,18.181,18.3246,189634.22085005
1998-08-04,17.6156,18.0382,17.6156,18.0382,500378.32251546
1998-08-05,17.0457,17.0457,16.6195,16.7638,420873.13595194
1998-08-06,16.6195,16.7638,16.0504,16.0504,341573.05921348
1998-08-07,15.9113,16.4767,15.9113,16.3368,519151.9840537
1998-08-10,16.7638,16.9029,16.4767,16.4767,250756.9487205
1998-08-11,16.194,16.194,15.4843,15.4843,465083.1324851
1998-08-12,15.3407,15.767,14.9145,15.4843,615534.58503099
1998-08-13,14.6318,14.6318,13.9199,14.2056,614487.30241424
1998-08-14,15.0588,15.6242,15.0588,15.4843,289663.97335256
1998-08-17,14.6318,15.0588,14.6318,14.9145,419808.19487343
1998-08-18,16.0504,16.0504,15.6242,15.9113,524260.71287544
1998-08-19,16.4767,16.4767,16.194,16.3368,351760.63330629
1998-08-20,16.0504,16.0504,15.6242,15.767,280637.78270633
1998-08-21,15.1971,15.1971,14.9145,15.0588,669459.45221907
1998-08-24,15.0588,15.0588,14.7717,15.0588,620962.52450763
1998-08-25,15.0588,15.3407,15.0588,15.1971,320203.6037964
1998-08-26,15.1971,15.1971,14.3447,14.4889,269798.20387158
1998-08-27,13.6946,14.2056,12.614,12.7839,601909.04426766
1998-08-28,12.329,12.329,11.7327,12.3025,538520.59991895
1998-08-31,11.648,11.9314,11.648,11.8468,744017.55280312
1998-09-01,11.0789,11.45,11.0237,11.1084,675342.43667186
1998-09-02,12.1884,12.7839,12.1884,12.6691,558632.22952138
1998-09-03,13.3824,13.3824,12.6993,12.7839,778140.4926412
1998-09-04,13.353,13.6349,13.0659,13.4369,637482.69465654
1998-09-07,13.6349,13.9199,13.6349,13.7212,739528.22848622
1998-09-08,13.6349,13.9199,13.353,13.9199,604057.94322963
1998-09-09,13.2102,13.2102,12.926,12.926,308887.24649409
1998-09-10,12.2178,12.7839,12.2178,12.3577,281831.76639001
1998-09-11,11.877,12.2178,11.877,12.1884,550021.69189814
1998-09-14,12.2178,13.0659,12.2178,12.5013,545351.70793399
1998-09-15,12.5013,12.5013,12.0456,12.159,466555.57652732
1998-09-16,12.3879,12.4423,12.1884,12.2178,274909.64937974
1998-09-17,12.2178,12.2178,11.5347,11.648,162839.54264274
1998-09-18,11.7923,12.2178,11.648,12.0735,281417.47171023
1998-09-21,11.7923,11.7923,11.5045,11.648,323584.520052
1998-09-22,11.7923,12.0735,11.7923,11.9904,319457.8733728
1998-09-23,11.9314,12.329,11.9314,12.2178,331276.81766367
1998-09-24,12.6434,12.7839,12.5013,12.5013,641190.97162632
1998-09-25,12.0735,12.0735,11.7923,11.905,691838.15664294
1998-09-28,11.5045,11.648,11.5045,11.5898,416525.07932912
1998-09-29,11.5898,11.5898,11.45,11.5347,317772.16944624
1998-09-30,10.4539,10.6269,10.3405,10.5975,845216.83881149
1998-10-01,9.7442,9.7442,9.29001,9.37391,599920.42980473
1998-10-02,9.17517,9.37391,9.06104,9.29001,1036942.9082086
1998-10-05,8.77833,8.94767,8.38081,8.46544,738019.10917727
1998-10-06,7.98472,8.38081,7.98472,8.32189,698325.60382524
1998-10-07,8.7224,8.7224,8.20857,8.23799,421401.53146155
1998-10-08,8.2674,8.2674,7.67184,7.78227,476077.56244607
1998-10-09,8.23799,8.46544,8.18277,8.38081,899622.55949675
1998-10-12,8.89173,8.89173,8.63478,8.86223,365951.24484598
1998-10-13,8.52065,8.77833,8.52065,8.63478,722169.96057528
1998-10-14,8.52065,8.80775,8.52065,8.80775,519616.53743233
1998-10-15,8.83797,8.89173,8.60899,8.60899,1104777.2098914
1998-10-16,9.09047,9.23402,8.94767,9.14941,1274648.8953446
1998-10-19,9.20531,9.20531,9.09047,9.14941,443197.50664732
1998-10-20,9.06104,9.57561,9.06104,9.54618,604412.47080806
1998-10-21,9.40262,9.68606,9.40262,9.66102,764005.57317322
1998-10-22,9.68606,10.2846,9.68606,10.2257,450942.77964428
1998-10-23,10.1712,10.7955,10.1712,10.6269,477516.04790798
1998-10-26,10.7955,11.3358,10.7668,11.2512,576199.68228703
1998-10-27,11.0789,11.1931,10.8515,11.0789,801982.1327048
1998-10-28,10.7955,10.7955,10.4237,10.5128,981737.12337125
1998-10-29,10.4237,10.8257,10.4237,10.5681,754537.92098296
1998-10-30,10.7955,11.2225,10.7955,11.1084,1147850.2731558
1998-11-02,11.648,12.3025,11.648,12.2436,499081.10474764
1998-11-03,12.1884,12.1884,11.905,11.9904,1564701.3548559
1998-11-04,12.3577,13.0107,12.3577,13.0107,454247.62867999
1998-11-05,13.5805,13.5805,13.0659,13.1792,1356399.4232381
1998-11-06,13.9199,13.9199,13.4664,13.6063,538637.41743522
1998-11-09,13.9199,13.9199,13.6349,13.7792,601691.70935367
1998-11-10,12.9555,13.2389,12.926,12.9555,225849.00923518
1998-11-12,12.5013,12.7839,12.2436,12.329,268457.51912097
1998-11-13,12.2178,12.9555,12.2178,12.9555,490921.5370709
1998-11-16,13.4369,14.0627,13.4369,13.9199,273653.1819083
1998-11-17,13.353,13.353,12.7839,12.926,349916.00322389
1998-11-18,12.926,13.0946,12.7839,12.8428,371631.83616012
1998-11-19,12.728,12.728,12.3577,12.5572,284006.47387302
1998-11-20,12.5852,12.7839,12.5852,12.7839,452146.27173044
1998-11-23,13.1248,13.2102,13.0107,13.0659,622064.14085288
1998-11-24,13.353,13.353,12.5572,12.7537,432959.67385564
1998-11-25,12.728,12.926,12.53,12.926,699122.95129091
1998-11-26,12.7537,12.9555,12.6993,12.7839,281401.17159169
1998-11-27,12.3577,12.4423,11.7923,12.3577,797302.64033817
1998-11-30,11.9314,12.2178,11.9314,11.9904,544331.5921815
1998-12-01,11.3911,11.5045,11.0789,11.1084,487723.99714897
1998-12-02,11.3911,11.5045,11.2512,11.3661,292979.68913397
1998-12-03,11.0789,11.7025,10.7955,11.5898,203142.94409713
1998-12-04,11.5045,11.9609,11.5045,11.9314,305457.42988284
1998-12-07,12.1037,12.2436,11.9314,12.2178,187784.15739479
1998-12-08,12.2178,12.4423,12.1303,12.4423,511121.45898214
1998-12-09,12.4159,12.6993,12.4159,12.5013,254417.68367785
1998-12-10,12.926,13.2102,12.926,12.9819,421318.67252559
1998-12-11,12.5013,12.5013,12.3577,12.4159,223433.87500358
1998-12-14,12.2436,12.3879,12.2178,12.2436,245528.68569607
1998-12-15,12.53,12.6434,12.4423,12.5013,120034.07299116
1998-12-16,12.5572,12.5572,12.2436,12.3879,181554.79542284
1998-12-17,12.4423,12.4423,12.0735,12.1037,152055.65587969
1998-12-18,12.3577,12.3577,12.1037,12.329,290233.11915855
1998-12-21,12.2178,12.2178,11.9314,12.0456,78953.699219302
1998-12-22,12.2178,12.6691,12.2178,12.5572,204825.93133726
1998-12-23,12.5013,12.8127,12.5013,12.7839,375683.77396264
1998-12-28,12.926,13.4664,12.926,13.2942,217506.06522478
1998-12-29,13.0659,13.0659,12.6993,12.728,210575.79815524
1998-12-30,12.8127,12.8127,12.5572,12.728,195507.69690036
1998-12-31,12.3025,12.5013,12.3025,12.4423,210700.76573078
1999-01-04,12.7839,12.7839,12.5013,12.6434,183346.45011996
1999-01-05,12.6993,12.6993,12.2731,12.329,268500.98610376
1999-01-06,12.5013,12.898,12.5013,12.8428,795115.70776625
1999-01-07,13.353,13.4922,13.1248,13.1792,623103.27341033
1999-01-08,13.353,14.6318,13.353,14.4889,1201375.7874395
1999-01-11,14.2056,14.2056,13.8345,13.8632,839146.40299538
1999-01-12,13.6349,13.7792,13.3228,13.353,346547.31205719
1999-01-13,12.7839,12.7839,11.5898,11.9904,590058.85808289
1999-01-14,11.648,12.0154,11.5898,11.6774,1097712.4668438
1999-01-15,11.0789,11.5045,10.9391,11.45,1165508.7349167
1999-01-18,12.1884,12.2731,11.7923,12.2178,879654.91427483
1999-01-19,12.2178,12.2178,11.648,12.0154,469613.20709838
1999-01-20,11.9314,12.1884,11.648,11.648,478229.17809448
1999-01-21,12.0735,12.0735,11.8174,11.9314,597154.84302433
1999-01-22,11.3661,11.3661,11.1385,11.2512,609642.0921757
1999-01-25,10.9104,11.2225,10.9104,11.0532,668101.10900669
1999-01-26,10.9942,11.2225,10.9391,11.1931,1115740.3979585
1999-01-27,11.5045,11.5045,11.3064,11.3911,565327.50321518
1999-01-28,11.8468,12.329,11.8468,12.329,899592.67594608
1999-01-29,12.2731,12.329,12.1303,12.329,988581.81481841
1999-02-01,12.2178,12.2178,11.8468,11.9314,468957.1273268
1999-02-02,11.8468,11.9609,11.7327,11.7327,388689.91022114
1999-02-03,11.8468,11.9314,11.5045,11.7025,256873.56820583
1999-02-04,11.9314,11.9314,11.6774,11.7327,563352.47218438
1999-02-05,11.8468,11.8468,11.6194,11.648,331196.67541414
1999-02-08,11.8468,11.9314,11.8174,11.9314,406901.21766944
1999-02-09,11.6774,11.7327,11.5347,11.5347,237068.9241694
1999-02-10,11.3911,11.648,11.3661,11.6194,150311.54319501
1999-02-11,11.5347,11.7923,11.5347,11.7621,193661.70847474
1999-02-12,11.9314,12.0154,11.7923,11.877,480425.61906888
1999-02-15,11.648,11.8174,11.648,11.8174,321396.22913686
1999-02-16,11.905,11.9314,11.7621,11.9314,236976.55683096
1999-02-17,11.905,11.905,11.6774,11.7621,225874.81775622
1999-02-18,11.7621,11.8174,11.7621,11.7621,94590.946280165
1999-02-19,11.6194,11.7327,11.5045,11.5634,288252.6547549
1999-02-22,11.3661,11.3661,11.0789,11.0789,659974.14156705
1999-02-23,11.3661,11.3661,10.9391,11.0237,636238.452274
1999-02-24,11.2512,11.2512,10.9942,11.1385,295044.37081678
1999-02-25,11.2512,11.2512,10.8515,11.0237,220573.20419831
1999-02-26,11.0789,11.0789,10.7955,10.7955,553955.45384118
1999-03-01,10.7955,10.7955,10.4539,10.4834,503714.41344506
1999-03-02,10.5128,10.7955,10.4834,10.7955,380030.47224224
1999-03-03,10.5128,10.6519,10.3692,10.3692,351468.58951563
1999-03-04,10.1712,10.1712,9.97174,10.0866,496451.35228849
1999-03-05,10.0866,10.2007,9.82962,10.0866,590835.83040037
1999-03-08,10.2559,10.4834,10.1712,10.4539,757706.93569744
1999-03-09,10.6821,10.8808,10.5975,10.6519,640399.05753351
1999-03-10,10.7955,10.7955,10.6519,10.7403,319080.25395975
1999-03-11,10.7955,11.0532,10.7955,10.9942,347824.15467682
1999-03-12,11.3358,11.45,11.2512,11.45,397386.02346676
1999-03-15,11.3661,11.3661,10.9648,11.0789,457347.36789063
1999-03-16,10.7955,11.0237,10.7955,10.8257,244935.08971226
1999-03-17,10.7955,11.0532,10.7403,11.0532,202072.56964576
1999-03-18,10.8808,10.8808,10.7109,10.8257,291963.64841111
1999-03-19,11.3661,11.648,11.3064,11.4801,692901.73937823
1999-03-22,11.7621,13.1248,11.7621,13.1248,1811955.1364317
1999-03-23,12.926,13.7212,12.5852,12.5852,1389059.4274365
1999-03-24,11.648,12.5013,11.648,12.4726,1321214.2590081
1999-03-25,12.5013,13.1248,12.5013,12.8127,1046915.8640738
1999-03-26,12.7839,13.1248,12.4159,12.4423,1724189.8647937
1999-03-29,12.7839,13.353,12.4423,13.2389,983216.35912953
1999-03-30,13.353,13.9199,13.2389,13.353,1725992.3862366
1999-03-31,13.3824,13.7212,13.3824,13.6063,1133200.5416104
1999-04-01,13.353,13.7212,13.353,13.4922,699663.57188944
1999-04-06,13.6652,13.8933,13.5805,13.6652,696893.9100794
1999-04-07,13.7792,14.0922,13.7792,14.0627,979664.29162917
1999-04-08,14.2056,15.6242,14.2056,15.0588,1863004.3910391
1999-04-09,15.6242,15.6242,15.0588,15.3407,1951845.4705013
1999-04-12,15.0588,15.1971,14.6318,14.7717,1182599.4092148
1999-04-13,15.0588,15.0588,14.4889,15.0588,1073510.8658289
1999-04-14,14.3447,14.7717,14.3447,14.4889,486774.51524353
1999-04-15,14.2056,14.2056,13.7212,13.8094,385554.85408697
1999-04-16,14.0068,14.1762,13.8094,13.8094,396590.0343443
1999-04-19,14.2056,15.1971,14.2056,15.0588,579163.58717644
1999-04-20,14.0627,14.3447,13.9479,14.0627,837466.13244167
1999-04-21,14.2056,14.2056,13.9773,14.0627,518635.813633
1999-04-22,14.2056,14.3447,14.1209,14.2056,660297.42725159
1999-04-23,14.2056,14.2056,13.7792,13.8933,266083.13518573
1999-04-26,13.7792,13.7792,13.5518,13.5805,253386.70117967
1999-04-27,13.7792,13.7792,13.6063,13.6349,516520.87325133
1999-04-28,13.4369,13.4369,13.0107,13.0659,259625.5715541
1999-04-29,13.0659,13.1543,13.0107,13.1248,302720.36830992
1999-04-30,13.6349,13.6349,13.353,13.3824,373519.93322533
1999-05-04,13.7792,13.7792,13.5805,13.6349,490391.78321808
1999-05-05,13.5518,13.8094,13.4369,13.7212,305286.27863809
1999-05-06,14.0627,14.3447,13.9199,14.0627,428933.54457417
1999-05-07,14.2056,14.3447,14.1466,14.2056,561678.99334673
1999-05-10,14.0627,14.0922,14.0068,14.0068,268681.645751
1999-05-11,14.0627,14.0627,13.9199,14.0325,189241.65966167
1999-05-12,13.9479,14.0325,13.353,13.4922,132627.27291309
1999-05-13,13.5224,13.6349,13.4664,13.6349,167402.21749311
1999-05-14,13.5224,13.5224,13.0107,13.0659,344433.73001874
1999-05-17,13.0409,13.0409,12.926,12.9555,194473.99771574
1999-05-18,12.926,13.1543,12.926,13.1543,557367.61199066
1999-05-19,13.0946,13.4664,13.0946,13.353,424197.00179262
1999-05-20,13.4083,13.8094,13.4083,13.6946,426201.91637409
1999-05-21,13.7212,13.8094,13.4922,13.6946,363447.81830556
1999-05-24,13.6063,13.6063,13.3228,13.4083,51142.980289134
1999-05-25,13.2389,13.3228,13.0946,13.2942,218516.67257478
1999-05-26,13.2389,13.5805,13.2389,13.4083,228399.97778802
1999-05-27,13.4664,13.4664,13.2389,13.2684,153185.79743239
1999-05-28,13.2942,13.353,13.0409,13.0946,236732.05505273
1999-05-31,12.7839,13.0409,12.7839,12.926,233412.26424169
1999-06-01,12.8127,13.0659,12.8127,13.0659,308058.65713455
1999-06-02,13.0409,13.0659,13.0107,13.0107,105847.53648112
1999-06-07,13.0409,13.0409,12.8428,12.926,310973.6616683
1999-06-08,12.8428,12.8686,12.728,12.7839,204965.84068813
1999-06-09,12.6434,12.926,12.6434,12.8686,473322.84241138
1999-06-10,13.0409,13.0659,12.7537,12.7839,364156.87346242
1999-06-11,12.7839,13.1543,12.7839,13.1248,403110.08176371
1999-06-14,13.0659,13.7792,13.0659,13.5805,808087.88544443
1999-06-15,13.6063,14.0627,13.4664,13.8632,747120.00870018
1999-06-16,13.9479,14.4889,13.9479,14.3447,1415612.320552
1999-06-17,14.6318,15.9113,14.6318,15.3407,1545836.6843225
1999-06-18,15.767,16.0504,15.3407,15.767,1498843.4425471
1999-06-21,15.3407,15.3407,13.7792,15.0588,869218.76337416
1999-06-22,14.7717,15.0588,14.4889,14.6318,659231.12782988
1999-06-23,13.9479,15.1971,13.9479,14.6318,1543997.4876129
1999-06-24,15.1971,15.4843,14.9145,15.0588,1299285.1661874
1999-06-25,15.0588,15.6242,15.0588,15.4843,779252.97573213
1999-06-28,15.767,17.1893,15.767,17.0457,1761867.5888186
1999-06-29,17.0457,17.3292,16.6195,17.0457,2176874.0404363
1999-06-30,15.4843,17.7563,15.4843,17.7563,4478104.4019655
1999-07-01,18.4644,18.4644,17.4727,17.4727,1604852.6218705
1999-07-02,17.6156,18.0382,17.3292,17.4727,1761165.3253778
1999-07-05,17.6156,17.6156,17.1893,17.4727,840822.59851945
1999-07-06,17.4727,17.6156,17.3292,17.4727,814296.8722682
1999-07-07,17.4727,18.181,17.4727,17.8975,1069597.4790341
1999-07-08,17.8975,18.6072,17.8975,18.4644,1504308.0572905
1999-07-09,18.7508,19.7432,18.7508,19.3168,1960598.6341619
1999-07-12,19.1763,19.1763,18.4644,18.7508,1135576.2838888
1999-07-13,18.4644,19.3168,18.4644,18.7508,1973566.7368104
1999-07-14,19.3168,20.1694,19.3168,20.1694,2858861.4921031
1999-07-15,21.1647,21.1647,19.6032,19.7432,5719348.9210313
1999-07-16,19.7432,19.8868,19.6032,19.7432,2360812.7281968
1999-07-19,20.0302,20.0302,19.1763,19.3168,966841.53170434
1999-07-20,19.1763,19.4604,18.7508,18.7508,605110.65921921
1999-07-21,18.3246,18.4644,17.7563,17.7563,1041521.8831775
1999-07-22,17.7563,17.7563,17.3292,17.6156,753611.53091213
1999-07-23,16.4767,17.0457,16.194,16.7638,3265579.3334389
1999-07-26,16.9029,16.9029,15.6242,15.767,687161.38096274
1999-07-27,15.767,16.3368,15.6242,16.3368,950995.09978878
1999-07-28,16.4767,17.0457,16.4767,16.7638,1013314.5280293
1999-07-29,17.0457,17.3292,16.7638,16.9029,1084195.5935375
1999-07-30,16.9029,17.6156,16.9029,17.3292,534282.56909634
1999-08-02,17.4727,17.4727,17.0457,17.3292,325118.08953877
1999-08-03,17.0457,17.0457,16.6195,17.0457,575846.51305181
1999-08-04,16.7638,16.9029,16.4767,16.7638,378259.1926933
1999-08-05,16.4767,17.3292,16.4767,17.3292,1065958.4775681
1999-08-06,17.0457,17.7563,17.0457,17.6156,1146273.2366862
1999-08-09,17.4727,17.8975,17.4727,17.6156,921035.48189663
1999-08-10,17.4727,17.4727,17.0457,17.0457,446802.54953296
1999-08-11,16.7638,17.3292,16.7638,17.1893,708532.19472303
1999-08-12,17.0457,17.4727,17.0457,17.3292,321413.88759862
1999-08-13,17.1893,17.3292,17.0457,17.3292,444334.43991608
1999-08-16,17.3292,17.3292,17.0457,17.1893,557885.14075457
1999-08-17,16.4767,17.0457,16.4767,16.7638,298497.27926264
1999-08-18,16.7638,16.9029,16.7638,16.7638,281341.40449035
1999-08-19,17.0457,17.3292,16.9029,16.9029,322003.40855278
1999-08-20,16.9029,17.0457,16.7638,17.0457,418140.14940863
1999-08-23,16.9029,17.0457,16.9029,17.0457,254152.80675145
1999-08-24,16.9029,17.0457,16.7638,16.9029,275569.80418096
1999-08-25,16.9029,17.0457,16.7638,17.0457,486276.00328458
1999-08-26,16.9029,16.9029,16.6195,16.6195,153666.65092957
1999-08-27,16.7638,16.7638,16.6195,16.7638,269192.38279885
1999-08-30,16.6195,16.6195,16.4767,16.6195,147093.62812489
1999-08-31,16.3368,17.0457,16.194,16.9029,797878.57786022
1999-09-01,16.9029,17.1893,16.9029,17.0457,237934.18879568
1999-09-02,17.0457,17.0457,16.6195,16.6195,79615.212363729
1999-09-03,16.6195,16.7638,16.0504,16.4767,966152.85169567
1999-09-06,16.6195,16.6195,16.4767,16.4767,254174.54024283
1999-09-07,16.4767,16.7638,16.3368,16.6195,464149.95069821
1999-09-08,16.6195,16.7638,16.4767,16.4767,862475.94766792
1999-09-09,16.6195,16.7638,16.4767,16.6195,1301867.3766342
1999-09-10,16.6195,16.7638,16.6195,16.6195,443886.18665599
1999-09-13,16.6195,17.0457,16.6195,16.7638,1369709.8283762
1999-09-14,16.7638,16.9029,16.6195,16.6195,2027862.4316955
1999-09-15,16.4767,16.7638,16.3368,16.4767,3423964.8686881
1999-09-16,16.194,16.4767,16.194,16.4767,2160754.581535
1999-09-17,16.4767,16.6195,16.3368,16.4767,280211.26293765
1999-09-20,16.4767,16.7638,16.4767,16.7638,886287.70418086
1999-09-21,16.6195,16.7638,16.3368,16.3368,1624458.947798
1999-09-22,16.194,16.194,15.0588,15.1971,278210.42338581
1999-09-23,15.0588,15.0588,14.0627,14.3447,458730.16128082
1999-09-24,13.7792,14.2056,13.1543,13.353,448408.11120999
1999-09-27,13.5224,13.7792,13.4922,13.7499,332097.25696395
1999-09-28,13.9199,13.9199,13.4922,13.4922,161918.58594474
1999-09-29,13.6349,13.7792,13.6349,13.7792,230224.23272224
1999-09-30,13.6349,13.6946,13.6349,13.6946,202998.95971661
1999-10-01,13.9773,14.4889,13.9773,14.0325,540300.02952716
1999-10-04,14.4889,14.9439,14.4889,14.9439,837603.32510613
1999-10-05,15.9364,15.9364,15.1971,15.5977,906411.5588722
1999-10-06,15.6242,16.2492,15.6242,16.194,420879.927668
1999-10-07,16.194,16.6195,15.9113,16.6195,1539137.3355991
1999-10-08,16.4767,17.1893,16.4767,17.0457,702592.15985531
1999-10-11,16.7889,17.2747,16.6747,17.0457,884115.71338428
1999-10-12,16.59,16.7638,16.4509,16.5054,1676468.5510566
1999-10-13,15.7971,16.7638,15.7971,16.7638,975408.60234479
1999-10-14,16.4222,17.0457,16.4222,17.0457,3913117.8428966
1999-10-15,16.9029,16.9029,16.0799,16.1645,502201.21910647
1999-10-18,16.0504,16.194,15.9113,16.194,544065.35691187
1999-10-19,16.194,16.3368,15.396,16.194,612131.93528399
1999-10-20,16.194,16.194,16.0504,16.194,192439.1995836
1999-10-21,16.194,16.3368,16.0504,16.194,461763.34167406
1999-10-22,16.4767,16.4767,16.2492,16.3074,753993.22535481
1999-10-25,16.3074,16.3074,16.1351,16.194,578085.0626658
1999-10-26,16.4509,16.4767,16.3368,16.4509,322469.32027464
1999-10-27,16.2772,16.4509,16.2772,16.3626,223683.81015466
1999-10-28,16.4767,17.0457,16.4222,16.7638,992334.9171142
1999-10-29,16.9029,17.0457,16.7638,16.8765,918166.6610321
1999-11-02,16.8477,16.9029,16.8183,16.8183,317375.53322822
1999-11-03,16.6195,16.7889,16.6195,16.7638,99805.625872472
1999-11-04,16.194,16.9029,16.194,16.5613,1700395.7667426
1999-11-05,16.3368,16.3626,16.2492,16.2492,377264.88546185
1999-11-08,16.194,16.4767,16.194,16.3928,646023.95677595
1999-11-09,16.59,16.59,16.2772,16.3074,395567.20190539
1999-11-10,16.3074,16.3928,16.2492,16.3626,192228.65638569
1999-11-15,16.3368,16.3626,15.6242,15.6242,438295.24599385
1999-11-16,16.3074,16.3368,16.3074,16.3368,268999.4980627
1999-11-17,16.6195,16.7638,16.4222,16.4222,829163.93872764
1999-11-18,16.6195,17.0457,16.6195,17.0457,1084308.3360241
1999-11-19,17.0457,17.3292,17.0163,17.3292,1135406.4909873
1999-11-22,17.0457,17.4727,16.7638,17.3292,1438776.1473527
1999-11-23,16.7638,17.8689,16.7638,17.7563,2127484.6812343
1999-11-24,17.7563,18.0669,17.6715,17.7563,1778837.3705708
1999-11-25,17.6156,18.4644,17.0457,17.8975,1446126.1424748
1999-11-26,17.726,17.8975,17.0457,17.1893,251974.02423879
1999-11-29,16.7638,17.3292,16.7638,17.3292,219220.29435879
1999-11-30,17.3292,17.6156,17.0457,17.3593,157467.29523779
1999-12-01,17.4727,17.4727,17.0457,17.0457,73327.441633645
1999-12-02,16.9029,16.9029,16.649,16.7638,58844.786303302
1999-12-03,16.7638,16.7638,16.2235,16.3074,132932.90013588
1999-12-06,16.194,16.194,15.6831,16.0247,107760.08372414
1999-12-07,15.5977,15.9658,15.5977,15.8524,447662.3807864
1999-12-08,16.3368,17.0457,16.3368,16.6195,141783.86450771
1999-12-09,16.7638,16.9876,16.5054,16.9029,233061.8116929
1999-12-10,17.0457,17.0457,16.194,16.59,198095.34071994
1999-12-13,16.0504,16.4767,16.0504,16.194,208452.70771429
1999-12-14,16.3368,16.4767,16.194,16.194,236899.13126786
1999-12-15,15.9113,15.9952,15.767,15.9113,328216.47040619
1999-12-16,15.9113,16.1351,15.8524,15.8524,464299.36845157
1999-12-17,16.0504,16.1094,16.0504,16.0504,286952.72030066
1999-12-20,17.0457,17.0457,16.3626,16.5613,253877.06307933
1999-12-21,16.5613,16.6195,16.4222,16.5613,302884.72783861
1999-12-22,16.5613,16.7638,16.5613,16.6747,99774.383978587
1999-12-23,16.6747,17.0457,16.2235,16.7638,207227.48213673
1999-12-27,16.7638,17.1893,16.7638,17.0457,188438.87882316
1999-12-28,16.7889,17.1017,16.7889,17.0457,134671.57944771
1999-12-29,17.4146,17.8402,17.4146,17.444,320973.78439781
2000-01-03,18.7508,18.7508,18.0382,18.6926,313671.33128808
2000-01-04,18.3246,18.3246,17.7563,17.9535,341992.7872661
2000-01-05,17.6156,17.8975,17.6156,17.7563,287517.79107702
2000-01-06,17.3292,17.4727,17.0457,17.4727,173559.5872748
2000-01-07,17.6414,18.181,17.6414,17.8975,331627.27021247
2000-01-10,18.181,18.4092,18.1257,18.2951,538924.02785303
2000-01-11,18.181,18.4644,17.8975,18.2398,372757.90268319
2000-01-12,17.8975,18.1515,17.8975,17.9822,187538.29727335
2000-01-13,18.0971,18.6072,18.0971,18.4644,576987.52135021
2000-01-14,18.4644,18.5778,18.1515,18.5778,573349.87822747
2000-01-17,18.7508,19.8868,18.7508,19.8868,1538004.4773599
2000-01-18,19.8868,20.4823,19.6872,19.7174,2019329.3196353
2000-01-19,19.6032,19.9456,19.5444,19.9456,853578.79962687
2000-01-20,19.9714,20.5957,19.8868,20.4558,1362870.5703019
2000-01-21,20.3417,20.5957,20.3417,20.5103,640017.36309083
2000-01-24,20.5103,20.5957,20.3977,20.4558,825682.50507433
2000-01-25,19.9161,20.0302,19.3464,19.4604,772154.27410425
2000-01-26,20.0001,20.1694,19.7432,20.0554,540285.08775183
2000-01-27,20.0554,21.4482,20.0554,21.2796,1563101.2265517
2000-01-28,20.8821,21.0212,20.3674,20.4558,627142.98612394
2000-01-31,20.1694,20.1694,19.6872,19.7726,406220.68772004
2000-02-01,19.8868,19.8868,18.6662,19.3168,904493.57825633
2000-02-02,19.3168,19.3168,19.0342,19.1763,284064.88263116
2000-02-03,19.9161,19.9161,19.7432,19.8868,492745.79200513
2000-02-04,20.1694,20.1694,19.4604,19.4604,430813.4915801
2000-02-07,20.1694,20.8821,19.7726,20.7393,722811.09857152
2000-02-08,20.8821,21.3083,20.5957,20.8821,516982.70994354
2000-02-09,21.1647,21.3083,20.5957,20.7098,676529.62863948
2000-02-10,20.7952,21.3083,20.7393,20.9969,609208.78069096
2000-02-11,21.3083,21.3083,19.3168,19.6032,530077.13851083
2000-02-14,19.1763,19.3765,19.1188,19.2065,750280.87335538
2000-02-15,19.3168,19.5738,18.8899,19.0342,249886.25072137
2000-02-16,19.2912,19.2912,18.6367,18.8899,411344.35831712
2000-02-17,18.7508,18.7508,18.2656,18.6367,361838.1815989
2000-02-18,18.4644,18.7508,18.3246,18.3539,412348.17395108
2000-02-21,18.0382,18.1515,17.8402,17.8975,232420.67369666
2000-02-22,17.8975,18.0382,17.7842,17.8136,324933.35486189
2000-02-23,17.7563,17.7563,17.3881,17.528,364690.70234489
2000-02-24,17.4727,17.6156,17.3292,17.5861,179122.00272948
2000-02-25,17.4727,17.7002,17.4146,17.6156,393056.98364891
2000-02-28,17.6156,17.7563,17.5022,17.528,350182.23849351
2000-02-29,17.6156,17.6156,16.9029,17.5566,859578.60159594
2000-03-01,17.444,17.444,16.9324,17.2998,366207.97171311
2000-03-02,17.1893,17.444,17.0457,17.3593,284348.77636254
2000-03-03,17.6156,17.6156,17.2998,17.3881,262782.36117966
2000-03-06,17.528,18.3246,17.528,18.0131,228208.45139508
2000-03-07,18.0669,18.3246,17.9535,18.2398,249008.76100617
2000-03-08,18.0382,18.2398,17.9277,17.9277,256691.55021538
2000-03-09,17.6156,17.8689,17.6156,17.6715,346806.75561075
2000-03-10,17.7563,17.9277,17.6156,17.6414,371866.82953587
2000-03-13,17.4727,17.7842,17.2158,17.3593,269838.95416795
2000-03-14,17.3593,17.4727,17.2453,17.2747,289822.89950841
2000-03-15,17.2158,17.3292,17.1893,17.1893,183521.67639436
2000-03-16,17.3292,17.3292,17.0457,17.3292,275831.96442095
2000-03-17,17.3292,17.3881,17.0457,17.076,294564.87566281
2000-03-20,17.1893,17.3292,17.1893,17.2453,161057.3963481
2000-03-21,17.2158,17.2747,17.1017,17.1591,445589.54904431
2000-03-22,17.2453,17.2998,17.1893,17.2453,277013.72301571
2000-03-23,17.3292,17.8975,17.3292,17.8975,380576.52621361
2000-03-24,18.181,18.181,17.8689,18.1515,350318.07281475
2000-03-27,18.1257,18.379,18.0131,18.0971,454746.14063894
2000-03-28,18.0971,18.0971,17.8136,17.8402,185496.70742515
2000-03-29,17.8689,17.8689,17.6156,17.6414,370698.65437323
2000-03-30,17.6414,17.6414,17.4727,17.528,428072.35497752
2000-03-31,18.181,18.181,17.6414,17.8402,135671.32005203
2000-04-03,17.9822,17.9822,17.528,17.6156,283882.86464069
2000-04-04,17.6156,17.9277,17.6156,17.7563,219538.14667049
2000-04-05,17.6156,17.6414,17.528,17.6156,537719.17742366
2000-04-06,17.7002,17.8975,17.6414,17.6414,380906.60361422
2000-04-07,17.6414,17.6414,17.5861,17.6156,238325.39164085
2000-04-10,17.7002,18.4644,17.7002,18.2104,260549.24493851
2000-04-11,18.0382,18.2656,18.0382,18.0669,173930.41497178
2000-04-12,18.181,18.181,17.9535,18.181,85807.899068946
2000-04-13,17.9277,18.0382,17.8975,17.9277,169456.03243022
2000-04-14,18.0131,18.1257,17.8975,17.9822,211522.56337426
2000-04-17,17.6156,17.9822,17.6156,17.7563,307393.06896049
2000-04-18,17.8402,18.0382,17.8402,18.0382,102992.2990487
2000-04-19,17.9822,18.1257,17.9535,17.9535,137412.71605029
2000-04-20,17.9277,17.9822,17.7563,17.9535,160417.61669507
2000-04-25,17.9277,18.1257,17.9277,18.1257,182330.4093971
2000-04-26,18.0669,18.3246,18.0669,18.2656,104553.03539972
2000-04-27,18.3246,18.3246,18.2398,18.2656,140291.04531731
2000-04-28,18.3246,18.3246,18.0382,18.2398,252577.12862509
2000-05-04,18.181,18.3246,18.181,18.2398,178065.21171025
2000-05-05,18.181,18.2104,18.181,18.2104,245155.14131267
2000-05-08,18.3246,18.3246,18.181,18.2398,283685.9048749
2000-05-09,18.181,18.181,17.9535,18.0669,299029.74980188
2000-05-10,18.1257,18.4644,17.9535,18.3246,435912.71199936
2000-05-11,18.2398,18.2398,18.1257,18.1515,389489.97437322
2000-05-12,18.181,18.181,18.0382,18.0971,228374.16926698
2000-05-15,18.1257,18.2104,17.9535,18.181,552415.09263834
2000-05-17,18.4644,18.6072,18.4644,18.5527,910718.86519864
2000-05-18,18.5527,18.6367,18.5527,18.6367,263113.79692348
2000-05-19,18.6662,18.6662,18.5778,18.5778,323627.98703479
2000-05-22,18.6662,18.7795,18.6662,18.7508,333769.37745838
2000-05-23,18.7213,18.8899,18.7213,18.8642,262430.55028765
2000-05-24,18.7508,18.8899,18.7213,18.8355,643381.97922788
2000-05-25,18.7795,18.8355,18.7508,18.806,314347.78620784
2000-05-26,18.9496,18.9783,18.8899,18.9201,733320.60000566
2000-05-29,18.9496,19.0644,18.9496,19.0342,183320.64159894
2000-05-30,19.0342,19.0342,18.9201,18.9201,233721.96649411
2000-05-31,18.9783,19.0342,18.8899,19.0342,269564.56883905
2000-06-01,18.8899,18.8899,17.6156,18.4644,97052.264180988
2000-06-02,17.6414,18.2398,17.6414,18.2398,48160.058594758
2000-06-05,18.2656,18.2951,18.0971,18.1257,28056.579051608
2000-06-06,18.2656,18.4644,18.1515,18.181,18508.784611823
2000-06-07,18.1515,18.2104,18.1515,18.2104,213435.11061728
2000-06-08,18.2398,18.4644,18.2398,18.4644,78733.647618898
2000-06-09,18.4644,18.6926,18.4644,18.6662,307911.95606761
2000-06-12,18.6926,19.1188,18.6926,19.1188,393369.40258777
2000-06-14,19.3464,19.6032,19.3464,19.5738,563155.51241859
2000-06-15,19.4052,19.5186,19.3765,19.4604,506856.26129528
2000-06-16,19.4892,19.8308,19.4604,19.8308,994646.81726166
2000-06-19,19.5444,19.5738,19.5186,19.5444,254359.27491973
2000-06-20,19.5444,19.6032,19.4604,19.4604,315790.34669939
2000-06-21,19.5186,19.5186,19.4892,19.5186,118114.73403208
2000-06-23,19.5186,19.5186,19.4604,19.4604,67030.162501074
2000-06-26,19.4892,19.6032,19.4604,19.6032,73558.359979748
2000-06-27,19.5186,19.7432,19.5186,19.7174,132022.81018359
2000-06-28,19.5738,19.6032,19.4892,19.6032,68301.571747857
2000-06-29,19.5444,19.6032,19.5444,19.6032,26728.119389904
2000-06-30,19.5186,19.5738,19.5186,19.5444,64089.349446281
2000-07-03,19.8308,19.8868,19.7174,19.8308,207717.84403639
2000-07-04,19.8565,19.8565,19.8013,19.8308,291327.94378772
2000-07-05,19.8868,19.9161,19.8565,19.8565,261777.18720251
2000-07-06,19.9161,20.1694,19.9161,20.0001,153996.72833018
2000-07-07,20.0001,20.0302,19.9714,20.0001,334649.58386
2000-07-10,20.0001,20.0001,19.9456,19.9714,72532.810854405
2000-07-11,20.0001,20.0001,19.9714,19.9714,282964.62462913
2000-07-12,19.9714,20.0001,19.9714,19.9714,153771.24335692
2000-07-13,20.0001,20.0302,19.9456,20.0001,181423.03613124
2000-07-14,19.9714,20.0302,19.9714,20.0302,65948.921304023
2000-07-17,20.0001,20.1694,20.0001,20.1429,74047.363536204
2000-07-18,20.0554,20.1429,20.0554,20.1142,120517.64317477
2000-07-19,20.0554,20.1429,20.0554,20.0554,183130.4735492
2000-07-20,18.6367,19.5444,18.6367,19.3765,16727.996660399
2000-07-21,19.4604,19.8868,18.4939,19.4604,15038.217704204
2000-07-24,19.4604,19.8868,18.7508,19.8868,31919.707147602
2000-07-25,18.8355,19.6032,18.8355,19.3168,10816.487000143
2000-07-26,18.0382,19.0342,18.0382,18.7508,14587.247757696
2000-07-27,18.3246,18.7508,18.3246,18.6662,8151.4176174629
2000-07-28,18.4092,18.4939,18.4092,18.4939,8419.0112303008
2000-07-31,18.7508,18.9496,18.7508,18.7508,12719.52584068
2000-08-01,18.7508,18.7508,18.3246,18.7508,10004.197759143
2000-08-02,18.6072,18.6072,17.8136,18.4939,5847.6675292748
2000-08-03,18.3246,18.3246,18.2104,18.2104,8535.8287465651
2000-08-04,18.3539,18.3539,17.444,18.2104,6084.019248228
2000-08-07,18.3246,18.3246,17.5566,17.7842,8064.4836518709
2000-08-08,17.7563,17.7842,17.7563,17.7842,5012.2864536641
2000-08-09,17.1017,17.1312,16.7344,16.7889,23617.513433565
2000-08-10,16.5054,16.5054,15.9658,16.0247,77390.246181858
2000-08-11,15.8819,15.9113,15.6242,15.767,23783.231305475
2000-08-14,15.6242,15.767,15.5395,15.767,28071.520826944
2000-08-16,15.5977,15.6831,15.5977,15.6831,19220.556455107
2000-08-17,15.9113,15.9113,15.6242,15.6242,17509.044007515
2000-08-18,16.194,16.194,15.6242,15.6537,17564.736079223
2000-08-21,15.9952,16.0247,15.6242,15.9113,8977.290290587
2000-08-22,16.6195,16.7638,16.0504,16.7638,20879.093517418
2000-08-23,16.9324,16.9324,16.7638,16.7638,16225.409671821
2000-08-24,16.2235,17.5022,16.2235,16.6747,1966.8809715191
2000-08-25,16.194,16.4509,16.194,16.3626,8948.7650831271
2000-08-28,16.1351,16.3368,16.1351,16.1351,5756.6585340457
2000-08-29,15.9113,15.9113,15.9113,15.9113,27086.721997971
2000-08-30,15.9113,16.7049,15.9113,15.9658,3349.674361717
2000-08-31,15.9658,16.3626,15.9658,16.0504,9248.958933062
2000-09-01,15.9113,16.3368,15.9113,16.3368,53938.450620202
2000-09-04,16.0799,17.0457,16.0799,16.6195,12210.14713604
2000-09-05,15.9113,16.6195,15.9113,15.9113,12257.689148473
2000-09-06,15.9113,16.194,15.9113,16.0247,14637.506456554
2000-09-07,15.6242,15.7125,15.6242,15.7125,32407.352360845
2000-09-08,15.6537,15.7125,15.396,15.5395,4380.6568599096
2000-09-11,15.6242,15.6242,15.5108,15.569,5563.7737978884
2000-09-12,15.6242,15.6831,15.6242,15.6831,7920.4992713591
2000-09-13,15.1971,15.569,15.1971,15.569,16214.542926121
2000-09-14,14.7717,15.2267,14.7717,15.1971,12371.789978312
2000-09-15,14.9145,15.0588,14.8004,14.8004,13146.045609366
2000-09-18,14.7717,14.9991,14.6318,14.6318,11786.344053779
2000-09-19,14.3447,14.4889,14.2895,14.2895,5368.1723753063
2000-09-20,14.3447,14.4338,14.2056,14.4338,20193.130195168
2000-09-21,14.7717,14.7717,14.0627,14.4889,6376.0630388887
2000-09-22,13.5805,14.0068,13.2389,13.3228,32207.675908625
2000-09-25,13.6063,14.2056,13.353,14.0627,20641.383455252
2000-09-26,14.2056,14.2056,13.6349,14.1762,16718.488257913
2000-09-27,14.2056,14.2056,14.1466,14.1466,9378.0015382376
2000-09-28,14.3742,14.3742,13.7792,14.0922,13700.249640015
2000-09-29,14.3742,14.3742,14.2056,14.2056,7439.6457741784
2000-10-02,13.8094,14.4338,13.8094,14.3204,20221.655402628
2000-10-03,14.1762,14.1762,14.0627,14.1466,6680.3319184607
2000-10-04,13.9199,14.3204,13.9199,14.3204,8720.563423448
2000-10-05,14.1466,14.2056,14.1466,14.2056,41352.042414335
2000-10-06,14.1209,14.2056,13.353,13.9199,17219.716903279
2000-10-09,14.1209,14.1209,13.9199,13.9199,15661.697238685
2000-10-10,13.9199,13.9199,13.9199,13.9199,23953.024207022
2000-10-11,13.6349,13.6349,13.353,13.6349,14918.683501515
2000-10-12,12.926,13.6349,12.926,13.2102,9784.1461587378
2000-10-13,13.0659,13.0659,12.7839,13.0659,17894.813479829
2000-10-16,13.2684,13.6349,13.2102,13.2102,5059.8284660972
2000-10-17,13.9199,13.9199,13.6349,13.9199,8228.8431805683
2000-10-18,13.6349,13.9199,13.6349,13.9199,3230.1401590279
2000-10-19,13.6349,14.0627,13.6349,14.0627,10945.529605318
2000-10-20,13.3824,13.8933,13.3824,13.6349,21787.825126496
2000-10-23,13.6349,13.9199,13.6349,13.9199,6452.1302587816
2000-10-24,13.8632,13.9199,13.4922,13.9199,5861.2509613985
2000-10-25,13.7212,13.8933,13.7212,13.7792,3311.6407517705
2000-10-26,13.7499,13.7792,13.6349,13.6349,2856.5957756248
2000-10-27,13.9199,13.9199,13.9199,13.9199,8236.9932398426
2000-10-30,13.7499,13.7499,13.6349,13.6349,5421.147760589
2000-10-31,13.5518,13.6349,13.5518,13.5518,9432.3352667326
2000-11-02,13.353,13.6349,13.353,13.6349,9496.1773977142
2000-11-03,13.6349,13.7792,13.5805,13.7792,4862.8687003028
2000-11-06,14.2056,14.2056,13.9199,14.2056,13156.912355065
2000-11-07,14.4889,14.4889,14.4889,14.4889,19743.518591872
2000-11-08,14.2056,14.7717,14.2056,14.7452,7765.6481451484
2000-11-09,14.7717,14.7717,14.2056,14.2056,4421.4071562809
2000-11-10,14.2056,14.2056,14.2056,14.2056,14960.792141099
2000-11-13,13.9479,14.2056,13.9479,13.9479,6548.5726268603
2000-11-14,13.9479,14.3447,13.9479,13.9479,2675.936128379
2000-11-15,14.4889,15.3407,13.9479,14.6023,8067.2003382957
2000-11-16,14.6318,14.9145,14.6023,14.9145,3626.7763770415
2000-11-17,14.4889,14.6862,14.3447,14.5736,4674.0589937827
2000-11-20,14.4889,14.6318,14.2321,14.6318,7591.7802139644
2000-11-21,14.3447,14.4889,14.0627,14.4889,21393.905594907
2000-11-22,14.2056,14.4889,14.1466,14.2056,30255.736712442
2000-11-23,14.2056,14.2056,14.0922,14.1466,30769.19044672
2000-11-24,14.1762,14.6318,14.1762,14.4889,56602.16165967
2000-11-27,14.6318,14.7717,14.5479,14.5479,33426.109770126
2000-11-28,14.4889,15.1971,14.4889,14.8306,14618.489651581
2000-11-29,14.4889,15.3407,14.4889,15.1971,19983.945340462
2000-11-30,14.8004,15.3407,14.8004,15.2267,17269.975602137
2000-12-01,15.0588,15.7971,15.0588,15.6242,25246.166945203
2000-12-04,15.6242,15.6242,15.2267,15.3709,12024.054115944
2000-12-05,15.3407,15.6242,15.2855,15.5108,38733.156700876
2000-12-06,15.6242,15.9113,15.3407,15.3407,21912.792702035
2000-12-07,15.3407,15.5977,15.1427,15.4548,5123.6705970788
2000-12-08,15.3407,15.6242,15.1971,15.396,7249.4777244459
2000-12-11,15.3709,15.569,15.0588,15.1427,8269.5934769396
2000-12-12,14.8306,15.2561,14.8306,15.2267,33434.2598294
2000-12-13,15.0588,15.3407,14.8306,15.0845,31298.944299547
2000-12-14,15.3407,15.3407,14.7717,15.3407,50810.186202102
2000-12-15,15.2561,15.8524,15.2561,15.6242,63753.838672826
2000-12-18,15.3113,16.4509,15.3113,16.2772,30363.045826221
2000-12-19,16.2772,16.6195,16.194,16.4767,67414.573630176
2000-12-20,16.0504,16.3368,16.0504,16.0799,19283.040242877
2000-12-21,15.569,16.194,15.569,16.1645,17949.147208325
2000-12-22,16.194,16.194,15.8524,16.0504,15004.259123895
2000-12-27,16.194,16.5613,16.0504,16.5613,24198.884328462
2000-12-28,16.5613,17.0457,14.2056,17.0457,114388.79860053
2000-12-29,16.9876,17.4727,16.9876,17.4727,115853.09258347
2001-01-02,16.4767,17.0457,16.3928,16.9876,24124.175451782
2001-01-03,16.3928,17.4727,16.3928,17.1893,24879.414277862
2001-01-04,16.9876,17.8975,16.9876,17.7563,33177.532962262
2001-01-05,17.3292,17.6156,17.2158,17.3593,25368.417834317
2001-01-08,16.8183,17.0457,16.8183,16.9029,11196.823099608
2001-01-09,16.5054,16.9611,16.5054,16.9029,13766.808457421
2001-01-10,16.649,17.0163,16.649,16.9029,22677.539930602
2001-01-11,16.649,16.8765,16.2235,16.4767,36030.053708249
2001-01-12,16.4767,16.7344,16.2235,16.3368,21690.024415206
2001-01-15,15.9113,16.2492,15.9113,16.2235,34333.483035993
2001-01-16,15.5977,16.194,15.5977,16.0504,5442.881251987
2001-01-17,16.194,17.0457,16.0799,16.3368,51424.157334096
2001-01-18,16.3368,16.6195,16.3368,16.4222,71258.684921198
2001-01-19,16.4767,16.7344,16.4767,16.6747,84298.779759999
2001-01-22,16.7889,16.7889,16.4767,16.4767,112639.25254299
2001-01-23,15.9658,16.4767,15.9658,16.194,154496.59863233
2001-01-24,16.1094,16.4767,14.8004,16.0247,78046.325953435
2001-01-25,16.0504,16.3368,16.0504,16.3368,14670.10669365
2001-01-26,16.0799,16.4767,16.0799,16.4767,9282.9175133714
2001-01-29,16.1094,16.4767,16.1094,16.4222,7935.4410466953
2001-01-30,16.1645,16.3928,16.1094,16.194,18072.75644065
2001-01-31,16.1094,16.194,16.0504,16.0504,12762.992823476
2001-02-01,16.1645,16.194,15.9364,16.194,7405.687193869
2001-02-02,16.194,16.2772,16.0504,16.1094,11984.662162786
2001-02-05,16.0504,16.194,15.9113,16.194,15440.287295068
2001-02-06,15.8819,16.1645,15.6831,16.1094,14577.739355209
2001-02-07,15.7384,16.1645,15.6537,15.767,21230.904409423
2001-02-08,15.7125,15.9113,15.7125,15.767,15088.476403062
2001-02-09,15.767,15.767,15.6242,15.6537,7115.0017464208
2001-02-12,15.3407,15.6242,14.7717,15.5108,12741.259332079
2001-02-13,15.3407,15.5977,15.0588,15.3407,7108.2100303589
2001-02-14,15.1132,15.569,14.885,14.9439,4004.3957900818
2001-02-15,14.8306,15.0588,13.7792,14.6568,12836.343356945
2001-02-16,14.9145,15.1715,14.6568,14.6568,31129.151398
2001-02-19,14.5177,14.6862,14.5177,14.5177,15004.259123895
2001-02-20,14.5177,14.6568,14.3204,14.3204,23591.704912531
2001-02-21,14.3447,14.3447,13.353,13.6349,47072.025681646
2001-02-22,13.6652,13.7792,13.1543,13.4922,21774.241694373
2001-02-23,14.1209,14.1209,13.5518,13.9199,18171.915495155
2001-02-26,14.0627,14.4889,14.0627,14.3447,14209.628344656
2001-02-27,14.4588,14.4588,14.1209,14.2321,18760.078106113
2001-02-28,13.9199,14.4588,13.7792,14.0627,27621.909223648
2001-03-01,13.9199,14.1466,13.6349,14.1466,3731.3688043944
2001-03-02,13.6652,14.2056,13.6652,14.0627,25456.710143122
2001-03-05,13.6652,14.1466,13.6652,13.9479,11526.900500215
2001-03-06,13.9479,14.1762,13.9479,14.1762,12556.524655195
2001-03-07,14.3204,14.3204,14.0068,14.0068,9837.1215440204
2001-03-08,13.9479,14.4338,13.9479,14.3447,7974.8329998542
2001-03-09,14.2056,14.4338,14.0068,14.3447,12909.693890413
2001-03-12,13.9199,14.4338,13.9199,13.9199,19356.390776346
2001-03-13,13.9773,14.0325,13.6349,13.9479,24595.520546476
2001-03-14,13.9773,14.1762,13.9199,14.0627,60050.99507589
2001-03-15,13.6946,14.2056,13.6946,14.2056,20865.510085293
2001-03-16,14.2056,14.4889,13.9773,13.9773,3907.9534220031
2001-03-19,13.6652,14.0627,13.6652,14.0627,4750.1262136757
2001-03-20,14.0627,14.4588,14.0627,14.2056,6941.1338152368
2001-03-21,14.4588,14.4588,14.0922,14.1466,7169.3354749158
2001-03-22,14.0325,14.2056,13.7792,14.2056,2352.6504438336
2001-03-23,14.2321,14.4588,14.2321,14.2895,59113.738259352
2001-03-26,14.3447,14.3447,14.0068,14.2056,9545.0777533598
2001-03-27,13.7792,14.2056,13.7792,14.0325,4166.0386323544
2001-03-28,13.9199,14.2056,13.9199,14.2056,7754.7813994494
2001-03-29,14.1762,14.2895,14.0922,14.2056,2875.612580598
2001-03-30,14.2056,14.3742,14.2056,14.3742,16564.995474914
2001-04-02,13.9199,14.2056,13.9199,14.2056,9979.7475813198
2001-04-03,13.9479,14.4588,13.9479,14.3447,24067.125036862
2001-04-04,14.0627,14.3204,14.0627,14.3204,20811.176356799
2001-04-05,14.2056,14.6318,14.2056,14.4588,8611.8959664581
2001-04-06,14.3447,14.4588,14.2608,14.3447,6767.2658840528
2001-04-09,14.2608,14.4889,14.2321,14.4043,15130.585042646
2001-04-10,14.3447,14.7717,14.3447,14.6318,9598.0531386424
2001-04-11,14.4889,15.1971,14.4889,15.0588,5907.4346306193
2001-04-12,14.7717,15.0845,14.7717,15.0588,27203.539514236
2001-04-17,14.6568,15.0588,14.6568,15.0588,5384.4724938548
2001-04-18,14.7717,15.1971,14.7717,15.1971,6683.0486048854
2001-04-19,15.0588,15.3407,14.8306,15.1971,9066.9409426037
2001-04-20,15.1971,15.3407,15.0588,15.1971,12370.4316351
2001-04-23,15.0588,15.3407,15.0588,15.1971,7485.8294433991
2001-04-24,14.9145,15.3407,14.9145,15.3407,11325.865704784
2001-04-25,15.1715,15.3407,15.1715,15.2267,22703.348451638
2001-04-26,15.2267,15.4843,15.2267,15.396,5756.6585340457
2001-04-27,15.2561,15.569,15.2561,15.396,5872.1177070975
2001-04-30,15.1971,15.6242,15.1971,15.4843,9236.7338441507
2001-05-02,15.3709,15.4843,14.969,15.1971,7237.2526355345
2001-05-04,15.0588,15.1971,15.0588,15.0588,10745.853153099
2001-05-07,15.0588,15.0588,15.0588,15.0588,7790.0983229711
2001-05-08,14.5479,15.0588,14.5479,15.0588,16157.492511202
2001-05-09,14.7717,15.0588,14.7717,14.9145,16518.811805694
2001-05-10,15.0588,15.3407,15.0588,15.3407,29101.144981924
2001-05-11,15.0588,15.0588,13.9479,14.9145,9407.8850889099
2001-05-14,14.7717,15.0286,14.4889,14.8004,18872.820592739
2001-05-15,14.5736,14.7165,14.4889,14.4889,31979.474248947
2001-05-16,14.2056,14.4889,14.2056,14.3447,10193.007465663
2001-05-17,14.3447,14.6023,14.3447,14.4889,42683.218762462
2001-05-18,14.3447,14.3742,14.3447,14.3447,3224.7067861785
2001-05-21,14.2056,14.4889,14.1209,14.1209,30282.90357669
2001-05-22,14.2321,14.2321,13.8094,14.1762,39803.531152227
2001-05-23,14.2056,14.4588,14.2056,14.3204,4354.8483388746
2001-05-24,14.2056,14.4889,14.2056,14.2608,4459.4407662274
2001-05-25,14.3447,14.4889,14.3447,14.3447,5925.0930923802
2001-05-28,14.2608,14.7452,14.2321,14.7452,16639.704351595
2001-05-29,14.3447,14.4889,14.3447,14.4889,5353.2305999702
2001-05-30,14.2321,14.6862,14.2321,14.3447,5138.612372415
2001-05-31,14.0627,14.2895,14.0627,14.2321,3361.8994506284
2001-06-01,14.2321,14.4889,14.2321,14.4889,7158.4687292168
2001-06-04,14.3447,14.4889,14.3447,14.3447,7670.5641202822
2001-06-05,14.2321,14.4043,14.2321,14.2608,2828.0705681649
2001-06-06,14.3447,14.6023,14.2608,14.3447,7591.7802139644
2001-06-07,14.2321,14.5177,14.2321,14.2321,9463.5771606173
2001-06-08,14.2895,14.4889,14.2895,14.4889,3211.1233540547
2001-06-11,14.2608,14.4588,14.2608,14.3742,11230.781679917
2001-06-12,14.3447,14.7717,14.3447,14.6318,20411.823452361
2001-06-13,14.5177,14.9991,14.4889,14.5177,19092.872193144
2001-06-15,14.5479,14.7717,14.5177,14.5177,9880.5885268164
2001-06-18,14.3742,14.7717,14.2895,14.7717,19344.165687434
2001-06-19,14.6318,14.7452,14.6318,14.6568,13410.922535779
2001-06-20,14.5177,14.7452,14.5177,14.6568,5973.9934480257
2001-06-21,14.5479,14.9145,14.5479,14.8004,21009.494465806
2001-06-22,14.6023,14.8004,14.6023,14.7165,9133.4997600101
2001-06-25,14.4889,14.6023,14.4889,14.5736,8367.3941882306
2001-06-26,14.4889,14.6318,14.4889,14.6023,16957.556663291
2001-06-27,14.5479,15.0286,14.5479,15.0286,25058.715581895
2001-06-28,15.0588,15.2855,15.0588,15.2561,11400.574581464
2001-06-29,15.0588,15.3407,15.0588,15.1715,45417.563648973
2001-07-02,15.0588,15.3407,15.0588,15.3407,5146.7624316892
2001-07-03,15.1132,15.396,15.1132,15.396,11880.069735433
2001-07-04,15.3407,15.7384,15.3407,15.6537,28838.984741936
2001-07-05,15.2267,15.6242,15.2267,15.4843,9891.4552725154
2001-07-06,15.5977,15.9364,15.5108,15.9113,40877.980633216
2001-07-09,15.5977,15.767,15.5977,15.5977,10963.188067079
2001-07-10,15.4843,15.4843,15.1971,15.3407,22386.854483154
2001-07-11,14.9991,15.0588,14.4889,15.0588,10536.668298394
2001-07-12,14.9145,15.1427,14.6568,15.0845,5878.9094231594
2001-07-13,15.1427,15.4843,15.1427,15.1971,3715.0686858458
2001-07-16,15.1971,15.4843,14.8306,14.8593,54085.151687139
2001-07-17,14.7452,14.8004,14.7452,14.8004,5158.9875206006
2001-07-18,14.7452,15.0286,14.7452,14.7452,3030.4637068089
2001-07-19,14.5177,14.7717,14.4889,14.7717,13333.496972674
2001-07-20,14.5736,14.9145,14.5736,14.7717,3391.7830013006
2001-07-23,14.5177,14.9145,14.5177,14.6318,6423.6050513218
2001-07-24,14.4588,14.6318,14.2056,14.3204,7997.9248344645
2001-07-25,14.3742,14.7717,14.3742,14.7717,3251.873650426
2001-07-26,14.6318,14.9145,14.6023,14.9145,5646.6327338433
2001-07-27,14.6318,14.9145,14.6318,14.9145,6094.8859939271
2001-07-30,14.7717,14.9145,14.5736,14.9145,11751.027130257
2001-07-31,14.5736,14.9439,14.5736,14.9439,6103.0360532013
2001-08-01,14.7165,14.9991,14.7165,14.9439,4838.4185224801
2001-08-02,14.8004,15.1971,14.8004,15.1971,8386.4109932039
2001-08-03,14.969,15.4548,14.9439,15.4548,9019.3989301706
2001-08-06,15.0845,15.4548,15.0588,15.3113,5959.0516726895
2001-08-07,14.969,15.2855,14.8593,14.9991,9325.026152955
2001-08-08,14.9145,15.1715,14.6568,15.0588,5456.4646841108
2001-08-09,14.885,15.1971,14.885,14.969,5187.5127280604
2001-08-10,14.969,15.1971,14.8306,15.1971,5312.480303599
2001-08-13,15.0588,15.1971,14.885,15.1971,4433.6322451923
2001-08-14,14.9145,15.1971,14.7717,15.1971,11938.478493565
2001-08-16,15.1132,15.1971,14.3742,15.1971,15880.390495877
2001-08-17,15.0845,15.1971,14.9145,15.1971,8265.5184473024
2001-08-20,14.9145,15.2855,14.9145,15.1971,5131.8206563531
2001-08-21,15.1971,15.3407,15.1971,15.1971,11142.489371113
2001-08-22,15.3407,15.4843,15.1971,15.2267,19462.34154691
2001-08-23,15.2267,15.2267,15.2267,15.2267,685.96332224942
2001-08-24,15.0588,15.4843,15.0588,15.4843,3914.745138065
2001-08-27,15.4843,15.5108,15.3709,15.5108,8787.1222408544
2001-08-28,15.1971,15.396,15.1971,15.3709,6832.4663582467
2001-08-29,15.3407,15.4548,15.2267,15.3407,9615.7116004033
2001-08-30,15.2855,15.3407,15.1971,15.3407,11206.331502095
2001-08-31,15.1971,15.4843,15.0588,15.4843,42889.686930744
2001-09-03,15.2267,15.2561,15.2267,15.2561,6625.9981899657
2001-09-04,15.2267,15.3407,15.1971,15.3407,5002.7780511774
2001-09-05,15.2267,15.5108,15.2267,15.2561,9918.622136763
2001-09-06,15.2561,15.6242,15.1971,15.569,9750.1875784284
2001-09-07,15.396,15.4843,15.3407,15.3407,5091.0703599819
2001-09-10,15.396,15.4843,15.3113,15.3407,20134.721437036
2001-09-11,15.3407,15.3407,15.2267,15.2267,5816.4256353901
2001-09-12,13.6349,15.4843,13.6349,15.3407,15942.874283646
2001-09-13,15.1971,15.3407,14.969,15.1971,7415.1955963556
2001-09-14,15.1971,15.3113,15.1971,15.1971,4454.0073933779
2001-09-17,15.1971,15.1971,14.9439,14.9991,17284.917377473
2001-09-18,14.9991,15.1971,14.9991,15.0286,5465.9730865974
2001-09-19,14.9439,15.0588,14.9439,14.9991,8845.5309989866
2001-09-20,14.9991,15.0845,14.9991,15.0588,6513.2557033386
2001-09-21,14.9991,15.0588,14.7717,14.9145,3050.8388549945
2001-09-24,14.5479,14.9145,14.5177,14.5479,7734.4062512638
2001-09-25,14.5736,14.9439,14.5736,14.9439,11149.281087175
2001-09-26,14.7717,15.4843,14.7717,15.4843,21916.867731672
2001-09-27,15.3407,15.3407,15.1971,15.2267,2506.143226832
2001-09-28,15.0588,15.3407,14.9991,15.3407,3936.4786294631
2001-10-01,14.8593,15.1971,14.8593,15.1971,4399.6736648829
2001-10-02,14.9439,15.0588,14.9439,14.9439,4083.1796963995
2001-10-03,14.8593,14.8593,14.6318,14.7717,26182.06541853
2001-10-04,14.7717,14.7717,14.6023,14.6023,15051.801136329
2001-10-05,14.4889,14.5177,14.4889,14.5177,1477.8774150641
2001-10-08,14.3204,14.3447,13.9479,14.3204,10953.679664593
2001-10-09,14.0325,14.6023,14.0325,14.4889,13431.297683965
2001-10-10,14.2608,14.4889,14.0922,14.4043,22745.457091221
2001-10-11,14.3742,14.7717,14.3742,14.7717,7544.2382015313
2001-10-12,14.3742,14.4889,14.3742,14.4889,8008.7915801636
2001-10-15,14.2608,14.5736,14.2608,14.4889,3724.5770883325
2001-10-16,14.3204,14.7452,14.3204,14.7452,11194.106413183
2001-10-17,14.6318,14.7717,14.6318,14.6568,7997.9248344645
2001-10-18,14.4043,14.9145,14.4043,14.9145,6890.8751163789
2001-10-19,14.6318,14.7717,14.6023,14.7717,4422.7654994933
2001-10-22,14.4889,15.1971,14.4889,15.1971,12018.620743095
2001-10-23,15.3407,15.3709,15.1971,15.3709,17143.649683386
2001-10-24,14.9991,15.4548,14.9991,15.4548,14914.608471879
2001-10-25,15.6242,15.6831,15.2561,15.6831,18120.298453084
2001-10-26,15.6831,16.0504,15.6242,16.0504,17726.378921495
2001-10-29,15.7971,15.9113,15.7384,15.9113,5944.1098973534
2001-10-30,15.3709,15.9113,15.3709,15.6537,22422.171406676
2001-10-31,15.6537,15.9113,15.6537,15.9113,8789.8389272792
2001-11-02,15.6242,16.0504,15.6242,15.767,33576.8858667
2001-11-05,15.3709,15.6242,15.3709,15.5395,3041.3304525078
2001-11-06,15.3407,15.6242,15.3407,15.4843,6450.7719155693
2001-11-07,15.3407,15.6242,15.3407,15.6242,4441.7823044666
2001-11-08,15.6242,15.767,15.4843,15.767,9975.6725516827
2001-11-09,15.4548,15.8819,15.4548,15.5977,4566.7498800051
2001-11-12,15.5395,16.0504,15.5395,15.9364,15627.738658375
2001-11-13,15.9113,16.2772,15.7125,16.2772,13140.612236517
2001-11-14,15.9952,16.5613,15.9952,16.5356,16863.830981637
2001-11-15,16.3368,16.5356,16.3368,16.4767,13337.572002311
2001-11-16,16.2492,16.6195,16.2235,16.5356,7686.8642388306
2001-11-19,16.4767,16.7638,16.4767,16.649,17814.671230299
2001-11-20,16.649,16.9029,16.649,16.7049,17976.314072571
2001-11-21,16.4767,16.7889,16.4767,16.7638,8112.0256643041
2001-11-22,16.4767,16.7889,16.2772,16.7889,11835.244409424
2001-11-23,17.0457,17.0457,16.5054,16.6195,31718.672352171
2001-11-26,16.4767,16.9029,16.4767,16.9029,13882.267630474
2001-11-27,16.6747,17.3292,16.6747,17.0457,10675.219306056
2001-11-28,16.7049,17.0457,16.6195,16.9029,13897.209405809
2001-11-29,17.076,17.076,16.8183,17.076,10218.815986698
2001-11-30,17.1017,17.1312,17.076,17.1017,13022.43637704
2001-12-03,16.9324,17.1312,16.9029,17.1312,36903.468393806
2001-12-04,16.9876,17.528,16.9876,17.3292,8845.5309989866
2001-12-05,17.3292,17.3593,17.1312,17.2158,17162.666488359
2001-12-06,17.0457,17.4146,17.0457,17.1893,12572.824773744
2001-12-07,17.2158,17.4727,17.2158,17.4727,8565.7122972373
2001-12-10,17.3881,17.6156,17.3292,17.6156,14407.946453662
2001-12-11,17.3881,17.6156,17.076,17.3881,15932.007537947
2001-12-12,17.3292,17.4727,17.3292,17.3292,13194.945965012
2001-12-13,17.2747,17.3292,17.2747,17.3292,67218.972207594
2001-12-14,17.2158,17.3593,17.2158,17.3292,12795.593060573
2001-12-17,17.3292,17.7563,17.3292,17.7563,41690.269874217
2001-12-18,17.4727,17.6156,17.4727,17.5566,50708.310461174
2001-12-19,17.4146,17.5022,17.4146,17.444,4077.7463235501
2001-12-20,17.3593,17.8689,17.3292,17.8689,17931.488746564
2001-12-21,17.4727,18.0382,17.4727,17.9277,39519.637420841
2001-12-27,17.8975,17.9277,17.7002,17.9277,12572.824773744
2001-12-28,17.8975,18.0382,17.7842,18.0382,19109.172311693
2001-12-31,17.8975,18.181,17.7563,18.181,12223.730568164
2002-01-02,18.4644,18.8899,18.4644,18.6072,14657.88160474
2002-01-03,18.4644,19.3168,18.4644,19.3168,37704.890889107
2002-01-04,19.1188,19.7432,19.1188,19.7174,18307.749816392
2002-01-07,19.3168,19.431,19.2322,19.431,9303.2926615571
2002-01-08,18.7795,19.1763,18.7508,19.0644,46765.04011565
2002-01-09,19.0342,19.6291,19.0342,19.6032,62707.914399296
2002-01-10,19.4604,19.7432,19.3168,19.4604,27255.156556307
2002-01-11,19.3765,19.7432,19.3765,19.6032,19833.169243889
2002-01-14,19.2065,19.3765,19.1763,19.3168,18914.929232323
2002-01-15,19.0342,19.6032,19.0342,19.6032,14379.421246203
2002-01-16,19.4052,19.6291,19.3765,19.6032,22786.207387592
2002-01-17,19.4604,19.8868,19.4604,19.7432,44215.429906021
2002-01-18,19.4892,19.8868,19.4892,19.8868,22621.847858894
2002-01-21,19.6032,19.6032,19.6032,19.6032,10074.831606186
2002-01-22,19.6032,19.8868,19.6032,19.7174,31087.042758416
2002-01-23,19.6032,19.6291,19.3765,19.431,22563.439100762
2002-01-24,19.3765,19.7432,19.3765,19.6032,9854.7800057812
2002-01-25,19.3765,19.8868,19.3765,19.8868,26683.294063897
2002-01-28,19.6291,19.8868,19.6032,19.8308,19952.703446578
2002-01-29,19.4604,19.8013,19.4604,19.5186,11859.694587247
2002-01-30,19.3464,19.5444,19.3464,19.5186,10942.812918894
2002-01-31,19.4604,19.8868,19.4604,19.8308,39353.919548931
2002-02-01,19.6032,19.8868,19.6032,19.7432,10320.691727626
2002-02-04,19.3464,19.6032,19.3464,19.6032,5872.1177070975
2002-02-05,19.3168,19.3168,19.3168,19.3168,4674.0589937827
2002-02-06,19.3168,19.4604,19.3168,19.4604,26911.495723575
2002-02-07,19.1476,19.2065,19.1476,19.1763,2821.278852103
2002-02-08,18.8642,19.2912,18.8355,19.0342,3073.9306896049
2002-02-11,18.9496,19.3168,18.8899,19.0342,11658.659791816
2002-02-12,18.9496,19.0342,18.9201,19.0342,4770.5013618613
2002-02-13,18.7795,19.0342,18.7795,19.0342,135209.48335981
2002-02-14,18.9201,19.0048,18.8899,18.8899,7072.8931068371
2002-02-15,18.8899,19.0342,18.8899,18.9783,7963.9662541551
2002-02-18,18.806,19.0342,18.806,18.9783,4678.1340234198
2002-02-19,18.806,18.9783,18.806,18.9201,6609.6980714173
2002-02-20,18.806,18.9783,18.806,18.9783,4410.5404105819
2002-02-21,18.8899,18.9783,18.8899,18.8899,4979.686216567
2002-02-22,18.806,19.0342,18.806,18.8899,4027.4876246922
2002-02-25,19.0342,19.0342,18.9201,18.9201,10021.856220903
2002-02-26,18.5226,19.1188,18.5226,19.1188,5150.8374613263
2002-02-27,19.0644,19.0924,19.0644,19.0924,6704.7820962835
2002-02-28,18.8899,19.0924,18.8899,18.9783,40865.755544304
2002-03-01,19.0644,19.1763,19.0342,19.1763,4771.8597050737
2002-03-04,18.8899,19.2617,18.8899,19.2617,20366.998126352
2002-03-05,19.0342,19.1763,19.0342,19.1763,5366.814032094
2002-03-06,19.0342,19.1763,19.0342,19.0342,72722.978904138
2002-03-07,19.0342,19.1763,19.0342,19.1763,42116.789642903
2002-03-08,19.1763,19.2065,19.1763,19.1763,3423.0248951852
2002-03-11,19.0342,19.0924,19.0342,19.0924,2222.2494954456
2002-03-12,19.0048,19.0924,19.0048,19.0342,8510.02022553
2002-03-13,18.9201,19.0924,18.9201,19.0342,9046.5657944181
2002-03-14,19.0644,19.2617,19.0342,19.2617,8639.0628307056
2002-03-15,19.0924,19.6032,19.0924,19.6032,18626.960471299
2002-03-18,19.2065,19.5444,19.2065,19.5444,8033.2417579863
2002-03-19,19.2065,19.3168,19.2065,19.3168,4596.6334306773
2002-03-20,19.1763,19.4604,19.1763,19.431,6271.4706115358
2002-03-21,19.3168,19.5444,19.3168,19.5186,6509.1806737014
2002-03-22,19.3765,19.7432,19.3765,19.7174,21467.256128376
2002-03-25,19.8868,19.8868,19.6577,19.8013,44823.967665166
2002-03-26,19.6577,19.8868,19.6577,19.8868,18694.877631918
2002-03-27,19.8013,20.0848,19.8013,20.0848,26309.749680494
2002-03-28,19.9161,20.1694,19.9161,20.1694,22249.661818704
2002-04-02,19.9161,20.0302,19.7726,20.0302,8486.9283909196
2002-04-03,19.6291,20.1142,19.6291,20.1142,8941.9733670653
2002-04-04,19.9161,20.1694,19.8868,20.1694,25705.286950986
2002-04-05,20.0302,20.2577,20.0302,20.1982,26110.073228274
2002-04-08,20.0554,20.3977,20.0554,20.3977,17509.044007515
2002-04-09,20.4558,20.5103,20.3674,20.5103,23654.1887003
2002-04-10,20.3123,20.5412,20.3123,20.4823,31104.701220177
2002-04-11,20.2835,20.6546,20.1982,20.6258,15398.178655484
2002-04-12,20.7393,20.8821,20.7393,20.7952,14081.944082692
2002-04-15,20.4558,20.7952,20.4558,20.7952,38363.68734711
2002-04-16,20.938,21.1647,20.938,21.0514,19621.267702758
2002-04-17,20.8231,21.1647,20.8231,21.0514,24868.547532164
2002-04-18,20.9078,20.9078,20.6258,20.7687,16630.195949108
2002-04-19,20.7098,20.7098,20.3674,20.5957,5876.1927367346
2002-04-22,20.4558,20.6546,20.3123,20.6546,16617.970860197
2002-04-23,20.5103,20.7393,20.5103,20.7393,11962.928671387
2002-04-24,20.5412,20.8821,20.5412,20.7098,8294.0436547623
2002-04-25,20.5691,21.0212,20.5691,21.0212,15464.73747289
2002-04-26,20.7952,21.0212,20.7687,21.0212,5095.145389619
2002-04-29,20.7952,21.0212,20.7952,20.8821,5076.1285846457
2002-04-30,20.8821,21.0212,20.8821,21.0212,11194.106413183
2002-05-02,21.0212,21.0514,20.8821,21.0514,3914.745138065
2002-05-06,20.7393,21.1647,20.7393,21.1647,14077.869053055
2002-05-07,20.8821,21.1103,20.8821,21.1103,11008.013393088
2002-05-08,20.9078,21.0808,20.8821,21.0808,8641.7795171303
2002-05-09,20.9078,21.0808,20.8821,21.0808,12158.530093969
2002-05-10,20.938,21.1647,20.938,21.1647,14982.525632497
2002-05-13,20.938,21.0808,20.1982,21.0212,9951.2223738599
2002-05-14,20.8231,21.0212,20.8231,21.0212,9269.3340812476
2002-05-15,20.8231,21.0212,20.8231,21.0212,2481.6930490093
2002-05-16,20.8821,21.0212,20.8534,21.0212,28306.514202684
2002-05-17,20.8821,21.5917,20.8821,21.4482,48496.927711428
2002-05-20,21.3083,21.4224,21.3083,21.3083,13325.346913399
2002-05-21,21.1647,21.1647,21.1647,21.1647,7637.9638831852
2002-05-22,21.0212,21.1647,20.9078,21.1647,7504.8462483724
2002-05-23,20.938,21.0212,20.938,21.0212,2548.2518664157
2002-05-24,20.8821,21.0212,20.8821,21.0212,6255.1704929873
2002-05-27,20.8821,21.0212,20.8821,21.0212,5205.1711898214
2002-05-28,20.8821,21.0212,20.7687,21.0212,5334.213794997
2002-05-29,21.1647,21.1647,20.8821,21.1647,9964.8058059836
2002-05-31,20.6546,21.1647,20.6546,21.1647,39948.873875951
2002-06-03,21.0212,21.0212,21.0212,21.0212,3916.1034812773
2002-06-04,21.0212,21.1647,21.0212,21.1647,14743.457227119
2002-06-05,21.0212,21.0514,21.0212,21.0212,5585.5072892863
2002-06-06,20.8821,21.0514,20.8821,21.0514,9076.4493450904
2002-06-07,20.8821,21.136,20.8534,21.136,2070.1150556597
2002-06-10,20.938,21.136,20.8821,21.136,15172.693682229
2002-06-11,21.0212,21.136,21.0212,21.136,5984.8601937247
2002-06-12,20.9674,21.1647,20.9674,21.1647,7328.2616307636
2002-06-13,21.0212,21.136,21.0212,21.136,6441.2635130827
2002-06-14,20.9078,21.136,20.9078,21.136,7060.6680179257
2002-06-17,20.7687,21.0514,20.7687,21.0514,23688.147280609
2002-06-18,20.9078,21.0212,20.7952,21.0212,6643.6566517266
2002-06-19,20.7687,20.9674,20.7687,20.8231,6855.5581928571
2002-06-20,20.5412,20.9674,20.3417,20.9674,15319.394749166
2002-06-21,20.6546,20.8821,20.5412,20.7393,10004.197759143
2002-06-24,20.5103,20.8821,20.5103,20.8821,4470.3075119264
2002-06-25,20.7393,20.9969,20.6546,20.9969,15819.265051321
2002-06-26,20.6258,20.8821,20.5957,20.8821,9179.6834292309
2002-06-27,20.6546,20.7393,20.4558,20.4558,105446.82523347
2002-06-28,20.5103,20.5103,20.4823,20.4823,7423.3456556299
2002-07-01,20.0302,20.4558,19.8868,20.4558,49489.876599674
2002-07-02,20.0302,20.4264,19.6032,20.4264,5748.5084747714
2002-07-03,20.1694,20.4558,20.0554,20.4558,5199.7378169718
2002-07-04,20.1142,20.4558,19.8868,20.1694,5017.7198265136
2002-07-05,20.0302,20.8821,20.0302,20.8821,8008.7915801636
2002-07-08,20.6258,20.8821,20.5957,20.8821,6566.2310886212
2002-07-09,20.6258,20.8821,20.6258,20.8821,4330.3981610518
2002-07-10,20.7393,20.8821,20.6546,20.8821,6646.3733381513
2002-07-11,20.6841,20.6841,20.1982,20.6841,6271.4706115358
2002-07-12,20.4823,20.4823,20.1982,20.2835,5465.9730865974
2002-07-15,19.9456,20.1694,19.9456,20.1694,2887.8376695094
2002-07-16,19.9714,20.1694,19.9161,20.1694,4490.682660112
2002-07-17,19.9456,20.3123,19.9456,20.3123,3715.0686858458
2002-07-18,20.1982,20.2577,20.0554,20.2577,4041.0710568159
2002-07-19,19.9456,20.0302,19.7726,20.0302,2178.7825126496
2002-07-22,19.6291,19.8868,19.6032,19.8868,5380.3974642177
2002-07-23,19.6291,19.8868,19.6291,19.8868,24356.452141098
2002-07-24,19.6291,19.6291,19.0644,19.0644,7837.6403354043
2002-07-25,19.8868,19.8868,19.0342,19.4604,2427.3593205142
2002-07-26,19.0644,19.4604,19.0342,19.4604,92250.520925242
2002-07-29,19.0924,19.8868,19.0924,19.8868,1745.471027902
2002-07-30,19.8868,19.8868,19.5186,19.8868,10062.606517275
2002-07-31,19.8868,20.0302,19.6872,20.0302,11691.260028912
2002-08-01,19.6872,20.3123,19.6577,20.3123,23462.662307355
2002-08-02,19.8868,20.0848,19.8308,19.9161,8812.9307618896
2002-08-05,19.7432,20.1142,19.7432,20.1142,2689.5195605027
2002-08-06,19.8868,20.1694,19.8868,20.1694,6596.1146392934
2002-08-07,20.1694,20.1694,19.3168,20.1694,11282.398721988
2002-08-08,19.6291,19.8868,19.6291,19.8013,15600.571794128
2002-08-09,19.7432,19.8868,19.5738,19.8868,22128.769272802
2002-08-12,19.6872,19.6872,19.3765,19.3765,5830.0090675138
2002-08-13,19.3765,19.6032,19.3168,19.4604,2047.0232210493
2002-08-14,19.5444,19.5444,18.9201,19.4892,3571.0843053341
2002-08-16,19.4604,19.6032,19.4604,19.6032,2242.6246436312
2002-08-19,19.3168,19.7174,19.2617,19.7174,2722.1197975997
2002-08-20,19.3464,19.7174,18.2104,19.6032,10159.048885353
2002-08-21,19.3168,20.1694,19.3168,20.1694,9777.3544426759
2002-08-22,20.0001,20.0001,19.8013,20.0001,4429.5572155552
2002-08-23,19.9161,20.0302,19.7726,20.0302,3016.8802746851
2002-08-26,19.6291,20.0001,19.6291,20.0001,4934.8608905587
2002-08-27,19.7432,19.8868,19.5444,19.5444,5106.012135318
2002-08-28,19.4604,19.5444,19.0924,19.0924,1624.5784820007
2002-08-29,18.9783,19.0342,18.5527,18.8355,14740.740540694
2002-08-30,18.6367,19.2912,18.6367,19.1763,4790.876510047
2002-09-02,19.0342,19.0644,18.8642,19.0342,1116.5581205724
2002-09-03,18.806,19.1763,18.806,19.1763,2344.5003845594
2002-09-04,18.806,19.4604,18.806,19.4604,1515.9110250106
2002-09-05,19.431,19.431,19.0342,19.0342,13902.64277866
2002-09-06,18.7795,19.6032,18.7795,19.6032,4190.4888101771
2002-09-09,19.5738,19.5738,19.0644,19.2912,4291.006207893
2002-09-10,19.1763,19.6291,19.1763,19.6291,60794.00881306
2002-09-11,19.4604,19.7432,19.2617,19.7432,5954.9766430524
2002-09-12,19.4052,19.6032,19.2322,19.6032,2629.7524591582
2002-09-13,19.3168,19.4604,19.3168,19.4604,5055.7534364601
2002-09-16,19.1188,19.5738,19.1188,19.2322,2417.8509180277
2002-09-17,19.2322,19.4604,19.2322,19.4604,2568.6270146013
2002-09-18,19.3168,19.3168,19.1188,19.2617,3691.9768512354
2002-09-19,19.1476,19.2912,19.1188,19.2912,6153.2947520592
2002-09-20,19.1763,19.3168,19.0924,19.3168,10552.968416942
2002-09-23,19.1763,19.3168,19.1763,19.3168,1828.3299638568
2002-09-24,19.2322,19.3168,19.0644,19.3168,5756.6585340457
2002-09-25,19.0342,19.3168,19.0342,19.3168,10123.731961832
2002-09-26,19.1763,19.3168,19.1763,19.3168,1210.2838022262
2002-09-27,19.0342,19.3168,19.0342,19.3168,6420.888364897
2002-09-30,19.0644,19.2912,18.8899,19.2912,10049.023085151
2002-10-01,19.1763,19.3168,19.0644,19.3168,10480.976226686
2002-10-02,19.1763,19.1763,19.0924,19.1188,2932.6629955179
2002-10-03,18.8355,19.1188,18.4644,19.1188,25297.783987273
2002-10-04,18.8899,19.1188,18.7508,19.1188,5468.6897730222
2002-10-07,19.1763,19.1763,18.8899,18.9783,2267.0748214541
2002-10-08,18.806,19.2617,18.6662,18.9496,5783.8253982932
2002-10-09,18.7795,19.0342,18.7508,18.806,13954.259820729
2002-10-10,18.7213,19.0048,18.7213,18.8899,1775.3545785743
2002-10-11,18.8355,19.5738,18.8355,19.5738,10749.928182736
2002-10-14,18.9201,19.6872,18.9201,19.6032,3144.5645366484
2002-10-15,19.6291,19.8308,19.4892,19.8308,8174.5094520733
2002-10-16,19.6577,19.8308,19.5444,19.8308,4421.4071562809
2002-10-17,19.6577,19.8868,19.6577,19.8868,23654.1887003
2002-10-18,19.7432,20.4264,19.6872,20.3123,32643.704079798
2002-10-21,20.0554,20.3123,20.0554,20.3123,17734.528980769
2002-10-22,20.1694,20.4264,20.0554,20.4264,34859.161859182
2002-10-23,20.1429,20.2835,20.0001,20.1142,11988.737192422
2002-10-24,20.1694,20.4558,20.1142,20.4558,13178.645846463
2002-10-25,20.2276,20.4264,20.1694,20.4264,13977.35165534
2002-10-28,20.2577,20.5691,20.2577,20.5691,13482.914726035
2002-10-29,20.3417,20.5957,20.3417,20.5957,6170.95321382
2002-10-30,20.4558,20.9674,20.4558,20.9674,15366.9367616
2002-10-31,20.7952,20.9969,20.5412,20.5957,8522.2453144413
2002-11-04,20.5691,20.9674,20.5691,20.9674,16967.065065777
2002-11-05,20.8821,20.9969,20.6258,20.9969,11812.152574814
2002-11-06,20.8231,20.9969,20.8231,20.9969,13898.567749022
2002-11-07,20.7952,21.0212,20.7952,21.0212,9849.3466329318
2002-11-08,20.7952,20.938,20.7098,20.938,12132.721572934
2002-11-12,20.7687,20.8821,20.7687,20.8821,8818.3641347391
2002-11-13,20.7687,20.9078,20.7687,20.9078,6469.7887205426
2002-11-14,20.8231,20.9969,20.6841,20.9969,7396.1787913824
2002-11-15,20.7952,20.9969,20.7952,20.9969,4904.9773398865
2002-11-18,20.8231,20.9969,20.6841,20.9969,9022.1156165954
2002-11-19,20.7393,20.9969,20.7393,20.9969,7249.4777244459
2002-11-20,20.8231,20.9969,20.8231,20.9969,8512.7369119547
2002-11-21,20.8821,21.2796,20.8821,21.2796,22643.581350293
2002-11-22,21.3083,21.4482,21.1103,21.4482,38868.991022114
2002-11-25,21.3083,21.4482,20.6258,21.4482,24303.476755815
2002-11-26,21.2199,21.3083,20.7393,21.1647,35315.56517854
2002-11-27,20.9674,21.3083,20.8821,21.3083,10812.411970506
2002-11-28,21.1103,21.3635,21.1103,21.3635,5317.9136764484
2002-11-29,21.136,21.3635,21.136,21.3635,5419.7894173766
2002-12-02,21.1647,21.2199,21.1103,21.1103,5183.4376984233
2002-12-03,21.0808,21.1647,20.938,21.1647,7460.020922364
2002-12-04,21.0212,21.0212,20.7098,21.0212,27149.205785741
2002-12-05,20.7687,20.9969,20.7687,20.9969,8941.9733670653
2002-12-06,20.7393,20.9674,20.7393,20.7393,12642.100277574
2002-12-09,20.6546,20.8821,20.5691,20.8821,5847.6675292748
2002-12-10,20.5691,21.1103,20.5691,21.1103,5872.1177070975
2002-12-11,20.8231,21.1103,20.8231,21.1103,5711.8332080372
2002-12-12,20.8821,21.1647,20.8821,21.1647,5900.6429145574
2002-12-13,20.9078,21.1647,20.9078,21.1647,4005.7541332941
2002-12-16,20.9674,21.136,20.9674,21.136,3420.3082087605
2002-12-17,21.0212,21.1647,20.9078,21.1647,5183.4376984233
2002-12-18,21.0514,21.0514,20.9078,21.0514,6359.7629203402
2002-12-19,20.8231,21.0514,20.8231,21.0514,4678.1340234198
2002-12-20,20.8821,21.0808,20.8821,21.0808,3575.1593349713
2002-12-23,20.9078,21.0808,20.9078,21.0808,1246.9590689604
2002-12-27,20.9078,20.9674,20.9078,20.9674,1183.1169379787
2002-12-30,20.8534,21.136,20.8534,21.136,3788.4192193141
2002-12-31,21.0514,21.1647,21.0514,21.1647,1221.1505479252
2003-01-02,20.8821,21.1647,20.8821,21.1647,3325.2241838942
2003-01-03,21.0212,21.1647,20.8821,21.0212,12045.787607342
2003-01-06,20.8534,21.0514,20.8534,21.0514,3700.1269105098
2003-01-07,21.136,21.3083,21.0808,21.2494,14693.198528262
2003-01-08,21.1103,21.2199,21.0514,21.2199,3279.0405146735
2003-01-09,21.0808,21.2199,20.5103,21.1647,6054.1356975557
2003-01-10,21.0514,21.0514,20.938,20.938,1037.7742142546
2003-01-13,20.8821,20.9969,20.7393,20.9969,3898.4450195165
2003-01-14,20.7393,20.8534,20.7393,20.7393,1987.2561197048
2003-01-15,20.5957,20.8231,20.5957,20.8231,2775.0951828823
2003-01-16,20.5957,20.6258,20.0001,20.4558,7415.1955963556
2003-01-17,20.1694,20.4264,19.9714,20.1694,2913.6461905446
2003-01-20,19.8868,19.8868,19.3765,19.3765,5146.7624316892
2003-01-21,19.2912,19.6032,18.9783,18.9783,2976.1299783139
2003-01-22,18.7508,18.7508,18.4939,18.6926,8970.4985745251
2003-01-23,18.6072,19.0342,18.6072,19.0342,1112.4830909352
2003-01-24,19.3765,19.3765,18.7508,19.0342,3742.2355500933
2003-01-27,18.7508,19.1188,18.7508,19.0342,81988.237955749
2003-01-28,19.0342,19.1188,18.7508,19.0342,73403.508853537
2003-01-29,19.0342,19.0342,18.6072,18.8642,4045.146086453
2003-01-30,18.5778,18.806,18.0669,18.181,4611.5752060134
2003-01-31,18.2104,18.2104,17.7002,17.7002,1761.7711464505
2003-02-03,17.3292,18.0382,17.3292,17.7563,19640.284507731
2003-02-04,17.7563,17.8402,17.6156,17.6156,3618.6263177673
2003-02-05,17.528,17.6414,17.3593,17.528,2705.8196790512
2003-02-06,17.1591,17.3292,17.1017,17.2747,6753.682451929
2003-02-07,16.9029,17.0163,16.9029,17.0163,3751.74395258
2003-02-10,16.7889,16.9029,16.7889,16.8765,1567.5280670809
2003-02-11,17.076,17.076,16.9324,17.0163,499.87030215403
2003-02-12,16.9324,16.9324,16.9029,16.9029,1644.9536301863
2003-02-13,16.9029,16.9876,16.9029,16.9324,3763.9690414914
2003-02-14,16.9029,16.9876,16.9029,16.9029,1695.2123290442
2003-02-17,16.9611,17.0163,16.9029,17.0163,3950.0620615868
2003-02-18,17.0457,17.0457,16.8183,16.8183,1136.933268758
2003-02-19,16.8183,16.9029,16.4767,16.9029,2246.6996732685
2003-02-20,16.5356,16.9029,16.4767,16.9029,1922.0556455107
2003-02-21,15.9113,16.9029,15.9113,16.9029,12989.836139943
2003-02-24,16.7638,16.7638,16.5054,16.7049,2443.6594390627
2003-02-25,16.3074,16.4767,16.3074,16.4767,3715.0686858458
2003-02-26,16.3368,16.4767,16.2492,16.4767,1582.469842417
2003-02-27,16.194,16.4767,16.194,16.4767,3516.7505768391
2003-02-28,16.2772,16.4767,16.2772,16.4767,418.36970941152
2003-03-03,16.2492,16.4509,16.2492,16.2772,1704.7207315308
2003-03-04,16.0247,16.3368,16.0247,16.194,3838.677918172
2003-03-05,16.194,16.194,16.0504,16.0799,1318.9512592162
2003-03-06,16.0504,16.0504,15.8819,15.9113,4501.549405811
2003-03-07,15.9113,15.9113,15.3407,15.3407,9632.0117189518
2003-03-10,15.3709,15.5977,15.1715,15.3407,1464.2939829404
2003-03-11,15.2267,15.2267,15.0588,15.1971,4262.481000433
2003-03-12,15.3407,15.3407,15.0845,15.1971,3015.5219314727
2003-03-13,15.1132,15.5395,15.1132,15.5395,6169.5948706077
2003-03-14,15.6831,15.8524,15.6537,15.823,6806.6578372115
2003-03-17,15.823,15.823,15.3407,15.3407,3080.7224056667
2003-03-18,15.1971,15.6242,15.1971,15.4843,6028.3271765207
2003-03-19,15.5977,15.6537,15.3113,15.5395,3154.072939135
2003-03-20,15.2855,15.4843,15.2267,15.2855,1725.0958797164
2003-03-21,15.2855,15.823,15.2855,15.6242,5987.5768801495
2003-03-24,15.7384,15.7384,15.4843,15.4843,3166.2980280463
2003-03-25,15.3407,15.6242,15.1715,15.3407,7910.9908688725
2003-03-26,15.1132,15.5395,15.1132,15.2267,6756.3991383537
2003-03-27,15.1971,15.5108,15.1132,15.5108,4208.1472719381
2003-03-28,15.3407,15.3407,15.2267,15.2855,19610.40095706
2003-03-31,15.1971,15.5977,15.0588,15.0588,16055.616770274
2003-04-01,15.0845,15.1132,14.9439,15.0588,2856.5957756248
2003-04-02,15.0588,15.1971,14.885,14.9145,1399.0935087463
2003-04-03,15.0588,15.3407,14.9439,15.1971,2791.3953014308
2003-04-04,15.1971,15.3407,15.0588,15.1971,3307.5657221334
2003-04-07,15.396,15.396,15.2561,15.2855,10137.315393955
2003-04-08,15.3709,15.3709,15.1427,15.1971,12048.504293767
2003-04-09,15.3709,15.569,15.3113,15.3113,4826.1934335686
2003-04-10,15.3407,15.396,15.1427,15.2855,5465.9730865974
2003-04-11,15.2561,15.2561,14.7452,14.7717,11934.403463928
2003-04-14,14.7717,14.9145,14.1762,14.1762,15870.882093391
2003-04-15,14.2056,14.2056,14.1209,14.1762,4631.950354199
2003-04-16,14.2056,14.2056,14.0627,14.1209,8800.7056729782
2003-04-17,14.0922,14.3447,14.0922,14.2056,14781.490837065
2003-04-22,14.2321,14.6318,14.2056,14.2608,4157.8885730802
2003-04-23,14.3447,14.8306,14.3447,14.8306,3653.943241289
2003-04-24,14.885,15.0588,14.7717,14.9145,11620.626181869
2003-04-25,14.6318,14.969,14.6318,14.969,1356.9848691628
2003-04-28,14.7165,14.9991,14.6318,14.7165,3682.4684487489
2003-04-29,14.6568,14.6568,14.2056,14.2056,26505.351103076
2003-04-30,14.1762,14.1762,13.8632,14.0325,18118.940109872
2003-05-02,14.0627,14.3447,14.0627,14.2056,12771.14288275
2003-05-05,14.5736,14.5736,14.2056,14.4889,10455.167705651
2003-05-06,14.4889,14.4889,14.1466,14.2608,8463.8365563092
2003-05-07,14.0627,14.3742,13.9199,14.0068,7571.4050657788
2003-05-08,13.9773,14.1762,13.9773,14.0325,1044.5659303164
2003-05-09,14.0068,14.2321,14.0068,14.2056,2599.8689084859
2003-05-12,14.2056,14.2321,14.1209,14.2056,5302.9719011124
2003-05-13,14.1209,14.2056,14.1209,14.1466,12700.509035708
2003-05-14,14.2056,14.4043,14.0922,14.2321,1265.9758739335
2003-05-15,14.2056,14.4588,14.1209,14.2608,5498.5733236943
2003-05-16,14.1466,14.2608,14.1209,14.2056,1476.5190718517
2003-05-19,14.2056,14.2056,14.0627,14.1762,3352.3910481417
2003-05-20,14.1762,14.1762,14.0627,14.1762,1496.8942200373
2003-05-21,14.0627,14.1762,14.0627,14.0922,1644.9536301863
2003-05-22,14.0627,14.3447,14.0627,14.2056,4430.9155587675
2003-05-23,14.3204,14.3447,14.2056,14.2321,1286.3510221192
2003-05-26,14.2321,14.4588,14.2321,14.4588,8764.030406244
2003-05-27,14.4338,14.4889,14.2608,14.4889,3429.8166112471
2003-05-28,14.2321,14.3742,14.2321,14.3447,5840.8758132129
2003-05-29,14.2895,14.6862,14.2895,14.6862,11698.051744974
2003-05-30,14.8004,15.1715,14.7717,14.969,9276.1257973095
2003-06-02,15.3407,15.5977,15.0588,15.2855,51164.713780533
2003-06-03,15.3407,15.3407,15.1715,15.3407,3023.671990747
2003-06-04,15.3113,15.4254,15.3113,15.3407,4979.686216567
2003-06-05,15.3709,15.3709,15.2855,15.3407,2728.9115136616
2003-06-06,15.3113,15.3709,15.1971,15.3407,4377.9401734849
2003-06-09,15.2267,15.3407,15.0845,15.2267,3742.2355500933
2003-06-10,14.969,15.1427,14.9439,14.9439,1746.8293711144
2003-06-11,15.0588,15.2855,14.9439,15.1427,9718.9456845438
2003-06-12,15.1715,15.4843,15.1715,15.4843,10554.326760155
2003-06-13,15.569,15.767,15.4843,15.7384,8067.2003382957
2003-06-16,15.4254,15.7125,15.4254,15.7125,3507.2421743525
2003-06-17,15.767,15.8524,15.6242,15.823,8080.7837704194
2003-06-18,15.9113,16.194,15.8524,16.1351,8359.2441289563
2003-06-20,16.194,16.6195,16.194,16.3074,8007.4332369511
2003-06-23,16.7638,16.8765,16.5356,16.7344,11828.452693362
2003-06-24,16.5356,16.5356,16.2235,16.2492,5108.7288217427
2003-06-25,16.0504,16.1351,15.767,16.0504,9731.1707734551
2003-06-26,16.0504,16.0504,15.9364,15.9658,2087.7735174205
2003-06-27,15.9113,15.9658,15.7971,15.8819,5066.6201821591
2003-06-30,15.7971,15.9952,15.7971,15.8524,3111.9642995513
2003-07-01,15.7971,15.7971,15.6537,15.6831,8999.023781985
2003-07-02,15.6537,15.767,15.6537,15.6537,5911.5096602564
2003-07-03,15.6831,15.8524,15.6537,15.8524,8799.3473297658
2003-07-04,15.9113,16.194,15.767,16.194,8397.2777389028
2003-07-07,16.3074,16.4222,16.194,16.3074,10173.990660689
2003-07-08,16.4222,16.59,16.3368,16.3368,13859.175795863
2003-07-09,16.0799,16.3368,16.0247,16.3074,8486.9283909196
2003-07-10,16.3368,16.7344,16.3368,16.5054,13887.701003323
2003-07-11,16.4222,16.5356,16.4222,16.5356,4320.8897585651
2003-07-14,16.6195,16.8183,16.5613,16.8183,7272.5695590563
2003-07-15,16.8183,17.076,16.7638,16.9876,19460.983203698
2003-07-16,17.0457,17.3881,17.0457,17.2747,9003.0988116221
2003-07-17,17.2453,17.444,17.1591,17.4146,16741.580092523
2003-07-18,17.5861,17.7563,17.5861,17.7563,15616.871912676
2003-07-21,17.9277,18.3246,17.9277,18.181,21082.844999274
2003-07-22,18.181,18.3246,17.8975,18.0971,13379.680641895
2003-07-23,17.7563,17.8975,17.3593,17.6156,57175.382495292
2003-07-24,17.3292,17.6156,17.0457,17.2158,14647.01485904
2003-07-25,17.3292,17.6156,17.1893,17.5861,11229.423336705
2003-07-28,17.2998,17.8136,17.2998,17.8136,14769.265748155
2003-07-29,17.6156,17.8136,17.528,17.7842,41625.069400022
2003-07-30,17.6156,17.7563,17.6156,17.6156,20311.306054644
2003-07-31,17.6156,18.0382,17.6156,17.7563,5554.2653954017
2003-08-01,17.7563,17.9535,17.7563,17.7563,4773.2180482861
2003-08-04,17.7563,17.8975,17.7563,17.7563,13997.726803525
2003-08-05,17.6715,17.9277,17.6715,17.8975,7696.3726413172
2003-08-06,17.7563,17.8975,17.7563,17.8975,6832.4663582467
2003-08-07,17.7563,18.0669,17.7563,18.0669,11188.673040334
2003-08-08,17.7002,18.0382,17.7002,17.9822,3706.9186265716
2003-08-11,17.9535,18.0382,17.6715,17.9535,7351.353465374
2003-08-12,18.0382,18.1515,18.0382,18.1257,11456.266653172
2003-08-13,18.0669,18.181,17.6156,17.8975,35149.84730663
2003-08-14,17.4727,18.0669,17.4727,18.0669,13148.762295791
2003-08-18,17.8975,18.4644,17.8975,18.2398,11461.700026021
2003-08-19,18.181,18.4644,18.181,18.2398,8121.5340667906
2003-08-20,18.3246,18.3246,18.0382,18.3246,5847.6675292748
2003-08-21,18.3246,18.4644,18.181,18.4644,9334.5345554416
2003-08-22,18.6072,18.6662,18.3246,18.3246,18504.709582185
2003-08-25,18.0382,18.3246,17.8975,18.0382,9174.2500563814
2003-08-26,18.0131,18.2951,17.9535,18.2104,9296.5009454952
2003-08-27,18.0382,18.379,18.0382,18.2104,17734.528980769
2003-08-28,18.0131,18.181,17.8689,18.181,11934.403463928
2003-08-29,17.8402,18.3246,17.8402,18.3246,16429.161153677
2003-09-01,17.9277,18.4379,17.9277,18.0131,18007.555966457
2003-09-02,18.181,18.3246,17.6715,18.181,20524.565938987
2003-09-03,17.8136,18.1515,17.7002,18.0669,16374.827425181
2003-09-04,17.2998,17.8689,17.1893,17.1893,17238.733708252
2003-09-05,17.2158,17.4727,17.1893,17.2158,10066.681546912
2003-09-08,17.2453,17.4727,17.2158,17.3881,12639.38359115
2003-09-09,17.3292,17.6156,17.3292,17.4727,8660.7963221036
2003-09-10,17.4146,17.8975,17.4146,17.8975,3886.2199306052
2003-09-11,17.2158,17.8975,17.2158,17.8975,16111.308841981
2003-09-12,18.1257,18.1515,18.0669,18.0971,11171.014578573
2003-09-15,17.8975,18.2656,17.8975,18.0971,11232.14002313
2003-09-16,17.8975,18.3246,17.8975,18.181,10536.668298394
2003-09-17,18.181,18.379,18.0382,18.0382,15259.627647821
2003-09-18,17.9277,18.181,17.9277,18.0669,3212.4816972671
2003-09-19,18.0382,18.181,17.7563,17.7563,17245.525424314
2003-09-22,17.6414,17.726,17.3593,17.6156,2757.4367211214
2003-09-23,17.2747,17.5861,16.8477,17.1893,6450.7719155693
2003-09-24,17.1893,17.444,17.1893,17.3292,4903.6189966741
2003-09-25,17.1312,17.3292,16.8765,17.2998,3230.1401590279
2003-09-26,17.3292,17.3292,17.0163,17.2998,3740.877206881
2003-09-29,17.1312,17.1893,16.9029,16.9029,2201.87434726
2003-09-30,17.0457,17.3292,17.0457,17.3292,33147.649411589
2003-10-01,17.1893,17.3292,17.076,17.2747,5269.013320803
2003-10-02,17.2453,17.5022,17.2453,17.5022,6710.215469133
2003-10-03,17.5022,17.7002,17.5022,17.6414,8639.0628307056
2003-10-06,17.6156,18.0382,17.6156,18.0382,5782.4670550807
2003-10-07,17.7842,18.3246,17.7842,18.2951,11627.417897931
2003-10-08,18.1257,18.3246,18.1257,18.3246,10428.000841404
2003-10-09,18.181,18.379,18.0971,18.3246,12980.327737457
2003-10-10,18.0669,18.3246,18.0669,18.2104,6117.9778285375
2003-10-13,17.9535,18.3246,17.9535,18.2951,10084.340008673
2003-10-14,18.0669,18.2951,18.0669,18.0971,9042.490764781
2003-10-15,18.2951,18.3539,18.1257,18.3539,8720.563423448
2003-10-16,18.1257,18.2951,18.1257,18.1257,7928.6493306334
2003-10-17,18.1515,18.3246,18.1515,18.2656,12829.551640882
2003-10-20,18.181,18.3246,18.1257,18.181,10657.560844295
2003-10-21,18.0669,18.2951,17.8975,17.8975,4868.3020731523
2003-10-22,18.181,18.181,17.6414,17.6414,4743.3344976139
2003-10-23,17.3593,17.8689,17.1893,17.2747,8572.5040132992
2003-10-24,17.1893,17.3292,17.1893,17.2747,1518.6277114354
2003-10-27,17.2158,17.444,17.2158,17.2998,919.59835477794
2003-10-28,17.1893,17.5566,17.0163,17.5566,9599.4114818548
2003-10-29,17.7563,17.7563,17.3292,17.3292,2629.7524591582
2003-10-30,17.1017,17.4727,17.076,17.4727,1628.6535116378
2003-10-31,17.4146,17.6156,17.1591,17.3292,3424.3832383976
2003-11-03,17.076,17.3292,17.0457,17.1017,2750.6450050595
2003-11-04,17.0457,17.3292,17.0457,17.3292,2697.6696197769
2003-11-05,17.3292,17.5022,17.2998,17.2998,7840.357021829
2003-11-06,17.2158,17.5022,17.2158,17.2747,2309.1834610376
2003-11-07,17.2747,17.5022,17.0457,17.5022,6213.0618534037
2003-11-10,17.2158,17.2747,17.0457,17.1017,2286.0916264272
2003-11-12,17.1017,17.3292,16.9611,17.0457,6649.090024576
2003-11-13,16.9876,17.1893,16.7638,16.8477,7460.020922364
2003-11-14,16.8765,17.0457,16.7638,16.9324,2768.3034668204
2003-11-17,16.4767,16.7638,16.4767,16.4767,7184.2772502518
2003-11-18,16.3626,16.4767,15.6831,15.767,6697.9903802216
2003-11-19,15.6831,15.767,15.2855,15.5977,5830.0090675138
2003-11-20,15.3709,15.569,14.969,15.4548,5787.9004279303
2003-11-21,15.2855,16.3368,15.2855,16.2772,5925.0930923802
2003-11-24,16.4222,16.4222,15.4843,15.823,5570.5655139503
2003-11-25,15.823,15.823,15.4254,15.4254,4352.1316524498
2003-11-26,15.4254,15.569,15.3407,15.569,2559.1186121147
2003-11-27,15.3407,15.6242,15.1971,15.3407,3310.2824085581
2003-11-28,15.3407,15.8524,15.1132,15.396,3797.9276218007
2003-12-01,15.1971,15.6242,15.1971,15.6242,4036.9960271788
2003-12-02,15.8524,15.8524,15.5108,15.5108,4763.7096457995
2003-12-03,15.5108,15.6242,15.3709,15.396,3212.4816972671
2003-12-04,15.5977,15.5977,15.3407,15.569,2963.9048894025
2003-12-05,15.3407,15.823,15.3407,15.823,5688.7413734269
2003-12-08,15.4843,16.194,15.3709,16.194,9331.8178690169
2003-12-09,15.9364,16.3368,15.9113,16.2772,9997.4060430807
2003-12-10,16.0504,16.4509,16.0504,16.4509,7537.4464854694
2003-12-11,16.2772,16.7638,16.2772,16.7638,5330.1387653599
2003-12-12,16.5054,16.9324,16.5054,16.8477,9554.5861558464
2003-12-15,16.649,16.8183,16.6195,16.7638,8140.5508717639
2003-12-16,16.7889,16.8765,16.4222,16.59,2095.9235766947
2003-12-17,16.4767,16.6195,16.2772,16.3074,6325.8043400308
2003-12-18,16.2492,16.5613,16.2235,16.4767,11041.971973397
2003-12-19,16.2772,16.8183,16.2772,16.5054,10911.571025009
2003-12-22,16.5356,16.7049,16.2492,16.3368,12608.141697265
2003-12-23,16.4222,16.7049,16.3368,16.4509,8139.1925285516
2003-12-29,16.2772,16.5356,16.2235,16.5356,11869.202989733
2003-12-30,16.3368,16.649,16.3368,16.649,7295.6613936667
2003-12-31,16.7344,16.7638,16.3928,16.3928,6085.3775914404
2004-01-02,16.6195,16.6195,16.3626,16.6195,501.22864536641
2004-01-05,16.5356,17.0457,16.5356,17.0457,3793.8525921636
2004-01-06,17.0457,17.0457,16.7344,16.7344,12430.198736444
2004-01-07,16.7638,16.9876,16.7638,16.9029,7617.5887349995
2004-01-08,17.0457,17.076,16.9029,16.9324,1151.875044094
2004-01-09,17.0457,17.0457,16.7638,17.0457,7555.1049472303
2004-01-12,17.0457,17.2998,16.7889,16.9611,3508.6005175649
2004-01-13,16.8183,17.1893,16.8183,17.1591,4937.5775769835
2004-01-14,16.9324,17.1591,16.9029,17.1591,4485.2492872626
2004-01-15,17.0457,17.0457,16.8477,17.0457,3898.4450195165
2004-01-16,17.1017,17.1017,16.8183,17.0163,5106.012135318
2004-01-19,16.8477,17.2158,16.8477,17.1893,6877.2916842551
2004-01-20,16.9876,17.1017,16.9876,17.0457,11456.266653172
2004-01-21,16.9324,17.1017,16.9324,16.9611,2138.0322162784
2004-01-22,17.0457,17.1017,16.7638,16.7638,9338.6095850787
2004-01-23,16.7889,17.1591,16.7638,17.0457,8941.9733670653
2004-01-26,16.9029,16.9029,16.7889,16.9029,11712.99352031
2004-01-27,16.7889,16.9029,16.7889,16.9029,8302.1937140365
2004-01-28,16.8765,16.8765,16.8765,16.8765,5921.0180627431
2004-01-29,16.5356,17.0457,16.5356,17.0457,5531.1735607914
2004-01-30,16.59,17.3292,16.59,17.0457,9380.7182246624
2004-02-02,16.9324,17.3881,16.9324,17.0457,3912.0284516402
2004-02-03,17.1893,17.4146,17.1893,17.4146,9026.1906462325
2004-02-04,17.3292,17.4727,17.3292,17.4146,6930.2670695377
2004-02-05,17.444,18.2951,17.444,18.2951,28252.18047419
2004-02-06,18.4939,19.1763,18.4644,19.0342,67758.234462907
2004-02-09,19.0342,19.3464,19.0342,19.3464,36159.096313425
2004-02-10,19.3765,19.9456,19.3765,19.9456,70239.927511916
2004-02-11,19.8868,20.3674,19.8868,20.0848,469808.80852097
2004-02-12,19.9161,20.2835,19.9161,20.0001,46243.436322097
2004-02-13,20.0001,20.0302,19.6291,19.6577,45444.730513221
2004-02-16,19.8868,19.8868,19.3168,19.6032,11082.722269768
2004-02-17,19.5444,19.5444,19.0924,19.3765,18046.947919615
2004-02-18,19.3168,19.6291,19.3168,19.5444,139001.97760877
2004-02-19,19.3168,19.6032,19.3168,19.6032,102421.79489951
2004-02-20,19.3168,19.5738,19.3168,19.4052,6450.7719155693
2004-02-23,19.1763,19.3168,19.1188,19.1476,4299.1562671672
2004-02-24,19.0644,19.0644,18.6367,18.8355,9867.0050946927
2004-02-25,18.7508,18.8899,18.6662,18.8899,11511.958724879
2004-02-26,18.7213,19.2912,18.7213,18.9783,4295.0812375301
2004-02-27,18.9783,19.4052,18.7795,19.3168,9684.9871042344
2004-03-01,19.1763,19.7432,19.1763,19.7432,14595.39781697
2004-03-02,19.7432,19.9161,19.2065,19.8868,99263.646930734
2004-03-03,19.8013,20.1694,19.5444,20.1694,50015.555422864
2004-03-04,20.1694,20.2276,19.8868,20.1694,19895.653031658
2004-03-05,20.1429,20.1694,19.8868,20.0848,10540.743328031
2004-03-08,20.1694,20.2276,20.0848,20.0848,15490.545993925
2004-03-09,19.7726,19.9714,19.7726,19.7726,22707.423481274
2004-03-10,19.7432,19.8868,19.3168,19.8868,7367.6535839225
2004-03-11,19.3765,19.8868,19.2912,19.8868,4678.1340234198
2004-03-12,19.6032,19.8868,19.4052,19.8868,11651.868075754
2004-03-15,19.4604,19.9161,19.4604,19.7432,26268.999384122
2004-03-16,19.5186,20.1142,19.5186,20.1142,29056.319655915
2004-03-17,19.9161,20.1694,19.9161,20.1694,18834.786982793
2004-03-18,19.7174,20.1694,19.7174,20.0302,64411.276787614
2004-03-19,19.7432,20.1429,19.4604,20.1429,90885.385996805
2004-03-22,19.6577,20.1694,19.4892,20.0302,17446.560219746
2004-03-23,19.8868,20.0554,19.8868,20.0001,12105.554708686
2004-03-24,19.8868,20.1694,19.8868,20.0302,9299.2176319198
2004-03-25,19.9161,20.0554,19.8868,20.0554,9444.560355644
2004-03-26,20.1694,20.1694,19.8868,20.0001,6674.8985456112
2004-03-29,19.8308,20.2835,19.7174,20.0302,14009.951892437
2004-03-30,19.9161,20.0302,19.7726,20.0302,9276.1257973095
2004-03-31,19.7174,20.0001,19.7174,19.9714,5012.2864536641
2004-04-01,19.8868,20.0001,19.8868,20.0001,3687.9018215983
2004-04-02,19.6872,20.0302,19.6872,20.0001,5213.3212490956
2004-04-05,19.7432,20.1142,19.6291,20.0554,48200.808891131
2004-04-06,19.9161,20.0848,19.9161,20.0554,14949.925395401
2004-04-07,19.7726,20.0302,19.6577,20.0302,18515.576327885
2004-04-08,19.8868,20.0554,19.7726,20.0554,6119.3361717498
2004-04-13,19.8308,20.1694,19.8308,20.0848,47104.625918743
2004-04-14,20.1694,20.1694,19.8868,19.8868,47952.232083266
2004-04-15,19.6032,19.8868,19.6032,19.8868,14038.477099897
2004-04-16,19.6872,20.0302,19.6872,20.0302,5722.6999537362
2004-04-19,19.8868,19.8868,19.7174,19.7174,15199.860546477
2004-04-20,19.6032,19.8868,19.6032,19.8868,4693.075798756
2004-04-21,19.6291,19.9456,19.6291,19.7432,35604.892282776
2004-04-22,19.6291,19.6291,19.3168,19.3168,853.03953737156
2004-04-23,19.1188,19.4604,19.1188,19.3168,3871.278155269
2004-04-26,19.2065,19.9161,19.2065,19.9161,5146.7624316892
2004-04-27,20.0001,20.0001,19.6577,19.8868,4621.0836085
2004-04-28,19.8868,20.0001,19.7174,20.0001,3702.8435969345
2004-04-29,20.1694,20.1694,19.6032,19.9714,8198.9596298961
2004-04-30,19.6291,20.0001,19.6291,20.0001,3546.6341275114
2004-05-04,19.9456,19.9714,19.8868,19.8868,44711.225178538
2004-05-05,19.6577,19.8868,19.6577,19.8868,4752.8429001005
2004-05-06,20.0001,20.0001,19.6032,19.7432,3041.3304525078
2004-05-07,19.5186,19.7174,19.3464,19.5738,3386.3496284511
2004-05-10,19.3765,19.7432,19.0342,19.7432,4470.3075119264
2004-05-11,19.3168,19.3168,19.0048,19.2065,4995.9863351156
2004-05-12,18.9201,19.0342,18.806,19.0342,6256.5288361997
2004-05-13,19.4892,19.4892,18.9201,19.4604,7692.2976116801
2004-05-14,19.0924,19.1188,18.7795,19.1188,17165.383174784
2004-05-17,18.6926,18.9201,18.4092,18.5527,5616.749183171
2004-05-18,18.5226,18.8899,18.5226,18.8355,2624.3190863086
2004-05-19,18.8642,19.2322,18.8642,19.1763,2965.2632326148
2004-05-20,19.1476,19.3168,18.806,19.3168,1437.1271186929
2004-05-21,18.9783,19.5738,18.9201,19.5738,6756.3991383537
2004-05-24,19.5738,19.5738,19.1476,19.5444,2666.4277258923
2004-05-25,19.2065,19.5444,19.0644,19.5444,2120.3737545175
2004-05-26,19.2322,19.5738,19.1763,19.5738,1930.205704785
2004-05-27,19.6032,19.6032,19.3464,19.6032,1719.6625068669
2004-05-28,19.2912,19.431,19.2912,19.431,1930.205704785
2004-05-31,19.1763,19.6032,19.1763,19.6032,1548.5112621076
2004-06-01,19.2322,19.6032,19.2322,19.6032,2752.003348272
2004-06-02,19.4052,19.5738,19.3765,19.5738,1537.6445164087
2004-06-03,19.3168,19.5444,19.2912,19.5444,3292.6239467972
2004-06-04,19.3168,19.4892,18.9496,19.2912,5835.4424403634
2004-06-07,19.0924,19.2322,19.0048,19.2322,1356.9848691628
2004-06-08,19.0048,19.1188,18.8899,19.1188,20728.317420844
2004-06-09,18.8642,18.8642,18.4379,18.4379,8735.5051987842
2004-06-11,18.2656,18.4379,18.181,18.2104,2856.5957756248
2004-06-14,17.9277,18.1515,17.5022,17.7563,17223.791932916
2004-06-15,17.6156,17.8975,17.528,17.8975,2890.5543559342
2004-06-16,17.6414,17.8689,17.5566,17.6156,1458.8606100908
2004-06-17,17.6156,17.7002,17.6156,17.7002,4930.7858609216
2004-06-18,17.8975,18.0131,17.5566,17.8402,3015.5219314727
2004-06-21,17.6414,18.1257,17.6156,17.8402,4474.3825415635
2004-06-22,17.6156,17.7563,17.6156,17.6156,8359.2441289563
2004-06-23,17.4727,17.8402,17.4727,17.726,4716.1676333664
2004-06-24,17.8975,17.9277,17.726,17.7563,6742.8157062299
2004-06-25,17.8975,18.1515,17.8975,18.1515,4128.0050224079
2004-06-28,18.4379,18.4379,18.2104,18.4092,1117.9164637847
2004-06-29,18.3246,18.3246,18.181,18.3246,4661.8339048713
2004-06-30,18.379,18.379,18.181,18.181,2815.8454792536
2004-07-01,18.181,18.4092,17.9277,18.4092,2773.7368396699
2004-07-02,18.2104,18.4644,18.181,18.181,1246.9590689604
2004-07-05,18.181,18.4939,18.181,18.4644,1567.5280670809
2004-07-06,18.4644,18.4644,18.2398,18.4379,418.36970941152
2004-07-07,18.181,18.4379,18.1515,18.4379,4794.9515396841
2004-07-08,18.4379,18.4379,18.2398,18.4379,228.20165967901
2004-07-09,18.2398,18.4379,18.0971,18.4092,2478.9763625846
2004-07-12,18.4379,18.4379,18.1257,18.3246,1162.7417897931
2004-07-13,18.0669,18.2104,18.0669,18.2104,1917.9806158736
2004-07-14,18.1257,18.2656,17.8689,18.2656,2713.9697383254
2004-07-15,18.0131,18.2656,17.9277,18.2656,1438.4854619052
2004-07-16,17.9822,18.1257,17.8402,18.1257,2690.877903715
2004-07-19,17.8689,18.1257,17.7842,18.1257,2446.3761254875
2004-07-20,17.9535,18.0382,17.8975,18.0382,2773.7368396699
2004-07-21,17.9535,18.0382,17.9277,18.0382,1852.7801416797
2004-07-22,17.7002,17.8975,17.7002,17.8136,13990.935087463
2004-07-23,17.7563,17.9822,17.6414,17.8975,2953.0381437035
2004-07-26,17.5566,17.8975,17.5566,17.8689,2929.9463090931
2004-07-27,17.6414,17.8689,17.5861,17.7842,1702.004045106
2004-07-28,17.6715,17.6715,17.6156,17.6156,1356.9848691628
2004-07-29,17.7563,17.7563,17.4727,17.4727,1047.2826167412
2004-07-30,17.3593,17.3593,17.0457,17.0457,1590.6199016912
2004-08-02,17.2747,17.4727,17.0457,17.3881,2205.9493768971
2004-08-03,17.1017,17.3593,17.1017,17.3593,1649.0286598234
2004-08-04,17.1312,17.2998,17.076,17.1017,2189.6492583486
2004-08-05,17.1017,17.4727,17.1017,17.4727,1917.9806158736
2004-08-06,17.2158,17.2747,17.1893,17.1893,582.72923810892
2004-08-09,17.528,17.528,17.076,17.4727,1020.1157524937
2004-08-10,17.5022,17.6156,17.3292,17.4146,5880.2677663718
2004-08-11,17.4146,17.6156,17.1312,17.6156,1799.804756397
2004-08-12,17.1591,17.4727,17.1591,17.4727,2478.9763625846
2004-08-13,17.3292,17.3292,17.1893,17.3292,4464.8741390769
2004-08-16,17.1017,17.7563,17.1017,17.7563,2478.9763625846
2004-08-17,17.8136,17.8136,17.444,17.8136,1685.7039265575
2004-08-18,17.8402,17.8402,17.5861,17.7842,1582.469842417
2004-08-19,17.5861,17.7842,17.5566,17.7842,3940.5536591002
2004-08-20,17.6715,17.8136,17.6715,17.8136,290.68544744827
2004-08-23,17.6715,17.7563,17.528,17.5566,1995.406178979
2004-08-24,17.528,17.6156,17.3292,17.6156,15819.265051321
2004-08-25,17.528,17.726,17.5022,17.5022,2855.2374324124
2004-08-26,17.726,17.726,17.4727,17.726,2768.3034668204
2004-08-27,17.7563,17.7563,17.4146,17.6414,3352.3910481417
2004-08-30,17.4727,17.7563,17.4727,17.7002,1154.5917305188
2004-08-31,17.4727,17.6156,17.3292,17.5861,2713.9697383254
2004-09-01,17.5861,17.6414,17.3881,17.6156,2277.941567153
2004-09-02,17.6156,17.6156,17.2998,17.3881,3257.3070232755
2004-09-03,17.1893,17.6156,17.1893,17.6156,2849.804059563
2004-09-06,17.4146,17.4727,17.2453,17.444,8144.625901401
2004-09-07,17.3292,17.5566,17.1591,17.3292,10391.325574669
2004-09-08,17.2158,17.3292,17.1893,17.3292,3716.4270290583
2004-09-09,17.2453,17.3292,17.1312,17.3292,3508.6005175649
2004-09-10,17.3292,17.3292,17.076,17.1893,3731.3688043944
2004-09-13,17.076,17.2998,17.076,17.2453,2836.2206274392
2004-09-14,17.1312,17.2453,17.0457,17.076,2013.0646407399
2004-09-15,17.2158,17.2453,17.0457,17.2453,5202.4545033966
2004-09-16,17.076,17.3292,17.076,17.3292,3379.5579123892
2004-09-17,17.1312,17.3292,17.076,17.3292,3571.0843053341
2004-09-20,17.3292,17.3881,17.1312,17.1312,3662.0933005633
2004-09-21,17.1893,17.528,17.1312,17.528,10021.856220903
2004-09-22,17.5022,17.5022,17.0457,17.3881,96847.154355919
2004-09-23,17.3593,17.3593,17.1591,17.2453,2332.275295648
2004-09-24,17.2453,17.2998,17.1312,17.2998,5497.214980482
2004-09-27,17.1591,17.2998,17.1591,17.2998,53419.563513075
2004-09-28,17.2453,17.5861,17.2453,17.5861,21593.582047127
2004-09-29,17.6156,17.6156,17.3292,17.528,2045.6648778368
2004-09-30,17.3292,17.4727,17.2747,17.444,3640.3598091652
2004-10-01,17.2158,17.4727,17.1893,17.444,12938.219097873
2004-10-04,17.2747,17.5022,17.2747,17.5022,7579.555125053
2004-10-05,17.528,17.726,17.3292,17.726,32295.96821743
2004-10-06,17.5566,17.7002,17.444,17.7002,3872.6364984813
2004-10-07,17.444,17.5861,17.3593,17.444,11691.260028912
2004-10-08,17.2453,17.3881,17.1893,17.3292,3307.5657221334
2004-10-11,17.1312,17.2998,17.076,17.2998,5131.8206563531
2004-10-12,17.1017,17.3292,17.1017,17.1312,124966.21719529
2004-10-13,17.076,17.076,16.8183,16.9029,74479.316677739
2004-10-14,16.6747,16.9029,16.6195,16.9029,6170.95321382
2004-10-15,16.7638,17.0163,16.7638,16.9029,9444.560355644
2004-10-18,16.6195,16.9029,16.4767,16.7638,25937.563640302
2004-10-19,16.9029,16.9029,16.5356,16.6195,144823.83661701
2004-10-20,16.5054,16.8477,16.4767,16.8477,1784.8629810608
2004-10-21,16.5613,16.6747,16.3928,16.6747,8503.228509468
2004-10-22,16.4767,16.7638,16.4767,16.7638,9167.4583403195
2004-10-25,16.4222,16.6195,16.4222,16.4767,3886.2199306052
2004-10-26,16.5356,16.7049,16.5356,16.7049,5381.7558074302
2004-10-27,16.9029,17.0457,16.7049,17.0457,51557.274968909
2004-10-28,17.528,17.528,16.9876,17.2998,4904.9773398865
2004-10-29,17.3292,17.444,17.3292,17.444,6314.9375943318
2004-11-02,17.4727,17.9535,17.4727,17.8689,32104.441824486
2004-11-03,18.0382,18.0382,17.6414,17.8975,7417.9122827804
2004-11-04,17.7002,18.0382,17.5861,17.8975,2813.1287928288
2004-11-05,17.6156,17.8689,17.6156,17.7842,4545.016388607
2004-11-08,17.3881,17.6156,17.3593,17.4727,2685.4445308656
2004-11-09,17.4727,17.4727,17.2158,17.4727,8902.5814139064
2004-11-10,17.4727,17.6156,17.1591,17.1591,38712.78155269
2004-11-12,17.1591,17.7842,17.1591,17.1893,60794.00881306
2004-11-15,17.1312,17.2747,16.9324,17.0457,12585.049862655
2004-11-16,17.0457,17.2747,16.8477,17.2747,5707.7581784001
2004-11-17,16.9029,17.2998,16.9029,17.2998,2860.6708052619
2004-11-18,17.1312,17.3292,17.076,17.2453,7648.8306288841
2004-11-19,17.2453,17.2453,17.076,17.2453,9835.7632008081
2004-11-22,17.1591,17.2747,17.0457,17.2747,2500.7098539825
2004-11-23,17.076,17.076,16.9324,16.9324,11583.950915135
2004-11-24,16.9324,17.076,16.9324,17.0457,7555.1049472303
2004-11-25,16.9324,16.9324,16.6195,16.7638,9251.6756194867
2004-11-26,16.6747,17.0163,16.6195,16.649,10972.696469566
2004-11-29,16.9324,16.9324,16.5054,16.7638,8060.4086222338
2004-11-30,16.5613,17.076,16.5356,17.076,19054.838583198
2004-12-01,16.9029,17.0163,16.7049,16.9876,1999.4812086162
2004-12-02,16.9876,17.2998,16.9876,17.2998,16234.918074307
2004-12-03,17.076,17.3593,17.076,17.3593,12254.972462048
2004-12-06,17.3593,17.3593,17.1312,17.3292,3963.6454937106
2004-12-07,17.3292,17.3292,17.0163,17.0457,18980.129706518
2004-12-08,17.0457,17.2998,16.9029,17.2998,7665.1307474326
2004-12-09,17.0457,17.2998,16.9876,17.2998,8588.8041318477
2004-12-10,17.076,17.2998,17.0457,17.2998,14528.838999564
2004-12-13,17.076,17.2747,17.076,17.2747,10547.535044093
2004-12-14,17.1017,17.2158,16.59,17.1312,11935.76180714
2004-12-15,16.9324,17.2998,16.9324,17.2998,8151.4176174629
2004-12-16,17.076,17.3292,17.076,17.2998,13345.722061585
2004-12-17,17.1591,17.2747,17.1017,17.2747,11602.967720108
2004-12-20,17.1312,17.2998,17.1312,17.2998,5745.7917883466
2004-12-21,17.1312,17.8136,17.1312,17.726,63346.335709112
2004-12-22,17.726,17.7842,17.6156,17.726,10149.540482867
2004-12-23,17.6156,17.6414,17.4727,17.6414,3715.0686858458
2004-12-24,17.3881,17.7563,17.3593,17.7563,1545.7945756829
2004-12-27,17.726,17.7842,17.4727,17.5566,9315.5177504684
2004-12-28,17.7842,17.7842,17.444,17.7563,4205.4305855133
2004-12-29,17.8975,18.181,17.7002,18.181,16245.784820007
2004-12-30,17.8975,18.181,17.8975,18.181,3969.07886656
2004-12-31,18.181,18.2398,17.9535,18.2104,4166.0386323544
2005-01-03,18.0131,18.3246,17.9535,18.1257,5539.3236200657
2005-01-04,18.1257,18.1257,17.7842,18.0971,3145.9228798607
2005-01-05,17.8975,17.8975,17.6156,17.8975,4523.2828972091
2005-01-06,17.6414,17.8402,17.6156,17.8402,5110.0871649551
2005-01-07,17.6156,17.7563,17.3593,17.7563,10766.228301285
2005-01-10,17.5022,17.7563,17.4146,17.7563,3526.2589793257
2005-01-11,17.528,17.7563,17.5022,17.7563,2697.6696197769
2005-01-12,17.5566,17.5566,17.3881,17.4146,5748.5084747714
2005-01-13,17.4146,17.8402,17.4146,17.7563,7828.1319329177
2005-01-14,17.8136,17.8975,17.5022,17.8975,5710.4748648249
2005-01-17,17.5861,17.8689,17.5861,17.8402,3026.3886771718
2005-01-18,17.7563,17.7563,17.6156,17.7563,1026.9074685556
2005-01-19,17.528,17.528,17.4146,17.528,13429.939340753
2005-01-20,17.6156,17.6156,17.2158,17.2158,5573.282200375
2005-01-21,17.2158,17.4727,16.8477,17.4727,4915.8440855854
2005-01-24,17.1893,17.4146,17.1591,17.1893,4823.476747144
2005-01-25,17.3292,17.3292,17.0457,17.0457,7335.0533468255
2005-01-26,17.0457,17.7563,16.7638,17.7563,14685.048468987
2005-01-27,17.5861,17.6156,17.3292,17.3292,4501.549405811
2005-01-28,17.3292,17.3292,17.1893,17.1893,6342.1044585794
2005-01-31,17.1893,17.2998,17.0457,17.076,3840.0362613844
2005-02-01,17.2998,17.3292,16.9324,17.3292,3484.1503397421
2005-02-02,17.3292,17.5566,17.2158,17.5566,3166.2980280463
2005-02-03,17.3292,17.6414,17.3292,17.6414,6938.417128812
2005-02-04,17.3881,17.6414,17.3593,17.6414,2988.3550672252
2005-02-07,17.444,17.7002,17.4146,17.4727,22824.240997539
2005-02-08,17.3593,17.3881,16.7638,16.9029,47869.373147311
2005-02-09,17.2747,17.2747,16.9029,16.9876,7928.6493306334
2005-02-10,17.2158,17.2158,16.9876,17.2158,8853.6810582608
2005-02-11,17.2453,17.2998,16.9876,17.2998,12348.698143702
2005-02-14,17.2453,17.2747,17.0457,17.2453,3977.2289258343
2005-02-15,17.2453,17.2453,17.0163,17.2158,4190.4888101771
2005-02-16,17.0457,17.3292,17.0163,17.3292,17464.218681507
2005-02-17,17.2747,17.2998,17.0457,17.2998,14833.107879136
2005-02-18,17.2158,17.2998,17.1893,17.2998,5539.3236200657
2005-02-21,17.1591,17.3881,17.1591,17.3881,7188.3522798889
2005-02-22,17.2158,17.5861,17.2158,17.5861,10066.681546912
2005-02-23,17.3593,17.5861,17.3292,17.3593,6890.8751163789
2005-02-24,17.3292,17.5861,17.2453,17.5861,2779.1702125195
2005-02-25,17.6156,18.1515,17.6156,18.1515,39357.994578568
2005-02-28,17.9277,18.181,17.7842,18.181,22964.150348413
2005-03-01,17.8975,18.2398,17.8136,18.0669,10356.008651148
2005-03-02,18.1515,18.2951,18.0669,18.2656,14076.510709843
2005-03-03,18.181,18.3246,18.181,18.3246,22162.727853112
2005-03-04,18.0971,18.2656,18.0131,18.0382,5421.147760589
2005-03-07,18.3246,18.5226,18.181,18.4644,37562.264851808
2005-03-08,18.7213,18.7508,18.4644,18.6072,41736.453543437
2005-03-09,18.6072,18.7213,18.5527,18.6072,6700.7070666464
2005-03-10,18.4644,18.6072,18.4644,18.6072,50656.693419104
2005-03-11,18.6072,18.6367,18.4644,18.4644,5222.8296515822
2005-03-14,18.3246,18.4644,18.2398,18.4644,8610.5376232458
2005-03-15,18.4644,18.6926,18.181,18.6926,8732.7885123595
2005-03-16,18.181,18.3246,18.1257,18.3246,12955.877559634
2005-03-17,19.9456,20.1982,19.5444,19.6032,120748.56152087
2005-03-18,19.8308,19.8308,19.3168,19.431,30187.819551824
2005-03-21,19.431,19.6032,19.0048,19.0048,15088.476403062
2005-03-22,19.0924,19.3168,19.0048,19.3168,79491.603131403
2005-03-23,19.2912,19.4604,19.1763,19.4604,11933.045120716
2005-03-24,19.4052,19.5444,19.3765,19.431,7648.8306288841
2005-03-29,19.4604,19.4604,19.3464,19.4604,1388.2267630474
2005-03-30,19.3765,19.4604,19.3168,19.4052,4966.1027844433
2005-03-31,19.6032,19.6032,19.3765,19.6032,15440.287295068
2005-04-01,19.6032,19.6291,19.4892,19.6291,5714.549894462
2005-04-04,19.6032,19.6032,19.3765,19.4604,20860.076712444
2005-04-05,19.6032,19.6032,19.4052,19.4604,6423.6050513218
2005-04-06,19.6872,19.7174,19.3464,19.6032,4758.2762729499
2005-04-07,19.6032,19.6032,19.431,19.6032,52377.714269183
2005-04-11,19.4604,19.4604,19.3765,19.4052,7028.0677808288
2005-04-12,19.5738,19.5738,19.4052,19.431,13717.908101776
2005-04-13,19.431,19.4604,19.4052,19.431,3850.9030070834
2005-04-14,19.4604,19.4604,19.431,19.4604,4398.3153216706
2005-04-15,19.431,19.431,19.431,19.431,1956.0142258202
2005-04-18,19.3765,19.431,19.3765,19.4052,2189.6492583486
2005-04-19,19.3464,19.5444,19.3464,19.3765,8094.3672025431
2005-04-20,19.431,19.431,19.2912,19.2912,15834.206826657
2005-04-21,19.2617,19.2617,19.1188,19.1763,13810.275440217
2005-04-22,19.1763,19.4052,19.1763,19.2912,16090.933693796
2005-04-25,19.3168,19.3464,19.0342,19.0342,11393.782865402
2005-04-26,19.0342,19.1188,18.7795,18.8899,5796.0504872045
2005-04-27,18.806,19.0048,18.5226,19.0048,8519.5286280165
2005-04-28,19.2912,19.3168,18.8899,19.0342,15960.532745407
2005-04-29,19.3464,19.3464,18.8899,18.9496,25756.903993056
2005-05-02,19.0342,19.1763,19.0342,19.1188,3459.7001619194
2005-05-04,19.0048,19.2617,19.0048,19.1763,2879.6876102352
2005-05-05,19.0342,19.1763,19.0048,19.0048,4661.8339048713
2005-05-06,19.0342,19.0644,18.8899,19.0644,2791.3953014308
2005-05-09,19.0644,19.1763,19.0342,19.0644,2886.4793262971
2005-05-10,19.2912,19.3464,19.0342,19.3168,22787.565730805
2005-05-11,19.1763,19.4604,19.0048,19.2322,11719.785236373
2005-05-12,19.2912,19.4052,19.2912,19.2912,3928.3285701888
2005-05-13,19.1763,19.3168,19.0342,19.0924,5106.012135318
2005-05-16,19.1763,19.2912,19.1188,19.2912,2313.2584906747
2005-05-17,19.2322,19.3765,19.2322,19.3464,7110.9267167836
2005-05-18,19.4604,19.6032,19.3168,19.4604,4642.8170998981
2005-05-19,19.3464,19.6291,19.2617,19.6291,9326.3844961674
2005-05-20,19.6291,19.6291,19.4604,19.4892,6746.8907358671
2005-05-23,19.5444,19.6577,19.5444,19.6577,6429.0384241714
2005-05-24,19.6291,19.8868,19.6291,19.8565,12261.76417811
2005-05-25,19.8868,19.8868,19.6577,19.8013,16105.875469131
2005-05-27,19.8013,19.8868,19.6032,19.7432,17928.772060139
2005-05-30,19.7726,19.8565,19.5738,19.6032,22703.348451638
2005-05-31,19.6032,19.6032,19.5186,19.6032,8438.0280352741
2005-06-01,19.6032,19.6032,19.4604,19.4604,8971.8569177375
2005-06-02,19.4604,19.6032,19.431,19.6032,14384.854619052
2005-06-03,19.6032,19.6032,19.5444,19.6032,22251.020161917
2005-06-06,19.6291,20.1694,19.4892,20.1694,27187.239395688
2005-06-07,20.2577,20.9674,20.2577,20.3977,172108.87672398
2005-06-08,20.7687,20.8231,20.1982,20.2276,144645.89365619
2005-06-09,20.1694,20.6841,20.0848,20.6841,92103.819858306
2005-06-10,20.7098,20.9078,20.5691,20.6841,57895.304397851
2005-06-13,20.7393,20.8821,20.7098,20.7393,46248.869694947
2005-06-14,20.7393,20.7393,20.3123,20.3123,42766.077698417
2005-06-15,20.4264,20.5691,20.3417,20.5691,7374.4452999844
2005-06-16,20.5103,20.5691,20.4264,20.5691,27418.157741791
2005-06-17,20.7098,20.9674,20.7098,20.8231,89142.631655328
2005-06-20,20.938,21.647,20.9078,21.393,176284.42375883
2005-06-21,21.7604,22.3302,21.5917,22.16,308600.63607628
2005-06-22,22.6982,22.6982,21.789,21.8745,256354.6810987
2005-06-23,21.9886,22.0179,21.8745,21.9333,73088.373228266
2005-06-24,21.9333,21.9333,21.7604,21.8185,56483.985800194
2005-06-27,21.8745,21.9032,21.5322,21.647,71950.081616297
2005-06-28,21.647,21.8185,21.647,21.7059,66234.173378621
2005-06-29,21.789,22.1027,21.7346,21.9592,78487.787497457
2005-06-30,22.16,22.16,21.647,21.647,79892.314379054
2005-07-01,21.789,21.789,21.5917,21.6763,84892.375743806
2005-07-04,21.7604,21.8745,21.7059,21.7059,70415.153786313
2005-07-05,21.7346,21.7346,21.2199,21.2796,240433.54030646
2005-07-06,21.2494,21.2796,20.3123,20.7687,164417.93745552
2005-07-07,20.7393,20.8231,20.5957,20.7952,97694.760520442
2005-07-08,20.938,21.4482,20.938,21.0808,252954.74803812
2005-07-11,21.3083,21.4482,21.136,21.1647,132960.06700013
2005-07-12,21.2796,21.2796,21.136,21.1647,98057.438158146
2005-07-13,21.2199,21.2494,21.1647,21.2199,146168.59639726
2005-07-14,21.2199,21.4776,21.2199,21.4482,173389.79437326
2005-07-15,21.5917,21.5917,20.7687,21.393,4611624.1063691
2005-07-18,21.6763,21.7604,21.5322,21.5322,309249.9241318
2005-07-19,21.5917,21.6212,21.393,21.5917,269033.45664301
2005-07-20,21.6212,21.6763,21.4482,21.5322,500015.64487776
2005-07-21,21.6684,21.9076,20.9255,20.9255,151779.91220758
2005-07-22,20.9255,20.9255,19.6769,19.9161,199160.28179844
2005-07-25,20.3535,20.5882,19.9486,20.5559,87952.723001287
2005-07-26,20.6206,20.6913,20.419,20.5559,83055.895720675
2005-07-27,20.4889,20.4889,20.081,20.2504,50523.575784291
2005-07-28,20.2172,20.2504,19.9486,20.0472,49473.576481125
2005-07-29,20.081,20.1848,19.5783,19.7468,34125.656524499
2005-08-01,19.7468,19.7468,19.3058,19.4745,44989.685537075
2005-08-02,19.4421,19.4421,18.8355,19.2396,122684.2005985
2005-08-03,19.339,19.5783,19.339,19.5444,36710.583657649
2005-08-04,19.5076,20.0472,19.5076,20.0155,19410.72450484
2005-08-05,20.1848,20.522,19.8463,20.2872,76203.054214243
2005-08-08,20.419,20.6913,20.2504,20.6913,47509.412196031
2005-08-09,20.7237,20.8924,20.6913,20.86,46732.439878553
2005-08-10,20.86,21.2309,20.7576,21.0617,77918.641691472
2005-08-11,21.094,21.1978,20.4558,20.522,29599.656940865
2005-08-12,20.522,21.1978,20.522,20.8275,32067.766557751
2005-08-16,20.6913,20.9925,20.3203,20.522,39159.676469562
2005-08-17,20.4889,20.6913,20.4889,20.5559,36320.739155698
2005-08-18,20.5559,20.5559,20.081,20.1179,82344.123877391
2005-08-19,20.0472,20.2504,20.0155,20.0472,11771.402278443
2005-08-22,20.081,20.2504,20.0472,20.1179,20959.235766947
2005-08-23,20.1179,20.2172,19.78,20.1179,35951.269801931
2005-08-24,19.8463,20.151,19.8463,20.1179,6606.9813849925
2005-08-25,20.1179,20.1179,20.0155,20.081,25232.58351308
2005-08-26,19.9486,20.0472,19.7468,19.9817,5421.147760589
2005-08-29,20.0472,20.0472,19.6769,19.9161,5882.9844527965
2005-08-30,19.8463,19.8779,19.71,19.7468,38673.389599532
2005-08-31,19.7468,19.7468,19.4082,19.5444,48848.738603433
2005-09-01,19.2065,20.2504,19.2065,20.2504,162880.29293911
2005-09-02,20.2172,20.2172,19.5783,19.8463,19186.597874798
2005-09-05,19.5783,20.0155,19.5783,19.8463,28477.665447444
2005-09-06,19.5783,19.8463,19.5783,19.78,7529.2964261951
2005-09-07,19.6769,19.8138,19.6769,19.7468,11836.602752637
2005-09-08,19.8138,19.8138,19.7468,19.8138,9971.5975220455
2005-09-09,19.8463,19.9817,19.8463,19.9486,14497.59710568
2005-09-12,20.0155,20.0155,19.8138,19.8779,9168.8166835318
2005-09-13,19.8779,19.8779,19.5783,19.8138,12352.773173339
2005-09-14,19.8138,19.8463,19.8138,19.8138,25781.35417088
2005-09-15,19.8138,19.8779,19.8138,19.8463,27291.83182304
2005-09-16,19.8138,19.8779,19.7468,19.8138,31063.950923806
2005-09-19,19.8138,19.8779,19.7468,19.78,57282.69160907
2005-09-20,19.8138,19.8138,19.6769,19.6769,48117.949955175
2005-09-21,19.6769,19.71,19.5783,19.6445,28417.898346099
2005-09-22,19.6107,19.6445,19.5076,19.5076,40690.529269908
2005-09-23,19.5076,19.6107,19.4082,19.5076,30809.940743091
2005-09-26,19.5076,19.5076,19.2396,19.3765,24868.547532164
2005-09-27,19.3765,19.8779,19.3058,19.7468,70920.457461315
2005-09-28,19.78,19.8779,19.4082,19.4745,38612.264154975
2005-09-29,19.5783,19.5783,19.4082,19.4082,16271.593341042
2005-09-30,19.4421,19.5783,19.4421,19.5076,24060.333320801
2005-10-03,19.4082,19.5076,19.3058,19.4082,77986.558852091
2005-10-04,19.3765,19.5783,19.339,19.4082,143078.36558911
2005-10-05,19.4082,19.5783,19.4082,19.5076,13708.399699289
2005-10-06,19.5783,19.6107,19.4745,19.4745,27780.835379495
2005-10-07,19.4082,19.5076,19.339,19.3765,17011.890391786
2005-10-10,19.5783,19.5783,19.2396,19.4082,3241.006904727
2005-10-11,19.3765,19.3765,19.2065,19.2065,15250.119245335
2005-10-12,19.339,19.3765,19.1689,19.2396,9130.7830735854
2005-10-13,19.3058,19.339,19.0711,19.3058,23879.673673554
2005-10-14,19.0711,19.2396,19.0711,19.2396,26766.152999851
2005-10-17,19.138,19.4082,19.0711,19.339,13814.350469855
2005-10-18,19.4421,19.78,19.4421,19.7468,41826.104195454
2005-10-19,19.5444,19.7468,19.4421,19.5783,51807.210119986
2005-10-20,19.6107,19.7468,19.4745,19.7468,64773.954425319
2005-10-21,19.6445,19.8779,19.5076,19.8779,17392.226491251
2005-10-24,19.8138,19.8138,19.6769,19.71,12981.686080669
2005-10-25,19.8138,19.8138,19.6769,19.8138,7097.3432846598
2005-10-26,19.71,19.78,19.6107,19.6445,40838.588680058
2005-10-27,19.5783,19.6769,19.4082,19.6445,36801.592652878
2005-10-28,19.4745,19.6769,19.4745,19.6445,22404.512944915
2005-10-31,19.4745,19.9161,19.4745,19.8463,23958.457579871
2005-11-02,19.8463,20.151,19.8463,20.151,20202.638597654
2005-11-03,20.2504,20.7237,20.151,20.5559,44883.73476651
2005-11-04,20.5882,20.6206,20.3535,20.5559,35600.817253139
2005-11-07,20.4889,20.5559,20.2172,20.3203,17380.001402339
2005-11-08,20.2504,20.3535,20.081,20.1179,227815.8902067
2005-11-09,20.081,20.3535,20.081,20.3203,14325.087517708
2005-11-10,20.3535,20.419,20.3203,20.3535,20600.633158881
2005-11-14,20.419,20.419,20.2872,20.3866,40164.850446719
2005-11-15,20.4889,20.7576,20.4558,20.7576,53104.427887804
2005-11-16,20.8275,20.9255,20.522,20.6913,19375.407581318
2005-11-17,20.8924,21.094,20.6206,21.094,58723.8937574
2005-11-18,21.1619,21.2649,21.094,21.1978,43037.746340893
2005-11-21,21.1978,21.1978,20.86,20.8924,6577.0978343202
2005-11-22,20.86,20.9255,20.86,20.8924,34852.37014312
2005-11-23,20.86,20.8924,20.86,20.8924,14830.391192712
2005-11-24,20.9255,20.9255,20.86,20.8924,19868.48616741
2005-11-25,20.8924,20.9255,20.8924,20.8924,17032.265539971
2005-11-28,20.7576,20.8924,20.7576,20.8924,14785.565866703
2005-11-29,20.8924,20.9593,20.7893,20.86,42139.881477513
2005-11-30,20.9255,20.9255,20.6913,20.7893,19122.755743817
2005-12-01,20.7893,21.3304,20.7893,21.3304,71090.250362863
2005-12-02,21.3304,21.6684,21.3304,21.602,105157.49812923
2005-12-05,21.6684,21.7015,21.4658,21.5322,29280.446285958
2005-12-06,21.5322,21.5322,21.1978,21.5322,21138.537070981
2005-12-07,21.5322,21.5322,21.1978,21.499,5869.4010206727
2005-12-08,21.2649,21.5322,21.2649,21.5322,9136.2164464349
2005-12-09,21.4342,21.7015,21.4342,21.7015,29073.978117676
2005-12-12,21.7015,21.7706,21.3304,21.7706,23549.596272946
2005-12-13,21.8046,21.8046,21.602,21.6684,52533.923738607
2005-12-14,21.5322,21.7706,21.4003,21.7706,10979.488185628
2005-12-15,21.602,21.7706,21.5322,21.7015,24880.772621074
2005-12-16,21.499,21.739,21.4658,21.739,32407.352360845
2005-12-19,21.499,21.636,21.4342,21.602,24660.72102067
2005-12-20,21.602,21.9399,21.5697,21.9399,94892.498473311
2005-12-21,21.8708,22.5474,21.8708,22.5474,67934.819080516
2005-12-22,22.4803,22.7159,22.4443,22.6136,88053.240399003
2005-12-23,22.6828,22.6828,22.3449,22.6136,18254.774431109
2005-12-27,22.5474,22.7821,22.4443,22.7821,65474.859522905
2005-12-28,22.6136,22.6136,22.2787,22.4803,25261.10872054
2005-12-29,22.0069,22.3787,22.0069,22.2787,23587.629882893
2005-12-30,22.4443,22.6136,22.3111,22.4443,38779.340370096
2006-01-02,22.2787,22.6497,21.9399,22.6136,86004.858834741
2006-01-03,22.6828,23.1201,22.6497,22.9846,54599.96376463
2006-01-04,23.2894,23.7966,23.2894,23.6597,213848.04695385
2006-01-05,23.6597,23.7966,23.458,23.6273,42168.406684973
2006-01-06,23.4911,23.829,23.458,23.829,38792.923802221
2006-01-09,23.7966,23.829,22.8183,23.5949,92084.803053332
2006-01-10,23.458,23.6273,23.2894,23.5949,53829.783163212
2006-01-11,23.6273,23.829,23.6273,23.7966,39622.871504981
2006-01-12,23.6597,23.8946,23.6597,23.829,94690.105334668
2006-01-13,23.7966,23.8615,23.5603,23.7628,25705.286950986
2006-01-16,23.6273,23.9652,23.5603,23.9652,52427.972968042
2006-01-17,24.0307,24.0307,23.7297,23.829,86776.397779371
2006-01-18,23.8946,23.8946,23.3924,23.6273,24048.108231889
2006-01-19,23.458,23.9652,23.458,23.9652,54771.115009389
2006-01-20,23.9652,23.9652,23.458,23.9652,72652.345057094
2006-01-23,23.6273,23.7966,23.4911,23.5603,4971.5361572928
2006-01-24,23.5603,23.6273,23.5235,23.6273,16453.611331499
2006-01-25,23.6273,23.8946,23.6273,23.7966,136270.34940868
2006-01-26,23.6928,23.9652,23.6928,23.8946,81072.714630607
2006-01-27,23.9991,24.0646,23.9313,23.9991,200388.22406242
2006-01-30,24.0646,24.1007,23.6597,23.7628,14819.524447012
2006-01-31,23.7966,23.8946,23.6928,23.7628,56632.045210342
2006-02-01,23.6597,23.829,23.458,23.7628,26210.59062599
2006-02-02,23.6928,23.8946,23.5949,23.8946,15857.298661267
2006-02-03,23.9652,24.4356,23.8946,23.8946,56948.539178826
2006-02-06,24.0307,24.7072,23.8946,24.6741,50922.92868873
2006-02-07,24.8067,25.1115,24.7396,25.0783,82183.83937833
2006-02-08,25.0452,25.3124,24.8434,25.3124,92190.753823897
2006-02-09,25.3124,25.3124,24.7735,25.2801,23572.688107558
2006-02-10,25.3124,25.3124,25.0452,25.0452,57811.087118684
2006-02-13,24.7396,25.0452,24.6042,24.6741,72061.465759711
2006-02-14,24.641,25.0128,24.641,24.8067,63820.397490232
2006-02-15,24.9421,24.9421,24.4725,24.4725,11346.24085297
2006-02-16,24.4725,24.8752,24.4725,24.641,10002.83941593
2006-02-17,24.641,24.976,24.641,24.9097,77786.882399872
2006-02-20,24.7072,24.976,24.7072,24.8067,1935.6390776346
2006-02-21,24.8067,24.976,24.6741,24.6741,16707.621512213
2006-02-22,24.8067,24.9097,24.6741,24.9097,13686.666207892
2006-02-23,24.976,24.976,24.7735,24.7735,5368.1723753063
2006-02-24,24.6741,24.9421,24.6741,24.7396,10165.840601415
2006-02-27,24.6042,24.8434,24.6042,24.7396,30037.04345525
2006-02-28,24.7396,25.0128,24.7396,24.9097,40103.725002162
2006-03-01,24.4725,24.6741,24.3031,24.6741,55602.421055362
2006-03-02,24.7396,25.0128,24.7396,24.976,60534.565259496
2006-03-03,24.976,24.976,24.8752,24.976,238571.25176229
2006-03-06,24.8434,24.8434,24.641,24.8434,6620.5648171162
2006-03-07,24.8434,24.9097,24.5704,24.8067,55788.514075457
2006-03-08,24.641,24.8434,24.2,24.27,39523.712450478
2006-03-09,23.9313,24.1338,23.7628,23.9652,19287.115272514
2006-03-10,23.829,24.0646,23.829,23.8615,30509.746893157
2006-03-13,23.4911,23.6273,23.3217,23.6273,38788.848772583
2006-03-14,23.458,23.458,23.1525,23.3593,53147.8948706
2006-03-15,23.458,23.7966,23.458,23.6273,13144.687266153
2006-03-16,23.7297,24.641,23.7297,24.4356,84600.331953145
2006-03-17,24.641,25.0452,24.4356,24.4725,342240.00573076
2006-03-20,24.641,24.641,24.2332,24.3031,21725.341338728
2006-03-21,24.2332,24.4025,24.1338,24.1338,70545.5547347
2006-03-22,24.3694,24.4725,24.0307,24.2332,115494.48997541
2006-03-23,24.4725,24.7072,24.4025,24.7072,34644.543631626
2006-03-24,24.8067,24.9097,24.337,24.8067,209453.80666182
2006-03-27,24.641,24.7396,24.4356,24.7396,32626.045618037
2006-03-28,24.7396,24.7396,24.4725,24.4725,19918.744866269
2006-03-29,24.538,24.538,24.3031,24.3031,40336.001691479
2006-03-30,24.641,24.641,24.1338,24.4356,41315.367147601
2006-03-31,24.3031,24.4725,24.1684,24.4725,68195.620977291
2006-04-03,24.2332,24.4356,24.2,24.3031,46118.468746559
2006-04-04,24.3031,24.4725,24.3031,24.3031,88021.998505119
2006-04-05,24.3031,24.5049,24.3031,24.3694,10877.6124447
2006-04-06,24.3694,24.5049,24.3031,24.4725,317662.14364604
2006-04-07,24.5049,24.7396,24.4725,24.7072,119733.87914122
2006-04-10,24.7735,24.8067,24.7072,24.8067,177175.49690615
2006-04-11,24.8067,24.8067,24.641,24.8067,69385.529631333
2006-04-12,24.7735,24.7735,24.4725,24.7072,7735.7645944761
2006-04-13,24.641,24.7735,24.5049,24.7072,86917.665473457
2006-04-18,24.8067,24.8067,24.641,24.8067,28595.84130692
2006-04-19,24.7735,24.7735,24.5704,24.641,173167.02608643
2006-04-20,24.641,24.7072,24.5049,24.641,158961.47277141
2006-04-21,24.7072,24.7396,24.5049,24.641,243189.61868436
2006-04-24,24.7072,24.7396,24.4725,24.6741,58393.816356792
2006-04-25,24.641,24.7396,24.4725,24.4725,39800.814465802
2006-04-26,24.641,24.7072,24.3694,24.4725,91881.051571476
2006-04-27,24.641,24.641,23.9313,24.3031,399968.23391348
2006-04-28,24.538,24.538,23.9991,24.3031,43555.275104808
2006-05-02,24.3031,24.3694,24.27,24.3031,108791.06622233
2006-05-04,24.3031,24.3031,24.0307,24.1338,21582.715301428
2006-05-05,24.0646,24.3031,23.9652,24.2,221731.87095847
2006-05-08,24.3031,24.4725,23.9991,24.2332,150099.64165387
2006-05-09,24.1338,24.3031,24.1338,24.1338,45266.7875524
2006-05-10,24.0307,24.0307,23.4911,23.7966,82801.885539961
2006-05-11,24.3031,24.3031,23.9652,24.0307,38403.079300268
2006-05-12,24.2,24.27,23.9652,24.0307,18052.381292465
2006-05-15,23.9313,23.9313,23.4911,23.5235,40258.576128373
2006-05-16,23.5235,23.5603,23.1525,23.2894,70506.162781541
2006-05-17,23.2894,23.3217,22.9508,22.9846,306981.49096713
2006-05-18,22.9846,22.9846,22.749,22.9508,266653.63933492
2006-05-19,23.1201,23.1201,22.9176,22.9508,197043.98307355
2006-05-22,23.2232,23.2232,22.8845,22.9508,83055.895720675
2006-05-23,22.8845,22.9508,21.9399,22.8521,199266.232569
2006-05-24,22.7821,22.9508,22.4443,22.5798,319245.97183167
2006-05-25,22.4443,22.6136,22.4443,22.6136,110808.20589271
2006-05-26,22.9508,22.9508,22.4443,22.7821,24198.884328462
2006-05-29,22.9176,22.9508,22.6497,22.7821,9968.8808356209
2006-05-30,22.6136,22.7821,22.2787,22.2787,403531.16815955
2006-05-31,21.9738,22.5474,21.9399,22.2787,72536.885884043
2006-06-01,22.3787,22.6828,22.3787,22.6828,23055.159343642
2006-06-02,22.7159,23.1201,22.6136,23.0863,60561.732123743
2006-06-05,23.2894,23.3924,23.0207,23.2894,51148.413661984
2006-06-06,23.2894,23.2894,22.9508,23.1201,114729.74274683
2006-06-07,23.2563,23.2563,23.0207,23.1201,79968.381598947
2006-06-08,22.8183,22.9508,22.6497,22.8845,24413.502556017
2006-06-09,22.9176,23.1201,22.6136,22.6497,15019.200899231
2006-06-12,23.0207,23.0207,22.2418,22.2787,36415.823180564
2006-06-13,21.9738,21.9738,20.5559,21.602,59722.276018496
2006-06-14,21.4003,21.602,21.1619,21.602,17817.387916724
2006-06-16,21.636,22.2787,21.4003,21.602,9720.3040277561
2006-06-19,21.602,22.1085,21.2649,21.9399,65980.163197907
2006-06-20,22.0394,22.0394,21.7015,21.9399,31267.702405663
2006-06-21,22.0394,22.2787,21.8377,22.2787,76069.93657943
2006-06-22,22.2087,22.2087,21.7706,21.9399,105187.3816799
2006-06-23,21.9399,22.1085,21.9076,21.9399,37418.280471297
2006-06-26,22.1085,22.4443,21.9399,22.4443,57642.65256035
2006-06-27,22.4803,23.458,22.4803,23.2232,633978.16916861
2006-06-28,22.9508,23.5603,22.8183,23.5603,81319.93309526
2006-06-29,23.5949,23.7966,23.3924,23.7966,115043.5200289
2006-06-30,23.9652,24.7072,23.6597,24.1684,160211.14852679
2006-07-03,25.0894,25.0894,23.6707,23.9903,157881.58991756
2006-07-04,24.1684,24.3105,24.0602,24.2369,143934.12181291
2006-07-05,24.3105,24.3797,24.1684,24.3436,108925.54220036
2006-07-06,24.1684,24.8752,24.1684,24.8752,93460.804727468
2006-07-07,24.5925,24.9127,24.5233,24.9127,36898.035020957
2006-07-10,24.0602,24.8752,24.0602,24.7007,298315.26127218
2006-07-11,24.8067,24.8434,24.7007,24.7007,520777.92087891
2006-07-12,24.8067,24.8067,24.2744,24.5233,62172.72717362
2006-07-13,24.5233,24.5233,24.2744,24.5233,57535.343446572
2006-07-14,24.3436,24.63,24.2038,24.5233,167231.06624834
2006-07-17,24.3797,24.5233,24.2369,24.5233,45224.678912816
2006-07-18,24.4864,24.7007,24.3797,24.5925,92338.813234046
2006-07-19,24.63,24.63,24.5233,24.5925,62212.119126779
2006-07-20,24.5925,24.951,24.5925,24.9127,349869.81955466
2006-07-21,24.8752,24.8752,24.5233,24.8434,60334.888807277
2006-07-24,24.5925,24.8752,24.5571,24.8434,66336.049119549
2006-07-25,24.8752,24.9127,24.8434,24.8752,145754.30171748
2006-07-26,24.8434,24.9127,24.7007,24.8752,109265.12800345
2006-07-27,24.9127,24.951,24.7368,24.8752,146069.43734276
2006-07-28,24.8752,24.9127,24.8067,24.8067,284606.86157289
2006-07-31,24.8067,24.951,24.7699,24.8752,218273.52913977
2006-08-01,24.8752,24.9834,24.7699,24.8067,10187.574092813
2006-08-02,24.8752,24.8752,24.5571,24.8752,47290.718938838
2006-08-03,24.63,24.8434,24.1684,24.8434,18785.886627147
2006-08-04,24.5925,24.7368,24.3436,24.7368,297778.71570329
2006-08-07,24.8434,24.8752,24.3797,24.6631,34749.136058979
2006-08-08,24.4173,24.5233,24.4173,24.5233,138741.17571199
2006-08-09,24.3797,24.7007,24.3797,24.4864,26751.211224515
2006-08-10,24.1684,24.1684,23.7774,23.9174,8446.1780945483
2006-08-11,23.8099,24.2369,23.8099,24.1309,159192.39111751
2006-08-14,23.8843,24.1309,23.8099,24.1309,893.78983374281
2006-08-16,24.1309,24.1309,23.7038,23.7038,132005.15172182
2006-08-17,24.0977,24.0977,23.4911,23.5641,59462.832464932
2006-08-18,23.5279,23.634,23.3505,23.3505,4119.8549631336
2006-08-21,23.2084,24.0977,23.2084,23.634,233154.17903133
2006-08-22,23.8099,23.8843,23.4911,23.8099,99328.847404929
2006-08-23,23.9174,23.9542,23.8843,23.8843,1312.1595431543
2006-08-24,23.9903,23.9903,23.8099,23.8099,3821.0194564111
2006-08-25,23.9903,23.9903,23.634,23.8099,87465.077788045
2006-08-28,23.8099,23.9174,23.7038,23.8099,6365.1962931896
2006-08-29,23.8099,23.9903,23.8099,23.8467,6252.4538065626
2006-08-30,23.8099,23.9903,23.8099,23.9542,733.50533468255
2006-08-31,23.8843,23.9542,23.6707,23.7774,18438.150764779
2006-09-01,23.9174,23.9903,23.8099,23.9903,33834.971077051
2006-09-04,23.9903,23.9903,23.6707,23.7222,7565.9716929292
2006-09-05,23.7774,24.1684,23.7774,23.9542,33404.376278728
2006-09-06,24.1684,24.2038,23.829,23.829,9560.0195286959
2006-09-07,24.1684,24.2744,23.9903,24.2369,5615.3908399586
2006-09-08,24.2369,24.3436,23.829,24.3436,70078.284669643
2006-09-11,24.5233,24.5233,23.829,23.829,2480.3347057969
2006-09-12,23.8843,24.1684,23.8099,24.1684,72015.28209049
2006-09-13,24.1684,24.2553,24.1684,24.1684,357825.63574955
2006-09-14,24.1684,24.2553,24.0241,24.2369,6659.9567702751
2006-09-15,24.2921,24.2921,24.0241,24.1684,96544.24381956
2006-09-18,24.1684,24.1684,24.0241,24.1309,28968.027347112
2006-09-19,24.1684,24.1684,23.9903,24.1684,18954.321185482
2006-09-20,24.0977,24.1684,23.8467,24.1684,159150.28247792
2006-09-21,24.1684,24.1684,23.9903,24.1684,45750.357736005
2006-09-22,23.9903,24.1684,23.8989,23.9903,1123.3498366342
2006-09-25,23.8467,23.9903,23.8099,23.8099,58814.902752629
2006-09-26,24.1125,24.1125,23.8099,24.0602,32520.094847472
2006-09-27,24.0602,24.0602,23.8099,24.0602,33689.628353328
2006-09-28,24.1309,24.1309,23.8099,24.0602,42696.802194587
2006-09-29,24.1309,24.1309,23.8099,23.8099,29034.586164518
2006-10-02,23.829,23.9711,23.829,23.8843,3179.88146017
2006-10-03,23.9903,23.9903,23.8099,23.9903,1382.7933901978
2006-10-04,23.8099,24.0602,23.8099,23.8843,61542.455923078
2006-10-05,23.8843,24.4173,23.8843,24.3436,241544.66505418
2006-10-06,24.1684,24.3105,24.0602,24.0977,3068.4973167553
2006-10-09,24.1684,24.2369,24.0602,24.1684,1423.543686569
2006-10-10,24.3436,24.3436,23.9903,24.2744,158187.21714036
2006-10-11,24.1684,24.2744,24.0057,24.2369,20622.366650279
2006-10-12,24.2369,24.5233,24.1684,24.5233,280656.79951131
2006-10-13,24.63,24.7699,24.4504,24.7699,86269.735761154
2006-10-16,24.7007,24.951,24.6801,24.9127,618972.55170151
2006-10-17,24.9127,25.3014,24.8752,25.3014,3147307.0315942
2006-10-18,25.1085,25.8013,25.0894,25.6591,1393139.8904466
2006-10-19,25.5892,26.1591,25.445,26.1591,258648.92278441
2006-10-20,26.1591,26.5118,26.1591,26.4233,394533.50272078
2006-10-23,26.5485,26.6185,26.4233,26.4793,97455.692115064
2006-10-24,26.4793,26.4793,25.6953,26.2658,21433.297548067
2006-10-25,26.0155,27.3635,26.0155,27.3635,190754.85400026
2006-10-26,27.4003,27.4186,26.8503,27.1883,331378.6934046
2006-10-27,27.1883,27.1883,26.8312,27.1883,514740.0852999
2006-10-30,27.0108,27.1883,26.6553,26.6553,112890.54603728
2006-10-31,26.5993,27.1883,26.5993,27.1883,329142.86047703
2006-11-02,27.0108,27.2936,26.8312,27.136,159159.79088042
2006-11-03,27.136,27.3319,26.8503,27.3319,113747.66060429
2006-11-06,26.9056,27.3127,26.9056,27.2936,188084.35124473
2006-11-07,27.0108,27.5438,27.0108,27.3319,257059.66122592
2006-11-08,27.4371,27.4371,27.0293,27.3319,499582.33339301
2006-11-09,27.3319,27.6499,27.3319,27.6145,849226.66797442
2006-11-10,27.6499,28.1835,27.2067,27.2067,593828.26049724
2006-11-13,27.0439,27.1883,25.5892,25.7652,423119.8356252
2006-11-14,25.626,26.4049,25.626,26.299,523658.96683235
2006-11-15,26.4418,26.4418,25.9463,25.9978,734007.92167112
2006-11-16,25.9978,26.2798,25.8013,25.9463,678880.9207401
2006-11-17,25.872,25.9463,25.7652,25.9463,105013.51374872
2006-11-20,25.9271,25.9271,25.5341,25.5341,217006.19492262
2006-11-21,25.5892,26.229,25.5341,25.9463,552449.05121865
2006-11-22,25.626,26.6553,25.626,26.299,2194476.8101254
2006-11-23,26.299,27.4003,26.299,27.136,640689.74298097
2006-11-24,27.5438,28.9662,27.4555,28.7865,1353915.0135028
2006-11-27,29.1422,29.1422,28.1284,28.1284,343257.40479682
2006-11-28,28.0945,28.0945,27.8449,28.0769,72595.294642174
2006-11-29,28.0769,28.6098,27.9002,28.4339,2039106.7968075
2006-11-30,28.5915,28.9662,28.414,28.414,650225.31233184
2006-12-01,28.448,28.6098,28.1651,28.2204,259637.79664301
2006-12-04,28.0769,28.3971,28.0069,28.0769,662750.59509315
2006-12-05,28.0769,28.1476,27.7205,28.0769,244628.10414627
2006-12-06,27.7934,28.04,27.7757,28.04,135500.16880727
2006-12-07,27.8818,28.3419,27.8818,28.0769,2116156.0988431
2006-12-08,28.0769,28.2528,27.934,28.0769,657758.68378766
2006-12-11,27.934,28.0769,27.8633,27.9002,235736.38947806
2006-12-12,28.0585,28.0585,27.7205,27.8633,1093051.9912822
2006-12-13,27.7205,28.1136,27.5954,28.1136,1057841.018531
2006-12-14,28.202,28.202,28.0069,28.0069,136340.98325573
2006-12-15,28.0769,28.0769,27.0108,27.7205,750117.87216989
2006-12-18,27.7205,27.7205,27.1883,27.6322,467969.6118114
2006-12-19,27.4371,27.6145,27.2236,27.3635,1114827.5913198
2006-12-20,27.0439,27.4003,27.0439,27.3635,475736.61829977
2006-12-21,27.4371,28.5546,27.4371,28.0945,2124213.7907789
2006-12-22,28.5031,28.9993,28.5031,28.7865,682606.85617164
2006-12-27,29.1053,29.6391,29.1053,29.444,191739.65282923
2006-12-28,29.4624,30.0322,29.3931,29.7127,1189393.8419631
2006-12-29,29.8525,30.8464,29.7127,30.8464,638736.44544157
2007-01-02,30.7779,31.9132,30.5644,31.2403,286950.00361424
2007-01-03,31.2403,31.7924,31.096,31.1666,657431.32307348
2007-01-04,30.7419,31.3463,30.616,31.1526,203736.54008093
2007-01-05,31.096,31.4537,31.0275,31.2741,1744757.8977155
2007-01-08,31.2403,31.7004,31.096,31.7004,1095164.2149774
2007-01-09,31.8064,32.695,31.2594,31.9868,1382565.1885382
2007-01-10,31.8064,32.3431,31.3102,31.8064,2655176.5690642
2007-01-11,31.8064,31.9868,31.4537,31.4537,351480.81460454
2007-01-12,31.5944,31.6658,30.9208,31.0422,54165.293936669
2007-01-15,30.616,31.1666,30.616,30.9208,378298.58464647
2007-01-16,30.9208,31.096,30.6704,31.0607,376557.1886482
2007-01-17,31.2403,31.4861,31.096,31.2403,206822.69585944
2007-01-18,31.6297,32.2702,31.6297,32.2002,400643.33049003
2007-01-19,32.2002,32.589,31.6297,32.3431,458508.75133721
2007-01-22,32.5198,32.5198,31.6297,31.6297,129714.98506576
2007-01-23,31.6297,31.8064,31.4537,31.8064,547017.03671237
2007-01-24,31.8064,32.3431,31.8064,32.2702,111140.99997974
2007-01-25,32.3431,32.695,32.2702,32.4131,222593.06055512
2007-01-26,32.3431,32.4131,31.7365,32.1251,70385.27023564
2007-01-29,32.1251,32.3431,31.8064,32.1443,72587.1445829
2007-01-30,31.9868,31.9868,31.6297,31.6297,402539.5776145
2007-01-31,31.8807,31.9868,31.6297,31.8064,398776.96691623
2007-02-01,31.6297,32.1251,31.6297,32.1251,110540.61227987
2007-02-02,31.8248,32.3431,31.8248,32.2503,371587.01083412
2007-02-05,31.9868,32.3755,31.6297,32.3431,226139.69468263
2007-02-06,31.9868,32.3246,31.9868,31.9868,285931.24620496
2007-02-07,32.1627,32.2002,31.9868,32.1627,282720.1228509
2007-02-08,31.8439,31.9868,31.096,31.4537,568986.87982932
2007-02-09,31.2741,31.9499,31.2741,31.6489,133064.65942748
2007-02-12,31.2741,31.6297,31.2741,31.523,356339.60827521
2007-02-13,31.4537,31.6297,31.3802,31.6297,151356.10912532
2007-02-14,31.9868,32.1627,31.6297,31.8248,57944.204753496
2007-02-15,31.8064,31.9868,31.6297,31.9499,367897.7506693
2007-02-16,31.6297,32.5198,31.6297,32.4491,2057373.7963276
2007-02-19,32.4315,35.0449,32.2002,34.8306,952285.52584053
2007-02-20,34.813,34.813,33.7801,34.1364,352469.68846315
2007-02-21,34.6326,34.6503,33.8353,34.4,270641.73500646
2007-02-22,34.4,34.475,33.8677,34.1173,65425.959167258
2007-02-23,33.7801,34.3124,33.6042,34.3124,60990.968578854
2007-02-26,34.475,34.475,33.2288,33.2288,646349.95914692
2007-02-27,33.3016,33.4083,31.8064,31.8064,713115.24472158
2007-02-28,31.2741,31.8064,30.2082,31.6297,1197751.7277488
2007-03-01,32.0199,32.8753,31.6297,31.6297,880175.15972518
2007-03-02,31.7004,32.1627,31.7004,31.7365,19822.30249819
2007-03-05,31.6297,31.6297,30.7419,30.9208,1204233.7415583
2007-03-06,31.4537,31.9868,31.2741,31.9868,125960.52442675
2007-03-07,32.5198,33.0528,31.8064,32.5198,117290.21970216
2007-03-08,32.5198,32.9085,32.5198,32.8393,70313.278045385
2007-03-09,32.695,32.8393,32.5198,32.695,40962.197912383
2007-03-12,32.5198,32.9085,32.5198,32.8393,160826.478002
2007-03-13,32.5367,32.7693,32.5198,32.695,186774.908388
2007-03-14,32.3431,32.3431,31.8248,31.8439,341511.93376892
2007-03-15,31.9868,32.3431,31.8439,31.9868,137937.03653027
2007-03-16,31.6658,32.3246,31.6658,31.9868,93064.168509455
2007-03-19,32.3431,32.5198,32.1627,32.5198,3803.3609946503
2007-03-20,32.695,32.8753,32.5198,32.6257,95731.954578559
2007-03-21,33.0351,33.8353,32.8017,33.1219,32285.101471731
2007-03-22,34.1872,34.4,33.7801,33.7801,119178.31676737
2007-03-23,34.1173,34.8306,33.2288,34.8306,168907.26177241
2007-03-26,33.8537,34.813,33.5851,33.7617,96374.450918012
2007-03-27,34.1173,34.1173,33.5851,33.7279,5095.145389619
2007-03-28,33.9053,33.9053,32.5198,32.695,302974.37849063
2007-03-29,32.9828,34.082,32.9828,33.8537,706098.04368646
2007-03-30,34.7386,34.8306,33.9053,34.3676,171625.30654038
2007-04-02,34.3676,34.7055,34.0481,34.1173,186190.82080667
2007-04-03,33.8353,34.2955,33.8353,34.1173,126912.72301863
2007-04-04,33.7801,34.8306,33.7801,34.475,59468.265837781
2007-04-05,34.0481,35.0074,34.0481,35.0074,21956.259684831
2007-04-10,35.0074,35.0074,33.9422,33.9422,99903.426583763
2007-04-11,33.9745,34.7762,33.9422,34.1872,169192.51384702
2007-04-12,33.7617,34.475,33.7617,33.7985,485384.93013726
2007-04-13,34.0996,34.3676,33.7279,33.7617,8399.9944253276
2007-04-16,33.7801,34.475,33.6917,33.9422,238277.84962841
2007-04-17,34.0658,34.475,33.7463,34.1173,344701.32363158
2007-04-18,34.2955,34.5104,34.1173,34.2955,342491.29922505
2007-04-19,34.1173,34.813,33.7617,34.813,15826.056767382
2007-04-20,34.5104,35.6463,34.1555,35.184,220539.24561801
2007-04-23,35.3968,36.2485,34.3124,35.184,402564.02779233
2007-04-24,35.363,35.363,34.8306,35.0074,251281.26920048
2007-04-25,34.8306,35.363,34.3492,34.5443,67604.741679909
2007-04-26,34.3308,34.475,33.1411,33.1956,70089.151415342
2007-04-27,33.1956,33.1956,32.4491,32.5198,29974.559667481
2007-04-30,32.4315,33.6557,32.3939,33.5851,58954.812103504
2007-05-02,33.1581,33.5851,33.1219,33.4083,234229.98685554
2007-05-04,33.4083,33.9422,33.4083,33.6042,143651.58642473
2007-05-07,33.6557,33.8861,33.4083,33.4422,21377.605476359
2007-05-08,33.6402,34.1173,33.2663,33.2663,18249.341058259
2007-05-09,33.9745,35.257,33.9053,35.0766,1173271.6663754
2007-05-10,35.2194,35.363,34.6503,35.0074,629905.85621791
2007-05-11,34.2955,35.5396,33.8677,35.5396,658053.44426475
2007-05-14,36.2485,39.6998,35.9291,38.0971,146500.03214108
2007-05-15,38.0279,39.2729,37.3175,39.0925,172918.44927856
2007-05-16,38.7362,40.5149,38.7362,40.5149,784731.17390764
2007-05-17,40.8704,41.8297,40.1592,40.5149,466565.08492981
2007-05-18,40.5149,41.0478,39.8766,41.0478,514472.49168707
2007-05-21,41.5808,42.2942,39.9125,41.9378,38269.961665456
2007-05-22,42.2205,43.9991,42.2205,43.3226,260076.54150061
2007-05-23,43.7158,44.3179,42.1138,43.3595,159608.04414049
2007-05-24,43.3595,45.4906,42.6454,45.3133,196647.34685554
2007-05-25,45.3133,45.384,43.8917,44.7817,337521.12141096
2007-05-28,45.3472,49.0451,44.4615,48.8662,40551.978262246
2007-05-29,48.6932,48.6932,46.9116,47.2686,235040.91775333
2007-05-30,47.0883,47.0883,45.4906,46.2033,652838.76467245
2007-05-31,45.4906,46.0966,45.4539,45.847,399193.97828243
2007-06-01,45.4906,46.983,45.1336,46.2033,113097.01420556
2007-06-04,46.9116,47.7641,45.847,46.38,263784.8184704
2007-06-05,46.38,46.38,45.2418,46.2033,185923.22719384
2007-06-06,47.2318,47.2686,45.1336,46.2033,57941.488067072
2007-06-08,44.8871,45.4208,44.0677,44.9216,452887.92712441
2007-06-11,45.1013,45.5982,44.6014,45.2073,74488.825080226
2007-06-12,45.3133,45.3133,44.6014,45.3133,140032.96010696
2007-06-13,45.1336,45.3133,44.8141,45.3133,289373.28790512
2007-06-14,45.9906,46.7364,45.5275,46.2033,324201.20787041
2007-06-15,46.2033,47.0883,45.1336,45.4906,555270.33007075
2007-06-18,45.4906,46.5228,45.4906,46.2033,122169.38852101
2007-06-19,46.2033,46.2033,45.3133,45.847,41481.08501951
2007-06-20,45.4906,46.2033,45.3133,46.1665,337330.95336123
2007-06-21,46.2033,46.3432,45.4906,45.953,127049.91568308
2007-06-22,45.4906,45.4906,45.3472,45.3472,331669.37885205
2007-06-25,45.3472,45.4906,44.4615,44.5683,168651.89324849
2007-06-26,44.2495,44.2495,43.7482,43.785,256703.77530428
2007-06-27,43.8218,43.8218,42.6822,43.3595,150545.17822753
2007-06-28,42.8257,43.3226,42.2942,42.2942,517804.50758702
2007-06-29,42.2942,44.9577,42.2573,44.4247,487351.81110879
2007-07-02,45.1336,45.4906,44.2495,44.4247,244572.41207456
2007-07-03,44.9386,45.1955,43.4699,45.1955,164093.29342776
2007-07-04,45.5636,45.8948,44.4615,45.1955,241245.82954746
2007-07-05,45.381,45.381,44.4247,44.4247,320225.3372878
2007-07-06,45.1226,45.1226,43.3595,44.0934,297170.17794415
2007-07-09,44.0934,44.0934,42.7713,43.7261,176338.75748732
2007-07-10,44.0934,44.0934,42.8088,43.3226,12589.124892293
2007-07-11,42.6239,42.6239,41.6684,42.6239,171121.36120858
2007-07-12,42.2942,42.4414,41.3747,41.5595,111566.16140522
2007-07-13,41.7052,42.6239,41.1907,41.3385,124340.02097439
2007-07-16,41.5219,41.5219,39.6844,40.2365,24792.480312271
2007-07-17,40.0156,41.5219,39.1705,41.5219,18601.151950264
2007-07-18,42.0733,42.8088,41.1538,42.6239,37173.77869307
2007-07-19,42.6239,44.8289,42.6239,44.4615,252828.42211938
2007-07-20,44.8289,45.5636,44.0934,44.6456,229141.63318197
2007-07-23,45.1955,45.8581,44.5344,44.8289,43174.939005342
2007-07-24,45.5636,45.5636,44.4615,44.8289,393081.43382674
2007-07-25,44.1309,44.2775,42.9914,43.3595,49855.270923802
2007-07-26,43.9101,43.9101,42.331,42.331,270031.8389041
2007-07-27,40.4198,42.331,40.4198,41.5219,274909.64937974
2007-07-30,40.8969,41.1177,40.051,40.4198,25163.308009248
2007-07-31,41.0449,42.9545,41.0449,41.5219,70108.168220316
2007-08-01,41.0801,41.0801,40.051,40.6392,63475.378314288
2007-08-02,40.7872,41.2642,40.6032,40.9337,117718.09781406
2007-08-03,41.1538,41.7052,39.6844,40.4198,794071.14183593
2007-08-06,39.3178,41.2642,39.1705,39.3546,4478.4575712007
2007-08-07,39.5011,41.7052,39.5011,41.1538,428725.71806268
2007-08-08,41.7052,41.7052,40.7872,41.1538,348753.26143409
2007-08-09,41.8893,43.1747,38.9489,38.9489,179418.12154978
2007-08-10,38.9489,39.0962,36.7447,36.7447,81648.652152655
2007-08-13,36.7447,38.5816,36.7447,38.5816,347441.10189093
2007-08-14,37.5171,39.3178,37.297,38.0309,179464.305219
2007-08-16,37.7739,37.7739,35.3122,36.3774,316362.20919179
2007-08-17,35.8267,38.1789,35.2753,38.0309,361768.90609507
2007-08-20,38.7657,39.2442,38.2149,38.5816,208214.99765213
2007-08-21,39.1329,39.1329,37.5171,38.5816,446162.76987993
2007-08-22,38.399,40.4198,38.3622,40.0885,94065.267456975
2007-08-23,42.2573,42.2573,40.2365,42.0733,56985.21444556
2007-08-24,41.8893,42.9914,41.1538,42.5136,94260.868879558
2007-08-27,42.1461,42.6239,41.5595,42.6239,34711.102449033
2007-08-28,42.6239,42.9914,42.6239,42.8809,16103.158782706
2007-08-29,41.5955,42.8809,41.1538,42.2573,55501.903657646
2007-08-30,42.331,43.1386,42.2942,42.588,90237.456284503
2007-08-31,42.7337,43.8725,42.7337,43.5052,144563.03472023
2007-09-03,44.0205,44.0205,42.6615,44.0205,5255.4298886793
2007-09-04,44.0934,44.0934,44.0205,44.0581,80014.565268167
2007-09-05,44.0934,44.1685,43.3595,43.7261,124964.85885208
2007-09-06,42.9914,43.249,42.2573,42.2573,109682.13936965
2007-09-07,42.8088,42.8088,41.3003,41.5219,96984.347020369
2007-09-10,40.4935,40.9705,40.4935,40.6032,5448.3146248364
2007-09-11,40.4198,41.4483,40.0885,41.2289,13283.238273816
2007-09-12,41.1538,41.8893,41.1538,41.3003,2123.0904409423
2007-09-13,41.3003,41.3003,40.4198,40.7872,40293.893051895
2007-09-14,40.9705,41.4115,40.4566,40.7503,11942.553523202
2007-09-17,40.6032,40.6032,39.6844,40.051,54211.47760589
2007-09-18,40.6032,41.4859,40.2365,40.6774,176118.70588692
2007-09-19,42.8088,42.8088,42.0733,42.6239,495587.44600542
2007-09-20,42.8088,42.9914,42.4774,42.9914,158945.17265286
2007-09-21,43.3595,43.3595,42.3663,42.6239,15600.571794128
2007-09-24,42.6239,42.6239,41.5595,42.2942,8480.1366748577
2007-09-25,42.2942,42.2942,41.5595,42.2942,3986.7373283209
2007-09-26,41.8525,42.2573,41.7052,42.1461,136786.51982938
2007-09-27,42.2573,42.7713,41.5219,41.7052,103699.99586235
2007-09-28,41.7052,41.7052,41.1907,41.6684,8865.9061471722
2007-10-01,42.2573,42.2573,40.4198,40.4935,137405.92433423
2007-10-02,41.1538,42.2573,40.6392,40.7872,61975.767407826
2007-10-03,41.5219,41.5219,41.0449,41.5219,392627.7471938
2007-10-04,41.7052,41.7052,40.7872,41.6317,142316.33504696
2007-10-05,41.7052,42.2573,41.1907,42.2573,4464.8741390769
2007-10-08,42.7713,42.7713,42.4031,42.6239,38509.030070834
2007-10-09,42.6239,43.3595,42.6239,43.1747,488308.08473029
2007-10-10,43.6156,43.9101,42.9914,43.5427,541108.24373853
2007-10-11,43.5427,44.6456,43.5427,44.6095,252051.4498019
2007-10-12,44.4247,45.4906,43.9101,45.2323,17942.355492262
2007-10-15,45.049,46.2991,45.0129,45.9317,27846.035853689
2007-10-16,45.049,46.7761,45.049,46.1518,93766.431950253
2007-10-17,45.6011,45.6011,43.8725,44.6456,223932.38696253
2007-10-18,44.6823,45.049,42.9914,43.3595,98847.993907748
2007-10-19,43.7261,43.7261,43.1747,43.7261,170514.18179266
2007-10-22,43.5427,43.5427,41.7052,41.8893,116875.92502239
2007-10-23,42.1086,43.6908,42.1086,43.6908,18645.977276273
2007-10-24,43.3226,44.0934,43.3226,43.8011,145987.93675001
2007-10-25,43.3595,43.7261,42.6239,43.3226,31093.834474478
2007-10-26,43.6532,43.6532,42.2573,42.2573,24364.602200372
2007-10-29,42.2942,44.0581,42.2942,42.3663,54176.160682368
2007-10-30,42.4774,42.9914,42.4774,42.9545,74995.487098441
2007-10-31,42.6615,42.8088,42.2573,42.6239,85094.76888245
2007-11-02,42.0733,42.6239,41.9629,42.0733,105464.48369523
2007-11-05,42.588,42.588,41.7052,42.0733,124011.301917
2007-11-06,41.7052,42.4774,41.5219,42.2573,183863.97888388
2007-11-07,42.6239,42.6239,40.7872,40.7872,38513.10510047
2007-11-08,41.0073,41.0073,38.5816,38.5816,31222.877079654
2007-11-09,38.2149,39.9788,37.4795,38.5816,16130.325646954
2007-11-12,38.0309,38.399,37.4795,37.5539,159666.45289863
2007-11-13,37.4795,37.8476,36.7447,37.4795,166560.04470143
2007-11-14,37.8476,38.2886,37.8476,38.0309,100243.01238686
2007-11-15,38.0309,38.0309,35.6427,35.8267,119523.33594331
2007-11-16,35.8267,36.7079,34.9072,35.8267,33734.453679335
2007-11-19,36.0284,36.415,35.6427,36.3774,51243.497686851
2007-11-20,36.415,36.415,34.9808,35.2753,193251.4888246
2007-11-21,34.9808,34.9808,34.2277,34.5398,33817.312615291
2007-11-22,34.8344,37.4795,34.1725,36.7447,11954.778612113
2007-11-23,36.2669,37.994,36.2669,37.1129,243671.83052475
2007-11-26,37.7004,37.7004,36.7447,36.7447,173441.41141533
2007-11-27,36.8552,36.8552,36.0092,36.7447,35388.915712008
2007-11-28,36.231,36.7447,35.5323,36.5615,189342.17705938
2007-11-29,37.1129,37.4795,36.7809,37.1129,334493.37439058
2007-11-30,37.1129,38.399,37.1129,38.2149,25315.442449034
2007-12-03,38.7295,39.6844,37.7739,39.6844,269367.60907325
2007-12-04,39.7219,39.7595,39.0586,39.6844,503328.64397274
2007-12-05,39.7219,41.1538,39.6844,41.1538,180798.19825355
2007-12-06,41.4859,41.6684,39.9053,40.4198,245881.85493129
2007-12-07,40.9705,40.9705,40.051,40.1997,119792.28789936
2007-12-10,40.1997,40.4198,39.9053,40.2726,21229.546066211
2007-12-11,40.1261,40.1622,38.7657,39.0586,26771.5863727
2007-12-12,37.5899,39.6107,37.1864,38.2149,116147.85306055
2007-12-13,38.2149,39.6844,37.6642,39.6844,264769.61729936
2007-12-14,39.5011,39.6107,39.1705,39.3178,100071.8611421
2007-12-17,39.3178,39.3178,38.2149,38.9489,24383.619005346
2007-12-18,38.3622,38.5816,37.8476,38.399,40709.546074882
2007-12-19,37.8107,38.399,36.5982,38.399,323439.17732827
2007-12-20,37.7739,37.7739,36.8184,36.9656,907257.80669351
2007-12-21,37.5539,38.0309,36.7447,36.7447,313225.79471442
2007-12-27,36.3774,37.1129,36.3045,37.1129,439562.580211
2007-12-28,36.7447,36.7447,36.6719,36.7079,746265.6108196
2008-01-02,36.7447,36.7447,35.6427,36.7447,445574.60726898
2008-01-03,35.79,36.3406,35.6427,36.3406,309177.93194155
2008-01-04,35.79,36.0092,35.2753,35.2753,362817.54705502
2008-01-07,34.9072,35.2017,33.1066,34.1555,38686.973031655
2008-01-08,33.2545,33.2545,31.6003,32.8865,868265.20643907
2008-01-09,32.3902,32.7031,30.4982,30.4982,193665.78350438
2008-01-10,30.8655,31.1785,29.8371,30.3141,353674.53889253
2008-01-11,30.094,30.3141,28.6613,29.7628,357323.04876096
2008-01-14,29.3954,29.3954,28.11,28.7335,987662.21646362
2008-01-15,28.8079,29.1392,28.5877,28.8999,1432434.042894
2008-01-16,27.6145,29.028,27.1919,28.8999,1285576.7664882
2008-01-17,29.3954,30.3141,29.3416,29.9468,84839.400358523
2008-01-18,30.3141,30.8655,29.7628,30.8655,355217.61678178
2008-01-21,30.8464,31.012,29.7266,29.7266,415968.15861205
2008-01-22,28.2941,29.9468,28.2941,29.8371,284408.54346388
2008-01-23,30.2957,31.9308,30.2957,31.9308,313976.95851087
2008-01-24,33.2169,33.4371,32.5926,33.0697,789009.95502662
2008-01-25,34.1725,34.1725,32.0596,32.5566,60275.121705933
2008-01-28,31.6003,31.9677,31.2336,31.6003,701156.39107984
2008-01-29,31.9308,33.9715,31.6555,32.96,478393.53762317
2008-01-30,33.1066,34.1725,33.1066,33.2545,144113.42311694
2008-01-31,32.9784,33.4017,32.2989,33.0697,120752.6365505
2008-02-01,33.1625,34.4302,33.1625,33.6948,124387.56298683
2008-02-04,33.1808,35.4219,33.1808,34.0996,56788.254679766
2008-02-05,33.8235,33.9892,32.9239,33.4371,18635.110530574
2008-02-06,32.6295,33.4371,31.9677,33.4371,47251.32698568
2008-02-07,33.4562,33.4562,31.9677,32.2989,350021.95399445
2008-02-08,33.0697,33.0697,32.2989,32.5014,34927.0790198
2008-02-11,32.9784,32.9784,31.9868,32.134,46524.613367059
2008-02-12,31.9308,32.7031,31.9308,32.7031,275715.14690468
2008-02-13,32.6847,32.6847,32.3349,32.6663,1488.7441607631
2008-02-14,32.8865,33.0697,32.5198,32.5198,12212.863822465
2008-02-15,32.3349,32.6295,31.9677,32.4093,14602.189533032
2008-02-18,31.9677,32.4277,31.8212,32.042,303422.63175071
2008-02-19,32.3173,32.3173,31.8947,31.8947,44076.87889836
2008-02-20,31.9308,31.9308,31.3802,31.5827,20114.346288851
2008-02-21,31.4169,31.637,30.9392,31.0488,129757.09370535
2008-02-22,30.8839,30.8839,29.5801,30.8295,244844.08071703
2008-02-25,30.3525,30.8655,30.3525,30.5718,162676.54145725
2008-02-26,30.8464,30.8655,29.9468,29.9468,5293.4634986257
2008-02-27,30.0403,30.8655,30.0403,30.6823,13156.912355065
2008-02-28,30.8295,30.8295,29.6729,29.6729,10167.198944628
2008-02-29,30.0565,30.0565,29.3954,29.433,138908.25192712
2008-03-03,29.3954,30.8295,28.11,28.4766,37759.224617603
2008-03-04,28.8999,29.5426,28.6975,29.5426,142753.72156135
2008-03-05,29.3954,29.9291,29.0655,29.7628,18284.657981781
2008-03-06,29.9291,29.9291,29.285,29.9291,27570.292181578
2008-03-07,29.4705,30.1308,29.028,30.1308,11806.719201964
2008-03-10,29.6729,29.9107,29.3954,29.9107,7078.3264796866
2008-03-11,29.4705,30.4798,29.4705,30.1308,33605.411074159
2008-03-12,30.5902,31.012,30.5902,30.8655,14460.921838945
2008-03-13,30.6094,30.6094,29.9468,29.9468,5730.8500130105
2008-03-14,30.0565,30.7551,30.0565,30.7551,49435.542871179
2008-03-17,30.7006,30.7006,29.8002,30.242,2809.0537631917
2008-03-18,29.9468,31.3617,29.9468,31.3617,9837.1215440204
2008-03-19,31.4906,31.6003,31.0687,31.0687,754802.79790938
2008-03-20,30.8655,31.0488,30.7191,31.0488,160307.59089487
2008-03-25,31.2704,31.7114,31.2704,31.4169,50827.844663863
2008-03-26,31.7475,32.5926,31.7475,32.5926,580880.53299687
2008-03-27,32.3349,32.9784,32.3349,32.5198,24196.167642038
2008-03-28,32.7031,32.9968,32.2621,32.6663,41246.09164377
2008-03-31,32.6663,32.6663,32.1892,32.5926,21002.702749743
2008-04-01,32.0972,33.1625,31.9677,33.1625,187646.96473035
2008-04-02,33.1625,33.2545,32.7031,33.1441,20817.968072861
2008-04-03,33.0697,33.4371,32.9968,33.4371,29706.966054643
2008-04-04,33.4371,34.7239,33.3274,34.7239,161706.68440362
2008-04-07,34.9072,34.9072,33.8427,34.0996,12570.108087319
2008-04-08,34.8888,34.8888,34.1725,34.2462,45990.784484596
2008-04-09,34.1364,34.2462,33.6579,34.2462,57500.02652305
2008-04-10,34.1725,34.3566,34.1725,34.2101,188710.54746564
2008-04-11,34.1725,34.5398,34.1725,34.3566,145892.85272515
2008-04-14,33.8235,34.1725,32.776,33.4017,287242.0474049
2008-04-15,33.6211,33.7868,33.4371,33.5851,145391.62407978
2008-04-16,34.0261,34.0261,33.2545,33.4371,144827.91164665
2008-04-17,33.7684,33.7684,33.0697,33.2545,139560.25666906
2008-04-18,33.2545,33.4371,32.5198,32.7031,40720.41282058
2008-04-21,32.9784,32.9784,32.5926,32.5926,4031.5626543293
2008-04-22,32.0972,32.2989,31.9132,32.2989,14523.405626715
2008-04-23,32.2989,32.2989,31.012,32.1524,13378.322298682
2008-04-24,32.134,32.3349,31.9677,32.3349,3590.1011103074
2008-04-25,32.042,32.3349,31.6003,31.6003,97194.890218287
2008-04-28,31.4537,31.9308,31.4537,31.6003,85943.733390185
2008-04-29,31.9677,31.9677,31.2336,31.2336,113888.92829837
2008-04-30,31.7114,31.7114,30.8655,31.0488,321268.5448749
2008-05-05,31.3993,31.7475,31.2336,31.7475,43806.568599096
2008-05-06,32.1148,32.134,31.785,31.9677,160318.45764057
2008-05-07,32.0788,32.0788,31.785,32.0788,1278778.2587102
2008-05-08,32.0051,32.3173,31.802,31.9677,145148.48064476
2008-05-09,31.9677,32.1524,31.785,31.9677,76766.766647378
2008-05-12,32.1524,32.1524,31.2336,31.2336,172070.84311404
2008-05-13,31.2336,31.2704,30.8295,30.976,60516.906797735
2008-05-14,31.2336,31.2336,30.5542,30.6094,10240.549478096
2008-05-15,31.0488,31.0488,30.4982,30.6447,33385.359473755
2008-05-16,30.6447,31.2336,30.4982,31.2336,1132420.8526064
2008-05-19,31.3802,31.3802,30.6277,30.976,18583.493488503
2008-05-20,31.1601,31.1601,30.3884,30.3884,21006.777779381
2008-05-21,30.4982,30.4982,29.377,30.4982,44679.983284654
2008-05-23,30.4982,30.4982,29.8002,30.094,9686.3454474468
2008-05-26,30.3884,30.3884,29.7266,30.3884,305145.010944
2008-05-27,30.8295,30.976,30.4982,30.976,4246.1808818845
2008-05-28,31.0488,31.6746,31.0488,31.6003,10389.967231457
2008-05-29,31.7114,31.7659,31.0864,31.2336,3264.0987393374
2008-05-30,31.6003,31.6003,31.2704,31.3993,12237.314000287
2008-06-02,31.3441,31.3441,30.8655,31.012,71998.981971942
2008-06-03,31.012,31.0488,30.9031,31.0488,1208.9254590138
2008-06-04,31.0488,31.2336,30.2235,30.4982,157025.83369378
2008-06-05,30.4982,30.7191,30.1308,30.2597,28730.317284945
2008-06-06,30.4982,30.4982,30.2781,30.3141,5982.1435072999
2008-06-09,29.8548,30.4062,29.3954,30.4062,8512.7369119547
2008-06-10,30.4062,30.4062,28.1835,28.6613,319373.65609363
2008-06-11,28.8631,29.028,28.3669,28.6613,153108.37186929
2008-06-12,28.643,28.643,27.945,28.5877,35655.150981634
2008-06-13,28.9728,28.9927,28.3301,28.827,14417.454856149
2008-06-16,28.827,28.827,28.5877,28.7895,15755.422920339
2008-06-17,28.4766,28.7335,28.3669,28.4766,16954.839976866
2008-06-18,28.495,28.643,28.4044,28.6246,96897.413054777
2008-06-19,28.6613,29.0096,28.4766,28.9545,46261.094783858
2008-06-20,28.9545,29.8187,28.9545,29.8187,30314.145470575
2008-06-23,30.0027,30.3884,29.7628,30.2957,83669.866852668
2008-06-24,30.1323,30.387,29.8356,29.9099,2178.7825126496
2008-06-25,29.9468,30.3141,29.9468,30.1676,190693.72855571
2008-06-26,30.2965,30.3163,29.2136,29.9498,31854.506673408
2008-06-27,29.8356,29.9498,29.3232,29.3976,32915.372722273
2008-06-30,30.4805,30.4805,29.2835,29.3976,26877.537143266
2008-07-01,29.7259,29.7259,28.8071,29.0655,23948.949177386
2008-07-02,28.615,29.3976,28.5384,28.9279,37696.740829833
2008-07-03,28.4788,28.7327,27.0719,27.9319,153735.9264334
2008-07-04,27.7566,27.7566,26.5243,27.3643,51978.361364745
2008-07-07,27.3643,27.3643,26.2107,27.2479,29458.389246779
2008-07-08,26.974,27.3643,26.6221,27.3643,180546.90475926
2008-07-09,27.5416,28.615,27.3643,28.1476,60470.723128515
2008-07-10,28.1476,28.1476,27.4438,28.068,113083.43077344
2008-07-11,28.1262,29.5139,28.068,28.5384,60031.978270917
2008-07-14,28.5958,28.615,27.7566,28.3419,223501.7921642
2008-07-15,27.9319,28.3029,26.6221,27.7566,40868.472230729
2008-07-16,27.3643,27.7566,27.3643,27.5991,41129.274127505
2008-07-17,27.9119,28.3419,27.58,28.3419,364697.49406095
2008-07-18,27.9319,29.0655,27.8722,29.0067,544398.15099891
2008-07-21,29.0067,30.0433,28.9279,30.0433,96968.046901821
2008-07-22,30.0433,30.0433,29.4182,29.7105,157249.96032382
2008-07-23,30.1212,30.3944,29.8084,29.9048,122612.20840825
2008-07-24,30.2575,30.2965,29.7495,29.7495,60292.780167694
2008-07-25,29.9048,30.0624,29.0067,30.0624,5279.880066502
2008-07-28,29.9048,29.9048,28.9868,29.3188,9005.8154980469
2008-07-29,29.2606,29.7105,28.8514,29.7105,12711.375781406
2008-07-30,29.5338,30.4922,29.5338,30.4922,36956.443779089
2008-07-31,30.4922,30.8832,30.4342,30.7846,117912.34089344
2008-08-01,30.4922,30.8052,29.7693,30.2376,30983.808674276
2008-08-04,30.7072,30.7072,28.9477,29.7105,23711.239115219
2008-08-05,29.7105,30.2965,29.7105,30.2965,125438.9206332
2008-08-06,30.2965,30.3163,29.3976,29.7105,35876.560925251
2008-08-07,29.3387,29.7693,29.0846,29.7105,6261.9622090492
2008-08-08,29.9843,29.9843,29.0273,29.7105,20019.262263984
2008-08-11,29.7105,30.1021,29.5338,29.7105,52183.471189814
2008-08-12,29.2606,29.2606,28.1476,29.2224,62418.58729506
2008-08-13,29.6324,29.6722,28.1851,28.7129,16548.695356366
2008-08-14,28.7129,28.7129,28.166,28.5384,20512.340850076
2008-08-18,28.2638,28.2638,27.7942,27.9517,8399.9944253276
2008-08-19,27.7942,27.7942,26.5831,27.1698,23151.601711721
2008-08-20,27.3643,27.3643,26.3873,26.6817,79196.842654317
2008-08-21,26.9145,26.9145,25.4884,25.4884,61200.15343356
2008-08-22,25.4884,25.6062,25.0187,25.4103,51076.421471728
2008-08-25,25.1755,25.4103,25.0004,25.0584,40113.233404649
2008-08-26,25.0584,25.0584,24.3945,24.432,37014.852537221
2008-08-27,24.2767,24.3945,23.8467,23.8467,28252.18047419
2008-08-28,23.7687,24.6278,23.4558,24.2966,98928.136157278
2008-08-29,24.4725,24.9797,24.2567,24.7058,63567.745652729
2008-09-01,24.8825,24.8825,24.2966,24.7854,30751.531984959
2008-09-02,25.0776,25.4103,24.8236,25.2344,85653.047942737
2008-09-03,25.4884,25.8793,25.4103,25.6835,209294.88050597
2008-09-04,25.6835,25.9964,25.6835,25.9382,210319.0712881
2008-09-05,25.7615,25.9964,25.3316,25.8609,375708.22414047
2008-09-08,25.8013,26.6413,25.4103,26.5831,106303.93980047
2008-09-09,26.5043,26.974,26.1922,26.7789,305787.50728345
2008-09-10,26.7789,26.974,25.9191,26.3873,114232.58913111
2008-09-11,26.7009,26.7009,25.9772,26.2702,58217.231739184
2008-09-12,26.2702,26.2702,25.7615,25.7615,50213.87353187
2008-09-15,25.9964,25.9964,24.8236,25.4103,53943.883993052
2008-09-16,25.0187,25.0187,23.5721,24.3945,22581.097562523
2008-09-17,24.2369,25.0187,24.2369,24.432,148784.7654243
2008-09-18,24.2369,24.7058,23.7687,24.7058,56683.662252412
2008-09-19,25.0187,27.3053,24.9797,26.974,122882.51870751
2008-09-22,27.2479,27.2479,25.4884,25.8013,41050.490221188
2008-09-23,26.1134,26.1134,24.3149,25.4103,110666.93819862
2008-09-24,25.4103,25.9964,25.0187,25.9964,7521.1463669209
2008-09-25,26.1922,26.3873,25.2734,26.3873,61463.67201676
2008-09-26,26.5831,26.5831,25.4103,26.1922,119534.20268901
2008-09-29,26.1134,26.1134,24.2767,25.4103,26595.001755092
2008-09-30,24.6278,25.0004,24.2177,24.8236,138669.18352173
2008-10-01,24.764,25.1174,24.6278,25.0187,37438.655619483
2008-10-02,25.4103,25.4103,24.1986,24.2369,55694.788393803
2008-10-03,23.8467,24.432,23.8467,24.432,7313.3198554275
2008-10-06,24.041,24.041,22.2831,23.4558,21850.308914266
2008-10-07,22.5179,23.2607,21.951,23.2607,68294.780031795
2008-10-08,22.0879,23.5338,21.1103,23.4558,72379.318071406
2008-10-09,23.0649,23.8467,22.869,23.6515,224153.79690614
2008-10-10,22.1269,22.2631,21.3061,21.5012,106154.52204711
2008-10-13,22.2631,23.0649,21.912,23.0649,40344.151750753
2008-10-14,23.8077,23.8467,22.205,23.8467,67252.930787903
2008-10-15,23.8077,23.8077,22.0879,22.2831,27794.418811619
2008-10-16,21.697,21.8722,20.4653,21.3061,51786.834971801
2008-10-17,21.8921,21.8921,18.7883,20.3284,113107.88095126
2008-10-20,21.0705,21.2074,20.4065,21.2074,38647.581078496
2008-10-21,21.2074,21.2074,20.1717,20.3078,40211.03411594
2008-10-22,20.2497,20.2497,17.7871,18.7066,87695.996134148
2008-10-23,18.8826,18.8826,16.0269,17.2003,387153.62404794
2008-10-24,17.0053,17.0053,15.7751,16.0269,84763.33313863
2008-10-27,16.0658,16.1064,14.8548,16.0269,203718.88161917
2008-10-28,16.4185,16.5746,15.8524,15.8524,97715.135668627
2008-10-29,16.8094,17.3181,16.2425,17.3181,1315184.5734883
2008-10-30,17.944,17.9822,17.3181,17.553,221682.97060283
2008-10-31,17.5905,17.6311,16.8838,17.3962,1417386.3167874
2008-11-03,17.5905,18.1788,17.2003,17.2003,150914.64758129
2008-11-04,17.5905,18.5689,17.2003,18.5689,70341.803252844
2008-11-05,18.725,18.725,17.8761,18.1788,241323.25511056
2008-11-06,17.67,17.67,16.8293,17.1613,408804.25650998
2008-11-07,16.8094,17.1967,16.8094,17.1967,43866.335700441
2008-11-10,17.4779,18.1618,17.2438,18.1317,36574.749336412
2008-11-12,17.944,18.1,17.3579,17.6774,534556.95442524
2008-11-13,17.4389,17.4389,17.0788,17.3579,75157.129940713
2008-11-14,17.7908,18.3738,17.7908,17.9822,151455.26817983
2008-11-17,17.7871,18.2943,17.3962,17.7083,132350.17089777
2008-11-18,17.857,17.857,17.3807,17.4941,247291.81518574
2008-11-19,17.4941,17.5132,17.2003,17.5132,93141.59407256
2008-11-20,17.0053,17.0053,16.149,16.6151,162322.01387882
2008-11-21,16.4185,16.8094,16.0438,16.8094,375986.684499
2008-11-24,17.0252,18.061,16.6151,17.9822,378606.92855567
2008-11-25,17.7871,18.1397,17.5905,17.9822,3914286.0180592
2008-11-26,17.9822,18.1,17.7518,17.7871,209046.3036981
2008-11-27,17.9822,18.3738,17.6045,17.9212,127003.73201385
2008-11-28,17.9034,18.0727,17.5132,17.7282,206639.31952577
2008-12-01,17.5905,17.5905,16.8883,17.2777,92979.951230288
2008-12-02,16.1145,17.7246,15.6411,17.7246,715390.46960232
2008-12-03,17.9822,17.9822,17.3962,17.5905,173461.78656352
2008-12-04,17.7871,17.7871,17.3535,17.3535,187174.26129244
2008-12-05,17.3579,17.553,17.0141,17.553,140891.43301718
2008-12-08,17.8533,18.7648,17.7871,18.7648,73217.415833442
2008-12-09,18.3738,18.7648,18.3738,18.7648,68055.711626417
2008-12-10,18.6868,18.9407,18.4563,18.9407,130838.33490239
2008-12-11,18.9407,18.9407,18.5844,18.7648,124311.49576694
2008-12-12,18.3738,18.5689,17.9822,18.3738,173120.8424172
2008-12-15,18.5689,18.7648,18.1817,18.7648,126013.49981203
2008-12-16,18.7648,19.5459,18.725,19.5459,97376.908208746
2008-12-17,19.5459,19.5459,18.901,19.0225,147400.61369088
2008-12-18,19.0225,19.0371,17.9822,18.1788,177767.73454674
2008-12-19,18.1788,18.1788,16.8094,17.5905,324667.11959225
2008-12-22,17.7871,17.7871,17.2054,17.5905,124511.17221915
2008-12-23,17.5214,18.1353,17.3181,17.9822,233290.01335258
2008-12-29,17.67,19.1439,17.67,18.9591,67527.316116803
2008-12-30,19.155,19.155,18.8038,19.0342,72856.09653895
2008-12-31,18.9989,19.1468,18.7648,18.7648,172328.92832439
2009-01-05,19.155,19.7409,19.155,19.5459,22081.22726037
2009-01-06,19.5459,20.3284,19.1601,20.2497,162355.97245914
2009-01-07,20.3284,20.3284,19.7409,20.1717,71101.117108561
2009-01-08,19.7409,20.1326,19.5657,20.1326,95232.084276406
2009-01-09,20.1134,20.1134,19.4362,19.7409,59886.635547193
2009-01-12,19.1748,19.1748,18.3974,18.5417,117796.88172038
2009-01-13,18.4563,18.4593,17.8261,18.3341,89919.603972806
2009-01-14,18.7375,18.7375,17.8106,17.9822,377327.36924961
2009-01-15,17.5905,17.7871,16.8094,16.8883,417860.33070688
2009-01-16,17.045,17.2003,16.3022,16.3994,108194.7535521
2009-01-19,16.6151,16.6931,15.9695,16.4149,29222.037527826
2009-01-20,16.4185,16.4185,15.2841,15.4372,174434.36030357
2009-01-21,14.8548,15.2458,12.7045,15.2067,477100.39488499
2009-01-22,15.4424,15.4424,13.9987,14.0738,296674.38267163
2009-01-23,14.2688,14.2762,13.0578,14.0186,310704.70971225
2009-01-26,13.9913,14.2688,13.0372,14.2688,703955.93644054
2009-01-27,14.4448,14.464,13.585,13.9685,794844.03912377
2009-01-28,14.0738,14.464,13.5224,13.5724,470767.7988289
2009-01-29,13.6828,14.0738,13.5769,13.7609,193456.59864967
2009-01-30,13.6902,13.8779,13.565,13.6629,303122.43790078
2009-02-02,13.6431,13.6431,13.116,13.2919,81492.442683231
2009-02-03,13.4479,13.4752,12.4313,12.4313,181994.89862365
2009-02-04,12.4313,12.4313,11.3962,11.3962,386148.45007077
2009-02-05,11.8446,11.9116,11.6304,11.6539,501008.593766
2009-02-06,11.7474,12.3136,11.7474,12.3136,191040.10607486
2009-02-09,12.7441,13.2131,12.5874,12.6036,79127.567150486
2009-02-10,12.9946,13.0342,12.6036,12.979,90321.67356367
2009-02-11,12.3335,12.4313,11.7665,11.7665,383957.44246921
2009-02-12,12.103,12.1067,11.1805,11.7282,237758.96252129
2009-02-13,11.7665,11.8836,11.3756,11.8446,179272.77882605
2009-02-16,11.8954,11.8954,11.0436,11.2579,424927.79044087
2009-02-17,11.2579,11.2579,10.5548,10.9464,1070809.1211795
2009-02-18,10.8257,11.3373,10.2808,11.3373,204423.86174639
2009-02-19,11.4154,12.2362,11.2232,12.1192,284178.98346099
2009-02-20,11.4935,12.1192,11.3999,12.1192,267836.75627291
2009-02-23,12.3136,12.4129,11.9233,12.3136,106593.26690471
2009-02-24,12.3136,12.3136,11.8181,12.3136,2610072.7826973
2009-02-25,12.4313,12.5094,12.2752,12.5094,422380.89691767
2009-02-26,12.5094,12.862,12.4078,12.862,410097.39924817
2009-02-27,12.862,13.2919,12.6699,13.2919,441284.9594043
2009-03-02,12.6662,13.1741,12.5094,13.1631,250705.33167843
2009-03-03,13.2131,13.2919,12.9039,13.2919,147145.24516696
2009-03-04,13.3309,13.565,13.3309,13.487,237945.05554138
2009-03-05,13.4671,13.585,13.303,13.3493,649002.8034407
2009-03-06,12.979,13.6828,12.979,13.487,159439.60958217
2009-03-09,13.487,13.487,12.7045,12.7796,348568.52675721
2009-03-10,12.8819,12.9003,12.6427,12.7796,71947.364929872
2009-03-11,13.311,13.3465,12.8304,13.1705,87268.11802225
2009-03-12,12.8222,13.1432,12.7633,13.0578,168054.22223505
2009-03-13,13.0578,13.1035,12.9039,13.049,193371.02302729
2009-03-16,13.0578,13.2602,13.0578,13.1741,235922.48249815
2009-03-17,13.1741,13.1741,12.862,12.979,840582.17177087
2009-03-18,13.0946,13.0946,12.5874,12.5874,601065.51313276
2009-03-19,12.6264,12.8819,12.4902,12.8819,218257.22902122
2009-03-20,12.6455,12.7721,12.5094,12.7721,650529.58121141
2009-03-23,12.8819,13.565,12.8819,13.3309,188975.42439205
2009-03-24,13.8779,13.9957,13.409,13.5253,281148.51975419
2009-03-25,13.487,14.0738,13.487,13.8779,446271.43733692
2009-03-26,14.0738,14.1517,13.8816,14.0738,205969.65632208
2009-03-27,14.0738,14.8166,14.0738,14.1864,741345.69170438
2009-03-30,13.8382,14.2254,13.7219,14.0738,442309.15018642
2009-03-31,14.1555,14.5817,14.0031,14.5817,172256.93613413
2009-04-01,14.5427,14.5773,13.8779,14.0701,310856.84415204
2009-04-02,14.3461,14.8519,13.9987,14.7414,350144.20488357
2009-04-03,14.7577,16.0269,14.7577,15.6374,579429.82244606
2009-04-06,17.8651,17.8651,15.6411,16.1845,331481.92748874
2009-04-07,16.1373,16.3405,15.6374,16.0982,269131.2573543
2009-04-08,16.0269,17.1231,15.6374,16.4185,1909548.0212113
2009-04-09,16.8094,17.2003,16.6541,16.8094,177057.32104667
2009-04-14,17.0053,17.67,16.8094,17.5132,250293.75368509
2009-04-15,17.2071,17.5132,17.1349,17.4359,726791.04418378
2009-04-16,17.5905,17.5905,17.3219,17.4742,1403192.9885613
2009-04-17,17.6311,17.67,16.8227,17.3579,104597.86072573
2009-04-20,17.5905,17.5905,16.8094,17.5132,195829.6242417
2009-04-21,17.4742,17.5132,17.2166,17.3962,267649.3049096
2009-04-22,17.2777,17.9005,17.2166,17.5721,264071.42888821
2009-04-23,17.3999,17.874,17.3999,17.8651,118213.89308658
2009-04-24,17.9034,18.3738,17.4551,18.3738,237176.23328318
2009-04-27,18.3658,18.3738,17.9895,18.3658,17974.95572936
2009-04-28,17.9866,18.2943,17.9822,18.061,293024.51445998
2009-04-29,17.8857,19.3898,17.8857,18.6072,386464.94403926
2009-04-30,18.4909,20.4065,18.4909,20.4065,123106.64533755
2009-05-04,20.4455,21.0322,20.4065,20.6406,625935.41900814
2009-05-05,20.9336,20.9336,20.0928,20.6406,481053.173633
2009-05-06,19.9368,20.4455,19.5459,20.4455,268634.10373857
2009-05-07,20.6612,20.6612,19.7807,19.9176,386113.13314726
2009-05-08,19.8985,19.8985,18.9709,19.3464,154757.40052911
2009-05-11,19.6828,19.6828,19.3898,19.4679,163222.59542863
2009-05-12,19.7409,20.7584,19.5459,20.7193,138402.94825211
2009-05-13,20.5243,20.5243,19.7409,19.8985,386684.99563967
2009-05-14,19.8588,20.2497,19.1601,19.9368,65779.128402476
2009-05-15,19.819,19.9368,19.5864,19.9368,176676.9849472
2009-05-18,19.7027,20.2107,19.7027,20.1717,28311.947575534
2009-05-19,20.3284,20.3284,20.2305,20.3284,153280.88145725
2009-05-20,20.2107,20.3284,19.9368,20.2887,38332.445453225
2009-05-21,20.3284,20.3284,19.8772,20.3284,48765.879667478
2009-05-22,20.1326,20.1326,19.7409,19.8985,37101.786502813
2009-05-25,20.3284,20.3284,19.6636,20.3284,6377.421382101
2009-05-26,20.2497,20.3284,20.1326,20.3284,45213.812167117
2009-05-27,20.7193,20.7193,20.3674,20.6406,195972.25027899
2009-05-28,20.5243,20.6612,19.9368,20.6612,20096.68782709
2009-05-29,20.4653,20.6612,19.7027,20.2497,397163.25517993
2009-06-01,20.6612,20.6796,20.4455,20.6796,76086.236697978
2009-06-02,20.7193,20.9932,20.4455,20.9145,54969.433118395
2009-06-03,21.5012,21.5012,20.6016,20.7193,103983.88959374
2009-06-04,20.4264,20.7193,20.4264,20.6988,106616.35873932
2009-06-05,20.6988,20.9145,20.4455,20.5434,47345.052667334
2009-06-08,20.1326,20.5243,19.5864,20.5243,74866.444493265
2009-06-09,20.3284,21.1103,20.3284,20.7584,205574.37844727
2009-06-10,21.0322,21.0322,20.7584,20.8946,15699.730848632
2009-06-12,20.7193,21.0904,20.6406,20.9145,550230.87675284
2009-06-15,20.9535,21.3244,20.7584,21.1103,114993.26133004
2009-06-16,20.9145,21.2274,20.8356,21.0904,20148.30486916
2009-06-17,21.1103,21.1103,20.6406,21.0904,13568.490348415
2009-06-18,21.0322,21.0322,20.5243,20.8563,63737.538554276
2009-06-19,20.2887,21.0904,20.0163,21.0904,65253.449579288
2009-06-22,20.9535,20.9535,20.3476,20.7193,17264.542229287
2009-06-23,20.3284,20.7193,20.1326,20.3284,42839.428231886
2009-06-24,20.3284,20.3284,19.5459,20.1517,61656.556752918
2009-06-25,20.3078,20.3078,19.5223,19.5223,91625.68304755
2009-06-26,20.0163,20.0163,19.4877,19.5864,31104.701220177
2009-06-29,19.5459,19.5459,19.116,19.233,98208.214254719
2009-06-30,19.4281,19.5459,19.0776,19.5459,253529.32721696
2009-07-01,19.5864,19.5864,19.155,19.5864,10948.246291743
2009-07-02,19.5459,19.6828,19.35,19.5377,17188.475009394
2009-07-03,19.1601,19.7027,19.1601,19.3898,78585.588208749
2009-07-06,19.9368,19.9368,19.1785,19.3898,18891.837397713
2009-07-07,19.5429,19.5429,19.2536,19.4679,25690.34517565
2009-07-08,18.8929,19.2734,18.8929,19.1439,9867.0050946927
2009-07-09,18.9989,19.2926,18.9215,19.155,30372.554228707
2009-07-10,19.155,19.5864,18.9642,19.155,108441.97201675
2009-07-13,19.155,19.155,18.8929,19.155,15277.286109582
2009-07-14,19.7807,20.3284,19.5864,19.8588,270105.18943757
2009-07-15,20.3284,20.3476,19.9368,19.9368,187795.0241405
2009-07-16,20.3078,20.3078,19.9368,20.0554,6533.6308515242
2009-07-17,20.0163,20.0554,19.5657,19.9368,213011.30753503
2009-07-20,20.3284,20.3284,19.9368,20.1326,271118.513474
2009-07-21,20.3284,20.3284,20.0554,20.2887,20623.724993491
2009-07-22,20.2887,20.3284,19.9574,20.2887,75548.332785877
2009-07-23,20.2887,20.3284,20.0928,20.2107,211947.72479974
2009-07-24,20.3284,20.3284,20.1517,20.3078,570103.43794989
2009-07-27,20.5243,21.1883,20.5243,21.1493,706841.05742362
2009-07-28,21.5012,21.5012,21.1103,21.2664,201393.39803958
2009-07-29,21.4622,21.4622,20.9336,21.365,251260.8940523
2009-07-30,21.3061,21.5012,21.0705,21.5012,229114.46631773
2009-07-31,21.2274,23.0649,21.2274,23.045,1084653.3552001
2009-08-03,22.7512,23.2607,22.6938,23.1805,39116.209486766
2009-08-04,23.2989,23.2989,22.2831,22.2831,99891.201494852
2009-08-05,22.2241,23.2989,22.0879,22.2241,134778.88856149
2009-08-06,22.6541,23.4558,22.3603,22.869,299415.51927421
2009-08-07,22.869,23.0649,22.2241,22.6733,32522.811533896
2009-08-10,23.0649,23.3395,23.0649,23.3395,23488.470828391
2009-08-11,23.8467,24.6094,23.8467,24.3738,156295.04504551
2009-08-12,24.2369,24.5895,22.713,24.5895,103009.95751047
2009-08-13,24.6675,25.0004,24.6278,24.6278,233819.7672054
2009-08-14,24.6278,24.9024,24.2369,24.4725,227339.11173916
2009-08-17,24.4136,24.4136,23.0649,24.4136,50310.315899949
2009-08-18,24.432,24.5895,23.8467,23.9056,34716.535821883
2009-08-19,23.9637,24.4725,23.8467,24.2369,42389.81662859
2009-08-20,24.432,24.7854,24.2369,24.2369,102777.68082115
2009-08-21,24.2767,25.1365,24.2567,25.1365,508795.97540255
2009-08-24,25.0187,25.0584,24.5498,25.0187,85617.731019215
2009-08-25,25.0187,25.4103,24.0226,25.4103,179270.06213963
2009-08-26,25.5863,25.5863,24.5107,25.0776,119126.6997253
2009-08-27,25.0187,25.4103,24.3945,24.6094,244285.80165675
2009-08-28,25.0187,25.1174,24.8626,25.0004,68870.717553842
2009-08-31,24.8236,25.1755,24.8236,24.8236,156330.36196903
2009-09-01,24.6867,24.6867,24.041,24.2369,14163.444675435
2009-09-02,24.2369,24.2369,22.4781,23.4558,55455.719988425
2009-09-03,23.4558,23.8077,22.9869,23.5721,14951.283738612
2009-09-04,23.4558,23.8467,23.1031,23.6515,251307.07772152
2009-09-07,24.1596,25.0187,23.5721,25.0187,21040.73635969
2009-09-08,25.0187,25.0982,24.8626,25.0187,253699.12011851
2009-09-09,24.8236,24.9797,24.8236,24.8236,100272.89593753
2009-09-10,25.0004,25.0004,23.7687,24.6278,151722.86179266
2009-09-11,24.6278,25.0187,24.2567,25.0187,191811.64501949
2009-09-14,25.1953,25.1953,24.3149,24.7456,108554.71450338
2009-09-15,24.7456,24.7456,23.67,24.1596,300661.11999996
2009-09-16,24.041,24.2767,24.041,24.1986,48244.275873927
2009-09-17,24.8825,24.8825,23.4558,24.2369,406883.55920768
2009-09-18,24.1986,24.2369,23.5139,24.2369,153563.41684543
2009-09-21,23.8467,24.4519,23.8467,24.2369,9136.2164464349
2009-09-22,23.67,24.8236,23.67,24.7854,54267.169677598
2009-09-23,24.8236,24.9797,24.6485,24.8236,47251.32698568
2009-09-24,24.764,25.2145,24.6278,25.0187,162063.92866847
2009-09-25,25.1365,25.1365,24.5696,24.7058,150335.99337283
2009-09-28,24.6278,25.0187,24.6278,25.0187,56445.952190247
2009-09-29,25.4884,25.4884,24.6485,25.0187,28161.17147896
2009-09-30,24.7058,25.2145,24.6867,24.7854,36099.329212081
2009-10-01,24.8236,25.8013,24.8236,25.3706,130275.98081247
2009-10-02,25.0187,25.2145,24.3149,24.6278,130089.88779238
2009-10-05,24.2966,24.432,23.8857,24.2369,88680.79496312
2009-10-06,24.5107,24.5107,23.924,24.2369,263261.85633363
2009-10-07,24.2966,24.5107,23.9431,24.1596,65996.463316456
2009-10-08,24.061,24.432,23.9637,24.432,295146.24655771
2009-10-09,24.2369,24.2369,23.9829,24.1198,81108.031554129
2009-10-12,24.3945,24.4725,24.041,24.4725,91243.988604873
2009-10-13,24.2369,24.4725,23.9829,24.1,47293.435625263
2009-10-14,24.1,25.0187,23.9637,24.8236,334066.85462189
2009-10-15,25.0187,25.0187,24.2966,24.7456,104038.22332223
2009-10-16,25.0187,25.3507,24.8236,25.0187,309834.01171313
2009-10-19,25.2145,25.4103,24.8434,25.2145,176542.50896918
2009-10-20,25.2145,25.4103,25.2145,25.4103,5071610.7351213
2009-10-21,25.4103,25.4103,25.1564,25.3316,453554.87364168
2009-10-22,25.3124,25.3316,24.764,25.3316,3590.1011103074
2009-10-23,25.4103,25.6835,25.2145,25.4103,4381647.0921114
2009-10-26,25.4103,25.4103,24.8236,24.8626,77691.798375006
2009-10-27,25.0187,25.0187,24.5498,24.6867,70737.081127645
2009-10-28,24.6278,24.9797,24.5895,24.5895,212582.07107992
2009-10-29,24.6278,25.0004,24.002,24.8236,146421.24823477
2009-10-30,24.9024,25.0187,24.5895,25.0187,220175.20963709
2009-11-02,25.4103,25.4103,24.6278,24.6278,482632.92678899
2009-11-03,24.6278,24.6675,23.6515,23.9637,389408.47378048
2009-11-04,24.8626,25.8013,24.8626,25.2536,544279.97513943
2009-11-05,25.2536,25.2536,24.9598,24.9797,140653.72295502
2009-11-06,25.1755,25.6253,25.0982,25.4494,541229.13628443
2009-11-09,25.4686,26.7789,25.4686,26.7789,8569158.4139671
2009-11-10,27.0322,27.0322,26.5831,26.7599,75189.73017781
2009-11-12,26.7599,26.7599,25.9964,26.2901,324402.24266585
2009-11-13,26.1922,26.896,26.0935,26.6413,75767.026043071
2009-11-16,27.0911,27.15,26.7009,26.7789,122377.21503251
2009-11-17,27.2081,27.3053,26.8179,27.1698,141934.64060429
2009-11-18,26.7599,27.0911,26.7009,26.974,234901.00840245
2009-11-19,26.9343,26.9343,25.8793,25.8793,540961.54267159
2009-11-20,25.9574,26.1134,25.6835,25.9964,311940.80203552
2009-11-23,26.0362,26.6612,26.0362,26.6612,75033.520708388
2009-11-24,26.6612,27.2081,26.6612,26.9343,163025.63566283
2009-11-25,26.7599,27.3643,26.5831,27.1698,235164.52698566
2009-11-26,26.974,26.974,26.1922,26.1922,24065.76669365
2009-11-27,25.9964,26.1922,25.4103,25.9964,191558.99318199
2009-11-30,26.0155,27.3643,25.9964,26.7981,110772.88896919
2009-12-01,26.974,27.3259,26.8562,26.974,36912.976796293
2009-12-02,26.974,27.5026,26.5831,26.5831,237868.98832149
2009-12-03,26.7981,28.3419,26.7981,28.3419,48592.011736294
2009-12-04,28.3419,28.4597,27.9517,28.1476,40652.495659961
2009-12-07,27.7942,28.3221,27.56,27.7566,20888.601919904
2009-12-08,28.1078,28.1262,27.7566,27.9892,223947.32873786
2009-12-09,27.9892,27.9892,27.6388,27.8928,160878.09504406
2009-12-10,27.7566,27.9517,27.6388,27.9517,82470.449796141
2009-12-11,28.0305,28.0305,27.677,27.8141,190523.93565416
2009-12-14,27.9517,28.0879,27.56,27.8722,1377550.185398
2009-12-15,28.068,29.6324,27.8722,29.6324,116574.37282924
2009-12-16,29.3188,29.5139,28.9279,29.3188,148301.19524068
2009-12-17,29.3188,29.3188,29.0067,29.123,182835.71307211
2009-12-18,29.0846,30.0624,29.0067,29.6324,206538.80212806
2009-12-21,29.1429,29.9048,29.1429,29.7693,119603.47819284
2009-12-22,29.7892,30.1794,29.7105,29.8084,116737.37401472
2009-12-23,29.7105,29.8275,29.6722,29.7105,255231.33126207
2009-12-28,29.8084,29.8084,29.3188,29.3188,66512.633737159
2009-12-29,29.123,29.1429,28.5384,28.5384,184583.90078644
2009-12-30,28.5384,28.615,27.7566,27.8339,269982.93854847
2009-12-31,28.5384,28.5384,27.3643,27.3643,167369.61725601
2010-01-04,27.677,27.9517,27.677,27.9517,101991.20010118
2010-01-05,28.4987,28.7129,28.1476,28.3624,2516340.3093273
2010-01-06,28.5384,29.4955,28.5384,29.4955,270031.8389041
2010-01-07,29.6914,29.6914,29.3188,29.4557,302261.24830413
2010-01-08,29.5139,30.0034,29.5139,29.7693,78413.078620777
2010-01-11,29.8474,30.0823,29.8474,30.0233,201843.00964287
2010-01-12,30.0034,30.0034,29.4955,29.6914,47186.126511486
2010-01-13,29.6515,29.6515,29.3188,29.6132,193987.71084571
2010-01-14,29.7892,29.7892,29.2415,29.3188,91047.028839078
2010-01-15,29.3188,29.3188,28.5384,28.7327,174332.48456265
2010-01-18,29.2606,29.2606,28.7327,28.7527,5836.8007835758
2010-01-19,28.8896,29.2996,28.576,28.9279,78547.554598802
2010-01-20,29.2996,30.0233,28.9279,29.7105,1099464.7295878
2010-01-21,29.6914,29.7105,29.3188,29.5139,77742.057073864
2010-01-22,29.2996,29.3188,28.5384,28.9279,249694.72432842
2010-01-25,29.3976,29.3976,28.9279,29.2812,101184.34423303
2010-01-26,29.2415,29.2415,28.5384,29.2018,337714.00614712
2010-01-27,29.3188,29.6722,28.9279,29.4365,519245.70973535
2010-01-28,29.4182,29.7105,29.3188,29.3976,87299.359916134
2010-01-29,29.3195,29.5919,29.1995,29.4764,96781.953881726
2010-02-01,29.5727,29.5934,28.9279,28.9279,250487.99676445
2010-02-02,29.2812,29.5727,28.9684,28.9868,46635.997510474
2010-02-03,29.2812,29.3188,29.0067,29.2415,124204.18665315
2010-02-04,29.2812,29.5537,27.7566,27.7566,546278.09800482
2010-02-05,27.677,28.2638,27.2081,28.2638,317504.5758334
2010-02-08,28.2638,28.7327,27.1698,27.7566,177380.60673122
2010-02-09,28.0879,28.3029,27.7566,28.2638,163131.5864334
2010-02-10,28.3419,28.3419,27.7566,27.7566,71795.230490086
2010-02-11,27.7566,28.1476,27.4438,27.4438,36053.14554286
2010-02-12,27.4438,28.9279,27.4438,28.5384,278152.01462768
2010-02-15,28.2057,28.7327,28.2057,28.5384,6101.6777099889
2010-02-16,29.123,29.123,28.1476,28.4214,44334.96410871
2010-02-17,29.2018,29.2018,28.7327,28.9868,84680.474202676
2010-02-18,28.5384,28.8896,28.5384,28.576,49658.311158009
2010-02-19,28.3624,28.7327,28.3624,28.6548,115968.55175652
2010-02-22,28.6548,28.7917,28.3419,28.4597,45758.507795279
2010-02-23,28.8514,28.9279,28.1851,28.4214,47580.046043074
2010-02-24,28.1476,28.8514,27.8339,28.8514,86309.127714314
2010-02-25,28.4597,28.8514,28.4597,28.8109,17245.525424314
2010-02-26,28.2638,28.8698,27.9319,28.5384,139607.79868148
2010-03-01,28.9279,29.1031,28.615,28.6357,21668.290923807
2010-03-02,29.0273,29.0457,28.5384,28.9279,55429.91146739
2010-03-03,28.9279,29.123,28.6938,28.7327,14156.652959374
2010-03-04,28.6548,28.9087,28.2248,28.5384,13065.903359836
2010-03-05,28.9684,28.9684,28.615,28.7327,28359.489587967
2010-03-08,28.9087,28.9279,28.5384,28.5384,69047.30217145
2010-03-09,28.6938,29.9048,28.6747,29.9048,54678.747670946
2010-03-10,29.5139,29.9446,29.3593,29.6722,22085.302290006
2010-03-11,29.5934,29.7304,29.5934,29.5934,15017.842556019
2010-03-12,29.9048,29.9048,28.615,28.615,29332.063328028
2010-03-15,28.7917,28.9684,28.576,28.7327,322484.26204997
2010-03-16,28.9279,29.2606,28.7917,29.0846,6520.0474194005
2010-03-17,29.2018,29.7105,28.8896,29.5139,137241.56480553
2010-03-18,29.9048,29.9048,29.4365,29.7105,476709.19203983
2010-03-19,29.7495,29.8658,29.7105,29.7105,165228.86835331
2010-03-22,29.5139,30.1021,29.5139,29.7105,224923.97750756
2010-03-23,30.4533,31.255,30.4533,30.7264,391224.57865542
2010-03-24,30.7647,31.6658,30.7072,31.6658,1158128.8562438
2010-03-25,31.9772,31.9772,31.2741,31.2741,613029.80014737
2010-03-26,31.2741,31.6459,30.4922,31.1556,366081.64579436
2010-03-29,31.5465,31.587,31.1181,31.1762,6045.9856382815
2010-03-30,31.2741,31.2741,30.8832,30.9031,186143.27879425
2010-03-31,30.7647,31.4486,30.7647,31.2749,526015.69230583
2010-04-01,31.2351,31.7431,31.2351,31.4509,142899.06428507
2010-04-06,31.7431,33.2288,31.5281,32.7988,318061.49655047
2010-04-07,32.7988,32.7988,32.0751,32.4469,186083.5116929
2010-04-08,32.1929,32.3895,31.47,31.626,534633.02164513
2010-04-09,31.2741,32.4079,31.2741,32.2128,83085.779271347
2010-04-12,31.8601,32.134,31.5679,31.6658,72822.137958641
2010-04-13,31.8601,32.0169,31.6658,32.0169,107709.82502528
2010-04-14,32.2503,32.4469,31.7239,32.4469,352697.89012283
2010-04-15,33.0719,33.0719,32.1539,32.4469,452310.63125915
2010-04-16,32.8378,32.8378,31.294,32.134,99986.285519719
2010-04-19,31.9772,32.095,30.8832,32.095,289885.38329618
2010-04-20,31.6658,32.4469,31.6658,32.427,50682.501940139
2010-04-21,32.7988,32.7988,31.7239,32.427,46898.157750463
2010-04-22,32.6427,32.6427,31.7048,32.095,6355.6878907031
2010-04-23,32.095,32.095,31.626,31.8609,353557.72137626
2010-04-26,32.4469,32.4469,31.7431,32.4079,737037.02703473
2010-04-27,31.7431,31.8601,30.962,31.626,124629.34807863
2010-04-28,30.6101,30.6874,29.7105,30.1993,697837.958612
2010-04-29,30.4731,30.9803,30.2965,30.8832,152285.21588258
2010-04-30,31.3544,31.7445,31.2749,31.6658,303555.74938553
2010-05-04,32.095,32.2128,30.6874,31.138,16907.297964433
2010-05-05,30.7264,31.1181,28.9279,28.9279,39789.947720104
2010-05-06,29.7105,30.8832,29.7105,29.7495,219561.23850509
2010-05-07,29.3188,29.9446,28.7527,28.9279,340388.58393229
2010-05-10,29.5537,31.0783,29.5537,30.2184,152543.30109293
2010-05-11,30.6101,30.6874,30.0624,30.1403,179506.41385858
2010-05-12,30.0624,30.4922,29.7105,29.9446,333463.75023559
2010-05-13,30.1021,30.7471,29.9048,29.9048,149559.02105535
2010-05-14,30.2965,30.2965,29.7105,29.7105,24156.775688878
2010-05-17,28.7129,29.3188,28.2638,29.3188,49838.970805254
2010-05-18,29.7105,29.9048,29.3976,29.4756,35454.116186202
2010-05-19,29.3188,29.3188,28.1476,28.1476,46585.738811616
2010-05-20,28.5384,28.5384,26.974,27.0521,21835.36713893
2010-05-21,27.1698,27.697,27.1698,27.3643,122072.94615293
2010-05-24,27.6572,28.3419,27.6572,28.1078,84961.651247638
2010-05-25,27.5026,27.9517,27.5026,27.6572,26593.643411879
2010-05-26,27.9892,28.9684,27.3643,27.3643,181810.16394677
2010-05-27,27.8722,29.1429,27.8339,28.7718,115131.8123377
2010-05-28,29.3188,29.3976,28.9279,29.0655,83619.60815381
2010-05-31,29.0846,29.5919,28.7924,29.5919,48416.785461897
2010-06-01,29.5934,29.9446,29.0655,29.3188,65648.727454088
2010-06-02,28.7327,29.5139,28.7327,28.9477,152702.22724879
2010-06-04,29.5139,29.5139,29.0273,29.3778,47221.443435008
2010-06-07,28.7327,29.5537,28.5384,29.3188,67841.093398862
2010-06-08,29.8275,29.8275,29.2018,29.2018,333356.44112182
2010-06-09,28.9477,30.1021,28.9477,30.1021,7199.219025588
2010-06-10,29.7105,30.0624,29.3593,29.5338,94859.898236214
2010-06-11,30.0624,30.0624,29.3188,29.3188,78957.774248939
2010-06-14,29.7304,30.0823,29.5338,29.7892,59310.698025146
2010-06-15,29.7892,30.1021,29.5139,30.1021,21230.904409423
2010-06-16,30.1396,30.8066,29.7325,29.7325,89778.33627872
2010-06-17,29.7686,30.0816,29.5544,29.5544,59193.880508882
2010-06-18,29.67,30.1235,28.9485,29.5132,94130.467931169
2010-06-21,29.1628,29.8864,29.1628,29.5139,66971.753742942
2010-06-22,29.5132,29.7112,29.0067,29.0067,85715.531730505
2010-06-23,29.3778,29.3778,28.9279,29.0846,37721.191007656
2010-06-24,29.5544,29.5544,28.9279,28.9279,34037.364215695
2010-06-25,29.3983,29.3983,28.3434,28.3434,15648.113806561
2010-06-28,29.2791,29.2791,28.6732,28.9279,15281.36113922
2010-06-29,29.2791,29.2791,28.6357,28.9279,152070.59765503
2010-06-30,29.1237,29.3225,28.8491,28.9279,95574.386765923
2010-07-01,28.0644,28.5377,28.0644,28.2087,38484.579893011
2010-07-02,28.8042,28.8255,28.4132,28.8255,26702.310868869
2010-07-05,29.0317,29.2371,28.8255,29.1546,13510.081590283
2010-07-06,29.0317,29.5883,29.0317,29.4631,23117.643131412
2010-07-07,29.4631,29.9785,29.2371,29.4837,41335.742295786
2010-07-08,29.6906,29.9785,29.6494,29.7325,84876.075625258
2010-07-09,29.9785,29.9785,29.6906,29.7525,23315.961240419
2010-07-12,29.9785,30.267,29.6494,30.1028,33689.628353328
2010-07-13,30.267,30.8847,30.1235,30.8434,162577.38240275
2010-07-14,30.9252,31.4192,30.8847,30.9252,263858.16900387
2010-07-15,30.9664,31.4611,30.9252,30.9252,40209.675772727
2010-07-16,30.7205,31.2557,30.5542,30.5542,199706.33576981
2010-07-19,30.4938,30.8434,30.4938,30.4938,295775.15946503
2010-07-20,30.5542,30.5542,30.4938,30.4938,91814.49275407
2010-07-21,30.4938,31.2749,30.0617,31.2749,305980.39201961
2010-07-22,31.2557,31.2962,30.8434,31.2962,116305.4208732
2010-07-23,31.4192,31.6658,31.2962,31.2962,112910.92118547
2010-07-26,31.2962,31.8535,31.2962,31.3794,50198.931756534
2010-07-27,31.626,32.181,31.5428,31.7085,720603.79085141
2010-07-28,31.3794,32.0788,31.3794,31.5024,44893.243168997
2010-07-29,31.4,31.9139,31.4,31.7085,194368.04694517
2010-07-30,31.7085,32.0574,31.5841,31.8322,337401.58720827
2010-08-02,32.0376,32.5315,31.9139,32.1612,453393.23079941
2010-08-03,32.5315,32.8202,32.0376,32.0376,238359.35022115
2010-08-04,32.0574,32.4903,31.9544,32.1407,239129.53082258
2010-08-05,32.388,32.882,32.1407,32.4079,205582.52850654
2010-08-06,32.5315,33.6845,32.5315,32.8613,295074.25436746
2010-08-09,32.9431,33.3554,32.5315,32.5315,40062.974705791
2010-08-10,32.5315,32.9431,31.9964,32.0169,602804.19244461
2010-08-11,32.0169,32.8613,31.7085,32.1192,526484.3207141
2010-08-12,31.9139,32.1192,31.9139,32.1192,126814.92230734
2010-08-13,32.1612,32.5315,32.1192,32.1192,72633.32825212
2010-08-16,32.1192,32.4704,32.1192,32.1192,4913.1273991607
2010-08-17,32.1192,32.9026,32.1192,32.4704,89967.145985239
2010-08-18,32.6147,32.6147,32.1192,32.1192,26096.489796151
2010-08-19,32.2849,32.7377,32.0376,32.0376,27856.902599388
2010-08-20,31.9346,32.5116,31.9346,32.2025,113565.64261384
2010-08-23,32.0788,32.5728,32.0788,32.4079,125178.11873643
2010-08-24,32.5728,32.5728,31.7085,31.7085,215766.02756972
2010-08-25,32.0788,32.181,31.2962,31.4,76322.588416932
2010-08-26,31.7909,31.7909,31.3168,31.4,82894.252878402
2010-08-27,31.2962,31.8322,31.2962,31.6658,146567.94930169
2010-08-30,31.9544,31.9544,31.6466,31.6658,62796.206708101
2010-08-31,31.6658,32.0788,31.3375,32.0788,180408.3537516
2010-09-01,31.9139,32.7377,31.7291,31.9346,35992.020098302
2010-09-02,32.4079,32.882,31.894,31.894,66223.306632923
2010-09-03,31.9964,32.7377,31.9964,32.7377,44507.473696682
2010-09-06,33.0255,33.0667,32.5315,32.5315,13212.604426773
2010-09-07,32.5521,32.9431,32.5315,32.7377,11903.161570043
2010-09-08,32.223,32.9431,32.223,32.5116,167339.73370534
2010-09-09,32.9026,32.9026,32.3254,32.5315,60692.133072132
2010-09-10,32.4483,32.7796,32.3254,32.6346,108428.38858463
2010-09-13,32.6346,32.8613,32.5521,32.6751,100457.63061441
2010-09-14,32.8202,33.1904,32.8202,33.0462,46987.808402479
2010-09-15,32.9851,33.3554,32.9026,33.3554,181751.75518864
2010-09-16,33.15,33.5203,33.1286,33.4371,62860.048839082
2010-09-17,33.5615,34.5906,33.5615,34.0967,109237.9611392
2010-09-20,34.0967,34.5906,34.0967,34.5906,93917.208046826
2010-09-21,34.7143,36.0741,34.3639,35.0442,214131.94068524
2010-09-22,35.0022,35.558,35.0022,35.2076,26093.773109726
2010-09-23,35.0022,35.2076,34.7961,35.0022,237470.99376026
2010-09-24,34.6731,36.5673,34.6731,35.7236,601380.64875804
2010-09-27,35.9085,36.2375,35.0862,35.4137,99730.916995792
2010-09-28,35.9085,35.9085,35.4557,35.8267,545702.16048278
2010-09-29,36.4849,36.6498,35.9703,36.0321,119409.23511347
2010-09-30,35.9085,36.5055,35.8267,36.0932,111878.58034406
2010-10-01,36.0741,36.2375,35.8665,35.9085,119655.09523491
2010-10-04,35.9909,36.2176,35.8267,36.0741,46019.309692056
2010-10-05,35.8267,36.4231,35.6199,36.0321,122654.31704783
2010-10-06,36.4436,36.4436,35.8267,36.2375,41523.193659094
2010-10-07,36.2375,36.2375,35.6199,36.0321,99682.016640146
2010-10-08,35.9085,36.2375,35.8267,36.2375,130184.97181724
2010-10-11,36.2375,36.2375,35.6199,36.0741,136901.97900244
2010-10-12,36.0108,36.2787,35.8267,35.8665,19265.381781116
2010-10-13,36.2375,36.8559,36.0741,36.0741,57846.404042206
2010-10-14,35.9283,36.6704,35.8267,35.8267,57365.550545025
2010-10-15,35.8267,36.2375,35.4137,35.8267,18139.315258057
2010-10-18,35.6199,36.5673,35.6199,36.0321,50476.033771859
2010-10-19,36.4436,37.0194,35.8267,35.8267,67076.346170295
2010-10-20,35.3733,36.4231,35.0641,35.8665,35239.497958647
2010-10-21,36.2375,36.32,35.7024,36.0321,100357.1132167
2010-10-22,35.4351,36.0321,35.4351,36.0108,182360.29294778
2010-10-25,36.2176,36.2375,36.0741,36.1352,25151.082920338
2010-10-26,36.0741,36.2375,35.8267,35.8267,11798.56914269
2010-10-27,35.6618,36.8972,35.6618,36.6498,59860.827026158
2010-10-28,37.0194,37.0194,36.2581,36.7322,6965.5839930595
2010-10-29,36.7713,37.3889,36.6881,37.0614,53787.674523629
2010-11-02,37.0614,38.544,37.0194,37.0194,62601.963628731
2010-11-03,37.0614,37.7416,37.0614,37.4729,29477.406051752
2010-11-04,37.7202,38.3585,37.7004,37.7004,59526.674595914
2010-11-05,37.7202,37.8859,37.0614,37.7608,208941.71127075
2010-11-08,38.1317,38.7486,37.8859,38.6463,44895.959855421
2010-11-09,37.679,39.5327,37.679,38.8738,53571.697952861
2010-11-10,39.903,39.903,39.1197,39.3685,137306.76527973
2010-11-12,37.905,39.903,37.905,39.3258,134742.21329476
2010-11-15,38.9151,41.0139,38.7089,39.5527,48741.429489655
2010-11-16,40.3558,40.3558,38.318,39.5327,280410.93938987
2010-11-17,38.3791,39.2647,37.7416,37.8859,199688.67730804
2010-11-18,38.5852,38.6271,37.9264,38.0088,65408.300705497
2010-11-19,38.0088,38.544,37.1644,37.679,54551.063408983
2010-11-22,38.7906,38.7906,35.9085,35.9085,195021.41003033
2010-11-23,36.2581,36.772,36.0321,36.772,83381.898091645
2010-11-24,36.6498,36.6498,36.0741,36.32,178525.69005925
2010-11-25,36.8972,37.0812,36.32,36.917,16096.367066645
2010-11-26,37.308,37.308,36.2375,37.0614,59992.586317758
2010-11-29,37.0614,37.4729,35.9085,36.2375,47425.194916864
2010-11-30,36.2375,37.1239,36.2375,36.8559,265795.16642471
2010-12-01,36.6498,37.0614,36.2375,37.0614,72747.42908196
2010-12-02,37.7821,39.5327,36.6498,39.5327,64339.284597359
2010-12-03,39.1197,39.9443,39.1197,39.5327,162112.82902412
2010-12-06,39.3258,39.5327,39.1404,39.5114,20496.040731528
2010-12-07,39.1624,39.5527,38.1523,39.1197,201863.38479106
2010-12-08,39.5327,39.7374,39.1197,39.7374,104781.2370594
2010-12-09,39.7374,39.9443,38.7295,39.8618,104045.01503829
2010-12-10,39.7374,40.3145,38.7906,40.3145,90347.482084705
2010-12-13,39.5725,40.2947,39.5725,40.1901,15739.12280179
2010-12-14,40.2313,40.3145,39.4091,39.9443,56133.533251401
2010-12-15,39.1197,40.3558,39.1197,40.3558,112307.81679917
2010-12-16,40.3558,40.7673,38.9151,39.1197,97803.427977432
2010-12-17,39.1197,39.7595,38.7089,38.7089,49959.863351156
2010-12-20,38.9563,39.2235,38.5852,38.5852,19767.968769694
2010-12-21,38.4615,39.2022,38.3997,38.544,84510.681301129
2010-12-22,38.667,38.667,38.4203,38.5021,44933.993465368
2010-12-23,38.544,38.7089,38.4203,38.7089,490079.36427923
2010-12-27,38.9563,38.9563,38.2959,38.2959,427246.4823044
2010-12-28,38.3386,38.9349,38.1317,38.1317,67970.136004038
2010-12-29,38.9165,38.9769,38.3783,38.5049,163909.91709409
2010-12-30,38.544,38.9769,38.2981,38.9555,152577.25967325
2010-12-31,39.1212,39.1212,38.3172,38.5049,115054.38677459
2011-01-03,38.2959,38.7089,38.2959,38.4615,113672.95172761
2011-01-04,38.4615,38.7906,37.0614,37.8027,113545.26746565
2011-01-05,38.5852,38.5852,36.6498,37.0614,144486.96750033
2011-01-07,37.8859,37.8859,36.5673,37.0614,88955.18029202
2011-01-10,37.2675,38.0485,37.0614,37.8027,44625.649556159
2011-01-11,38.2959,38.2959,37.4942,37.8859,26732.194419542
2011-01-12,38.5852,39.4091,38.1936,39.1197,98834.410475624
2011-01-13,39.4289,39.4289,37.8859,37.8859,113656.65160906
2011-01-14,38.4615,38.5021,37.4942,37.8859,24231.484565559
2011-01-17,37.7202,38.3585,37.679,38.2959,267965.79887808
2011-01-18,38.1936,38.4615,38.0287,38.2959,24667.512736731
2011-01-19,38.2768,38.7906,38.2768,38.7906,15523.146231022
2011-01-20,38.7089,38.7089,37.8859,38.7089,23110.85141535
2011-01-21,38.2959,38.9762,38.1737,38.7089,190280.79221914
2011-01-24,38.3386,38.5852,37.7202,38.2959,34765.436177528
2011-01-25,38.2561,38.544,38.2561,38.4203,93042.435018056
2011-01-26,38.2959,38.9151,38.2959,38.5234,37721.191007656
2011-01-27,38.5234,38.7089,38.5021,38.7089,14316.937458434
2011-01-28,38.6271,39.1197,38.3386,39.1197,22037.760277574
2011-01-31,38.2981,39.2832,37.3102,39.2832,93368.437389026
2011-02-01,38.2561,39.3067,38.2561,38.8311,61027.643845588
2011-02-02,38.7906,39.2846,38.3997,39.2846,123909.42617607
2011-02-03,39.3258,39.4289,39.0793,39.3258,27142.414069679
2011-02-04,39.5327,39.5327,38.7295,39.0793,10930.587829982
2011-02-07,39.3258,39.3258,39.1197,39.1197,173260.75176808
2011-02-08,39.1624,39.1624,38.7089,39.0991,25932.130267453
2011-02-09,39.1624,39.1624,37.5141,37.5141,136717.24432556
2011-02-10,38.0905,38.2355,36.2375,36.2375,369008.87541703
2011-02-11,36.2787,36.4017,35.2076,36.2375,363809.13760005
2011-02-14,36.6498,36.9782,36.5673,36.691,115790.6087957
2011-02-15,36.7123,37.2675,36.7123,37.0614,56152.550056374
2011-02-16,37.0614,37.3286,36.9994,37.0614,609231.87252557
2011-02-17,37.3698,37.3698,36.362,36.362,186291.33820439
2011-02-18,36.6498,36.8559,36.32,36.8154,58988.770683813
2011-02-21,36.8559,37.2064,36.6498,37.1438,90502.333210916
2011-02-22,36.8154,37.0614,36.2375,37.0407,26161.690270344
2011-02-23,36.3811,37.3499,36.362,37.0614,99509.507052175
2011-02-24,37.0194,37.0614,36.5673,37.0194,60705.716504255
2011-02-25,37.0614,37.2476,36.9994,37.0194,28674.625213238
2011-02-28,37.1048,38.5049,37.0208,38.5049,164618.97225095
2011-03-01,38.2561,38.5234,37.8859,38.5234,125749.98122884
2011-03-02,38.4829,38.4829,37.9676,38.2959,61433.788466089
2011-03-03,38.4829,39.0586,38.2959,38.8311,212667.64670229
2011-03-04,38.9151,38.9151,38.3386,38.3386,130591.11643775
2011-03-07,38.3791,38.9151,38.2959,38.9151,30934.908318631
2011-03-08,38.544,38.7486,38.2959,38.7089,161967.48630039
2011-03-09,38.7089,39.0991,38.3386,39.0991,99448.381607618
2011-03-10,39.0793,39.0793,38.544,39.0793,58809.46937978
2011-03-11,38.9151,39.038,38.5234,39.038,51159.280407683
2011-03-14,38.9563,39.9443,38.7089,39.9443,181975.88181868
2011-03-15,38.7906,39.8817,38.7089,39.2846,120239.18281623
2011-03-16,39.2846,39.6557,38.8937,39.038,167205.25772731
2011-03-17,39.0387,39.4496,38.7104,38.9165,20156.454928434
2011-03-18,38.9975,39.1197,38.6271,38.6271,150963.54793694
2011-03-21,39.3067,39.3067,38.5646,39.0586,24016.866338004
2011-03-22,38.7486,38.8738,38.3997,38.667,32628.762304462
2011-03-23,38.7089,38.9151,38.5021,38.9151,19046.688523924
2011-03-24,39.1808,39.1808,38.7089,39.1197,9678.1953881726
2011-03-25,39.0991,39.1624,39.0991,39.1624,28564.599413036
2011-03-28,39.1808,40.6863,39.1808,40.4794,175104.02350727
2011-03-29,40.4794,41.1177,40.4794,40.7886,51777.326569314
2011-03-30,41.7973,43.2394,41.5911,41.8798,352336.57082834
2011-03-31,41.8782,42.1668,41.5897,41.5897,230726.81971082
2011-04-01,41.9621,42.4973,41.6743,42.2912,205888.15572934
2011-04-04,42.8264,43.896,42.7852,42.7852,895005.55091788
2011-04-05,43.0318,43.0318,41.9209,42.2095,2271053.4087231
2011-04-06,42.085,42.6203,41.9209,42.085,195822.83252563
2011-04-07,41.9209,42.9509,41.9209,42.3324,283848.90606038
2011-04-08,42.9089,42.9089,41.7973,41.7973,369641.863354
2011-04-11,42.4973,42.9089,42.2095,42.8264,85324.328885341
2011-04-12,42.7035,43.0318,41.6317,42.4973,643053.26017049
2011-04-13,42.4149,43.4861,42.4149,42.8264,617426.75712582
2011-04-14,43.0318,43.3616,42.4149,42.8264,222834.84564692
2011-04-15,43.2792,43.2792,42.4149,42.8264,132863.62463204
2011-04-18,43.1975,43.1975,42.2912,42.4149,324836.9124938
2011-04-19,42.25,42.7852,42.25,42.5378,288756.60008669
2011-04-20,43.2394,43.2394,42.1263,42.2095,139916.1425907
2011-04-21,42.9509,42.9509,41.9621,42.2095,50154.106430525
2011-04-26,42.0019,42.5378,42.0019,42.3722,65112.1818852
2011-04-27,42.4149,42.7035,41.9209,42.0019,40710.904418094
2011-04-28,42.3722,42.4149,41.7973,42.0019,23620.23011999
2011-04-29,42.4163,42.4163,41.0552,41.1781,60121.628922934
2011-05-02,41.9621,41.9621,41.0559,41.5911,34254.699129675
2011-05-04,41.1795,41.6743,40.026,40.4794,347257.72555727
2011-05-05,40.9337,41.5109,40.3779,41.1781,178468.63964433
2011-05-06,41.5499,42.4149,41.4682,41.8798,195002.39322535
2011-05-09,41.8798,41.8798,40.0679,40.1084,241070.60327306
2011-05-10,40.6024,40.8917,39.8,39.8,210980.58443253
2011-05-11,40.1496,40.1496,39.2228,39.2663,133519.70440362
2011-05-12,39.7176,40.7261,39.038,39.2442,206536.08544163
2011-05-13,39.5327,39.7374,38.8311,39.5938,102371.53620065
2011-05-16,39.0181,40.3558,38.9151,40.0061,137194.02279309
2011-05-17,40.3558,40.3558,38.9151,39.8618,89647.935330332
2011-05-18,39.8618,40.1695,39.1197,40.1695,159203.25786322
2011-05-19,39.5938,40.0473,39.3067,39.7374,127805.15450916
2011-05-20,40.1282,40.333,39.9657,40.0885,60849.700884767
2011-05-23,39.8618,39.8618,39.2022,39.4091,51085.929874215
2011-05-24,39.3472,39.6152,38.9151,39.1624,127927.40539828
2011-05-25,39.1808,39.3258,39.1197,39.2647,131051.59478674
2011-05-26,39.3258,39.5327,38.7486,39.2647,86825.298135016
2011-05-27,39.2663,39.6166,38.8105,39.5938,138871.57666039
2011-05-30,39.7374,39.9443,39.6152,39.7374,69654.481587382
2011-05-31,39.861,40.2726,39.6166,39.7374,1222189.6804827
2011-06-01,39.7374,39.9443,39.6969,39.6969,288271.67155988
2011-06-02,39.7374,40.2527,39.7374,40.1298,211476.37970504
2011-06-03,40.1893,40.3152,39.6549,39.7374,125495.97104812
2011-06-06,39.9053,39.9053,39.3274,39.3274,125089.82642762
2011-06-07,39.5335,40.0275,39.5335,39.7374,207143.26485757
2011-06-08,39.8206,40.1282,39.4105,40.0885,154334.95579006
2011-06-09,40.1893,40.2726,39.5335,39.7374,174492.7690617
2011-06-10,39.9443,40.0275,39.7779,39.9214,39948.873875951
2011-06-13,39.7374,40.1496,39.7374,39.9443,91237.19688881
2011-06-14,40.2497,40.5788,39.6387,39.8125,155744.9160445
2011-06-15,40.0746,40.0746,38.106,38.8937,179355.637762
2011-06-16,38.9379,39.7248,38.3687,39.6593,268380.09355785
2011-06-17,39.376,39.9657,38.9379,39.5069,387571.99375735
2011-06-20,39.5069,39.7248,38.4998,38.4998,68900.601104515
2011-06-21,38.9379,39.1138,37.8439,38.9379,385719.21361567
2011-06-22,39.0689,39.0689,38.0626,38.3687,205829.7469712
2011-06-24,38.5882,38.7626,38.0626,38.0626,58108.564282194
2011-06-27,38.0626,38.0626,36.7499,37.6245,266005.70962263
2011-06-28,37.5376,37.866,37.188,37.866,34495.125878265
2011-06-29,37.866,38.2385,37.2093,37.5604,65872.85408413
2011-06-30,37.9749,38.106,37.2977,38.0626,292792.23777066
2011-07-01,38.2812,38.2812,37.7128,37.9749,170920.32641316
2011-07-04,38.4998,38.7848,38.1509,38.3687,90670.76776925
2011-07-05,38.2812,38.3901,37.7128,37.9308,220412.91969926
2011-07-06,38.0626,38.1722,37.1445,37.1445,452159.85516257
2011-07-07,37.5376,37.6245,37.1445,37.5376,69901.700052035
2011-07-08,37.6245,37.8004,36.4436,36.7499,207380.97491973
2011-07-11,36.7499,36.9252,35.4381,35.5043,165480.16184759
2011-07-12,35,35.416,34.0378,35.1973,225646.61609654
2011-07-13,35,38.0626,34.7806,38.0626,531262.97213524
2011-07-14,38.0192,38.0192,37.2535,37.4492,126085.49200229
2011-07-15,37.188,37.6031,36.532,36.9686,127825.52965735
2011-07-18,36.6844,37.1652,36.356,36.9038,213250.3759404
2011-07-19,36.8817,36.9914,35.9843,36.1161,250323.63723576
2011-07-20,36.356,37.1445,36.1161,36.7499,124667.38168858
2011-07-21,37.2756,37.581,36.4436,37.4492,129178.43949687
2011-07-22,37.6245,37.9529,36.9252,37.4073,139040.01121871
2011-07-25,37.188,37.4073,36.4665,37.057,76966.443099597
2011-07-26,37.1445,37.1445,35.8966,35.9195,171478.60547345
2011-07-27,36.0939,36.2257,35.3062,35.3062,135875.07153389
2011-07-28,35.4593,36.1375,34.7371,36.0939,515116.34636973
2011-07-29,35.2635,36.4871,35.2635,36.0284,163401.89673266
2011-08-01,36.532,36.7072,35.4381,35.4381,44102.687419395
2011-08-02,35,35.9629,34.5856,35.4381,368544.3220384
2011-08-03,34.5627,35.3062,33.9944,34.4964,438410.70516691
2011-08-04,34.2123,35.131,33.7971,33.9723,244603.65396845
2011-08-05,33.2501,33.2501,31.9602,32.8135,295769.72609219
2011-08-08,31.8064,32.9224,31.8064,32.8997,259080.87592594
2011-08-09,32.3093,32.8135,29.9468,30.1875,370739.40466959
2011-08-10,30.4945,31.3684,26.7319,27.3223,428217.69770125
2011-08-11,27.3429,28.0437,26.251,27.9789,319584.19929155
2011-08-12,27.9995,29.7509,27.125,29.7509,228418.994593
2011-08-16,29.5323,30.1006,28.4597,29.5529,125649.46383112
2011-08-17,29.3129,30.013,29.0935,29.7509,100836.60837067
2011-08-18,29.5095,29.5095,26.7105,26.8407,181850.91424314
2011-08-19,26.8407,28.0872,25.3971,27.3429,194157.50374726
2011-08-22,28.219,28.219,27.147,27.9561,70449.112366622
2011-08-23,27.8251,28.4369,27.3657,28.4369,149654.10508022
2011-08-24,28.8749,28.8749,26.9711,27.5623,141216.07704494
2011-08-25,27.9995,27.9995,26.2062,26.6876,245991.8807315
2011-08-26,26.2938,27.2788,26.031,27.1036,161210.88913111
2011-08-29,27.125,28.2403,27.125,28.1755,42797.319592302
2011-08-30,28.1755,29.8378,28.1755,29.7509,230430.70089052
2011-08-31,29.991,30.5372,28.4369,28.4369,187970.25041489
2011-09-01,28.9632,29.4874,27.7816,28.8749,143973.51376606
2011-09-02,27.9995,28.4369,27.8699,28.1527,348125.70686997
2011-09-05,27.9561,27.9995,27.125,27.5623,130721.51738613
2011-09-06,26.9063,28.219,26.9063,27.5416,44340.397481561
2011-09-07,28.2403,28.6562,26.9932,28.4369,272658.87467684
2011-09-08,28.2403,28.5907,27.2788,27.5844,105426.45008528
2011-09-09,27.5844,27.5844,26.251,26.469,173752.47201096
2011-09-12,25.5937,26.251,24.9164,26.2062,116549.92265142
2011-09-13,26.6876,26.8629,25.615,25.615,52533.923738607
2011-09-14,25.8359,27.0808,25.8359,26.2938,118143.25923954
2011-09-15,26.0751,28.6562,26.0751,27.8699,141264.97740059
2011-09-16,28.4369,30.1875,27.1912,30.1006,324275.91674709
2011-09-19,28.9839,30.1228,28.5686,30.1228,331340.65979466
2011-09-20,30.1006,32.5507,29.575,31.4126,230292.14988286
2011-09-21,31.4126,32.5933,30.6468,31.5444,287815.26824052
2011-09-22,30.5158,30.6248,28.4597,29.3129,334933.47759139
2011-09-23,29.7509,29.7509,27.7816,28.0872,132738.65705651
2011-09-26,27.9995,30.6248,27.125,29.2253,78080.284533745
2011-09-27,30.8884,31.0621,29.7929,30.4945,462485.98026304
2011-09-28,30.6248,30.7786,29.6184,30.5372,193521.79912387
2011-09-29,30.6248,31.2152,29.9255,31.1939,218804.64133581
2011-09-30,31.0407,31.0407,29.706,30.4062,231359.80764779
2011-10-03,29.7509,29.904,29.3778,29.6634,168672.26839668
2011-10-04,29.1384,29.5323,28.132,28.8749,153552.55009973
2011-10-05,29.4874,30.4062,29.1812,30.3841,65406.942362286
2011-10-06,30.7131,30.8221,29.6634,30.6042,296797.99190396
2011-10-07,30.6248,30.6248,29.6634,29.7509,163593.4231256
2011-10-10,29.7716,30.2538,29.1606,29.3129,148934.18317765
2011-10-11,30.1228,30.1228,29.4013,29.8172,268932.93924529
2011-10-12,30.0565,30.4062,29.7281,30.1228,133192.34368944
2011-10-13,29.7929,30.1875,29.0067,29.0067,68964.443235496
2011-10-14,29.2253,29.3563,28.132,28.8749,344929.52529126
2011-10-17,29.0935,29.7281,28.1092,28.5244,572965.46709837
2011-10-18,28.4369,29.2474,28.1755,29.2474,144666.26880437
2011-10-19,29.4653,30.4503,29.2908,30.1006,227647.45564837
2011-10-20,29.7509,30.1006,29.5323,29.6634,75870.260127211
2011-10-21,29.3343,31.4567,29.3343,31.4567,89960.354269177
2011-10-24,31.4567,31.8727,31.0621,31.2823,345081.65973105
2011-10-25,31.1505,31.9154,31.0621,31.4346,152903.26204422
2011-10-26,31.2366,32.1561,31.0621,32.0243,105929.03707386
2011-10-27,32.3755,32.7686,31.9809,32.5933,340706.43624398
2011-10-28,32.5507,32.8135,32.1561,32.6596,99460.606696529
2011-10-31,32.8135,33.2501,30.6042,32.8135,333279.01555871
2011-11-02,30.9524,32.1561,30.9524,31.5002,275438.04488936
2011-11-03,31.5002,32.1127,31.0621,31.2152,209551.60737311
2011-11-04,31.2152,31.4346,30.2096,30.6248,131359.93869595
2011-11-07,30.2317,30.5821,29.8805,30.0565,361991.6743819
2011-11-08,30.2965,30.4945,30.1875,30.1875,217419.13125918
2011-11-09,30.7559,30.7559,29.3563,29.4013,50486.900517557
2011-11-10,28.6996,29.3129,28.6996,29.1149,59013.220861636
2011-11-14,30.2317,30.2317,29.2908,29.8805,152051.58085005
2011-11-15,29.706,29.706,28.5686,29.1149,290804.98165096
2011-11-16,29.1149,29.2253,28.7445,29.2253,173888.30633219
2011-11-17,29.1384,29.1384,27.9995,28.5473,83550.332649979
2011-11-18,28.6349,29.6846,28.3058,29.3129,519761.88015605
2011-11-21,29.3129,29.3563,28.6121,29.3129,125116.99329187
2011-11-22,29.6634,29.6634,28.8528,29.1149,126105.86715048
2011-11-23,28.3934,29.3563,28.3934,28.4369,54953.132999846
2011-11-24,28.5473,29.1384,28.132,29.1384,122007.74567874
2011-11-25,28.788,29.2688,28.2403,29.0067,131415.63076765
2011-11-28,29.1384,29.8172,28.919,29.8172,139072.61145581
2011-11-29,29.6405,29.8599,28.8094,28.8969,206484.46839956
2011-11-30,28.4825,31.325,28.0665,31.325,280681.24968912
2011-12-01,30.8655,31.4781,30.2317,31.2366,169041.73775045
2011-12-02,31.3463,32.3534,31.2366,31.7188,119894.16364029
2011-12-05,31.6967,32.1347,31.5656,31.8498,182951.17224516
2011-12-06,31.8498,32.5507,31.2152,32.2872,106640.80891714
2011-12-07,32.3755,32.3755,31.5877,31.7188,298102.00138784
2011-12-08,32.1561,32.3321,31.0621,31.0621,163827.05815813
2011-12-09,30.6689,31.6311,30.2317,31.2366,96426.067960083
2011-12-12,31.0407,31.4567,29.706,29.706,64996.722712149
2011-12-13,30.5821,30.5821,29.0508,29.7509,165500.53699578
2011-12-14,30.0565,30.0565,29.1812,29.9689,233315.82187361
2011-12-15,29.6184,30.3628,29.0508,30.3628,173764.69709987
2011-12-16,30.3628,30.9752,29.2474,29.4874,619049.97726461
2011-12-19,29.5323,30.5372,29.1812,29.7509,188247.35243021
2011-12-20,29.4874,30.1875,29.2908,29.4226,185544.24943759
2011-12-21,29.4653,29.5972,28.6562,28.8749,230596.41876244
2011-12-22,28.6996,30.1875,28.6996,30.1875,134072.55009106
2011-12-23,30.1875,30.2751,29.1812,29.5323,106898.89412749
2011-12-27,29.7509,30.0785,29.4226,29.7509,46371.120584061
2011-12-28,29.575,29.706,28.788,29.3129,109615.58055225
2011-12-29,29.4013,30.4062,28.6121,30.4062,250782.75724154
2011-12-30,29.3534,29.7936,29.3129,29.7082,111494.16921496
2012-01-02,29.9689,29.9689,29.3778,29.6405,47457.795153961
2012-01-03,29.8805,29.8805,29.3778,29.8805,80662.49498047
2012-01-04,29.8805,30.4945,29.3129,30.4945,249308.95485611
2012-01-05,30.4062,30.4062,29.6184,30.0337,291749.03018356
2012-01-09,30.2538,30.2751,29.5529,30.2751,64571.561286675
2012-01-10,29.9689,30.5821,29.3343,29.3343,148498.15500648
2012-01-11,29.8805,30.0785,28.5907,29.4653,130732.38413183
2012-01-12,29.5095,30.4945,29.4653,30.4062,118601.02090211
2012-01-13,30.4945,30.9752,30.1875,30.7559,197232.79278008
2012-01-16,30.7345,31.9154,30.6248,31.8498,78721.422529986
2012-01-17,32.2002,33.228,32.2002,32.2002,249811.54184469
2012-01-18,32.7906,32.7906,32.0243,32.3534,172733.71460168
2012-01-19,32.681,32.681,30.9318,31.2152,288244.50469563
2012-01-20,31.5002,32.1347,30.6248,30.8434,170321.2970565
2012-01-23,31.2601,31.5444,30.4062,30.4062,175792.70351594
2012-01-24,30.6468,30.7559,29.9689,29.9689,152184.69848487
2012-01-25,30.5821,31.5656,30.3841,30.8434,216802.44344076
2012-01-26,31.0621,32.7686,30.7993,31.9809,334997.31972237
2012-01-27,32.3755,32.7686,31.9602,31.9602,65243.941176801
2012-01-30,32.1561,32.5286,31.2366,31.6967,130350.68968915
2012-01-31,31.9802,32.7244,31.4994,32.7244,398202.3877374
2012-02-01,32.8135,33.9288,32.3968,33.7315,220396.6195807
2012-02-02,34.1254,34.3227,33.3811,33.468,151217.55811765
2012-02-03,33.359,34.3006,33.2059,33.2059,111199.40873787
2012-02-06,33.6881,34.2123,33.6881,33.8626,271962.04460889
2012-02-07,34.344,34.6275,33.3156,33.3156,191018.37258346
2012-02-08,33.4908,34.5627,33.359,33.359,134357.80216566
2012-02-09,34.082,34.4538,32.4639,33.1838,146673.90007226
2012-02-10,32.4639,34.082,32.4639,32.8997,155084.76124328
2012-02-13,33.666,33.666,32.8135,33.2943,141747.18924098
2012-02-14,33.0093,33.359,32.6162,32.8135,187520.6388116
2012-02-15,33.2729,33.5998,32.6376,32.9872,135186.3915252
2012-02-16,32.6376,33.5998,32.6376,33.5998,130517.76590428
2012-02-17,34.0378,34.0584,33.2729,33.6881,125361.4950701
2012-02-20,33.4908,33.9723,33.404,33.6881,81609.260199495
2012-02-21,33.5998,33.8405,33.404,33.6881,44108.120792244
2012-02-22,33.6881,34.0157,33.0315,33.2059,150852.16379353
2012-02-23,33.906,34.9131,33.6446,34.191,591296.30874937
2012-02-24,34.2123,34.9566,34.1696,34.1696,134091.56689603
2012-02-27,34.1254,34.1254,33.1625,33.337,91731.633818114
2012-02-28,33.4253,34.191,32.9872,33.4253,102937.96532021
2012-02-29,33.9944,34.0385,33.2501,33.7521,326695.12600833
2012-03-01,33.7757,34.0584,32.9438,33.6881,99877.618062728
2012-03-02,33.337,33.8626,33.2501,33.8626,345646.73050739
2012-03-05,33.2729,34.0157,33.2501,33.2501,68307.005120706
2012-03-06,33.337,34.5405,32.8349,32.9659,136229.59911232
2012-03-07,33.228,33.2501,31.5877,32.8135,344641.55653023
2012-03-08,33.0093,33.6446,32.4852,32.9224,249842.78373858
2012-03-09,32.8783,33.5136,32.681,32.9438,87981.248208747
2012-03-12,32.7906,33.2059,32.3321,32.5933,60063.220164802
2012-03-13,32.572,33.2059,31.7622,32.7251,174703.31225962
2012-03-14,32.9872,33.906,32.9224,33.906,132913.8833309
2012-03-15,33.2501,34.344,33.1197,34.344,88955.18029202
2012-03-16,33.6446,35.3939,33.5563,35,387188.94097145
2012-03-19,34.7806,35.8532,34.2785,35.6125,75249.497279155
2012-03-20,35.4381,35.4381,34.8027,34.9566,45368.663293328
2012-03-21,35,35.3062,34.3662,34.9566,45226.037256029
2012-03-22,34.9566,35,33.5136,33.6881,147938.51760298
2012-03-23,33.7757,34.8689,33.0315,34.6944,102671.73005058
2012-03-26,34.1254,35.218,34.1254,34.7371,38878.4994246
2012-03-27,35.218,35.218,34.2558,34.5627,100336.73806851
2012-03-28,34.8689,35.176,34.2558,34.2558,133332.25304031
2012-03-29,34.0378,34.9566,33.7094,33.906,127040.40728059
2012-03-30,33.8619,34.1254,33.2052,33.5136,361248.66064473
2012-04-02,33.2059,34.4964,33.2059,34.4758,151805.72072861
2012-04-03,34.5185,34.9566,34.344,34.6496,60041.486673404
2012-04-04,33.9501,34.8689,33.8192,34.2558,173518.83697843
2012-04-05,34.1254,34.5405,33.8192,34.2558,34519.576056088
2012-04-10,34.5627,34.5627,33.9723,34.2123,311753.35067221
2012-04-11,34.4758,34.9566,33.359,34.1254,95960.156238238
2012-04-12,34.5627,34.9131,34.1254,34.3876,163498.33910075
2012-04-13,34.5627,34.7371,34.146,34.5185,124594.03115511
2012-04-16,34.2123,34.9131,34.2123,34.5627,46292.336677744
2012-04-17,34.7158,34.7371,34.0378,34.7371,99610.024449891
2012-04-18,34.8248,34.8248,33.906,34.1254,156104.87699579
2012-04-19,34.4088,34.6944,32.8562,33.666,73853.120456833
2012-04-20,33.337,33.906,32.4639,32.572,102732.85549514
2012-04-23,32.4411,33.666,31.1055,31.9382,179753.63232323
2012-04-24,32.1127,32.2223,30.6248,32.0243,117408.39556164
2012-04-25,32.5933,33.1838,31.9809,32.7906,76994.968307058
2012-04-26,32.7906,34.3006,32.0471,32.7251,172133.32690181
2012-04-27,32.2002,33.6881,32.2002,33.6881,153229.26441518
2012-04-30,33.1639,33.4665,32.5521,33.1639,158632.75371401
2012-05-02,33.2501,33.2501,32.3321,32.9438,81462.559132559
2012-05-04,33.2501,33.2501,32.1782,32.3755,94016.367101329
2012-05-07,32.3755,33.6446,32.1782,33.6446,158155.97524647
2012-05-08,33.5998,33.9288,32.5933,32.681,199118.17315885
2012-05-09,32.6162,33.6881,32.6162,33.6881,94220.118583186
2012-05-10,33.3811,33.6446,32.8562,33.5998,135725.65378052
2012-05-11,33.0749,33.666,32.3755,32.9659,142386.96889401
2012-05-14,32.5933,33.1838,31.0187,31.9382,202270.88775477
2012-05-15,32.5933,32.5933,31.3684,31.5002,59203.388911368
2012-05-16,31.7622,32.3321,30.7345,32.2651,126152.0508197
2012-05-17,32.2452,32.6376,31.1725,31.1725,134088.8502096
2012-05-18,31.1284,32.3534,31.0621,31.8277,65670.460945487
2012-05-21,32.7251,32.7251,31.6746,31.6746,45769.374540979
2012-05-22,32.2651,32.3755,30.6911,32.3755,289088.03583051
2012-05-23,31.4567,32.3534,30.8434,30.8434,74821.619167258
2012-05-24,31.0842,31.2823,30.013,30.5372,275034.61695528
2012-05-25,30.7993,30.9524,29.5323,30.3414,253829.5210669
2012-05-28,30.6248,30.8221,29.7716,30.4062,34329.408006355
2012-05-29,30.4724,30.909,29.7716,30.909,54052.551450042
2012-05-30,30.3193,31.3684,29.1149,30.3414,170876.85943036
2012-05-31,29.8798,31.699,29.8798,31.5855,178177.95419688
2012-06-01,31.8727,31.8727,30.1875,30.4062,111473.79406677
2012-06-04,30.4503,31.2823,30.2096,30.9318,59840.451877973
2012-06-05,31.1733,31.4994,30.8007,31.283,170811.65895617
2012-06-06,31.4765,31.7401,30.6697,31.283,76232.937764915
2012-06-08,31.6746,32.2872,31.2823,31.8277,66920.136700871
2012-06-11,32.3755,32.8135,31.9602,32.0243,144586.12655484
2012-06-12,32.0029,33.906,31.7188,33.468,209406.26464938
2012-06-13,33.906,34.1254,32.5058,32.5507,126660.07118113
2012-06-14,32.5507,34.0584,32.1561,32.1561,174207.51698711
2012-06-15,32.7693,33.6446,31.8086,32.3114,651853.96584347
2012-06-18,33.8854,33.8854,31.325,31.325,102977.35727337
2012-06-19,31.7622,33.1625,31.5223,32.8135,192335.96549946
2012-06-20,32.8135,34.4317,32.3968,33.9501,322216.66843713
2012-06-21,33.8626,34.8476,33.8626,34.3006,112185.56591006
2012-06-22,34.0798,34.7828,33.6896,34.2565,94042.175622365
2012-06-25,33.5578,34.5612,33.5578,34.3425,85738.623565116
2012-06-26,34.5612,35.7436,34.2565,34.8689,234244.92863087
2012-06-27,34.7828,35.7215,34.7828,35.6361,130585.68306489
2012-06-28,35.4365,35.4365,34.6061,34.7828,116674.89022696
2012-06-29,35.7436,35.7436,35.2643,35.3505,106763.05980626
2012-07-02,35.79,35.79,34.1254,34.1254,103081.94970072
2012-07-03,34.8962,35.5536,34.7143,35.5536,80098.782547334
2012-07-04,34.919,35.8267,34.919,35.6228,11882.786421858
2012-07-05,35.7126,37.1864,35.6897,36.1882,95154.6587133
2012-07-06,35.734,36.9597,35.734,36.5062,104297.6668758
2012-07-09,35.5993,36.3707,35.3726,35.3726,58839.352930452
2012-07-10,35.5993,36.6188,35.5307,36.2787,75748.009238097
2012-07-11,36.2787,36.7558,35.6669,36.6653,99472.831785441
2012-07-12,36.2787,36.9141,36.2787,36.733,72892.771805685
2012-07-13,36.9597,37.0503,36.6424,36.9597,39671.771860627
2012-07-16,37.0959,37.255,36.5968,37.255,54320.14506288
2012-07-17,37.2771,37.2771,36.733,37.0738,97840.103244165
2012-07-18,37.1173,37.1173,36.4598,36.4598,34969.187659384
2012-07-19,37.0275,37.3676,36.3472,36.733,151898.08806706
2012-07-20,36.5062,36.7786,36.0976,36.0976,76393.222263975
2012-07-23,36.0976,36.0976,33.8758,33.8758,118114.73403208
2012-07-24,33.8758,34.8962,33.5578,34.8962,81746.452863945
2012-07-25,34.8277,35.5764,34.3521,35.1457,26532.517967322
2012-07-26,35.4174,35.4174,34.0113,34.0113,135362.97614281
2012-07-27,34.6923,34.7371,34.0113,34.1475,57845.045698993
2012-07-30,34.3742,34.8277,34.0348,34.6238,37147.970172034
2012-07-31,34.3065,36.733,34.3065,36.733,181116.05056525
2012-08-01,36.2787,36.733,35.8937,36.5062,262933.13727623
2012-08-02,36.733,36.733,35.5993,36.733,39520.995764053
2012-08-03,36.6188,36.7102,36.0528,36.7102,107453.09815814
2012-08-06,36.6874,37.3676,36.6874,37.2771,51138.905259498
2012-08-07,37.1864,37.9573,37.1864,37.6856,56872.471958933
2012-08-08,37.436,39.0004,37.436,38.547,114781.3597889
2012-08-09,39.1367,41.6765,38.6832,40.1334,182375.23472311
2012-08-10,38.7965,40.0885,38.7965,39.4532,66880.744747713
2012-08-13,39.1808,40.1334,39.1808,39.9295,39074.100847182
2012-08-14,40.587,40.6782,38.0935,38.0935,175252.08291742
2012-08-16,38.3195,39.0004,38.0935,38.1384,190811.90441518
2012-08-17,39.3178,39.3178,36.7786,36.7786,84861.133849922
2012-08-20,36.8464,37.8203,36.733,36.733,77803.182518421
2012-08-21,37.1636,37.9801,36.3928,36.9597,74620.584371825
2012-08-22,36.9369,36.9825,36.3707,36.5062,50296.732467825
2012-08-23,36.6188,36.9825,35.8267,36.1433,58832.56121439
2012-08-24,36.1433,36.8243,35.4623,36.2787,85912.4914963
2012-08-27,36.8676,37.3226,36.3707,36.3707,24670.229423156
2012-08-28,36.415,37.1401,36.3024,36.733,81143.348477651
2012-08-29,36.7786,36.9597,35.8267,35.8267,51873.768937393
2012-08-30,35.8481,36.5062,34.9639,34.9639,101881.17430098
2012-08-31,35.4174,35.8267,35.1907,35.4623,66291.223793542
2012-09-03,36.1433,37.0738,36.0064,36.3928,142181.85906894
2012-09-04,37.0503,37.0503,35.734,35.8267,122123.20485179
2012-09-05,35.8024,36.6874,35.8024,36.2787,251850.41500647
2012-09-06,36.3707,37.7762,36.3244,36.8464,272787.91728202
2012-09-07,37.7526,38.3195,37.1864,38.3195,125888.5322365
2012-09-10,38.5005,39.4532,38.5005,39.4532,136940.01261238
2012-09-11,39.4532,40.2476,38.6375,40.2476,191281.89116666
2012-09-12,40.2476,40.2704,38.7729,39.0004,115688.73305477
2012-09-13,38.6147,39.4091,38.6147,38.7729,37533.739644348
2012-09-14,39.2722,39.3405,38.2745,38.9776,222455.86789066
2012-09-17,38.9776,39.68,38.547,39.68,43366.465398287
2012-09-18,38.5912,39.8176,38.5912,39.0004,50933.795434429
2012-09-19,39.7484,40.2019,39.2272,40.2019,115487.69825934
2012-09-20,39.521,40.5428,39.4304,40.5428,141539.36272948
2012-09-21,40.587,40.8821,39.9067,40.8593,151209.40805838
2012-09-24,40.8145,40.8145,39.6351,39.6351,58577.192690464
2012-09-25,39.998,41.2223,39.7484,40.0885,127014.59875956
2012-09-26,39.953,40.157,38.8643,39.0004,116257.87886076
2012-09-27,39.3855,40.0436,38.7965,39.1367,174572.91131123
2012-09-28,39.0004,39.9067,38.7729,39.9067,149144.72637558
2012-10-01,39.1808,41.6986,39.0226,41.2223,229301.91768104
2012-10-02,40.7909,41.3577,40.587,41.3577,133997.84121438
2012-10-03,41.3577,41.4711,40.3838,41.3136,100156.07842127
2012-10-04,41.4711,41.4711,40.8593,41.2671,67322.206291735
2012-10-05,41.449,42.1749,40.9271,42.1749,124940.40867426
2012-10-08,42.0387,42.0387,40.9507,41.0869,47653.396576543
2012-10-09,41.4711,41.4711,39.68,40.587,120654.83583922
2012-10-10,40.3603,40.8821,39.8176,40.4294,66382.232788771
2012-10-11,40.4971,41.3136,40.0436,40.0885,92687.907439627
2012-10-12,40.2704,40.6326,40.0664,40.4971,45971.767679622
2012-10-15,40.4971,41.2671,40.1114,41.2671,50527.650813929
2012-10-16,40.905,43.1946,40.7909,42.401,161077.77149629
2012-10-17,42.2655,43.944,42.2655,43.0812,97486.934008948
2012-10-18,43.0812,43.5126,42.401,43.0377,91267.080439483
2012-10-19,42.8552,43.2865,42.401,42.401,76303.571611959
2012-10-22,42.401,43.0591,42.1749,42.6284,40717.696134156
2012-10-23,42.945,42.945,41.1767,41.2671,92979.951230288
2012-10-24,41.2671,42.1521,40.8145,40.8593,50246.473768967
2012-10-25,40.8145,41.3136,40.4066,41.2671,41171.38276709
2012-10-26,41.2671,42.1072,40.6105,42.0387,69495.555431535
2012-10-29,42.0387,42.0387,41.1538,41.8105,39021.125461899
2012-10-30,40.905,41.8105,40.905,41.4034,17337.892762755
2012-10-31,41.8105,42.1521,40.9955,42.1521,52779.783860046
2012-11-02,42.401,43.944,41.9246,43.944,136358.64171749
2012-11-05,42.8102,43.3992,42.6056,42.6056,168915.4118317
2012-11-06,42.0608,42.0608,41.2901,41.6301,84287.913014299
2012-11-07,41.449,41.9033,39.0004,40.5428,223390.40802078
2012-11-08,40.9734,40.9955,39.953,40.8145,62751.381382092
2012-11-09,40.9734,41.019,39.9744,41.019,83069.479152799
2012-11-12,40.4507,41.6301,40.4507,41.5852,25356.192745405
2012-11-13,41.5852,42.1072,40.9507,41.653,132854.11622956
2012-11-14,41.2671,41.9474,40.8145,41.8105,72367.092982496
2012-11-15,41.8105,41.9931,41.4034,41.8105,99300.322197469
2012-11-16,41.5167,42.0608,41.5167,41.9033,58286.507243015
2012-11-19,42.0608,42.356,41.7207,42.0836,46390.137389034
2012-11-20,41.9474,42.2655,41.7671,41.7671,42453.658759571
2012-11-21,41.7671,42.5827,41.7671,42.2205,76711.074575671
2012-11-22,42.5143,42.6284,41.7207,41.7207,48450.744042207
2012-11-23,42.5607,42.7867,41.8805,42.6284,61979.842437463
2012-11-26,42.9914,42.9914,42.1749,42.5607,34146.031672685
2012-11-27,42.741,42.9914,42.6284,42.945,31821.906436312
2012-11-28,42.1072,43.0591,42.1072,42.3103,91398.839731082
2012-11-29,43.0591,43.7172,42.6284,43.7172,58368.007835758
2012-11-30,43.74,44.8959,43.3992,44.4424,408630.3885788
2012-12-03,44.4424,45.2581,44.4424,44.4424,149049.64235071
2012-12-04,44.4424,45.01,44.1707,44.8959,63232.234879273
2012-12-05,44.8959,45.0534,43.7621,44.4424,116127.47791238
2012-12-06,44.8731,44.9415,44.2148,44.2148,148267.23666038
2012-12-07,44.2148,44.9415,44.2148,44.2148,91822.642813344
2012-12-10,44.8731,44.9415,44.4424,44.8959,176816.89429808
2012-12-11,45.236,46.2563,44.8267,46.2563,161854.74381377
2012-12-12,46.2563,46.302,45.8036,46.2563,156746.01499203
2012-12-13,46.2563,46.2563,45.0534,45.3494,91120.379372546
2012-12-14,45.3494,45.3494,44.9415,45.2581,89904.662197471
2012-12-17,45.6674,45.6674,45.2132,45.2132,147088.19475204
2012-12-18,45.8036,46.0303,45.3037,45.3037,179002.46852679
2012-12-19,45.7565,45.7565,44.4652,45.3494,72197.300080949
2012-12-20,44.8959,45.8036,44.3518,44.8959,108439.25533033
2012-12-21,44.7369,44.8959,43.6708,44.2148,291342.88556306
2012-12-27,44.2148,45.3494,44.0117,45.3494,55472.020106974
2012-12-28,44.8495,44.8959,44.4424,44.5778,80844.512970928
2013-01-02,45.3494,45.3936,45.0762,45.3936,92285.837848763
2013-01-03,45.2132,45.3494,44.8267,45.1226,104012.4148012
2013-01-04,44.8959,45.7116,44.8959,45.0762,213081.94138207
2013-01-07,45.0998,45.3037,44.2606,44.4424,87729.954714458
2013-01-08,44.4865,44.8495,43.5346,43.944,73516.251340165
2013-01-09,44.2377,44.2377,43.0812,43.7172,57888.51268179
2013-01-10,43.5346,44.4424,42.6505,43.263,111772.6295735
2013-01-11,43.3094,44.2148,42.8102,44.2148,20472.948896918
2013-01-14,44.2148,44.329,43.6252,43.8755,38166.727581315
2013-01-15,43.6252,43.9895,42.8772,43.0591,60389.222535771
2013-01-16,43.1503,43.3094,42.242,43.3094,54988.449923368
2013-01-17,43.1503,44.4203,43.0812,43.4441,48051.391137769
2013-01-18,43.7621,44.2148,43.5575,44.0574,53240.262209041
2013-01-21,44.1928,44.1928,43.7621,43.9895,10104.715156858
2013-01-22,44.329,44.329,43.6031,43.9895,32051.466439203
2013-01-23,43.9895,43.9895,43.2174,43.5346,91237.19688881
2013-01-24,43.2402,44.0331,43.2402,44.0331,29874.042269765
2013-01-25,43.9653,44.2606,43.5575,43.6488,27740.085083124
2013-01-28,43.1946,43.8976,43.104,43.7621,38025.459887229
2013-01-29,43.944,43.9895,43.5575,43.9895,46562.646977006
2013-01-30,43.5126,43.9895,43.4905,43.9895,481559.83565122
2013-01-31,43.9895,43.9895,42.9686,43.3992,189867.85588258
2013-02-01,43.7843,43.9653,42.8552,43.0812,119437.76032093
2013-02-04,43.5126,43.5126,41.2223,41.6765,104432.14285382
2013-02-05,42.2205,42.8552,41.7207,42.8552,49833.537432405
2013-02-06,42.401,43.0812,41.7435,41.7435,89283.899349415
2013-02-07,42.13,42.4915,41.7671,41.8105,60864.642660104
2013-02-08,42.1072,42.2876,41.6765,41.7891,62179.518889682
2013-02-11,42.5827,42.5827,41.7671,41.7671,34808.903160324
2013-02-12,41.7671,42.8102,41.7671,42.016,88060.032115065
2013-02-13,41.8576,42.5827,41.8576,42.1749,45253.204120277
2013-02-14,42.6284,42.8324,40.9955,40.9955,156960.63321958
2013-02-15,41.0404,41.0404,40.157,40.4294,218977.15092378
2013-02-18,40.8821,40.8821,40.3603,40.4066,84861.133849922
2013-02-19,40.7695,41.1767,40.2019,40.2019,65135.27371981
2013-02-20,40.0885,40.7467,39.091,39.68,233712.45809162
2013-02-21,39.68,41.2671,39.6122,41.0404,205928.9060257
2013-02-22,40.701,40.9507,39.998,40.587,94133.184617593
2013-02-25,40.6326,41.2671,40.4743,40.8145,140975.65029635
2013-02-26,40.4294,40.7695,39.9067,39.9067,71541.220309372
2013-02-27,40.3152,41.131,39.3626,40.9734,106416.6822871
2013-02-28,41.2466,41.2466,40.5641,40.7673,144740.97768105
2013-03-01,40.7695,42.6056,40.7695,41.4947,223932.38696253
2013-03-04,41.3577,41.8348,41.2671,41.8348,92054.91950266
2013-03-05,41.7207,41.9474,41.0869,41.7891,72531.452511192
2013-03-06,41.9474,42.401,41.5403,41.9474,116956.06727192
2013-03-07,42.1749,42.8324,41.4947,42.8324,103431.0439063
2013-03-08,42.8552,43.3992,42.5371,43.3529,124610.33127365
2013-03-11,43.5126,44.3967,43.0812,43.9895,145746.15165821
2013-03-12,44.1022,44.1022,43.2402,43.9653,77839.857785154
2013-03-13,44.1022,44.3518,43.6252,43.9895,78864.048567285
2013-03-14,43.807,44.6691,43.807,44.6228,136796.02823187
2013-03-15,44.4424,44.6228,43.6929,43.7621,364052.28103507
2013-03-18,43.3992,43.7621,43.104,43.7621,82277.565059984
2013-03-19,43.1268,43.4905,42.3796,42.4915,138432.83180278
2013-03-20,42.4473,43.0377,41.8576,42.5371,66979.903802216
2013-03-21,42.6284,42.741,41.9474,41.9474,92765.333002732
2013-03-22,41.9474,42.3796,41.4947,41.8348,93622.44756974
2013-03-25,42.6284,42.7867,41.3577,41.6301,84152.078693062
2013-03-26,41.6301,42.1749,40.8593,41.4711,112347.20875233
2013-03-27,41.7207,41.8105,40.3603,41.8105,102640.4881567
2013-03-28,40.8145,41.6073,40.6326,41.2671,164481.7795865
2013-04-02,41.0404,43.0812,40.3838,42.8552,158109.79157724
2013-04-03,42.7198,43.9205,41.7671,42.0387,176378.14944048
2013-04-04,41.5167,41.9702,41.2671,41.5852,92546.63974554
2013-04-05,42.1749,42.1749,41.1767,41.7207,50355.141225957
2013-04-08,42.1749,42.1749,41.1538,41.1538,80707.320306478
2013-04-09,41.6986,41.6986,40.7695,41.3136,60468.006442089
2013-04-10,41.2671,42.5827,41.1538,41.7671,206159.8243718
2013-04-11,41.9702,42.5607,41.3577,42.5607,56917.297284941
2013-04-12,42.2205,43.1724,41.3577,43.1724,58414.191504978
2013-04-15,41.8105,43.1724,41.2671,42.741,54602.680451054
2013-04-17,43.2277,43.5346,40.8372,42.1749,190093.34085583
2013-04-18,41.7207,42.741,41.05,41.2671,62112.960072276
2013-04-19,41.0404,41.6073,41.0404,41.5167,77027.568544155
2013-04-22,41.5167,43.3094,41.2671,42.6284,57493.234806988
2013-04-23,42.7198,44.6139,42.1977,43.8976,286800.58586087
2013-04-24,42.7198,43.944,42.7198,43.5346,105865.19494288
2013-04-25,43.5346,43.9895,43.0863,43.5346,165667.6132109
2013-04-26,42.7198,44.6198,42.7198,42.8552,165898.53155701
2013-04-29,43.5258,43.5346,42.6505,43.5346,81360.683391631
2013-04-30,43.3101,43.6193,42.6284,42.6284,259052.35071847
2013-05-02,43.2129,44.2148,42.6778,43.6252,102807.56437182
2013-05-06,44.3967,44.6228,43.1268,44.6228,171115.92783574
2013-05-07,44.4424,45.0534,44.0331,44.6228,187186.48638135
2013-05-08,44.5152,46.2563,43.9984,45.5305,120379.09216711
2013-05-09,45.8477,47.072,45.5305,46.2107,128305.02481132
2013-05-10,46.2107,47.0272,45.3037,45.3494,89969.862671664
2013-05-13,44.8959,45.4855,44.0427,45.3037,32575.786919179
2013-05-14,45.3037,46.6863,44.5778,45.5761,116081.29424315
2013-05-15,46.1879,47.072,44.9415,47.072,297953.94197769
2013-05-16,46.9358,47.05,45.5761,46.2563,118850.95605319
2013-05-17,45.7116,46.7776,45.7116,46.528,104106.14048285
2013-05-20,46.8453,46.8453,45.8941,46.7098,57634.502501076
2013-05-21,46.2563,47.0948,45.8036,46.1658,150130.88354775
2013-05-22,45.7565,46.4375,44.5778,44.9002,300750.77065197
2013-05-23,43.5398,45.5533,43.3992,44.0574,140816.7241405
2013-05-24,44.3518,45.1131,44.1707,44.8863,96991.138736431
2013-05-27,45.2809,45.3037,44.5543,45.3037,134812.84714181
2013-05-28,44.9224,46.528,44.9224,46.2107,121275.59868727
2013-05-29,45.8705,46.436,45.0777,45.2139,109656.33084862
2013-05-31,45.0968,45.7793,44.4409,45.0534,256141.42121436
2013-06-03,44.8959,46.1879,44.3113,45.4399,318600.75880579
2013-06-04,46.2092,46.528,45.3729,45.7793,99800.192499622
2013-06-05,45.9384,46.2579,45.2382,45.8948,136484.96763624
2013-06-06,45.8948,46.2092,44.7155,44.8951,141931.92391786
2013-06-07,45.3442,45.8705,44.6228,44.8959,125463.37081103
2013-06-10,45.7116,45.7116,44.6691,44.6691,178464.56461469
2013-06-11,44.8951,45.2478,44.5322,44.8951,129425.65796153
2013-06-12,44.714,45.0903,43.6252,43.6311,173685.91319355
2013-06-13,43.1312,43.1312,42.4915,42.6373,257389.73862653
2013-06-14,43.2409,43.7158,42.5364,42.6284,174120.58302151
2013-06-17,42.7137,43.0812,42.6416,42.7366,270114.69784006
2013-06-18,42.8117,43.2998,42.401,42.4252,239880.69461902
2013-06-19,42.7962,43.3529,42.6284,43.1268,198607.436111
2013-06-20,42.7198,43.8114,39.5445,39.5445,438993.43440502
2013-06-21,39.9067,42.2183,39.9067,39.9995,1449166.1145842
2013-06-24,40.3617,41.7104,40.2704,41.1781,124238.14523347
2013-06-25,40.8593,43.5369,40.8593,43.5369,151896.72972384
2013-06-26,42.8456,43.6716,42.1734,42.1734,292418.69338726
2013-06-27,42.4834,42.6284,40.3815,40.3852,211290.28668495
2013-06-28,40.8145,42.1749,40.4559,42.1749,193582.92456842
2013-07-01,42.0822,42.546,41.7435,41.8105,71690.638062732
2013-07-02,42.2662,42.7874,42.2662,42.6284,160076.67254877
2013-07-03,42.9611,43.6863,42.677,43.0113,185639.33346246
2013-07-04,43.7297,43.8556,42.5364,42.5364,79238.951293901
2013-07-05,43.5714,43.5714,42.4774,43.0113,305945.0750961
2013-07-08,43.4448,43.4926,42.5805,42.5805,258288.96183312
2013-07-09,43.2953,43.2953,42.5364,43.1548,59018.654234485
2013-07-10,43.4205,44.4586,43.0113,43.9816,74608.359282915
2013-07-11,44.7015,44.7015,44.0772,44.3629,86204.535286961
2013-07-12,43.9764,45.6682,43.9764,45.2809,119117.19132281
2013-07-15,45.4216,45.5555,45.1359,45.5555,46904.949466525
2013-07-16,45.5231,45.6196,44.566,45.5555,182020.70714468
2013-07-17,45.5474,47.1074,45.0401,47.0065,217914.9265317
2013-07-18,46.4265,47.6205,45.9818,46.8033,180575.42996673
2013-07-19,46.3977,47.2966,45.0159,46.2431,90111.130365751
2013-07-22,46.383,47.117,45.7411,46.344,47824.547821302
2013-07-23,46.7798,46.7798,45.088,46.0303,130513.69087464
2013-07-24,46.151,47.3349,45.6335,47.3349,142856.95564549
2013-07-25,47.3349,47.3349,45.9479,46.3926,45816.916553411
2013-07-26,46.2579,46.9727,45.4312,45.9104,46873.707572639
2013-07-29,46.1747,46.8762,46.0067,46.8762,46967.433254293
2013-07-30,46.9241,47.1132,46.0208,46.0208,41963.296859904
2013-07-31,46.5037,46.8519,45.9192,46.6833,221225.20894026
2013-08-01,46.6833,48.9773,46.204,48.8087,357199.43952864
2013-08-02,48.7601,52.4815,48.7601,51.2264,276440.5021801
2013-08-05,51.71,53.6396,51.71,52.9395,144880.88703193
2013-08-06,52.8681,52.9189,50.0411,50.259,96461.384883604
2013-08-07,50.742,51.177,49.2681,50.742,243510.18768248
2013-08-08,52.0973,53.5932,52.0973,53.4953,275902.598268
2013-08-09,53.4953,53.6396,53.0845,53.1559,195733.18187361
2013-08-12,52.7959,55.5485,52.7496,55.288,117026.70111896
2013-08-13,55.4315,57.6534,55.1414,56.5873,325524.23415927
2013-08-14,56.1537,59.7309,55.8151,57.9375,169188.43881738
2013-08-16,57.8926,57.8926,57.0261,57.0261,277529.89343641
2013-08-19,56.7103,57.5091,54.632,55.1156,126264.79330632
2013-08-20,54.3183,55.5485,53.1559,55.0693,75288.889232314
2013-08-21,54.9928,56.3996,54.9928,55.6259,128386.52540406
2013-08-22,54.8492,56.976,54.8492,56.976,318022.10459732
2013-08-23,56.5431,57.7269,55.6259,56.3996,284424.84358243
2013-08-26,56.5873,57.1704,56.0595,56.0595,110251.28517564
2013-08-27,55.5485,56.1816,53.4747,54.1233,174760.36267455
2013-08-28,54.7763,54.802,51.9523,52.1429,233242.47134014
2013-08-29,52.6774,53.1353,49.8482,50.259,271608.87537368
2013-08-30,50.2826,50.9834,49.341,49.4375,251448.3454156
2013-09-02,50.4041,52.436,50.0175,51.3456,148560.63879425
2013-09-03,51.9986,53.1096,51.7306,52.9189,191451.6840682
2013-09-04,52.9189,54.3648,51.0799,53.1559,272965.86024284
2013-09-05,52.1944,52.1944,47.9385,48.688,473530.66892287
2013-09-06,48.9295,50.6455,48.0843,48.325,240252.88065921
2013-09-09,49.0987,50.259,48.8581,50.1619,143651.58642473
2013-09-10,50.9834,51.71,50.9356,51.4686,227589.04689023
2013-09-11,51.9008,51.9008,50.6205,51.6585,46511.029934936
2013-09-12,51.6585,52.6001,51.0563,52.1944,77081.902272649
2013-09-13,52.1429,52.1429,50.742,50.8878,42608.509885782
2013-09-16,51.71,51.71,49.2445,49.2445,58490.258724871
2013-09-17,49.5581,51.032,49.1474,50.742,89719.927520587
2013-09-18,50.742,51.2264,49.8482,49.9447,106625.86714181
2013-09-19,52.436,52.6259,51.515,52.3837,131266.21301429
2013-09-20,52.6259,53.6396,51.8286,51.9008,162794.71731673
2013-09-23,52.2658,53.619,51.9008,52.6774,120664.3442417
2013-09-24,52.9189,53.6396,51.71,51.71,80033.58207314
2013-09-25,52.1429,52.7702,51.2477,52.7702,145829.01059416
2013-09-26,53.0624,54.102,52.3123,53.5476,78614.113416209
2013-09-27,54.0306,55.0443,53.6396,54.6062,84161.587095549
2013-09-30,54.5606,54.5606,52.6774,53.6396,61250.412132417
2013-10-01,53.1559,54.8993,52.6973,54.6062,64206.166962545
2013-10-02,54.6791,55.0693,53.6911,54.6062,126601.662423
2013-10-03,54.3441,55.0443,53.6654,53.6654,76898.525938979
2013-10-04,53.7883,54.0504,52.9395,52.9395,35388.915712008
2013-10-07,53.5932,53.6654,51.8801,53.5218,185032.15404652
2013-10-08,53.7883,54.0769,53.0624,53.2333,118376.89427206
2013-10-09,53.7375,54.3183,53.1096,53.4489,48289.101199934
2013-10-10,54.5142,57.0261,54.2462,57.0261,86894.573638847
2013-10-11,57.0489,57.8926,56.1537,57.0261,68934.559684824
2013-10-14,57.5091,58.4756,56.5873,58.4756,55102.550753208
2013-10-15,59.2494,62.3223,58.91,59.22,164985.72491829
2013-10-16,59.9274,61.3711,58.6207,60.1644,108694.62385426
2013-10-17,60.6452,60.8955,59.22,60.2174,64537.602706366
2013-10-18,60.2174,60.6452,55.7701,59.9981,138291.5641087
2013-10-21,60.1644,62.8214,59.5167,62.3223,103448.70236806
2013-10-22,62.3392,62.3392,60.9368,62.3223,71632.229304601
2013-10-23,61.1325,61.8525,59.9981,60.0217,70032.101000423
2013-10-24,60.5024,61.3476,59.6823,60.6452,102530.4623565
2013-10-25,59.9274,60.6283,58.4756,59.0027,67183.655284072
2013-10-28,59.4453,60.4082,58.0149,59.4157,50927.003718367
2013-10-29,59.4157,59.8251,57.0261,57.0261,59659.792230726
2013-10-30,57.9375,58.4756,57.0489,57.8926,101742.62329332
2013-10-31,58.4491,58.4491,57.2933,57.4104,94250.002133858
2013-11-04,57.9927,58.3763,57.0702,57.1704,66643.034685546
2013-11-05,57.9375,58.2312,55.0892,56.0595,63878.806248364
2013-11-06,56.5431,56.8818,55.7701,56.1816,133924.49068091
2013-11-07,55.5765,55.5765,53.7883,54.1233,238010.25601557
2013-11-08,54.1233,54.272,53.1559,53.9791,100338.09641172
2013-11-12,54.272,56.0595,54.1233,54.6062,101468.23796442
2013-11-13,54.9928,56.0087,54.7049,55.8879,128549.52658954
2013-11-14,56.0595,56.5653,55.0892,56.5653,42941.303972814
2013-11-15,56.7816,59.2729,56.7816,59.2729,86398.77836633
2013-11-18,59.2729,62.0785,59.2729,62.0248,277800.20373568
2013-11-19,60.9368,62.0963,60.4324,62.0963,201273.86383689
2013-11-20,61.7812,62.3392,60.4082,60.4082,173804.08905303
2013-11-21,60.3072,60.3072,59.0027,59.1956,92556.148148027
2013-11-22,59.7545,59.7545,59.0027,59.1956,66911.986641597
2013-11-25,59.8729,60.7711,58.765,59.7545,73073.431452931
2013-11-26,59.1773,59.1773,57.7483,57.7984,297991.97558764
2013-11-27,57.9927,59.1044,57.9927,58.4756,45872.608625119
2013-11-28,58.5706,59.1956,58.0656,58.5213,27071.780222635
2013-11-29,58.765,59.0543,57.9927,57.9927,25998.689084859
2013-12-02,58.1819,58.7149,57.3154,57.5819,65530.551594612
2013-12-03,57.5547,57.9927,57.0261,57.0261,64915.222119405
2013-12-04,57.5091,57.5091,55.3314,57.1704,92071.219621208
2013-12-05,56.6874,57.7483,56.5431,57.7483,55465.228390912
2013-12-06,57.7483,57.7483,55.3314,55.7437,141656.18024575
2013-12-09,56.4923,57.1704,56.3996,56.3996,23654.1887003
2013-12-10,56.3996,57.2425,54.802,55.9152,36423.973239838
2013-12-11,55.5765,56.5159,54.8492,54.8492,50481.467144708
2013-12-12,54.8993,55.0892,53.7375,53.8612,48172.28368367
2013-12-13,54.5142,54.6062,52.9661,54.6062,143249.51683387
2013-12-16,54.004,54.3648,53.1559,53.3775,77815.407607331
2013-12-17,53.6396,54.0306,52.7238,53.1559,61964.900662126
2013-12-18,53.1818,54.1233,51.1049,51.2264,180517.02120859
2013-12-19,51.71,51.9729,49.4853,49.7753,229868.3468006
2013-12-20,49.7753,50.2112,48.4472,49.0987,394013.25727043
2013-12-23,50.0175,51.8801,49.4375,51.2264,84418.313962688
2013-12-27,51.71,51.9523,50.742,50.742,72050.599014012
2013-12-30,51.4686,51.4686,50.742,50.742,71484.169894451
2014-01-02,50.8384,51.9523,50.7906,51.6121,104419.91776491
2014-01-03,51.6585,51.9008,49.7753,49.7753,92664.815605017
2014-01-07,49.5817,49.5817,46.9727,47.4556,190517.1439381
2014-01-08,47.5292,48.074,46.7702,47.4181,186965.07643773
2014-01-09,47.8429,48.0843,46.7834,47.8177,95932.989373991
2014-01-10,47.1655,47.5955,46.9925,47.3842,101741.26495011
2014-01-13,47.5624,49.969,47.46,49.6303,124710.84867137
2014-01-14,48.8087,50.742,48.8087,50.742,94741.722376738
2014-01-15,51.2264,51.9008,50.742,51.3964,76348.396937967
2014-01-16,51.4686,51.71,50.2826,51.3964,120279.9331126
2014-01-17,51.71,51.71,50.0662,50.2112,102982.79064622
2014-01-20,50.694,51.7829,50.114,50.7176,52350.547404936
2014-01-21,51.515,52.5545,50.8634,52.4815,178493.08982214
2014-01-22,52.6774,53.7176,51.325,53.7176,175840.24552838
2014-01-23,53.619,53.619,50.7906,50.7906,168961.59550091
2014-01-24,51.0799,52.1944,50.8878,51.71,120707.8112245
2014-01-27,50.7906,50.7906,49.341,49.4853,170523.69019515
2014-01-28,50.4284,50.4519,49.3653,50.0662,124359.03777936
2014-01-29,50.259,51.5864,49.2925,50.0662,92500.456076319
2014-01-30,49.0987,51.515,49.0987,51.515,35932.252996958
2014-01-31,51.9008,51.9008,49.8725,49.8725,252908.56436891
2014-02-03,50.5255,51.417,49.9447,50.2112,61867.099950836
2014-02-04,49.5346,51.5407,49.2925,50.8384,53727.907422284
2014-02-05,51.6851,52.9395,51.0077,52.0701,100824.38328175
2014-02-06,52.2402,53.6911,51.7829,52.1944,118471.97829693
2014-02-07,52.2872,52.6259,51.1528,51.4686,53469.822211933
2014-02-10,52.1944,52.6259,51.2264,52.5794,53100.352858167
2014-02-11,51.9008,52.821,51.8551,51.8551,103148.50851813
2014-02-12,52.6774,53.8612,52.1944,53.8612,129659.29299405
2014-02-13,53.9326,55.3314,52.8416,55.3314,100771.40789647
2014-02-14,55.0892,55.0892,53.6911,54.0769,55967.815379491
2014-02-17,54.6062,54.6062,53.6654,54.0306,15486.470964289
2014-02-18,55.0892,55.0892,52.8681,52.8681,63744.330270339
2014-02-19,52.9189,54.1233,51.7565,54.1233,50078.039210632
2014-02-20,53.3518,53.619,52.2872,52.6973,81963.787777926
2014-02-21,53.6396,53.8811,52.7959,52.7959,39378.369726754
2014-02-24,53.1559,54.9464,53.1559,54.9464,78926.532355055
2014-02-25,55.0892,55.0892,54.0306,54.1233,58103.130909345
2014-02-26,54.174,54.174,52.821,52.9395,91424.648252118
2014-02-27,53.3518,54.174,52.6259,54.1233,69745.490582611
2014-02-28,54.2462,55.5765,54.1233,55.5765,117644.74728059
2014-03-03,54.6062,54.6062,52.436,52.436,117487.17946796
2014-03-04,52.9189,54.004,52.6973,53.1559,137128.8223189
2014-03-05,53.9326,53.9791,53.1559,53.3775,131657.41585946
2014-03-06,53.9791,54.8278,53.5476,54.5142,150841.29704782
2014-03-07,54.5142,55.0892,53.3974,54.1233,115768.8753043
2014-03-10,53.3775,54.1233,53.3054,53.3974,131370.80544164
2014-03-11,53.4232,53.6396,52.1944,53.1559,157923.69855715
2014-03-12,52.6774,53.1559,52.2402,52.2402,167445.6844759
2014-03-13,52.436,53.1353,51.4686,51.4686,85663.914688435
2014-03-14,51.4686,51.4885,49.8232,49.8232,104115.64888534
2014-03-17,50.742,52.6774,50.3311,52.5066,81882.287185183
2014-03-18,52.5066,52.9189,51.2735,52.1216,96670.569738311
2014-03-19,52.1216,52.8416,51.9523,52.1216,54185.669084854
2014-03-20,51.9523,52.0973,50.9834,51.8028,104743.20344946
2014-03-21,52.3373,53.0624,50.9834,50.9834,880744.30553116
2014-03-24,51.71,51.7306,50.259,50.5962,166111.79144135
2014-03-25,51.515,51.5613,50.8148,51.325,200040.48820005
2014-03-26,52.0973,53.4232,51.9008,53.4232,110895.1398583
2014-03-27,53.4489,54.7505,53.2082,54.7505,135030.18205578
2014-03-28,54.7505,55.2335,54.4163,55.2335,121850.17786611
2014-03-31,55.3314,55.3314,54.8492,54.8492,107546.8238398
2014-04-01,55.1156,56.4923,54.875,56.4923,102140.61785455
2014-04-02,56.6646,56.6874,54.9464,55.0892,98811.318641014
2014-04-03,55.0892,56.1095,55.0443,55.698,71810.172265422
2014-04-04,55.698,56.0595,55.3594,56.0595,22672.106557752
2014-04-07,55.8424,56.0595,55.5765,56.0315,32343.510229863
2014-04-08,55.5765,56.0315,55.4543,56.0315,59988.511288121
2014-04-09,56.0315,56.0315,55.1885,55.1885,40011.357663721
2014-04-10,55.9594,56.0595,55.5485,55.9594,80832.287882017
2014-04-11,55.3314,55.7701,55.3314,55.7701,32812.138638133
2014-04-14,55.3314,55.642,55.1414,55.3093,50303.524183887
2014-04-15,55.2592,55.7701,55.2592,55.3314,68404.805831998
2014-04-16,55.0892,56.0595,55.0892,55.3314,39658.188428503
2014-04-17,55.3822,55.7437,54.7505,54.7505,10551.61007373
2014-04-22,55.5485,56.0595,55.5485,56.0315,17824.179632786
2014-04-23,56.0087,56.0087,55.2592,55.8652,31710.522292897
2014-04-24,55.2335,55.8151,54.1233,54.1233,17947.788865112
2014-04-25,54.1233,55.0892,53.4489,55.0892,33288.917105677
2014-04-28,54.7505,54.7505,53.4489,53.4489,22812.015908627
2014-04-29,53.6396,54.1233,53.4232,53.6396,25818.029437613
2014-04-30,54.4619,54.6062,54.2205,54.3648,60014.319809156
2014-05-02,54.5355,54.5355,53.6396,53.6654,19386.274327017
2014-05-05,53.6654,54.174,53.6654,54.0769,28295.647456986
2014-05-06,54.0769,54.0769,53.2531,53.619,33204.699826509
2014-05-07,53.8612,53.8612,52.7496,52.7496,49013.09813213
2014-05-08,52.7496,53.3518,52.4566,52.7702,48122.024984813
2014-05-09,54.0306,54.7049,53.4489,54.5863,83326.206019938
2014-05-12,54.1233,55.0892,54.1233,54.7049,20171.39670377
2014-05-13,54.6062,55.1885,54.6062,55.0892,21009.494465806
2014-05-14,54.632,55.8151,54.1233,55.8151,91294.24730373
2014-05-15,55.0892,55.8151,55.0892,55.1156,57142.782258195
2014-05-16,55.4315,55.5485,55.0892,55.3594,18203.157389039
2014-05-19,55.5272,55.5485,55.1414,55.3093,12219.655538526
2014-05-20,54.6791,55.5272,54.5863,54.5863,29177.212201817
2014-05-21,55.2136,55.3093,54.6584,55.3093,22113.827497467
2014-05-22,55.5765,55.8151,55.1414,55.3594,96930.013291874
2014-05-23,55.7157,55.8424,55.4543,55.7701,47357.277756246
2014-05-26,56.0595,56.4703,55.67,55.9594,21662.857550958
2014-05-27,55.9594,56.0595,55.67,56.0595,17284.917377473
2014-05-28,56.0595,56.5431,55.7701,56.5431,24743.579956624
2014-05-29,56.5431,56.7375,56.0595,56.4424,15197.143860053
2014-05-30,56.7816,58.4035,56.6381,57.8705,191777.68643917
2014-06-02,57.8705,57.9927,57.0489,57.7984,51015.296027171
2014-06-03,58.4263,59.1956,56.9981,56.9981,62907.590851515
2014-06-04,57.0261,57.9927,56.8096,57.9927,24393.127407831
2014-06-05,57.9927,58.6207,57.9927,58.6207,62758.173098154
2014-06-06,58.815,59.7545,58.0149,58.8599,82524.783524637
2014-06-09,58.1819,60.0217,58.1819,59.6823,33014.531776777
2014-06-10,59.6823,60.5273,59.1956,59.9274,101632.59749312
2014-06-11,59.9274,59.9274,58.9814,59.4453,61062.96076911
2014-06-12,59.1044,59.4872,58.2312,58.96,37469.897513367
2014-06-13,58.4756,59.3443,57.0261,57.0261,43157.280543582
2014-06-16,56.9267,58.7149,56.8266,58.1819,57395.434095698
2014-06-17,58.0377,59.1265,58.0377,58.96,42099.131181142
2014-06-18,59.1044,59.1478,57.2653,57.2653,127259.10053779
2014-06-20,57.2653,57.9927,56.0595,56.0595,103103.68319212
2014-06-23,56.3429,57.9927,56.3429,57.3647,57138.707228558
2014-06-24,57.5091,57.9927,57.0982,57.4377,37078.694668203
2014-06-25,57.5091,57.7483,56.1537,56.1537,87201.559204844
2014-06-26,56.976,57.4605,56.1095,56.7595,71291.285158294
2014-06-27,56.7816,57.5091,56.5431,56.5431,150234.1176319
2014-06-30,56.7816,58.2312,56.7816,57.8705,246509.40949541
2014-07-01,58.2599,58.3041,57.7763,57.9927,45418.921992186
2014-07-02,58.2312,58.2312,57.0261,57.0261,275034.61695528
2014-07-03,56.0698,56.7934,54.8123,55.6096,81955.637718652
2014-07-04,56.0205,56.5373,55.8151,55.8931,21048.886418965
2014-07-07,56.3311,56.482,55.0693,56.482,44226.296651721
2014-07-08,56.482,56.482,55.5588,55.5588,37578.564970357
2014-07-09,55.3542,55.8151,54.0157,54.0157,41975.521948815
2014-07-10,54.6062,55.0185,52.497,53.0883,28761.55917883
2014-07-11,53.2951,55.7871,53.2951,55.5588,32707.54621078
2014-07-14,55.7871,56.0492,55.2496,55.7157,16666.871215842
2014-07-15,55.7871,56.0492,55.0443,55.9932,20202.638597654
2014-07-16,56.0492,56.382,55.2496,55.9932,158496.91939278
2014-07-17,55.8652,56.3311,55.5309,56.3311,29757.224753501
2014-07-18,56.0698,56.3311,55.5588,55.6597,151884.50463494
2014-07-21,55.6597,56.5873,55.6597,56.5873,36463.365192997
2014-07-22,57.1042,57.6158,56.2767,57.6158,59738.576137045
2014-07-23,57.6651,57.6651,57.127,57.5149,62323.503270194
2014-07-24,57.537,57.5923,56.5594,57.5923,32377.468810173
2014-07-25,56.9489,58.1312,56.9489,58.1312,44753.333818122
2014-07-28,58.1312,59.2369,56.8988,59.2369,76321.23007372
2014-07-29,59.3142,59.3142,57.3603,57.6158,43829.660433708
2014-07-30,57.6158,57.6158,55.6096,56.5373,43791.626823761
2014-07-31,56.7427,56.9489,55.299,56.0698,154040.19531297
2014-08-01,56.3311,56.6381,54.6062,56.6145,166401.11854559
2014-08-04,57.2035,59.1603,56.8988,59.1603,83057.254063887
2014-08-05,59.1603,59.1603,57.1042,58.5434,38219.702966598
2014-08-06,58.5934,59.0315,57.9486,59.0315,58636.959791808
2014-08-07,58.4145,58.4381,57.1042,57.1541,67218.972207594
2014-08-08,57.1042,58.3593,56.432,58.3593,84156.153722699
2014-08-11,58.0759,58.9033,57.7704,58.9033,43078.496637264
2014-08-12,58.9033,59.0816,58.2599,58.642,151680.75315307
2014-08-13,58.7988,58.9033,58.1539,58.642,147344.92161918
2014-08-14,58.642,59.1095,58.1312,59.1095,37044.736087894
2014-08-18,59.1095,59.5703,58.3873,59.5703,71473.303148753
2014-08-19,59.1603,60.1888,58.9534,60.1108,73353.25015468
2014-08-20,59.4157,60.2955,58.6708,60.2955,26406.192048572
2014-08-21,60.2653,60.4435,59.725,59.7485,26366.800095413
2014-08-22,59.4695,60.1343,58.9033,59.1603,71569.745516831
2014-08-25,59.1603,60.3125,59.1316,59.6234,15497.337709987
2014-08-26,59.1603,60.3905,59.1603,60.3905,20452.573748732
2014-08-27,60.3905,60.7048,59.8552,59.9804,30664.598019368
2014-08-28,59.9031,60.2653,58.3873,59.3384,50394.533179116
2014-08-29,59.3686,59.5703,58.5434,58.9033,120297.59157437
2014-09-01,59.5999,60.4435,59.4923,60.4435,21230.904409423
2014-09-02,60.2653,60.4435,58.9534,58.9534,39693.505352025
2014-09-03,59.1603,60.0335,58.7487,59.1603,88259.708567284
2014-09-04,59.1603,60.7048,59.1603,60.0105,91625.68304755
2014-09-05,60.6754,60.7048,59.9562,60.7048,55879.523070687
2014-09-08,60.7048,60.7526,59.9804,60.0105,20380.581558476
2014-09-09,59.7014,60.7526,59.6778,60.7048,81421.808836188
2014-09-10,60.1343,61.3225,60.1343,61.2158,142066.39989588
2014-09-11,61.2158,61.4013,60.7048,60.961,40975.781344508
2014-09-12,61.0376,61.1628,59.9562,60.7526,34705.669076183
2014-09-15,60.5215,61.2158,60.2358,61.2158,19911.953150206
2014-09-16,61.2158,62.3745,60.9308,62.0895,82504.408376451
2014-09-17,62.3458,62.7618,62.0131,62.7618,55696.146737016
2014-09-18,62.2516,62.9164,62.2516,62.9164,23777.797932626
2014-09-19,62.7618,63.534,62.4769,62.7854,100805.36647678
2014-09-22,62.7854,63.071,62.0131,62.2516,60760.05023275
2014-09-23,61.9895,62.2516,60.551,61.4785,34984.129434721
2014-09-24,60.7048,62.7618,60.7048,61.6022,36639.949810605
2014-09-25,61.7333,62.7374,61.4484,62.1919,24706.904689891
2014-09-26,61.7812,62.1728,61.24,61.7038,20782.651149339
2014-09-29,61.9895,63.7879,61.7333,63.7879,95302.718123449
2014-09-30,63.7879,64.72,63.0415,64.3019,47717.238707524
2014-10-01,64.3019,64.4793,62.4525,62.4525,22014.668442964
2014-10-02,62.4525,62.8861,61.2158,61.2158,44644.666361132
2014-10-03,61.1922,63.3257,61.1922,63.3257,44508.832039895
2014-10-06,63.7055,65.3288,63.6613,65.1257,82443.282931894
2014-10-07,65.0241,65.7912,64.5869,65.4356,135183.67483878
2014-10-08,64.536,64.536,63.8638,64.0479,223090.21417084
2014-10-09,64.3019,64.765,63.7879,64.1487,78403.57021829
2014-10-10,63.9654,63.9654,61.7812,62.4769,56486.702486618
2014-10-13,61.8113,63.6613,61.8113,62.2516,53324.479488209
2014-10-14,62.7374,63.534,61.7333,63.534,69320.329157138
2014-10-15,63.5789,64.3019,61.2702,62.5063,354943.23145289
2014-10-16,62.6013,62.6013,60.8308,61.2158,157850.34802368
2014-10-17,61.6266,62.7618,59.3142,59.3142,505622.88565845
2014-10-20,59.3142,59.7485,58.4145,58.4145,171296.58748298
2014-10-21,59.1095,59.2611,58.0259,58.0259,178926.4013069
2014-10-22,58.3873,59.3686,58.3873,58.642,92653.948859317
2014-10-23,58.5934,59.1316,58.4381,58.5934,40175.717192418
2014-10-24,58.3873,59.2611,58.2312,58.642,65996.463316456
2014-10-27,58.6988,59.6234,58.2879,58.642,72985.139144126
2014-10-28,59.1603,59.3686,58.3873,59.1095,42243.115561653
2014-10-29,59.3922,59.3922,57.8992,58.2879,71769.421969051
2014-10-30,58.3873,58.776,57.6651,58.0759,72200.016767373
2014-10-31,58.6207,58.6207,57.9265,58.5434,315649.07900529
2014-11-03,58.642,59.0315,58.2312,59.0315,18866.028876678
2014-11-04,59.1095,59.1095,58.1312,58.1312,66625.376223786
2014-11-05,58.8761,59.0543,58.3093,58.3873,103735.31278587
2014-11-06,58.7988,58.9033,57.6651,58.1039,51486.641121865
2014-11-07,58.3873,58.6708,56.6874,56.6874,48097.57480699
2014-11-10,57.6423,57.6423,56.482,56.6145,45386.321755089
2014-11-12,56.842,57.4377,55.5588,56.0984,82592.700685255
2014-11-13,56.2767,56.3311,55.5588,55.5588,36652.174899517
2014-11-14,56.1264,58.1312,55.3763,57.4605,53124.80303599
2014-11-17,57.565,58.1312,57.0769,58.0259,31330.186193431
2014-11-18,58.1312,58.6207,57.6423,58.6207,52497.248471872
2014-11-19,58.3373,58.3373,57.1042,57.4104,25394.226355352
2014-11-20,56.6381,57.2815,56.6381,57.2815,18275.149579294
2014-11-21,57.1042,57.8204,56.87,57.2536,19148.564264852
2014-11-24,57.7431,58.4934,56.6381,57.1042,31524.429272802
2014-11-25,56.9981,58.0759,56.1264,56.1264,99482.340187927
2014-11-26,56.7427,57.3095,56.5594,56.7427,46881.857631913
2014-11-27,57.1042,57.1042,56.482,56.5873,25747.39559057
2014-11-28,56.1765,56.7934,55.4543,55.4543,65614.768873779
2014-12-01,55.0959,55.1474,54.3485,54.6584,77212.303221037
2014-12-02,55.0443,57.1042,54.6584,57.1042,156703.90635244
2014-12-03,57.1042,57.1042,56.382,56.6381,40603.595304316
2014-12-04,56.6145,56.7934,55.7157,56.0698,79530.995084562
2014-12-05,56.0205,56.0698,55.0693,55.5044,48793.046531726
2014-12-08,56.0698,56.4599,55.4035,55.4035,24395.844094256
2014-12-09,55.5588,56.0205,54.9669,55.8151,79296.001708821
2014-12-10,55.8151,56.1765,55.1981,55.4315,76406.805696099
2014-12-11,55.1474,55.9932,54.9669,55.3542,88941.596859897
2014-12-12,56.0205,57.1541,55.0693,56.3311,146514.97391641
2014-12-15,56.1264,56.1765,54.632,54.632,139136.45358679
2014-12-16,54.632,54.8123,53.3466,54.0157,96129.949139785
2014-12-17,54.0157,55.8151,53.9385,54.5546,57243.299655912
2014-12-18,56.0492,56.4092,55.0185,56.354,66307.52391209
2014-12-19,56.0698,56.2266,54.5805,54.5805,95818.888544152
2014-12-22,54.6836,55.327,54.5546,55.327,43530.824926985
2014-12-23,55.327,55.9211,54.529,54.529,95378.785343342
2014-12-29,55.5588,55.5588,54.2985,54.2985,83246.063770407
2014-12-30,54.0157,55.0443,54.0157,55.0185,52630.366106686
2015-01-02,54.9928,55.2754,54.5039,55.2754,15543.521379208
2015-01-05,55.2754,55.2754,54.1181,54.1181,61014.060413464
2015-01-07,54.529,54.9405,54.0402,54.3235,191450.32572499
2015-01-08,54.5805,55.9711,54.4,55.7649,139556.18163941
2015-01-09,56.0205,56.0205,55.299,55.9431,72618.386476785
2015-01-12,55.9211,55.9211,54.2985,55.4315,72728.412276987
2015-01-13,55.0443,55.5044,54.6062,54.632,108187.96183604
2015-01-14,54.529,54.7085,53.5778,53.9894,120053.08979614
2015-01-15,54.1181,54.7874,52.7032,52.8063,212438.0866994
2015-01-16,53.0883,53.6293,52.8836,52.9859,140823.51585656
2015-01-19,53.1147,53.5005,52.7289,53.0375,127465.56870607
2015-01-20,53.0375,53.9894,53.0375,53.3974,133133.93493131
2015-01-21,53.6809,53.6809,53.0883,53.2428,162915.60986264
2015-01-22,53.6809,54.8632,53.1662,54.8632,148327.00376173
2015-01-23,54.9154,55.9711,54.8889,55.9711,82674.201277997
2015-01-26,55.6376,55.8151,54.3485,54.9928,40462.32761023
2015-01-27,55.5588,55.5588,54.8389,55.5588,88565.335790069
2015-01-28,55.5044,55.7649,55.0959,55.0959,30210.911386435
2015-01-29,55.4315,55.5588,54.8889,55.3542,99737.708711854
2015-01-30,55.4315,56.7934,55.4315,55.6877,204482.27050452
2015-02-02,55.7649,56.0698,55.7649,56.0205,18529.159760009
2015-02-03,55.7157,56.0698,53.7581,54.632,77676.85659967
2015-02-04,54.8123,56.0698,54.632,56.0698,50488.25886077
2015-02-05,55.5588,56.5873,55.5588,56.4599,63893.748023699
2015-02-06,56.5373,57.565,56.2767,57.4104,127526.69415062
2015-02-09,57.4104,57.7431,57.1042,57.5149,94286.677400592
2015-02-10,57.4104,57.6651,56.0698,56.7147,38233.286398721
2015-02-11,56.842,57.2815,56.0698,56.1264,56325.059644345
2015-02-12,56.9981,57.1042,55.6877,56.0698,75048.462483724
2015-02-13,56.382,56.51,55.7157,55.8151,34897.195469129
2015-02-16,55.8652,56.1264,55.8652,55.9431,53954.750738751
2015-02-17,55.9431,56.3046,55.9211,55.9431,28174.754911084
2015-02-18,55.9711,56.0698,55.8931,56.0698,40500.361220175
2015-02-19,56.0492,56.2546,55.9211,56.1264,33567.377464213
2015-02-20,56.3046,56.4599,55.8151,55.8151,28400.239884338
2015-02-23,56.5873,56.6381,55.8151,56.1264,83271.872291443
2015-02-24,56.1264,56.5373,56.0492,56.1264,24546.62019083
2015-02-25,55.9211,56.482,55.299,55.299,57813.803805109
2015-02-26,55.5588,55.8151,54.529,54.9154,67089.929602418
2015-02-27,54.9405,55.4543,54.3235,54.4523,70777.831424016
2015-03-02,54.7874,55.1208,54.0157,54.3744,64911.147089769
2015-03-03,54.529,55.299,52.9859,53.8612,87494.961338716
2015-03-04,54.0157,54.529,53.0375,53.2177,98864.294026296
2015-03-05,53.7581,54.7874,53.2177,53.5005,128131.15688013
2015-03-06,53.7581,54.2205,52.9859,52.9859,85427.562969482
2015-03-09,53.2428,54.529,53.2428,54.0157,78861.331880861
2015-03-10,54.0157,54.7608,53.2428,54.0157,138302.43085439
2015-03-11,54.7085,56.2767,54.5805,55.5309,187581.76425615
2015-03-12,56.2266,56.2266,55.0443,55.0443,129350.94908484
2015-03-13,55.5044,55.6597,55.0443,55.299,59193.880508882
2015-03-16,55.4035,55.737,55.0693,55.737,49279.333401756
2015-03-17,55.7871,55.9211,55.5588,55.8931,36044.995483585
2015-03-18,55.9711,56.1765,55.6597,55.8151,30812.657429516
2015-03-19,56.2266,57.565,56.0698,57.565,86370.25315887
2015-03-20,57.5149,57.7203,56.7427,57.7203,221530.83616304
2015-03-23,57.6158,57.7203,57.2035,57.7203,53583.923041773
2015-03-24,57.3603,57.5923,57.0261,57.5923,58498.408784145
2015-03-25,57.1042,57.5149,56.0698,56.0698,91897.351690025
2015-03-26,56.3311,56.5873,55.6096,55.6877,85317.53716928
2015-03-27,55.7871,56.2038,55.2754,55.2754,81136.556761589
2015-03-30,55.3542,56.5594,55.3542,56.0698,115432.00618763
2015-03-31,55.5588,56.0492,55.5044,55.737,55865.939638563
2015-04-01,55.9431,56.354,55.5588,55.6376,66200.214798312
2015-04-02,56.0492,56.0492,55.6096,55.9711,43924.744458573
2015-04-07,56.0698,56.5873,55.8151,55.8151,40042.599557605
2015-04-08,56.3311,56.4599,55.8424,56.4599,52410.314506281
2015-04-09,56.482,56.842,56.3311,56.5873,71458.361373416
2015-04-10,56.7934,57.4104,56.2767,56.9201,77748.848789925
2015-04-13,56.9201,57.2536,56.7655,57.1541,28650.175035416
2015-04-14,56.9201,57.2536,56.6646,56.6646,26336.91654474
2015-04-15,56.6381,57.9265,56.6381,57.7984,111874.50531442
2015-04-16,58.0538,58.5934,57.8705,58.2599,132025.52687001
2015-04-17,58.5648,58.5648,57.1042,57.1042,116386.92146594
2015-04-20,57.1042,58.4381,57.1042,58.3873,90566.175341897
2015-04-21,58.3873,58.3873,57.3095,57.3095,73873.495605019
2015-04-22,57.5149,58.0538,57.5149,57.8484,36703.791941588
2015-04-23,58.1539,58.1539,57.3603,57.3603,31914.273774753
2015-04-24,58.1039,58.2599,57.3316,58.2599,58780.94417232
2015-04-27,58.2312,58.3373,57.6423,57.9265,76759.974931316
2015-04-28,57.8705,58.4934,57.8705,58.3373,123314.47184905
2015-04-29,58.3373,58.3593,58.1312,58.1312,38704.631493416
2015-04-30,58.1312,58.642,58.1312,58.642,117263.05283792
2015-05-04,58.7208,58.7487,58.2312,58.3093,49013.09813213
2015-05-05,58.4381,58.5934,58.1312,58.3373,190317.46748588
2015-05-06,58.3593,58.4145,58.0259,58.0759,127408.51829114
2015-05-07,58.0759,58.1312,57.565,57.565,123169.12912533
2015-05-08,58.1039,58.1312,57.8705,58.1039,83027.370513215
2015-05-11,58.1312,58.1312,57.565,57.5923,138646.09168713
2015-05-12,57.693,57.693,56.5873,56.7427,114561.3081885
2015-05-13,56.6874,57.0261,56.6646,56.842,121680.38496456
2015-05-14,57.2315,57.2315,56.5594,56.5594,78817.864898065
2015-05-15,56.5873,56.9981,56.5873,56.5873,98678.201006201
2015-05-18,56.6381,56.8988,56.5873,56.5873,36639.949810605
2015-05-19,57.4377,57.4377,56.3311,56.3311,73906.095842116
2015-05-20,56.7427,57.0769,56.382,57.0769,99339.714150628
2015-05-21,57.0769,57.3603,56.7934,56.842,74630.092774312
2015-05-22,56.9489,57.0489,56.354,56.6874,113359.17444556
2015-05-25,56.6381,56.6874,55.6877,55.6877,67718.842509748
2015-05-26,56.0698,56.2266,55.6597,55.9431,54568.721870744
2015-05-27,55.8151,56.51,55.8151,56.51,36802.950996091
2015-05-28,56.51,56.7427,55.6096,55.6096,52627.64942026
2015-05-29,55.5824,56.4092,55.327,56.0205,165220.71829403
2015-06-01,55.9711,56.0205,55.1981,55.1981,36801.592652878
2015-06-02,55.1724,55.2754,54.4523,54.4523,83694.317030491
2015-06-03,54.5805,55.5044,54.272,54.3485,41822.029165816
2015-06-05,54.4259,54.632,53.9642,53.9642,33924.621729068
2015-06-08,54.3235,54.6062,53.5005,53.5005,39097.192681792
2015-06-09,53.5512,54.5546,53.1398,53.1398,64450.668740774
2015-06-10,53.8612,53.8612,52.9859,53.5005,108224.63710277
2015-06-11,53.8089,54.0157,53.2428,53.4232,113402.64142834
2015-06-12,53.5262,53.5262,52.9859,52.9859,37173.77869307
2015-06-15,53.2428,53.3723,52.5235,52.8063,51371.181948814
2015-06-16,53.0375,53.0375,52.3432,52.497,84467.214318333
2015-06-17,53.2428,53.2428,51.4429,51.5724,102383.76128956
2015-06-18,51.6231,51.6747,50.4188,50.4188,124018.09363306
2015-06-19,51.2058,51.2058,49.1283,49.1283,208235.37280032
2015-06-22,49.539,51.392,49.539,51.18,129793.76897207
2015-06-23,52.4463,52.9859,51.7513,52.2658,148384.05417665
2015-06-24,52.8836,53.2177,51.9567,51.9567,96427.426303295
2015-06-25,52.2402,52.7032,51.4429,51.4429,113509.95054212
2015-06-26,51.7763,52.472,51.4429,52.0597,103687.77077344
2015-06-29,51.4429,51.9567,49.7753,50.9496,130387.36495589
2015-06-30,51.7763,51.9567,50.954,51.4223,176478.66683819
2015-07-01,51.6489,52.1371,51.0968,51.6747,151322.15054501
2015-07-02,51.7262,51.9309,51.392,51.6489,152061.08925254
2015-07-03,52.3593,52.4161,50.5093,50.5211,95358.410195157
2015-07-06,49.8372,49.9152,48.61,49.6156,45054.88601127
2015-07-07,49.5213,50.2104,48.6644,48.7212,161402.41552405
2015-07-08,48.8823,48.8823,47.2215,47.4982,103496.2443805
2015-07-09,47.2767,49.3263,47.2767,49.3263,69486.047029048
2015-07-10,49.4986,50.6102,49.4986,49.9991,642647.11555
2015-07-13,52.7208,52.7208,50.2936,51.7322,526743.76426766
2015-07-14,52.221,52.221,51.1925,51.8271,87429.760864523
2015-07-15,51.9155,51.9155,50.9371,51.6659,42459.09213242
2015-07-16,51.9155,52.0708,51.6703,51.9155,92025.035951988
2015-07-17,52.221,52.221,51.2264,51.6585,86747.87257191
2015-07-20,51.1093,52.1657,49.8932,50.4158,52051.711898214
2015-07-21,50.555,50.555,48.6644,49.3763,88273.291999408
2015-07-22,49.4433,49.4433,47.9371,48.6821,45887.550400455
2015-07-23,49.165,49.165,48.3597,48.615,45579.206491246
2015-07-24,48.3096,48.8875,47.9716,48.5547,72233.975347682
2015-07-27,48.8595,48.8595,46.2269,46.6377,100582.59818995
2015-07-28,47.1648,47.4372,47.1648,47.3326,32039.241350291
2015-07-29,48.0328,50.4932,47.5262,49.7872,115309.75529852
2015-07-30,49.8872,50.4431,49.0266,50.4431,64552.544481702
2015-07-31,50.4755,51.4487,50.0588,51.4487,145816.78550526
2015-08-03,51.3324,51.3324,50.5711,50.9371,38113.752196032
2015-08-04,51.2212,51.7203,50.6205,51.4429,31729.53909787
2015-08-05,51.6371,52.087,51.2153,52.087,69491.480401897
2015-08-06,51.7203,51.7203,49.4433,49.4433,205317.65158013
2015-08-07,49.4433,49.9756,49.2711,49.4154,99815.134274959
2015-08-10,49.4102,50.4821,48.3994,49.4492,83213.463533311
2015-08-11,49.7437,50.1707,49.0436,49.9822,40619.895422864
2015-08-12,49.8321,49.9711,49.0707,49.9373,39830.698016475
2015-08-13,49.9373,50.4431,48.8875,50.4431,92011.452519863
2015-08-14,50.4379,50.9371,50.1434,50.9371,28570.032785885
2015-08-17,50.7715,50.9371,50.6374,50.8818,58112.639311831
2015-08-18,50.7986,50.7986,49.0487,49.3152,39722.030559485
2015-08-19,49.3204,50.4593,49.0546,49.9925,74039.21347693
2015-08-20,49.9322,49.9991,47.8318,48.9648,98991.978288259
2015-08-21,48.5547,48.8926,48.0541,48.1933,68997.043472593
2015-08-24,46.2931,46.8872,43.5766,43.7261,160717.81054501
2015-08-25,43.7762,46.5825,43.7762,45.5489,158950.6060257
2015-08-26,45.049,46.1098,45.049,45.4767,83497.357264697
2015-08-27,45.9987,46.7209,45.7933,46.6981,88319.475668629
2015-08-28,47.9437,47.9437,46.804,47.7766,42987.487642034
2015-08-31,47.7766,48.5709,47.6823,48.5709,120760.78660978
2015-09-01,48.1933,48.1933,47.1147,47.3643,25925.338551391
2015-09-02,47.2215,48.61,47.2215,47.393,42812.261367638
2015-09-03,48.0541,48.61,47.505,47.505,19663.376342342
2015-09-04,48.3044,48.3044,47.2215,47.7766,48543.111380648
2015-09-07,47.8877,48.0541,47.1648,47.1648,19302.05704785
2015-09-08,47.2767,47.8819,47.1324,47.1324,25990.539025585
2015-09-09,47.8819,47.9761,46.9211,46.9211,30739.306896049
2015-09-10,47.2767,48.6048,46.6716,48.5651,105764.67754516
2015-09-11,47.9488,48.61,47.4982,47.4982,88206.733182001
2015-09-14,47.7766,48.599,47.5543,48.4597,68824.533884621
2015-09-15,48.599,48.599,47.7766,48.1373,32275.593069244
2015-09-16,48.3317,48.4826,48.0202,48.4826,45925.584010402
2015-09-17,48.2375,48.3994,47.0986,47.2819,49340.458846313
2015-09-18,47.2767,47.2767,43.916,46.1098,164203.31922796
2015-09-21,45.777,46.6149,45.3377,46.3262,100215.84552261
2015-09-22,46.1651,46.1651,44.8871,45.5489,59370.465126491
2015-09-23,44.7213,45.4988,44.1655,44.6537,56610.311718945
2015-09-24,44.6537,45.7094,44.6537,45.3325,102920.30685845
2015-09-25,45.1322,46.104,44.7715,45.2485,31317.96110452
2015-09-28,45.0534,45.2485,43.6428,44.438,52705.074983366
2015-09-29,43.9212,44.9989,43.3874,44.9827,63095.042214823
2015-09-30,44.9923,45.2713,44.6492,44.8871,103338.67656786
2015-10-01,45.2765,45.2765,44.7324,44.971,35312.848492115
2015-10-02,44.8326,45.4105,44.449,44.449,52464.648234775
2015-10-05,44.6154,45.2765,44.449,44.5152,79862.430828381
2015-10-06,44.6109,45.3537,44.6109,45.3537,53085.41108283
2015-10-07,45.3537,45.5827,45.2205,45.4105,38496.804981922
2015-10-08,45.4105,45.66,45.0269,45.1646,25718.87038311
2015-10-09,45.8323,48.0541,45.2823,47.7597,47838.131253426
2015-10-12,47.7766,49.4375,46.5655,49.3322,106115.13009395
2015-10-13,49.0546,49.1429,48.1646,49.1429,121783.6190487
2015-10-14,49.1098,49.1098,48.3317,48.3317,45592.78992337
2015-10-15,48.3434,48.5651,47.2436,48.0541,47505.337166394
2015-10-16,48.599,49.3874,48.2823,48.3317,417033.09969055
2015-10-19,48.3044,48.8595,47.8377,48.8595,170152.86249816
2015-10-20,48.3317,48.8551,48.0541,48.2706,122518.4827266
2015-10-21,48.3317,48.3317,47.2767,47.7155,67259.722503965
2015-10-22,48.1601,48.1601,45.2713,45.4598,80432.934977578
2015-10-23,45.6659,46.5258,45.5717,46.1098,64828.288153813
2015-10-26,46.104,46.2769,45.4487,46.1098,74389.666025721
2015-10-27,45.6659,46.0988,44.8871,45.1322,79160.167387584
2015-10-28,45.7159,45.7159,45.0159,45.0534,56060.182717932
2015-10-29,45.5429,45.5429,43.8601,43.8881,76098.46178689
2015-10-30,43.9991,44.1655,43.4427,43.7158,49572.735535629
2015-11-02,43.7158,44.7376,43.7158,44.5491,148140.91074163
2015-11-03,44.9989,44.9989,44.3606,44.7537,119531.48600258
2015-11-04,44.9989,46.104,44.6036,45.5268,77109.069136897
2015-11-05,44.7324,45.8205,44.4711,44.7213,72743.354052324
2015-11-06,45.2765,45.2765,43.4271,43.4271,137446.67463059
2015-11-09,43.3322,43.4205,39.8993,39.8993,167759.46175796
2015-11-10,40.266,40.6988,39.4436,40.0664,141673.83870751
2015-11-12,40.5545,40.8049,39.8382,40.7813,72600.728015024
2015-11-13,40.6657,40.6657,39.7492,40.1091,33931.41344513
2015-11-16,39.9988,41.3879,39.0932,39.0932,76659.457533601
2015-11-17,39.1653,39.9884,38.5882,38.5882,144083.53956627
2015-11-18,38.9769,38.9769,36.9428,37.3933,151690.26155557
2015-11-19,37.9882,39.2103,37.5045,38.8709,118982.71534479
2015-11-20,38.6655,39.1543,38.4711,39.1101,58676.351744966
2015-11-23,39.049,39.049,38.0551,38.8878,82720.384947219
2015-11-24,39.066,39.066,37.4382,37.9381,93233.961411002
2015-11-25,37.7821,37.9985,37.0318,37.4986,60821.175677308
2015-11-26,37.5155,37.8601,37.3426,37.8601,47486.32036142
2015-11-27,37.8601,38.4431,37.8601,38.2768,32074.558273813
2015-11-30,37.4824,40.3882,37.4824,39.8766,249338.83840678
2015-12-01,39.8766,40.1651,38.2481,38.6603,98035.704666748
2015-12-02,38.5543,38.5543,37.6827,37.9985,63009.466592444
2015-12-03,37.7217,38.3217,37.7217,37.9595,47940.006994354
2015-12-04,37.8991,38.5543,37.5546,37.7821,382111.4540436
2015-12-07,37.7776,38.8385,37.7776,38.1656,65237.149460738
2015-12-08,38.0154,38.0154,36.4989,36.7772,100537.77286394
2015-12-09,36.666,36.666,35.1988,35.5543,120762.144953
2015-12-10,35.5543,36.4436,35.2208,35.6669,316047.07356652
2015-12-11,36.055,36.055,34.9212,34.9993,243552.29632207
2015-12-14,35.0272,35.3371,34.1821,34.1821,72580.352866839
2015-12-15,34.4435,34.6326,33.9487,34.4435,55261.476909056
2015-12-16,34.333,35.3872,34.2763,35.3872,121920.81171315
2015-12-17,35.6103,37.3882,35.6103,37.2211,124263.9537545
2015-12-18,37.2211,37.3426,36.4591,37.1217,109145.59380076
2015-12-21,37.1652,39.4436,37.1652,38.8878,213826.31346245
2015-12-22,38.3386,39.4436,38.3386,39.0991,80464.176871464
2015-12-23,39.0821,40.5435,38.9489,40.0326,160276.34900099
2015-12-28,39.9325,40.7496,39.4709,40.5708,100786.34967181
2015-12-29,40.4986,41.7767,40.4103,41.7767,116575.73117245
2015-12-30,41.7494,41.7494,39.9435,39.9435,39343.052803232
2016-01-04,39.4436,40.439,39.077,39.2103,70637.922073142
2016-01-05,39.1049,39.4156,37.7217,38.0765,53688.515469126
2016-01-07,37.5546,37.9042,36.2552,37.5546,96737.128555717
2016-01-08,37.3882,37.9102,36.666,36.9428,70216.835677306
2016-01-11,37.5885,37.5885,36.6771,37.2211,94536.612551669
2016-01-12,37.3933,39.7212,37.3933,39.61,132374.62107559
2016-01-13,39.7492,41.7604,39.6431,41.6382,236344.9272372
2016-01-14,41.6382,41.6382,40.5656,41.5153,125308.51968482
2016-01-15,41.1104,41.4932,40.277,40.5825,72998.72257625
2016-01-18,38.999,40.5545,38.8878,39.9053,95990.039788911
2016-01-19,40.6937,41.1156,40.6937,41.1156,69352.929394235
2016-01-20,41.1104,41.2709,39.454,39.4819,193635.8999537
2016-01-21,39.454,40.0819,37.5928,37.7268,170151.50415495
2016-01-22,38.1656,39.0042,37.9933,38.1656,143422.02642183
2016-01-25,38.4984,39.4039,38.1656,39.1543,86802.206300406
2016-01-26,38.8878,38.8878,38.2275,38.5595,57826.02889402
2016-01-27,39.1101,39.1101,38.3651,38.6382,51277.45626716
2016-01-28,38.6382,40.439,38.6382,40.3882,145099.58028911
2016-01-29,40.1091,41.5323,40.0046,41.5323,193619.59983516
2016-02-01,41.293,41.5323,40.7437,41.3658,54157.143877395
2016-02-02,41.4703,41.4703,40.86,41.3931,279515.79121291
2016-02-03,41.3709,41.3709,40.888,40.916,41011.098268028
2016-02-04,41.1104,42.6601,41.1053,42.554,58903.195061434
2016-02-05,42.6041,43.5383,42.2317,43.3322,49862.062639865
2016-02-08,42.504,43.3256,42.4539,42.4716,16027.091562813
2016-02-09,42.4429,43.0113,42.0711,42.7713,67326.281321371
2016-02-10,43.0539,43.5045,41.943,41.943,108949.99237818
2016-02-11,41.943,42.0431,40.3595,40.715,82791.018794261
2016-02-12,40.6105,41.9106,40.4935,41.2546,49019.889848193
2016-02-15,41.3437,41.6662,41.1656,41.6662,61215.095208895
2016-02-16,41.1928,43.2601,41.1928,43.2601,55944.723544881
2016-02-17,43.8152,45.8205,43.8034,45.0159,139091.62826078
2016-02-18,45.2765,45.2765,44.0765,44.971,108465.06385136
2016-02-19,44.8827,44.9989,44.0986,44.3489,36482.38199797
2016-02-22,44.4431,45.2595,44.4431,44.7427,32041.958036716
2016-02-23,44.7213,45.0321,44.5042,44.9989,58881.461570035
2016-02-24,45.2161,45.2161,44.449,44.9371,34594.284932768
2016-02-25,45.2205,45.2205,43.3322,43.3492,73203.832401319
2016-02-26,43.8821,44.9371,43.8821,44.9371,54686.897730222
2016-02-29,44.9827,45.493,44.4711,44.5536,159176.09099896
2016-03-01,44.5536,45.2765,44.5536,45.2765,77284.295411294
2016-03-02,45.3868,45.8323,44.6434,45.5541,52025.903377179
2016-03-03,45.6262,46.8931,45.5827,46.8931,147943.95097583
2016-03-04,46.9432,46.9432,46.0046,46.804,83281.380693929
2016-03-07,47.2156,47.6154,46.1098,46.6377,77106.352450473
2016-03-08,46.5324,46.5324,45.2823,46.5258,95138.358594752
2016-03-09,46.3602,46.3602,44.8871,44.9989,99941.46019371
2016-03-10,45.4429,46.5487,44.9769,45.5599,100808.0831632
2016-03-11,46.0267,46.0267,45.1763,45.183,70212.760647669
2016-03-14,45.183,46.5487,45.183,46.3873,48261.934335686
2016-03-15,46.3873,46.3873,45.1881,45.2043,73658.877377464
2016-03-16,45.5541,45.9435,45.2823,45.8323,35034.388133579
2016-03-17,45.8876,46.3873,45.8323,46.3873,53969.692514088
2016-03-18,46.3873,47.2215,45.638,47.2215,184680.34315452
2016-03-21,46.8269,47.5212,46.6598,47.5212,49620.277548062
2016-03-22,47.2215,47.5543,46.3873,47.1715,88648.194726023
2016-03-23,47.1715,47.7766,46.7209,47.1648,94050.325681639
2016-03-24,47.3879,47.4372,46.3873,46.9985,161209.53078788
2016-03-29,47.4982,48.6983,46.9941,48.6983,105165.6481885
2016-03-30,48.7756,49.81,48.6983,49.7982,95749.61304032
2016-03-31,49.7982,50.555,49.4433,50.2759,195365.07086306
2016-04-01,49.5597,50.2487,48.9154,49.8872,73798.786728339
2016-04-04,49.8872,50.0588,49.221,49.5257,37010.777507584
2016-04-05,49.6096,49.6096,47.6934,47.6934,35680.959502669
2016-04-06,47.4982,47.7766,43.4427,44.9989,220474.04514381
2016-04-07,45.2205,45.7322,45.06,45.1646,48847.380260221
2016-04-08,45.5541,46.933,45.3037,46.665,78398.136845441
2016-04-11,46.193,46.6539,45.1646,45.5541,31576.046314872
2016-04-12,46.665,46.665,45.2765,45.5429,71969.098421269
2016-04-13,45.8323,46.093,45.3604,45.5429,47695.505216127
2016-04-14,45.6762,46.6598,45.6762,46.0267,44002.170021678
2016-04-15,46.3535,46.3535,45.4429,45.5541,36232.446846893
2016-04-18,45.5541,46.1098,45.06,45.4988,50863.161587385
2016-04-19,45.5989,45.5989,45.1719,45.5989,14936.341963276
2016-04-20,45.5268,45.5268,44.3379,44.9879,115900.63459591
2016-04-21,44.8827,45.5989,44.5536,44.9879,56049.315972234
2016-04-22,44.9989,45.5541,42.8993,43.0656,111826.96330199
2016-04-25,43.2211,43.2211,42.1374,42.5769,82829.052404208
2016-04-26,42.5769,43.3322,42.2213,42.588,74347.557386138
2016-04-27,43.1599,43.1599,41.1715,41.5816,103600.83680785
2016-04-28,41.3879,41.4203,40.5545,41.3879,145094.14691627
2016-04-29,41.7207,41.8929,41.1156,41.1156,57684.761199933
2016-05-02,41.3327,41.3327,41.0773,41.2326,7552.3882608055
2016-05-04,41.2495,41.2495,40.6774,41.0986,65947.562960811
2016-05-05,41.0986,41.0986,40.2203,40.3815,25596.619493996
2016-05-06,40.3094,41.0434,40.3094,41,54370.403761738
2016-05-09,41.8929,41.9989,40.8328,41.4991,52427.972968042
2016-05-10,41.1156,41.9607,40.9262,41.2429,88830.212716482
2016-05-11,41.3606,41.3606,40.3992,40.8049,158408.62708397
2016-05-12,41.2657,42.7764,40.3992,40.4427,65099.956796289
2016-05-13,40.4427,40.8431,39.1653,39.9988,200525.41672687
2016-05-16,40.8328,42.0542,40.3882,41.3879,47139.942842265
2016-05-17,41.6662,42.4929,40.916,40.916,51110.380052037
2016-05-18,41.1104,42.3266,40.3992,42.0542,61069.752485171
2016-05-19,41.7207,42.4429,41.3879,41.8266,80590.502790215
2016-05-20,41.943,42.0932,41.3997,41.6772,203669.98126352
2016-05-23,41.6662,42.7433,41.4203,42.1653,94361.386277273
2016-05-24,42.7153,42.8993,42.1094,42.8993,42684.577105675
2016-05-25,42.9545,43.199,42.7433,43.199,66014.121778217
2016-05-27,43.2932,43.3322,42.7926,43.3322,40283.026306196
2016-05-30,43.4427,43.4427,42.7764,43.0877,16260.726595342
2016-05-31,43.3101,43.3101,41.3489,41.3541,200397.73246491
2016-06-01,41.5881,41.5881,39.6431,40.3152,75970.777524927
2016-06-02,40.5435,40.5545,39.7212,39.7595,63969.815243592
2016-06-03,39.9988,41.7266,39.621,41.2098,82282.998432833
2016-06-06,41.6596,41.6596,39.4709,39.4709,46762.323429224
2016-06-07,39.9988,41.4873,39.5813,41.4873,139844.15040044
2016-06-08,41.3327,43.1599,40.5597,42.7764,68305.646777494
2016-06-09,42.7764,42.7764,40.344,41.1053,84407.447216988
2016-06-10,41.1104,41.1104,39.9988,40.1769,22551.214011852
2016-06-13,39.9988,41.0434,39.7771,41.0434,22086.660633219
2016-06-14,40.8328,40.9212,40.0046,40.9102,33890.663148759
2016-06-15,40.5545,40.7261,40.0098,40.277,33686.911666902
2016-06-16,39.9988,40.5435,39.454,39.6998,43324.356758704
2016-06-17,39.7374,42.161,39.7374,39.9605,176077.95559054
2016-06-20,40.1769,40.5545,39.9988,39.9988,70066.059580732
2016-06-21,40.277,41.4652,39.7212,40.3595,85547.097172171
2016-06-22,41.0986,42.1602,40.5097,41.4991,73806.936787613
2016-06-23,41.4991,41.5109,40.8328,41.4822,48529.527948525
2016-06-24,39.1492,40.232,37.7769,38.4984,178320.58023418
2016-06-27,38.9268,39.2773,37.0598,37.0598,83136.037970205
2016-06-28,37.8881,38.8319,37.1652,38.5816,88797.612479385
2016-06-29,39.0549,39.9708,39.0549,39.9648,41665.819696394
2016-06-30,39.9988,40.0819,39.4436,39.8316,41853.271059702
2016-07-01,40.4146,40.5626,40.1172,40.5038,38469.638117675
2016-07-04,40.5038,41.092,39.5527,40.6399,77493.480265999
2016-07-05,40.7121,41.4012,39.6241,39.6292,65893.229232315
2016-07-06,39.5231,39.7366,37.3359,37.3359,125385.94524792
2016-07-07,38.0257,38.3939,37.7695,38.1082,47396.669709404
2016-07-08,38.0971,38.6191,37.4552,37.4604,82522.066838212
2016-07-11,37.9123,39.1543,37.7997,39.1543,55980.040468403
2016-07-12,39.2199,39.945,38.7803,39.9391,61660.631782555
2016-07-13,40.2189,40.902,39.7315,40.1054,70885.140537795
2016-07-14,40.4146,40.5457,39.7072,40.2189,22029.610218299
2016-07-15,39.8199,41.0095,39.8199,40.9507,60784.500410573
2016-07-18,41.0095,41.0389,40.1298,40.4869,52394.014387733
2016-07-19,40.7121,41.5433,40.4198,41.5433,32230.767743236
2016-07-20,41.5433,41.5433,40.8903,41.2473,40812.780159022
2016-07-21,41.2473,41.4255,40.6525,41.128,51440.457452644
2016-07-22,41.1163,41.1163,39.8794,40.1172,40456.894237379
2016-07-25,40.7054,41.5382,40.6297,41.4851,37327.271476068
2016-07-26,41.4785,42.4952,41.0095,42.4952,59887.993890405
2016-07-27,42.4952,42.4952,40.7828,41.1214,55010.183414767
2016-07-28,41.0095,42.1675,41.0095,41.6684,45678.36554575
2016-07-29,41.6684,41.6684,40.1769,40.8719,61963.542318915
2016-08-01,41.0147,41.5087,41.0147,41.5087,23913.632253864
2016-08-02,41.5911,41.9246,39.8199,41.1575,85242.828292599
2016-08-03,41.6029,41.6029,39.7248,39.7248,55876.806384262
2016-08-04,40.1709,41.449,39.9391,41.449,27808.002243743
2016-08-05,41.4851,42.7912,41.4851,42.7682,67058.687708534
2016-08-08,42.7912,43.386,42.6733,43.386,42127.656388601
2016-08-09,43.3564,45.4547,42.8213,45.437,149802.16449037
2016-08-10,45.437,45.437,43.9632,44.4556,96796.895657062
2016-08-11,44.4556,44.9327,44.0036,44.9202,35623.90908775
2016-08-12,44.8606,44.8606,43.5817,43.6237,50121.506193428
2016-08-16,43.6237,44.7472,43.2203,44.5749,70757.456275831
2016-08-17,44.5749,44.5749,43.2969,43.4456,38620.414214249
2016-08-18,43.4456,43.6186,42.8514,43.3153,29653.990669361
2016-08-19,43.464,43.464,42.0247,42.0675,51929.4610091
2016-08-22,42.0247,43.0834,42.0247,42.5423,34440.79214977
2016-08-23,42.554,42.554,41.9011,42.4826,19747.59362151
2016-08-24,42.6557,42.7322,41.9304,42.7153,26785.169804825
2016-08-25,42.7153,43.0892,42.0247,43.0892,38767.115281185
2016-08-26,43.0892,43.386,42.5011,43.1363,28257.613847039
2016-08-29,42.8514,43.7843,42.8514,43.7843,25081.807416506
2016-08-30,43.7431,44.7715,43.7246,44.7537,50299.449154249
2016-08-31,44.5749,44.8244,43.2203,43.2674,64109.724594468
2016-09-01,43.7431,43.7431,42.2029,42.8456,24785.688596208
2016-09-02,42.4952,43.1312,42.4952,42.6136,63222.726476786
2016-09-05,42.2029,43.838,42.2029,43.838,32760.521596063
2016-09-06,43.8564,44.4556,43.2387,44.1589,26806.903296222
2016-09-07,44.1465,44.7537,43.9808,43.9808,47142.65952869
2016-09-08,44.4556,44.7537,43.6237,43.6237,31419.836845448
2016-09-09,43.3329,44.3319,43.3329,43.3389,45394.471814363
2016-09-12,43.5052,43.6237,42.0792,42.554,112099.99028768
2016-09-13,42.5253,44.5749,42.5253,44.0397,36432.123299113
2016-09-14,44.1589,44.1589,42.9707,43.4102,15343.844926989
2016-09-15,43.9808,44.569,43.9212,44.569,45458.313945344
2016-09-16,44.569,45.7403,44.2488,45.1395,249223.37923374
2016-09-19,45.1395,45.1395,44.1589,44.6346,42338.19958652
2016-09-20,44.6346,45.0504,44.1648,45.0504,33981.672143987
2016-09-21,43.4456,44.5749,43.4456,44.0868,60391.939222197
2016-09-22,43.8018,46.7143,43.8018,46.6554,242688.390039
2016-09-23,46.3579,46.3579,45.5143,46.0016,53601.581503534
2016-09-26,45.9656,46.5067,45.9656,46.3873,86818.506418954
2016-09-27,46.0016,46.9351,46.0016,46.9351,128165.11546044
2016-09-28,46.7805,46.7805,45.9479,45.9479,150883.40568741
2016-09-29,46.0664,46.8931,45.9722,46.7091,53880.04186207
2016-09-30,45.8831,46.6789,45.1749,45.1749,100501.09759721
2016-10-03,44.7537,46.3579,44.7537,46.3579,25713.437010261
2016-10-04,45.7697,46.4051,45.7159,46.4051,43045.896400167
2016-10-05,46.6554,46.6737,45.7101,46.2571,39530.50416654
2016-10-06,45.7631,46.2872,45.7631,46.1681,21414.280743093
2016-10-07,46.2872,46.2872,45.3008,45.3008,29008.777643483
2016-10-10,45.4193,45.8831,45.2883,45.5916,13704.324669653
2016-10-11,45.7042,47.5344,45.4723,46.8931,50941.945493703
2016-10-12,47.1729,47.2789,46.3749,46.447,25766.412395543
2016-10-13,45.9428,46.5899,45.0203,45.0269,40596.803588254
2016-10-14,45.6571,45.6571,45.0682,45.1749,20851.92665317
2016-10-17,45.1697,46.1798,45.0093,46.1084,172160.49376605
2016-10-18,46.3227,46.8755,45.8228,46.4706,135823.45449182
2016-10-19,46.6554,46.6554,45.9722,46.5604,115206.52121438
2016-10-20,46.5361,46.5361,43.9808,44.2775,80326.984207014
2016-10-21,44.3614,46.3227,44.3614,45.3479,151572.08569609
2016-10-24,45.342,46.0494,45.342,46.0311,27501.016677746
2016-10-25,46.0546,46.5302,45.5673,46.0613,55984.115498039
2016-10-26,46.4176,46.4176,44.8731,45.5026,33667.894861929
2016-10-27,45.7631,46.1143,44.6346,45.7874,97924.320523333
2016-10-28,45.7815,45.7815,45.1874,45.3722,25998.689084859
2016-10-31,45.4244,46.1849,45.205,46.1849,51401.065499486
2016-11-02,45.7631,45.7697,44.5874,44.5874,26279.866129821
2016-11-03,44.5874,44.8429,43.0892,44.6942,83289.530753204
2016-11-04,43.9867,44.0823,43.2674,43.2674,33534.777227117
2016-11-07,43.3919,44.2775,42.8037,42.9111,40936.389391348
2016-11-08,43.6834,44.1943,42.9766,43.7018,37414.205441659
2016-11-09,42.8514,43.8674,42.7741,43.6237,23732.972606618
2016-11-10,43.4338,44.6875,43.4213,43.4213,58309.599077625
2016-11-14,43.5641,43.8018,41.918,41.918,111708.78744252
2016-11-15,42.0247,43.0834,42.0247,42.4186,33029.473552113
2016-11-16,42.9111,42.9111,42.0203,42.3406,47643.888174056
2016-11-17,42.3163,42.3406,41.4255,41.4255,34688.010614422
2016-11-18,41.4255,42.3163,41.0573,41.0684,29535.814809884
2016-11-21,42.0372,42.2573,41.0095,41.128,86719.347364451
2016-11-22,41.6029,42.1263,41.3357,41.6809,84253.95443399
2016-11-23,42.1381,42.2573,41.6625,41.7751,97288.615899941
2016-11-24,41.8348,41.9901,41.5433,41.7516,15262.344334247
2016-11-25,41.7877,41.8532,40.2365,40.4794,63423.761272218
2016-11-28,40.9904,40.9904,39.529,39.5651,56511.15266444
2016-11-29,39.8199,39.8199,39.1668,39.1668,88726.978632341
2016-11-30,39.5821,40.4095,39.5172,39.9988,109342.55356656
2016-12-01,40.3499,41.5382,40.26,41.0331,71685.204689883
2016-12-02,40.8954,41.0684,40.8005,41.0625,26446.942344943
2016-12-05,40.45,42.4061,40.45,42.3163,68508.039916138
2016-12-06,42.3163,43.4456,42.2625,43.3263,153468.33282056
2016-12-07,43.3263,43.3263,42.6136,42.7912,75599.949827948
2016-12-08,43.3219,44.2488,42.9338,43.6834,67422.72368945
2016-12-09,43.6539,44.1817,43.6539,44.1295,53583.923041773
2016-12-12,44.2488,44.2488,42.6557,42.9288,25455.351799909
2016-12-13,43.143,43.2085,42.7682,43.2085,63122.209079071
2016-12-14,43.3742,43.3742,42.5011,42.5129,17352.834538092
2016-12-15,42.4952,43.0532,42.1381,43.0532,44135.287656492
2016-12-16,43.0532,44.2775,42.7912,43.464,194260.7378314
2016-12-19,43.2674,43.386,42.9228,42.9228,23162.46845742
2016-12-20,43.2387,43.9212,43.0959,43.9212,44136.645999704
2016-12-21,43.5714,44.4858,43.5714,44.2186,106676.12584067
2016-12-22,43.6834,45.7572,43.6834,45.1579,139178.56222638
2016-12-23,45.3243,45.7042,44.9724,45.2705,31190.276842557
2016-12-27,44.7067,45.2581,44.4858,45.2581,43100.230128661
2016-12-28,44.7537,45.7159,44.7537,45.0394,31267.702405663
2016-12-29,44.7537,45.5143,44.7537,45.5076,80067.54065345
2016-12-30,45.2823,45.6328,44.7236,45.4016,37718.474321232
2017-01-02,45.0564,46.3579,45.0564,46.2092,54579.588616443
2017-01-03,45.5731,46.8335,45.5731,46.8159,77697.231747855
2017-01-04,46.8335,46.9234,45.9184,46.3579,217996.42712444
2017-01-05,46.3579,46.3579,44.9724,45.4671,133226.30226975
2017-01-09,45.7337,45.9781,44.9025,45.1697,60245.23815526
2017-01-10,45.395,45.9428,45.1521,45.9428,141346.47799333
2017-01-11,45.9428,46.8335,45.5555,46.3579,52789.292262533
2017-01-12,46.4773,46.8335,45.0504,45.3892,78285.394358813
2017-01-13,45.9236,45.9236,43.9808,45.5026,81990.954642173
2017-01-16,45.2463,46.2395,44.9076,46.1555,46975.583313567
2017-01-17,46.1555,46.5957,45.3597,46.0016,94156.276452205
2017-01-18,45.621,46.0848,45.211,45.3479,79713.01307502
2017-01-19,45.7631,45.7631,44.9438,44.9438,39382.444756391
2017-01-20,45.1455,45.5026,44.7537,44.7537,18260.207803958
2017-01-23,45.1697,45.4016,44.5991,45.1395,39457.153633072
2017-01-24,45.3892,45.3892,44.421,44.5749,46587.097154829
2017-01-25,44.8731,46.3579,44.8731,46.3579,109490.61297671
2017-01-26,46.6554,47.4754,46.6554,47.2377,165523.62883039
2017-01-27,46.9528,46.9528,46.0966,46.2395,66322.465687426
2017-01-30,46.6494,46.6494,45.7756,46.0193,61278.937339878
2017-01-31,45.8831,46.447,45.6445,45.6445,67331.714694221
2017-02-01,46.2983,47.2082,46.2092,46.9528,34366.08327309
2017-02-02,46.9528,47.1538,46.2571,46.6856,27843.319167265
2017-02-03,46.7143,46.7143,45.674,45.9428,56888.772077481
2017-02-06,45.9428,46.4411,45.6504,46.1201,107912.21816393
2017-02-07,46.0546,46.3278,45.7042,46.3278,36137.362822027
2017-02-08,46.3521,46.3521,45.6865,45.8228,74654.542952135
2017-02-09,46.2872,47.2208,46.0613,47.2208,53291.879251112
2017-02-10,47.4872,49.7393,47.4814,48.9737,320930.31741501
2017-02-13,49.6266,49.6266,48.3192,48.4376,71137.792375296
2017-02-14,48.7057,48.7233,48.141,48.5864,75326.92284226
2017-02-15,48.7351,48.9737,48.3545,48.7351,35600.817253139
2017-02-16,48.7351,49.2704,48.0218,48.141,87219.217666605
2017-02-17,48.5864,48.5864,47.1906,47.2494,67986.436122586
2017-02-20,47.2494,47.5461,46.8335,46.8931,32518.73650426
2017-02-21,47.3334,48.7174,47.131,48.7174,93455.371354619
2017-02-22,48.6754,48.7351,48.141,48.7351,60481.589874213
2017-02-23,48.6586,49.3351,48.3788,49.3351,64642.195133718
2017-02-24,49.2997,49.3771,47.6956,47.7487,69624.598036711
2017-02-27,48.141,48.3067,47.7251,47.7604,49514.326777497
2017-02-28,47.7604,48.0814,46.8637,46.8637,115857.16761311
2017-03-01,46.9528,48.141,46.9528,47.9812,85951.883449459
2017-03-02,48.3434,48.8603,48.3434,48.8603,104907.56297815
2017-03-03,48.8551,48.8551,48.4141,48.7233,37597.58177533
2017-03-06,48.2308,48.5754,48.0939,48.5754,20873.660144568
2017-03-07,48.5754,48.5754,47.9268,47.9268,48390.976940862
2017-03-08,47.8436,47.8494,46.9528,47.03,84486.231123306
2017-03-09,46.9704,47.3511,46.6554,46.6671,113501.80048285
2017-03-10,46.6737,47.5461,46.6671,47.1655,50223.381934356
2017-03-13,47.2553,48.6107,47.2494,48.6107,54328.295122155
2017-03-14,48.7351,48.7351,47.0713,48.1764,85931.508301273
2017-03-15,48.1764,48.6048,46.8755,47.8201,85361.004152076
2017-03-16,48.141,48.7888,48.0814,48.7351,76281.83812056
2017-03-17,48.7351,49.6208,48.7292,49.0502,139606.44033827
2017-03-20,49.6156,49.6156,48.3434,48.5864,42931.795570327
2017-03-21,48.9669,49.3299,47.9628,48.0644,120694.22779237
2017-03-22,47.5461,48.4376,47.0418,47.315,71027.766575094
2017-03-23,47.2082,48.4325,47.2082,47.9982,54392.137253136
2017-03-24,48.1344,48.4325,46.9586,47.1729,76452.989365319
2017-03-27,47.131,47.1729,46.0075,46.2872,80144.966216555
2017-03-28,47.0713,47.0713,45.9899,46.2747,101403.03749022
2017-03-29,46.7732,47.2494,46.4773,46.8453,89126.331536779
2017-03-30,46.8519,47.1655,46.0016,46.5067,56580.428168272
2017-03-31,46.7732,46.7857,45.3052,45.585,154503.3903484
2017-04-03,46.1739,46.2571,45.7337,46.1201,14024.893667773
2017-04-04,46.1798,46.8689,45.8293,46.6016,53544.531088614
2017-04-05,46.6016,47.4939,46.5604,47.4754,54214.194292315
2017-04-06,47.315,47.4217,46.9528,47.4217,33555.152375302
2017-04-07,47.4754,47.4814,46.9528,46.9528,37509.289466525
2017-04-10,45.7042,45.7042,42.5253,44.0287,822016.33674412
2017-04-11,44.5447,44.8127,43.2203,43.2203,116655.87342198
2017-04-12,43.2314,44.2488,43.1128,43.2387,111422.1770247
2017-04-13,43.6834,43.6834,43.0892,43.1489,51947.119470861
2017-04-18,43.1541,43.6657,42.8338,42.917,49878.362758414
2017-04-19,42.9228,43.648,42.9228,43.386,116631.42324416
2017-04-20,43.8018,43.8018,43.1541,43.517,79885.522662991
2017-04-21,43.386,43.6539,42.7984,42.7984,102152.84294346
2017-04-24,42.9413,43.9742,42.9413,43.5413,96848.512699132
2017-04-25,43.7431,45.1697,43.5943,45.1395,199149.41505273
2017-04-26,45.1395,45.1579,44.2959,44.8731,95693.920968612
2017-04-27,44.5815,45.4547,44.5749,45.3479,129789.69394244
2017-04-28,44.5632,44.5632,43.7018,44.5447,780148.12390909
2017-05-02,44.5447,45.0093,44.3967,44.3967,56186.508636684
2017-05-04,44.2775,45.6445,44.2775,45.395,58829.844527965
2017-05-05,45.4075,45.4075,44.4018,44.5749,79615.212363729
2017-05-08,45.342,45.342,44.0161,44.3319,221765.82953878
2017-05-09,44.5749,45.1395,44.4438,45.1395,70234.494139067
2017-05-10,45.1697,45.2883,44.3128,44.8664,79003.95791816
2017-05-11,45.1101,45.1101,44.379,44.8664,58025.70534624
2017-05-12,45.0984,45.0984,44.0758,44.1943,52658.891314145
2017-05-15,44.8664,44.8664,43.9867,44.2488,15881.748839089
2017-05-16,44.2598,44.5749,43.2085,43.3219,74780.868870885
2017-05-17,43.8799,43.8799,43.2431,43.2498,39764.139199069
2017-05-18,43.2556,43.838,42.7912,43.838,70859.332016759
2017-05-19,43.838,43.838,43.1363,43.386,61634.82326152
2017-05-22,43.386,43.386,42.9111,43.0297,95991.398132123
2017-05-23,42.9228,43.6834,42.9228,43.6834,88966.047037719
2017-05-24,43.7724,43.7724,43.2918,43.4515,66861.727942739
2017-05-25,43.7371,43.7371,43.2314,43.2674,43189.880780679
2017-05-26,43.386,43.927,43.3263,43.8615,195067.59369955
2017-05-29,43.9212,43.9513,43.4758,43.7666,12984.402767093
2017-05-30,43.5229,43.5884,43.2674,43.2674,133768.28121149
2017-05-31,43.1194,43.1791,41.3062,41.3062,284843.21329184
2017-06-01,41.6449,42.6557,41.6449,42.4297,84368.055263829
2017-06-02,42.5423,43.1791,41.9607,42.1381,74075.888743663
2017-06-05,42.4952,42.4952,41.4961,41.5323,46770.473488499
2017-06-06,41.5323,41.7818,40.9507,41.17,111202.1254243
2017-06-07,41.5382,41.6279,41.17,41.3777,138489.8822177
2017-06-08,41.6029,42.1977,41.4071,42.1734,75997.944389174
2017-06-09,42.1977,42.2927,41.4549,41.6566,51884.635683091
2017-06-12,41.9607,41.9607,41.128,41.4255,48869.113751618
2017-06-13,41.3357,41.46,40.9507,41.4255,74639.601176799
2017-06-14,41.6625,41.8407,41.3953,41.8407,80870.321491964
2017-06-16,41.8407,41.8944,41.2473,41.7221,122920.55231746
2017-06-19,42.1977,42.1977,41.0743,41.4851,103210.9923059
2017-06-20,41.6029,42.1381,41.5433,41.9533,81121.614986252
2017-06-21,41.77,41.9533,41.6029,41.8649,61672.856871467
2017-06-22,41.6751,41.7751,41.5617,41.6029,92556.148148027
2017-06-23,41.9304,41.9607,41.7156,41.8179,89237.715680194
2017-06-26,42.0549,42.5843,41.6095,42.2692,71003.316397271
2017-06-27,42.3406,43.5052,42.1027,43.0834,118932.45664593
2017-06-28,43.5052,43.6775,42.7984,43.3742,69953.317094105
2017-06-29,43.386,43.4396,42.8037,43.1489,97732.794130388
2017-06-30,44.2009,44.2267,43.2431,43.5987,88675.361590271
2017-07-03,43.7386,43.8018,42.0328,42.4259,93823.482365173
2017-07-04,42.4709,43.0856,42.2037,42.2037,47850.356342338
2017-07-05,42.3435,43.4147,41.8429,43.3205,78502.729272794
2017-07-06,43.2946,43.503,43.1489,43.4713,38919.249720971
2017-07-07,43.4912,43.4912,43.1297,43.358,27499.658334534
2017-07-10,42.4767,43.0973,42.0902,42.401,80601.369535913
2017-07-11,42.4068,42.5335,41.7287,41.8495,125679.34738179
2017-07-12,42.0902,43.0789,42.021,42.021,183971.28799766
2017-07-13,42.7816,43.1297,42.4767,43.1297,34290.016053197
2017-07-14,43.2247,43.3205,42.5526,43.3205,29539.889839521
2017-07-17,43.5486,43.7187,43.1423,43.7187,106100.18831862
2017-07-18,43.7003,43.8843,43.1106,43.6113,34817.053219598
2017-07-19,43.7319,43.7319,43.0407,43.168,142374.74380509
2017-07-20,43.4147,43.4147,43.1172,43.1548,59350.089978305
2017-07-21,43.4213,43.5221,43.1489,43.1489,30861.557785162
2017-07-24,43.4022,43.7253,42.6167,43.7253,136402.10870028
2017-07-25,43.7187,44.3407,43.3896,44.3407,77852.082874066
2017-07-26,44.3717,44.625,44.3342,44.625,53643.690143117
2017-07-27,44.6323,44.6323,44.3717,44.5815,31148.168202973
2017-07-28,44.594,44.5999,44.3717,44.5999,19573.725690325
2017-07-31,44.689,45.0056,44.689,45.0056,87587.328677159
2017-08-01,45.0056,45.3029,44.9422,45.2595,82213.722929002
2017-08-02,45.0056,45.5636,44.625,45.4237,64760.370993194
2017-08-03,45.4237,45.6019,44.3717,44.6574,166776.0212722
2017-08-04,44.625,45.1322,44.4991,44.8024,49237.224762172
2017-08-07,45.0755,45.437,44.8156,44.8281,50458.375310098
2017-08-08,45.0056,45.2595,44.5116,44.7398,210688.54064186
2017-08-09,45.0056,45.0056,43.1812,44.2392,69539.022414331
2017-08-10,43.7445,44.8156,43.7445,44.2642,74366.574191111
2017-08-11,44.1185,44.2392,43.8718,44.1317,38173.519297377
2017-08-14,43.8718,44.6823,43.2755,44.0294,72842.513106827
2017-08-16,43.9219,44.8098,43.4213,43.7445,80013.206924954
2017-08-17,44.3658,44.3658,43.4595,43.4847,55218.00992626
2017-08-18,43.4847,43.916,42.8823,43.0024,75686.88379354
2017-08-21,42.8507,43.7319,42.7933,43.4279,22995.392242297
2017-08-22,43.7253,44.6125,43.7253,44.3783,81181.382087597
2017-08-23,44.3783,44.5624,44.0618,44.2134,61580.489533025
2017-08-24,43.8078,44.5499,43.8018,44.2892,62891.290732967
2017-08-25,44.5624,44.689,44.1185,44.3717,27969.645086016
2017-08-28,44.3717,45.088,44.2451,45.0696,31775.72276709
2017-08-29,45.0056,45.0056,43.7762,44.4166,133671.83884341
2017-08-30,44.0551,45.1955,44.0551,44.594,93940.299881436
2017-08-31,44.4349,45.0056,44.2451,45.0056,65519.684848912
2017-09-01,43.9919,45.0056,43.9919,44.9422,34846.936770271
2017-09-04,44.9305,44.9422,44.6449,44.8606,17394.943177676
2017-09-05,44.6125,45.9508,44.6125,45.3229,97666.235312982
2017-09-06,45.1712,45.5062,44.8981,44.8981,42258.057336989
2017-09-07,44.689,45.4429,44.22,44.7781,93032.926615571
2017-09-08,44.3717,44.9106,44.3717,44.7906,36202.563296221
2017-09-11,44.5749,45.2846,44.5425,44.689,22786.207387592
2017-09-12,45.1639,45.1639,44.3916,44.5874,22564.797443975
2017-09-13,44.3916,45.0056,44.0419,44.0419,87043.991392208
2017-09-14,44.0419,44.3717,42.0961,42.5276,371903.5048026
2017-09-15,42.7874,43.7445,42.7042,42.7042,869802.85095548
2017-09-18,43.104,43.3955,42.9782,42.9782,30542.347130254
2017-09-19,42.9782,43.313,42.9523,43.0407,186048.19476938
2017-09-20,43.358,43.4213,43.1106,43.3955,47365.42781552
2017-09-21,43.3771,43.4847,43.1356,43.3896,35159.355709117
2017-09-22,43.1997,43.5921,43.104,43.5486,23146.168338872
2017-09-25,43.1172,44.0235,43.1172,43.6113,79832.547277709
2017-09-26,43.5796,44.011,43.5796,43.8902,19617.192673121
2017-09-27,43.7386,43.9219,42.9207,43.2056,64039.090747424
2017-09-28,43.7386,43.7386,43.383,43.503,36092.537496019
2017-09-29,43.4847,44.2834,43.4847,43.8018,48101.649836626
2017-10-02,44.3599,44.3599,43.8902,44.1817,60415.031056807
2017-10-03,43.7445,44.3407,43.7445,44.1817,19755.743680784
2017-10-04,44.3091,44.3091,43.7511,44.1185,99198.446456541
2017-10-05,44.0551,44.2892,43.7386,44.1885,73076.148139356
2017-10-06,44.0677,44.3658,44.0618,44.3091,26464.600806703
2017-10-09,44.3658,44.9422,43.8078,44.3717,55988.190527677
2017-10-10,44.2642,44.7457,44.2134,44.625,29855.025464793
2017-10-11,44.7206,44.968,44.5174,44.7074,69097.560870308
2017-10-12,44.689,44.9422,44.2959,44.7206,43434.382558906
2017-10-13,44.2134,44.6765,43.8777,44.011,101449.22115945
2017-10-16,44.2524,44.6632,44.1943,44.3091,89630.276868571
2017-10-17,44.3717,44.3717,44.0677,44.1243,44795.442457705
2017-10-18,44.0618,44.4291,43.8018,43.9793,43430.307529268
2017-10-19,43.8018,44.2959,43.5486,43.6362,34370.158302727
2017-10-20,43.8394,44.8531,43.4279,44.8531,115002.76973252
2017-10-23,44.7523,44.7523,44.3342,44.3717,17729.095607919
2017-10-24,44.4991,44.4991,43.3389,43.7386,42603.076512933
2017-10-25,43.7386,44.689,43.5671,44.689,47345.052667334
2017-10-26,44.594,44.689,43.8461,44.689,19637.567821307
2017-10-27,44.3717,45.3104,44.3717,45.2279,65299.633248508
2017-10-30,45.1955,46.5906,45.1639,46.5339,137999.52031803
2017-10-31,46.5273,47.2119,46.1658,47.1803,141293.50260805
2017-11-02,47.1619,47.1619,45.9567,46.2674,36808.384368941
2017-11-03,45.7984,46.9078,45.7984,46.2299,29193.512320365
2017-11-06,46.2299,47.1545,46.1658,47.1295,54719.497967319
2017-11-07,47.1619,49.595,47.1619,49.2909,281596.77301426
2017-11-08,49.6656,50.3363,49.2843,50.0765,164851.24894027
2017-11-09,50.0705,50.0705,49.126,49.8865,81241.149188941
2017-11-10,49.8865,50.1339,49.2085,50.0463,76452.989365319
2017-11-13,49.171,49.9505,49.171,49.8173,47980.757290725
2017-11-14,49.7606,49.7606,48.8154,49.012,160939.22048863
2017-11-15,48.657,49.4116,48.4038,48.9361,74206.289692051
2017-11-16,48.5555,49.4051,48.5555,49.0502,29959.617892145
2017-11-17,49.3792,49.3984,48.8087,48.8087,48251.067589988
2017-11-20,48.6512,49.316,48.6512,49.1894,31273.135778512
2017-11-21,48.7145,49.4433,48.7145,49.2534,129705.47666328
2017-11-22,49.126,49.4367,48.1748,49.2968,38533.480248657
2017-11-23,48.2706,48.8662,47.7942,47.7942,31341.05293913
2017-11-24,47.7942,48.4289,47.237,47.6742,67732.425941872
2017-11-27,47.3835,48.3972,47.2237,47.5734,69932.941945919
2017-11-28,47.5417,48.2448,47.5417,47.7758,25333.100910795
2017-11-29,47.6683,48.2198,46.4632,46.7113,83399.556553406
2017-11-30,46.5906,47.63,46.1731,46.2733,172456.61258635
2017-12-01,46.2424,47.047,46.2424,47.0338,37495.706034402
2017-12-04,47.2053,48.1557,47.0338,47.5344,20557.166176085
2017-12-05,48.3023,48.3972,47.6868,47.7125,13478.839696398
2017-12-06,47.3702,48.3023,46.9078,47.6368,36315.305782848
2017-12-07,48.4929,48.4929,45.8743,45.9884,71793.872146873
2017-12-08,46.204,47.1235,46.204,46.9078,19345.524030646
2017-12-11,47.3326,47.4143,46.2733,47.4143,29409.488891133
2017-12-12,47.3577,47.6368,46.6797,47.6176,37150.686858458
2017-12-13,47.6044,48.0166,47.047,47.8399,42992.921014884
2017-12-14,47.915,48.8087,47.237,48.1748,35551.916897493
2017-12-15,48.6887,49.3859,48.3338,49.3859,90676.201142099
2017-12-18,49.3859,49.5449,48.6188,49.3984,27418.157741791
2017-12-19,49.4433,49.57,48.9427,49.57,50405.399924815
2017-12-20,49.126,49.9505,49.126,49.9505,59408.498736437
2017-12-21,49.126,49.9505,49.126,49.7032,33191.116394385
2017-12-22,49.7606,49.7606,48.9486,49.3925,66520.783796433
2017-12-27,49.2843,50.6978,48.9486,50.6978,132142.34438628
2017-12-28,50.6978,51.2941,50.457,51.2941,55884.956443536
2017-12-29,51.6615,51.978,51.5923,51.9029,90947.869784574
2018-01-03,51.9155,52.9292,50.7111,52.9292,70358.103371392
2018-01-04,52.676,53.1199,52.422,53.0565,85293.086991457
2018-01-05,53.0565,53.0565,52.168,52.6126,21249.921214396
2018-01-08,52.6126,52.676,52.232,52.6126,21836.725482141
2018-01-09,52.6126,52.676,51.4074,51.9155,34595.643275981
2018-01-10,51.9155,51.978,51.4074,51.8521,22787.565730805
2018-01-11,51.978,52.1061,51.4074,52.1061,24035.883142977
2018-01-12,52.3593,52.8666,52.1061,52.5493,41236.583241283
2018-01-15,52.2961,52.9292,51.978,52.6126,23640.605268176
2018-01-16,52.7392,53.3098,52.2961,53.3098,75121.813017192
2018-01-17,53.4997,53.4997,52.6126,53.2465,39326.752684684
2018-01-18,53.2465,53.6904,52.9292,53.2465,60064.578508014
2018-01-19,53.3731,53.4371,53.1832,53.3098,26400.758675722
2018-01-22,53.3098,53.4997,52.9924,53.2465,41307.217088327
2018-01-23,53.3098,53.3098,52.422,52.6126,72493.418901246
2018-01-24,52.9292,52.9924,52.3593,52.5493,65222.207685402
2018-01-25,52.6126,53.3098,52.4859,52.9292,126516.08680061
2018-01-26,53.0565,53.0565,52.6126,52.8666,32536.394966021
2018-01-29,52.6126,52.9292,52.5493,52.9292,113284.46556887
2018-01-30,52.9292,53.1199,52.3593,53.1199,36591.04945496
2018-01-31,52.9924,53.817,52.8666,53.6904,90634.092502516
2018-02-01,52.8026,54.2602,52.8026,54.1977,37133.028396697
2018-02-02,54.1977,54.4509,53.4371,54.007,31097.909504116
2018-02-05,52.6126,52.9292,50.3937,52.6126,68158.945710558
2018-02-06,50.8377,51.7255,49.57,51.2176,93675.422955023
2018-02-07,50.647,52.4859,50.647,51.9155,34867.311918456
2018-02-08,52.232,52.232,51.5356,52.168,17534.85252855
2018-02-09,51.3456,51.5356,50.1405,50.7744,38689.68971808
2018-02-12,50.8377,51.2176,50.8377,50.901,22187.178030934
2018-02-13,51.2176,53.0565,51.2176,52.6126,28337.75609657
2018-02-14,52.676,53.2465,52.2961,53.0565,77444.579910354
2018-02-15,53.3731,53.3731,51.5982,52.0421,34132.448240562
2018-02-16,52.2961,53.1199,52.2961,52.6126,29037.302850942
2018-02-19,52.8026,52.9924,52.4859,52.7392,16080.066948096
2018-02-20,52.7392,52.9292,52.232,52.6126,22408.587974551
2018-02-21,52.7392,52.9292,52.4859,52.6126,33997.972262536
2018-02-22,52.5493,52.6126,50.7111,51.6615,80045.807162052
2018-02-23,53.2465,53.4371,52.6126,53.2465,120811.04530864
2018-02-26,53.3098,53.3731,52.9924,52.9924,44370.281032232
2018-02-27,52.7392,53.4997,52.7392,53.3731,92816.950044802
2018-02-28,53.3731,53.563,52.2961,53.1199,248882.43508742
2018-03-01,52.232,52.8026,52.1061,52.5493,169506.29112908
2018-03-02,52.6126,52.6126,51.6615,51.9155,19599.53421136
2018-03-05,51.6615,53.1199,51.3456,52.9292,27687.109697842
2018-03-06,52.8026,52.9924,52.3593,52.3593,24432.519360991
2018-03-07,52.4859,52.7392,52.0421,52.232,30928.116602569
2018-03-08,52.2961,52.8666,49.9505,49.9505,117222.30254155
2018-03-09,49.9505,50.457,49.4433,50.457,102533.17904292
2018-03-12,50.5211,51.5356,50.5211,51.5356,29671.649131121
2018-03-13,51.5982,51.5982,51.155,51.2176,38841.824157866
2018-03-14,51.0276,51.4715,50.7744,51.3456,25717.512039898
2018-03-15,51.6615,51.7255,49.8232,49.8865,79442.702775757
2018-03-16,50.5211,50.5211,49.316,49.316,381094.05497753
2018-03-19,49.2534,50.5211,49.1894,49.9505,41751.395318773
2018-03-20,49.9505,50.1405,49.6333,49.9505,20762.276001154
2018-03-21,50.3937,51.0276,49.8232,51.0276,62540.838184174
2018-03-22,50.0765,50.7111,49.8232,50.457,37744.282842267
2018-03-23,49.8865,50.2038,49.7606,50.0765,33235.941720394
2018-03-26,50.0138,50.0765,48.4929,48.4929,36111.554300991
2018-03-27,49.4433,49.4433,48.7461,48.7461,41436.259693502
2018-03-28,48.7461,49.126,48.5555,48.8087,45243.69571779
2018-03-29,48.7461,48.9361,47.9224,47.9224,67119.813153091
2018-04-03,47.5417,48.9361,47.4143,48.6829,31179.410096858
2018-04-04,48.7461,49.2534,48.6188,48.9361,25445.843397423
2018-04-05,49.2534,49.2534,48.6188,49.126,9069.6576290285
2018-04-06,49.2534,49.2534,48.5555,48.8727,16725.279973974
2018-04-09,48.8087,49.0628,48.3655,49.0628,17915.188628015
2018-04-10,48.9994,49.57,48.6829,49.0628,15387.311909785
2018-04-11,48.9361,49.7606,48.9361,49.57,18770.944851811
2018-04-12,49.4433,49.5066,49.126,49.5066,72437.726829538
2018-04-13,48.8087,50.0765,48.8087,49.8865,12545.657909497
2018-04-16,49.6966,49.8865,49.5066,49.8865,5411.6393581023
2018-04-17,49.9505,49.9505,48.8727,49.2534,15701.089191843
2018-04-18,48.9994,49.9505,48.9994,49.6966,22089.377319644
2018-04-19,49.3792,49.8865,49.3792,49.4433,45989.426141383
2018-04-20,49.1894,51.5982,49.1894,50.901,63211.859731087
2018-04-23,50.901,51.5982,50.7111,50.7111,110882.91476939
2018-04-24,50.7111,51.2176,50.2671,50.2671,44692.208373565
2018-04-25,50.7111,50.901,50.3937,50.7111,28689.566988574
2018-04-26,50.1405,50.7744,50.1405,50.2038,21437.372577703
2018-04-27,50.0765,51.8521,50.0765,51.8521,35865.694179552
2018-04-30,51.6615,52.7392,51.5982,52.6126,70499.37106548
2018-05-02,51.978,52.3593,50.901,51.5356,37620.67360994
2018-05-04,51.155,51.155,50.0765,50.3937,49295.633520304
2018-05-07,50.3937,51.0917,50.3937,50.8377,10222.891016335
2018-05-08,50.8377,50.901,49.9505,50.5837,159726.21999997
2018-05-09,50.5837,52.422,50.5837,51.978,84294.704730361
2018-05-10,52.1061,53.1832,52.1061,52.422,31536.654361712
2018-05-11,53.2465,54.2602,53.1199,53.7538,147070.53629028
2018-05-14,53.8804,53.8804,53.6271,53.7538,25655.028252128
2018-05-15,53.563,53.6904,52.0421,52.8666,42404.758403926
2018-05-16,52.168,52.8666,52.168,52.8666,25934.846953878
2018-05-17,52.5493,52.8666,51.978,51.978,39234.385346242
2018-05-18,51.978,52.2961,51.7255,51.7255,40101.008315737
2018-05-21,51.7255,51.9155,51.2176,51.2176,43136.905395396
2018-05-22,51.2816,51.6615,51.155,51.6615,45428.430394673
2018-05-23,51.4715,51.7255,50.647,50.647,54331.011808579
2018-05-24,50.5837,51.2816,50.5837,50.7111,30926.758259356
2018-05-25,50.5837,51.3456,50.5837,50.7744,25706.645294198
2018-05-28,50.7111,51.2176,50.1405,50.1405,10725.478004914
2018-05-29,50.1405,51.3456,49.8232,51.3456,32657.287511922
2018-05-30,51.0276,51.0276,48.9994,50.5211,254829.2616712
2018-06-01,50.7111,50.7111,48.9994,49.9505,53062.31924822
2018-06-04,49.9505,50.7111,49.6333,49.6966,37218.604019077
2018-06-05,49.3792,50.2038,49.3792,49.6333,37501.139407251
2018-06-06,49.6333,50.457,49.6333,50.457,26202.440566715
2018-06-07,50.457,50.965,50.0765,50.5211,41106.182292895
2018-06-08,50.3304,50.901,50.3304,50.3304,30982.450331063
2018-06-11,50.647,50.7111,49.4433,50.1405,37392.471950262
2018-06-12,50.2038,50.7111,50.1405,50.2038,42843.503261522
2018-06-13,50.2671,50.3937,49.4433,49.57,29112.011727623
2018-06-14,49.8232,50.3937,48.8087,48.8727,68298.855061432
2018-06-15,48.5378,49.408,46.3955,46.7305,101314.74518142
2018-06-18,46.9977,48.4045,46.1944,46.2616,27217.12294636
2018-06-19,45.6593,46.5295,44.8554,44.8554,46091.301882311
2018-06-20,44.9901,46.5964,44.9901,45.7933,57350.608769689
2018-06-21,46.3955,46.3955,45.0564,45.0564,48998.156356794
2018-06-22,45.0564,46.5295,45.0564,46.1944,26995.713002743
2018-06-25,46.1944,46.5295,45.9935,46.1275,28363.564617605
2018-06-26,46.1275,48.4708,46.1275,47.3334,71846.847532156
2018-06-27,47.3334,48.6048,47.0647,48.6048,46756.890056375
2018-06-28,47.1986,47.6676,46.1944,46.1944,41323.517206875
2018-06-29,46.3955,48.3368,46.3955,47.3996,57076.223440789
2018-07-02,47.3996,47.3996,46.4624,46.9314,16600.312398436
2018-07-03,46.3955,47.7338,46.3955,46.8637,21372.17210351
2018-07-04,47.1324,47.7338,46.5964,47.7338,54193.819144129
2018-07-05,47.6006,48.2036,46.9314,47.4666,40024.941095844
2018-07-06,47.5337,47.8686,46.8637,47.7338,34879.537007368
2018-07-09,47.8686,49.341,47.8017,48.8727,177433.5821165
2018-07-10,48.8727,49.9439,48.8727,48.9397,87576.461931459
2018-07-11,48.8727,48.9397,47.8686,48.5378,38412.587702755
2018-07-12,48.2699,48.2699,47.1324,47.2657,22431.679809163
2018-07-13,47.2657,48.2036,47.2657,48.0696,30751.531984959
2018-07-16,47.6006,48.1358,47.6006,47.9349,5119.5955674417
2018-07-17,47.7338,48.6048,46.9977,47.8686,18890.4790545
2018-07-18,48.4708,48.4708,47.1324,47.1324,12130.00488651
2018-07-19,47.1986,47.5337,46.9314,47.1324,16890.997845884
2018-07-20,46.9314,47.4666,46.7305,47.3996,22397.721228853
2018-07-23,47.6006,48.5378,47.2657,47.2657,17351.47619488
2018-07-24,47.5337,48.8051,47.5337,48.3368,80367.734503385
2018-07-25,48.3368,48.7388,48.1358,48.2699,17062.149090644
2018-07-26,48.3368,49.2747,48.3368,49.1407,29198.945693216
2018-07-27,49.1407,49.6759,49.1407,49.4757,15884.465525514
2018-07-30,49.0738,50.212,48.8727,50.212,21861.175659965
2018-07-31,50.212,51.2161,49.6089,50.212,66983.978831852
2018-08-01,51.2161,51.4841,50.5462,51.4841,37335.421535342
2018-08-02,51.4163,51.4163,49.542,49.542,13811.63378343
2018-08-03,50.6131,51.2161,50.2782,51.2161,19755.743680784
2018-08-06,51.3493,51.3493,49.6089,50.3459,28982.969122448
2018-08-07,50.2782,50.2782,49.542,50.1449,13846.950706952
2018-08-08,49.6759,50.881,49.6089,50.6801,16270.234997829
2018-08-09,50.8141,50.8141,49.6089,50.212,8310.3437733108
2018-08-10,50.6801,50.6801,47.8686,47.8686,22884.008098884
2018-08-13,48.2699,48.8727,47.6006,47.6006,16495.719971083
2018-08-14,48.7388,48.8051,47.3996,47.3996,25191.833216709
2018-08-16,47.3996,47.8017,46.9977,47.1986,37729.34106693
2018-08-17,47.1986,48.0696,47.1986,47.7338,15739.12280179
2018-08-20,47.7338,48.5378,47.7338,48.2036,38271.320008668
2018-08-21,48.2699,49.542,48.2699,49.542,28613.499768681
2018-08-22,49.542,49.8769,48.8727,49.207,20703.867243021
2018-08-23,49.2747,49.81,47.2657,47.2657,49583.602281328
2018-08-24,47.3996,47.9349,46.9314,46.9977,158299.95962698
2018-08-27,47.1986,48.2699,47.1986,48.1358,94184.801659664
2018-08-28,48.2699,48.9397,48.0696,48.8727,46698.481298243
2018-08-29,48.8727,49.408,48.4045,49.2747,26104.639855425
2018-08-30,49.2747,49.743,47.5337,47.6006,31792.022885639
2018-08-31,47.5337,47.8686,45.5254,45.5254,148093.36872919
2018-09-03,45.7255,47.1986,45.7255,46.5295,29291.313031657
2018-09-04,47.1986,47.1986,45.6593,45.9935,128832.06197771
2018-09-05,46.3285,46.3285,45.3913,46.1275,78047.684296648
2018-09-06,46.1944,46.7305,45.8603,45.9935,26782.4531184
2018-09-07,46.1944,46.1944,44.2532,44.3202,67667.225467677
2018-09-10,44.3872,45.0564,44.2532,44.9224,23969.324325571
2018-09-11,44.9224,45.3243,43.8519,44.5881,79923.556272938
2018-09-12,44.5212,45.5254,44.2532,45.4582,114904.96902123
2018-09-13,45.5254,46.7975,45.5254,46.4624,94182.08497324
2018-09-14,46.2616,46.4624,45.3913,46.1944,69115.219332069
2018-09-17,46.1944,46.1944,44.3202,44.5212,100376.13002167
2018-09-18,44.8554,44.8554,43.8519,44.3202,78286.752702026
2018-09-19,44.3872,46.1275,44.3872,45.5254,122227.79727915
2018-09-20,46.1275,47.3996,45.5923,47.3334,183896.57912098
2018-09-21,47.3996,48.0696,46.5295,47.8686,850670.58680918
2018-09-24,47.3334,48.3368,46.8637,48.1358,59974.927855997
2018-09-25,48.1358,48.5378,47.6676,48.2036,144353.84986552
2018-09-26,48.6718,50.0772,48.2036,49.6089,79133.000523336
2018-09-27,49.542,51.2161,49.1407,50.9481,121093.58069682
2018-09-28,50.881,51.6851,50.8141,51.6851,119756.97097583
2018-10-01,51.5503,51.8852,50.4791,51.5503,109544.9467052
2018-10-02,51.8183,51.8183,50.6131,51.4841,31186.201812919
2018-10-03,51.4841,51.4841,51.149,51.4841,29370.096937974
2018-10-04,50.881,51.0151,49.9439,49.9439,12473.66571924
2018-10-05,49.8769,50.3459,49.408,49.408,18920.362605173
2018-10-08,49.408,49.542,48.7388,49.1407,40113.233404649
2018-10-09,49.1407,49.408,48.8727,49.1407,18753.28639005
2018-10-10,49.2747,49.743,48.7388,48.9397,11200.898129245
2018-10-11,48.0696,48.8727,47.5337,47.9349,51429.590706946
2018-10-12,47.6676,48.2036,46.9977,47.1986,40685.095897059
2018-10-15,47.5337,48.4045,47.3334,47.7338,42895.120303593
2018-10-16,47.7338,48.2699,46.7305,48.2699,54760.24826369
2018-10-17,48.6718,48.6718,47.0647,47.6006,52501.32350151
2018-10-18,47.6006,47.6006,46.7305,47.1324,55705.655139503
2018-10-19,47.3334,47.8686,46.1275,47.8686,98657.825858016
2018-10-22,48.2699,48.2699,47.3334,47.3334,27745.518455974
2018-10-23,47.3334,47.3334,46.4624,46.8637,29200.304036427
2018-10-24,46.5964,46.9977,46.2616,46.2616,99550.257348546
2018-10-25,46.1944,47.2657,45.9266,46.9977,22600.114367497
2018-10-26,47.2657,47.2657,46.4624,46.5295,10817.845343355
2018-10-29,47.1986,47.1986,46.1944,46.5295,25554.510854412
2018-10-30,47.1986,47.1986,46.4624,46.5295,14523.405626715
2018-10-31,46.5295,47.5337,46.5295,46.8637,39461.228662709
2018-11-02,47.5337,47.5337,46.9314,47.3334,16878.772756973
2018-11-05,47.3996,47.9349,47.2657,47.9349,37393.830293474
2018-11-06,48.0696,48.2036,47.6006,48.0026,62705.197712872
2018-11-07,48.0026,48.2699,47.6006,47.7338,42378.949882891
2018-11-08,48.1358,48.4708,47.8017,48.2036,42563.684559773
2018-11-09,48.2036,48.2036,47.8686,48.0026,18605.226979902
2018-11-13,48.0696,48.3368,47.6676,47.6676,115470.03979759
2018-11-14,48.0026,48.0026,46.7975,47.1986,75678.733734266
2018-11-15,46.8637,47.1324,46.4624,46.7975,63042.06682954
2018-11-16,46.8637,47.4666,45.4582,46.2616,116824.30798032
2018-11-19,46.1944,47.1986,46.1944,47.1986,63354.485768386
2018-11-20,46.8637,46.9977,46.1275,46.1275,32638.270706949
2018-11-21,46.1275,46.7975,46.1275,46.3955,36426.689926262
2018-11-22,46.3955,47.0647,46.3955,46.3955,20356.131380653
2018-11-23,46.5295,46.6635,46.1944,46.3285,13325.346913399
2018-11-26,46.3285,46.8637,46.2616,46.4624,28866.151606184
2018-11-27,46.4624,46.8637,46.0613,46.1944,29677.082503971
2018-11-28,46.5295,46.7305,46.0613,46.7305,122616.28343789
2018-11-29,46.7305,47.6676,46.7305,47.6676,69567.54762179
2018-11-30,47.6676,47.6676,46.0613,46.0613,160049.50568452
2018-12-03,46.6635,47.8686,46.5964,47.6676,41453.918155263
2018-12-04,47.5337,47.7338,47.0647,47.6006,45125.519858313
2018-12-05,47.3996,48.3368,46.7305,48.3368,115661.56619053
2018-12-06,47.8017,47.8686,46.7975,46.8637,28889.243440794
2018-12-07,46.8637,47.5337,46.2616,46.5295,23309.169524357
2018-12-10,47.1324,47.1324,46.2616,46.3955,22165.444539537
2018-12-11,46.5964,47.0647,46.1944,46.1944,32770.029998549
2018-12-12,46.9314,46.9314,46.2616,46.4624,32563.561830268
2018-12-13,46.4624,46.9977,46.0613,46.7305,73366.833586803
2018-12-14,46.3285,47.1324,46.2616,46.9314,55643.171351733
2018-12-17,46.9314,47.1986,45.8603,46.0613,53736.057481559
2018-12-18,45.8603,46.5295,45.8603,46.3955,48635.478719091
2018-12-19,46.3955,46.5964,46.2616,46.3955,14724.440422146
2018-12-20,46.4624,46.6635,45.9266,46.5295,39874.164999271
2018-12-21,46.1944,46.3955,45.5254,46.3955,107032.01176231
2018-12-27,46.6635,46.6635,45.5254,45.8603,17036.340569609
2018-12-28,46.1275,46.6635,45.8603,46.2616,41510.968570183
2019-01-02,45.9266,46.7975,45.9266,46.7975,12343.264770853
2019-01-03,46.8637,46.9977,45.8603,46.3285,30475.788312848
2019-01-04,46.3955,46.3955,45.3913,45.5254,89939.979120992
2019-01-07,45.8603,46.3285,45.6593,46.3285,48886.772213379
2019-01-08,46.4624,46.4624,45.8603,46.3285,34512.784340026
2019-01-09,46.1944,46.7305,46.0613,46.5295,71886.239485314
2019-01-10,46.2616,46.7975,46.2616,46.5295,159864.77100763
2019-01-11,46.6635,46.8637,46.4624,46.6635,82755.701870741
2019-01-14,46.5964,46.9977,46.4624,46.9977,71224.726340888
2019-01-15,46.9314,46.9314,46.4624,46.5964,32490.2112968
2019-01-16,46.5295,46.8637,46.5295,46.8637,80022.715327441
2019-01-17,46.9977,46.9977,46.6635,46.7975,42118.147986114
2019-01-18,46.8637,47.3334,46.8637,47.2657,30190.536238249
2019-01-21,47.3334,47.3334,46.6635,47.1986,13526.381708832
2019-01-22,47.1324,47.4666,46.9314,47.4666,19039.896807862
2019-01-23,47.3996,47.4666,47.1986,47.3996,18223.532537224
2019-01-24,47.3996,47.3996,47.0647,47.3996,36421.256553413
2019-01-25,47.3996,47.6676,47.3996,47.6676,52639.874509172
2019-01-28,47.8017,47.9349,47.4666,47.7338,55397.311230293
2019-01-29,47.8686,47.8686,47.3996,47.7338,20664.475289862
2019-01-30,47.8686,47.8686,46.9977,46.9977,67213.538834745
2019-01-31,46.9977,47.3334,46.2616,46.2616,93114.427208313
2019-02-01,46.6635,47.3334,46.1944,47.0647,51008.504311109
2019-02-04,46.8637,47.0647,46.2616,46.3285,15525.862917447
2019-02-05,46.8637,46.8637,45.6593,45.9266,52692.849894455
2019-02-06,46.3285,46.7305,46.0613,46.7305,40899.714124614
2019-02-07,46.7305,46.7305,46.1275,46.1944,12170.755182881
2019-02-08,46.7305,46.7305,45.6593,45.9266,38938.266525945
2019-02-11,46.0613,46.1944,45.7255,45.9935,53192.720196609
2019-02-12,46.1944,46.1944,45.7255,45.9935,13678.516148617
2019-02-13,46.1944,46.1944,45.6593,45.9266,29448.880844292
2019-02-14,45.2574,45.4582,45.1234,45.2574,109513.70481132
2019-02-15,45.2574,45.6593,44.9901,44.9901,48928.880852963
2019-02-18,45.1234,45.1234,44.5212,44.7221,33944.996877254
2019-02-19,45.0564,45.3243,44.2532,44.8554,298763.51453226
2019-02-20,45.2574,46.3285,44.9224,45.3913,48427.652207597
2019-02-21,45.4582,45.5923,44.5212,44.6544,137923.45309814
2019-02-22,45.1903,45.3243,44.7221,44.7892,54113.676894599
2019-02-25,45.1903,46.3955,44.8554,46.0613,27635.492655771
2019-02-26,46.0613,46.0613,44.8554,45.1234,46663.164374721
2019-02-27,45.1234,46.0613,44.8554,44.9224,48332.56818273
2019-02-28,44.9901,45.3913,43.7843,44.1192,272211.97975997
2019-03-01,44.5881,44.7221,43.8519,44.3202,33908.32161052
2019-03-04,44.8554,44.8554,44.1192,44.1192,34514.142683239
2019-03-05,44.0522,44.6544,44.0522,44.1861,77887.399797588
2019-03-06,44.5212,44.9224,44.3202,44.5212,23625.663492841
2019-03-07,44.8554,45.1903,44.5212,44.9224,18242.549342197
2019-03-08,44.9224,45.3243,44.4534,44.4534,25892.738314293
2019-03-11,44.9224,45.7933,44.4534,45.1903,47922.348532593
2019-03-12,45.1903,46.0613,45.1903,45.8603,39201.785109146
2019-03-13,45.7933,46.2616,45.7255,45.7255,157934.56530286
2019-03-14,45.8603,46.1944,45.3913,45.8603,25929.413581028
2019-03-15,45.9266,46.7305,45.8603,46.4624,155830.49166689
2019-03-18,46.3285,46.7975,46.1944,46.7975,26741.702822029
2019-03-19,46.7975,46.7975,45.9266,45.9266,46304.561766654
2019-03-20,46.1944,46.1944,45.8603,46.1944,23104.059699288
2019-03-21,46.1275,46.1944,45.8603,46.0613,18512.859641461
2019-03-22,45.9266,46.1944,45.7255,45.7255,48860.963692344
2019-03-25,45.5254,45.5923,44.9901,45.2574,20368.356469565
2019-03-26,45.3913,45.5923,44.3202,44.6544,40895.639094977
2019-03-27,44.9901,45.1234,44.4534,44.9224,37688.590770559
2019-03-28,45.0564,45.3243,44.3872,44.4534,99808.342558898
2019-03-29,45.1234,46.0613,44.5881,45.1903,48491.494338579
2019-04-01,46.0613,46.0613,44.6544,44.6544,42848.936634373
2019-04-02,44.7221,45.1903,44.5212,44.7892,54299.769914694
2019-04-03,44.9224,45.2574,44.7892,44.9224,22639.506320655
2019-04-04,44.9224,45.4582,44.9224,44.9901,25794.937603003
2019-04-05,44.9901,45.2574,44.3202,44.3202,128595.71025876
2019-04-08,44.5212,44.6544,44.1861,44.2532,42575.909648685
2019-04-09,44.5881,44.5881,43.517,43.517,147434.57227119
2019-04-10,43.5833,44.3872,43.5833,43.7843,60152.870816819
2019-04-11,43.9852,44.5212,43.3823,43.3823,109524.57155702
2019-04-12,43.3823,44.0522,42.9818,42.9818,121952.05360704
2019-04-15,43.115,43.4499,42.914,42.914,61546.530952716
2019-04-16,43.182,43.3823,43.115,43.3823,38200.686161625
2019-04-17,43.517,43.9182,43.3823,43.517,26647.977140375
2019-04-18,43.7843,43.9182,43.4499,43.5833,50857.728214536
2019-04-23,43.9852,43.9852,42.713,42.713,84450.914199785
2019-04-24,42.8471,42.914,42.3789,42.5121,168459.00851234
2019-04-25,42.9818,42.9818,42.5798,42.8471,41114.332352169
2019-04-26,42.8471,42.8471,42.0439,42.1109,100628.78185917
2019-04-29,42.1778,42.8471,42.1778,42.2448,52607.274272075
2019-04-30,42.6461,42.6461,41.5749,41.642,91597.157840089
2019-05-02,41.7096,41.9768,40.6385,40.7717,109049.15143268
2019-05-06,40.8388,40.9057,39.0984,39.2316,143059.34878413
2019-05-07,39.4996,39.7675,36.9561,37.2902,326367.76529415
2019-05-08,37.4913,38.1605,35.2819,35.349,267695.48857883
2019-05-09,35.416,37.6252,35.349,37.0893,255801.83541127
2019-05-10,37.4243,39.4996,37.4243,38.2944,359626.79884916
2019-05-13,38.4954,38.4954,37.0893,37.3581,144607.86004624
2019-05-14,36.3532,37.3581,35.5499,36.2192,540854.23355781
2019-05-15,36.4871,36.8221,35.4829,35.6169,357844.65255452
2019-05-16,35.8171,36.0181,34.1438,35.0147,382777.04221767
2019-05-17,35.2819,35.9512,35.081,35.215,299677.67951419
2019-05-20,35.4829,35.8849,34.6791,35.081,315566.22006934
2019-05-21,35.0147,36.6874,34.5457,36.6874,346658.69620061
2019-05-22,37.0893,38.1605,36.1521,36.8221,351891.03425467
2019-05-23,37.0893,37.157,35.6839,36.4871,237885.28844004
2019-05-24,36.2192,37.9595,36.2192,36.755,415472.36333953
2019-05-27,37.157,37.7584,36.2869,37.7584,289585.18944625
2019-05-28,37.7584,38.4954,36.4871,36.4871,5525575.8284132
2019-05-29,36.8883,37.4243,35.8849,36.2192,312497.72275258
2019-05-30,36.2869,37.0893,36.2869,36.3532,245320.85918458
2019-05-31,36.3532,36.9561,35.8849,35.9512,160769.42758708
2019-06-03,36.1521,36.4201,35.8171,36.1521,201064.67898219
2019-06-04,36.5541,36.5541,35.8171,36.0181,315570.29509898
2019-06-05,36.1521,36.2869,35.4829,35.5499,107855.16774901
2019-06-06,35.8849,37.2902,35.6839,36.8221,257691.29081968
2019-06-07,37.0893,38.0272,36.8221,37.2233,312260.01269042
2019-06-10,37.4913,38.0272,37.4243,37.6922,96356.792456252
2019-06-11,37.8932,37.9595,36.8883,37.023,116930.25875088
2019-06-12,37.8123,38.1707,37.453,37.8836,118916.15652738
2019-06-13,38.3144,38.3144,37.5251,37.7401,93622.44756974
2019-06-14,37.9557,38.0986,36.9509,38.0272,113094.29751914
2019-06-17,38.0986,38.0986,37.5966,37.5966,53143.819840964
2019-06-18,37.5966,38.0986,37.453,38.0272,87300.718259347
2019-06-19,38.1707,38.4579,38.0986,38.3858,70633.847043505
2019-06-21,38.4579,38.5293,37.7401,38.1707,164936.82456264
2019-06-24,38.0272,38.3858,37.453,37.9557,50742.269041483
2019-06-25,37.9557,38.6729,37.6687,38.6729,133358.06156134
2019-06-26,38.6015,39.462,38.6015,39.1035,81772.261384981
2019-06-27,39.3906,39.8206,39.1749,39.8206,51513.807986113
2019-06-28,39.462,39.462,38.4579,38.5293,34626.885169866
2019-07-01,39.0314,39.0314,38.3144,38.3858,20588.408069969
2019-07-02,38.9599,38.9599,38.0986,38.4579,53332.629547483
2019-07-03,38.4579,38.8878,37.7401,38.0272,80052.598878114
2019-07-04,37.8123,38.6729,37.8123,38.6729,113194.81491685
2019-07-05,38.745,39.6056,38.5293,38.9599,113730.00214253
2019-07-08,39.3185,39.3906,38.0986,38.6015,58357.141090059
2019-07-09,38.2421,38.6015,37.8836,38.3144,30159.294344364
2019-07-10,38.4579,38.4579,37.8836,38.3144,27697.976443541
2019-07-11,38.4579,39.3185,38.2421,39.1035,80254.992016757
2019-07-12,39.1035,39.3185,38.8878,39.1749,97493.72572501
2019-07-15,39.2471,39.2471,38.6015,39.1749,51486.641121865
2019-07-16,39.1749,39.1749,38.3144,38.6015,105324.57434435
2019-07-17,39.0314,39.0314,38.3144,38.3144,14723.082078933
2019-07-18,38.3144,38.4579,38.0272,38.4579,30064.210319498
2019-07-19,38.8878,38.8878,38.3144,38.3144,25102.182564691
2019-07-22,38.3858,38.6015,38.2421,38.6015,8648.5712331922
2019-07-23,38.6729,38.6729,37.8836,38.2421,55876.806384262
2019-07-24,38.6729,39.1035,38.0986,38.5293,123785.81694374
2019-07-25,38.6015,39.0314,38.5293,38.6015,96686.869856859
2019-07-26,38.5293,38.745,38.2421,38.2421,94381.761425458
2019-07-29,38.0986,38.6015,37.6687,38.0272,31873.523478382
2019-07-30,38.2421,38.2421,37.6687,37.6687,65995.104973243
2019-07-31,37.5966,38.4579,36.9509,37.8123,128224.88256179
2019-08-01,37.6687,37.8123,36.4488,36.9509,89709.060774889
2019-08-02,36.8795,36.8795,36.5202,36.6638,16816.288969204
2019-08-05,36.5924,36.5924,35.4085,36.1617,70853.898643909
2019-08-06,36.5924,38.0986,36.0903,37.6687,99407.631311247
2019-08-07,37.5251,37.9557,36.7359,37.023,55913.481650996
2019-08-08,37.0945,37.6687,36.6638,37.023,91373.031210047
2019-08-09,37.238,37.238,36.5202,36.6638,22977.733780538
2019-08-12,36.7359,37.023,36.0181,36.5924,78407.645247928
2019-08-13,36.8795,37.9557,36.3767,37.9557,54135.410385997
2019-08-14,37.8836,37.8836,36.0903,36.3052,59430.232227835
2019-08-16,36.3052,36.8795,36.3052,36.3052,21946.751282345
2019-08-19,36.8073,37.0945,36.3052,36.3052,43477.849541702
2019-08-20,36.3767,36.5202,35.8746,36.3052,34250.624100038
2019-08-21,36.3052,37.453,36.0181,37.0945,82379.440800912
2019-08-22,36.8073,37.3094,35.8746,37.023,120483.68459446
2019-08-23,37.0945,37.0945,35.5875,35.8746,44586.257603
2019-08-26,36.1617,36.1617,35.444,36.0181,50205.723472595
2019-08-27,36.2331,36.2331,34.7268,35.731,381128.01355784
2019-08-28,35.8385,36.0903,35.0139,35.731,64947.822356502
2019-08-29,35.3726,35.8031,34.4758,35.3004,113632.20143124
2019-08-30,35.1215,36.8795,35.1215,36.1617,49898.737906599
2019-09-02,36.2331,36.6638,35.5521,36.6638,36676.62507734
2019-09-03,36.8795,36.8795,35.7671,36.5202,58319.107480112
2019-09-04,36.2331,37.1659,36.2331,36.4488,28150.304733262
2019-09-05,36.8073,37.1659,36.4488,36.8795,35536.975122157
2019-09-06,36.8073,37.023,36.3767,36.3767,19630.776105244
2019-09-09,36.3767,37.6687,36.3767,36.6638,62877.707300843
2019-09-10,37.0945,37.6687,36.7359,36.9509,34537.234517849
2019-09-11,37.3816,37.5251,37.023,37.3094,9902.3220182145
2019-09-12,37.3094,37.5966,36.8795,36.8795,22507.747029056
2019-09-13,36.8073,37.1659,36.8073,37.0945,92056.277845872
2019-09-16,37.023,38.2421,36.9509,38.0272,222423.26765357
2019-09-17,38.3858,38.3858,37.7401,38.0986,40236.842636975
2019-09-18,38.0986,38.3858,37.8123,38.1707,39553.59600115
2019-09-19,38.3858,38.3858,37.7401,38.0986,40933.672704923
2019-09-20,37.9557,38.0272,37.453,37.8836,57205.266045965
2019-09-23,37.8836,37.8836,35.8746,37.1659,45181.21193002
2019-09-24,37.0945,37.0945,36.5924,36.5924,8235.6348966302
2019-09-25,37.023,37.023,36.3052,36.9509,16370.752395545
2019-09-26,37.0945,37.0945,36.5924,36.8073,18617.452068813
2019-09-27,37.0945,37.0945,36.3767,36.9509,17564.736079223
2019-09-30,36.9509,37.1659,36.5924,36.9509,18530.518103221
2019-10-01,37.238,37.238,36.0903,36.0903,27101.663773308
2019-10-02,36.2331,36.3052,35.265,35.5875,50639.034957344
2019-10-03,35.5875,36.1617,34.9779,35.444,66869.878002014
2019-10-04,35.8746,36.3767,35.6597,35.8746,26274.432756972
2019-10-07,36.1617,36.3767,35.6957,36.3767,88326.26738469
2019-10-08,36.4488,36.4488,36.0181,36.3767,12094.687962988
2019-10-09,36.4488,36.4488,35.8746,36.2331,18218.099164375
2019-10-10,36.3767,36.7359,35.8746,36.6638,88975.555440206
2019-10-11,36.7359,37.5966,36.3767,37.1659,52467.3649212
2019-10-14,37.453,37.453,36.3767,37.238,13408.205849355
2019-10-15,37.3094,37.453,36.7359,37.453,10351.933621511
2019-10-16,37.3816,37.5966,37.238,37.453,17471.010397569
2019-10-17,37.3816,37.453,37.1659,37.3816,13652.707627582
2019-10-18,37.3816,37.3816,35.9467,35.9467,284067.59931758
2019-10-21,36.5924,36.5924,36.0181,36.3767,18669.069110883
2019-10-22,36.4488,37.453,36.2331,37.3816,35373.973936672
2019-10-23,37.3816,37.453,37.0945,37.453,11745.593757408
2019-10-24,37.453,37.7401,37.238,37.453,29201.66237964
2019-10-25,37.453,37.453,37.0945,37.3094,10404.909006793
2019-10-28,37.023,37.3816,36.8073,37.3094,15521.787887811
2019-10-29,37.453,37.453,36.6638,37.1659,18061.889694951
2019-10-30,37.1659,37.453,37.0945,37.453,16008.07475784
2019-10-31,37.453,37.453,36.5924,36.5924,29796.61670666
2019-11-04,36.9509,37.238,36.7359,37.023,14640.223142979
2019-11-05,36.8073,36.8073,35.6597,35.7671,116490.15555008
2019-11-06,35.8385,36.1617,35.3726,35.5521,55102.550753208
2019-11-07,35.5875,36.1617,35.5875,35.8746,88088.557322525
2019-11-08,36.0181,36.0181,35.731,35.8746,9176.9667428061
2019-11-12,36.0903,36.0903,34.6194,34.6194,71288.568471869
2019-11-13,34.9058,35.8746,34.9058,35.1576,23913.632253864
2019-11-14,35.5875,35.6957,35.3004,35.6597,85768.507115788
2019-11-15,35.8031,35.8385,35.5161,35.7671,60980.101833155
2019-11-18,35.8385,36.1617,35.7671,36.1617,83438.948506564
2019-11-19,36.1617,36.8073,35.9467,36.8073,70109.526563528
2019-11-20,36.7359,36.7359,35.9467,36.4488,8533.1120601403
2019-11-21,36.5924,36.5924,35.7671,36.5924,34041.439245332
2019-11-22,36.5924,36.8073,36.5202,36.7359,11013.446765937
2019-11-25,36.6638,37.023,36.3052,37.023,51109.021708825
2019-11-26,37.023,37.1659,36.8795,37.1659,49582.243938116
2019-11-27,37.1659,37.6687,37.023,37.3094,123505.99824199
2019-11-28,37.3094,37.5966,37.023,37.1659,13477.481353185
2019-11-29,37.023,37.3816,37.023,37.3094,25511.043871616
2019-12-02,37.3094,37.3816,37.023,37.3094,45026.360803809
2019-12-03,37.3094,37.3094,36.7359,37.238,24871.264218588
2019-12-04,37.1659,37.453,36.9509,37.0945,277725.494859
2019-12-05,37.3094,37.5966,37.0945,37.3094,108098.31118402
2019-12-06,37.0945,37.3094,36.8073,37.238,122417.96532888
2019-12-09,37.1659,37.5251,36.8795,37.5251,166411.98529128
2019-12-10,37.453,37.453,36.9509,37.453,123749.141677
2019-12-11,37.453,37.5966,36.8795,37.5251,146266.39710855
2019-12-12,37.3094,37.6687,37.3094,37.3816,38598.68072285
2019-12-13,37.453,37.6687,37.238,37.5251,38518.538473321
2019-12-16,37.6687,37.6687,37.238,37.6687,23538.729527248
2019-12-17,37.6687,37.9557,37.3094,37.5966,125797.52324127
2019-12-18,37.5966,38.0272,37.0945,37.453,47925.065219018
2019-12-19,37.8123,37.8836,37.3094,37.6687,104250.12486336
2019-12-20,37.453,37.7401,37.3094,37.6687,61602.223024423
2019-12-23,37.453,37.6687,37.1659,37.3816,34989.56280757
2019-12-27,37.453,37.8836,37.3816,37.5966,20702.508899809
2019-12-30,37.7401,37.7401,36.7359,37.1659,35372.61559346
2020-01-02,37.5966,38.0272,37.238,37.9557,13630.974136184
2020-01-03,37.9557,38.0272,37.5966,37.8836,10948.246291743
2020-01-07,37.8836,38.0272,37.3094,38.0272,50893.045138058
2020-01-08,37.8836,37.9557,37.3094,37.5251,23184.201948818
2020-01-09,37.5966,37.8123,37.238,37.5251,8395.9193956904
2020-01-10,37.7401,37.9557,37.3094,37.8836,7915.0658985097
2020-01-13,37.9557,38.0272,37.5251,37.6687,20352.056351016
2020-01-14,37.8836,37.9557,37.3816,37.9557,36739.108865109
2020-01-15,37.9557,38.2421,37.6687,37.8836,252668.13762031
2020-01-16,37.8836,38.1707,37.7401,37.8836,12518.491045249
2020-01-17,38.0272,38.2421,37.9557,38.2421,8406.7861413895
2020-01-20,38.2421,38.8878,38.0986,38.8878,62316.711554132
2020-01-21,38.8878,38.8878,38.6015,38.745,24993.515107702
2020-01-22,38.8878,39.1035,38.8165,38.8878,44162.45452074
2020-01-23,38.9599,40.3948,38.8878,39.8928,85738.623565116
2020-01-24,40.1798,40.4669,39.8206,40.3234,63850.281040903
2020-01-27,40.3234,40.3234,39.8206,40.2512,63445.494763616
2020-01-28,40.1077,40.3234,39.9641,40.1798,19954.06178979
2020-01-29,40.3948,40.6105,40.2512,40.4669,28746.617403495
2020-01-30,40.5384,40.5384,39.9641,40.4669,42889.686930744
2020-01-31,40.6819,40.6819,40.3948,40.4669,36472.873595484
2020-02-03,40.6105,40.6105,39.1035,40.1798,36866.793127073
2020-02-04,40.1798,40.6105,40.1798,40.3234,35307.415119266
2020-02-05,40.6105,40.8255,40.3234,40.5384,41354.75910076
2020-02-06,40.7533,40.969,40.0363,40.1798,28310.589232322
2020-02-07,40.1077,41.2561,40.1077,41.1839,37714.399291594
2020-02-10,41.1839,41.3275,40.969,41.2561,62176.802203258
2020-02-11,41.3997,41.3997,40.7533,40.969,7901.482466386
2020-02-12,41.0404,41.3275,40.5384,40.8255,72519.227422282
2020-02-13,41.0404,41.0404,40.8255,41.0404,33726.303620061
2020-02-14,41.1125,41.8297,41.1125,41.4711,68946.784773735
2020-02-17,41.6147,42.1889,41.3997,42.1167,32271.518039608
2020-02-18,42.3324,42.5474,41.3997,41.9732,80551.110837055
2020-02-19,42.1889,42.1889,41.5433,41.6147,58547.309139791
2020-02-20,41.6147,42.4038,41.5433,42.0454,76007.452791661
2020-02-21,42.476,42.476,41.2561,41.2561,124490.79707097
2020-02-24,41.2561,41.2561,40.3234,40.6819,56209.600471294
2020-02-25,40.6105,40.6105,39.9641,40.4669,53964.259141237
2020-02-26,40.6819,40.6819,39.2471,40.1077,40720.41282058
2020-02-27,40.4669,40.4669,38.3144,38.3858,106249.60607198
2020-02-28,37.6687,38.6015,37.023,38.0272,112925.86296081
2020-03-02,38.3858,39.3185,38.2421,38.4579,64233.333826793
2020-03-03,39.1035,39.8206,38.3858,38.5293,71466.51143269
2020-03-04,38.5293,39.6056,38.5293,38.9599,27290.473479827
2020-03-05,39.2471,39.6056,38.4579,39.3185,20320.814457131
2020-03-06,39.0314,39.0314,38.1707,38.3858,38494.088295498
2020-03-09,37.3094,37.3094,35.3364,35.731,71727.313329467
2020-03-10,36.5924,37.0945,36.0181,36.9509,92782.991464493
2020-03-11,37.3094,37.3094,36.5924,36.9509,293205.17410722
2020-03-12,35.3004,35.5521,33.2559,34.4398,276689.07898795
2020-03-13,34.4036,34.6194,33.2559,33.722,180138.04345233
2020-03-16,32.2872,32.4307,30.0631,31.6776,107241.19661701
2020-03-17,31.6776,33.8655,31.6776,33.0049,188812.42320657
2020-03-18,32.4667,34.1886,31.785,32.2872,217266.99681939
2020-03-19,32.2872,33.973,31.8564,32.2872,201787.31757117
2020-03-20,32.7178,33.6506,31.8212,32,130050.49583921
2020-03-23,31.57,32,30.9959,31.57,49131.273991607
2020-03-24,32.6456,32.6456,31.4979,32.2158,74628.7344311
2020-03-25,32.6456,32.8613,30.9237,30.9959,95890.880734407
2020-03-26,31.57,31.8564,30.9959,31.4979,49980.238499342
2020-03-27,31.6055,32.1075,31.1394,31.57,25909.038432843
2020-03-30,31.9286,31.9286,30.2067,30.2781,84205.054078345
2020-03-31,30.1345,30.8523,29.5249,30.1345,80047.165505264
2020-04-01,30.1345,30.4215,29.776,29.991,19428.382966601
2020-04-02,29.8474,30.2067,29.6324,30.027,15669.847297959
2020-04-03,29.991,29.991,29.4528,29.5249,16279.743400316
2020-04-06,29.8474,30.5291,29.561,29.991,39140.659664588
2020-04-07,30.4938,31.283,30.4938,30.7448,47168.468049725
2020-04-08,31.0673,31.0673,28.3773,28.6996,94490.428882449
2020-04-09,28.8432,29.274,27.7308,28.1615,148522.6051843
2020-04-14,28.6282,29.4174,28.0541,29.2018,107241.19661701
2020-04-15,29.6324,29.6324,28.1255,28.3411,44374.35606187
2020-04-16,28.3411,28.4487,27.9105,27.9826,39150.168067075
2020-04-17,28.2337,28.3411,27.0499,27.2648,67883.202038445
2020-04-20,27.8391,27.8391,25.6864,26.1171,93968.825088897
2020-04-21,25.9736,26.3321,25.6864,26.045,62876.34895763
2020-04-22,26.1885,26.9063,25.3271,25.8301,74771.3604684
2020-04-23,26.081,26.081,25.4707,25.8301,127555.21935808
2020-04-24,25.8653,26.045,25.4354,26.045,41542.210464067
2020-04-27,26.6192,26.6906,25.7578,26.1885,71546.653682221
2020-04-28,25.8301,27.1926,25.8301,26.5831,39061.87575827
2020-04-29,26.9777,26.9777,26.2599,26.7267,42048.872482284
2020-04-30,27.2648,27.9105,26.1885,26.296,104595.14403931
2020-05-04,26.4396,27.1574,25.9375,26.9063,33878.438059847
2020-05-05,27.2288,27.2288,25.9015,26.296,83506.865667183
2020-05-06,25.9736,26.2599,25.3633,25.7578,68677.832817685
2020-05-07,26.045,26.296,25.8301,25.9375,31282.644180998
2020-05-08,25.9736,26.3321,25.9736,26.081,24359.168827522
2020-05-11,26.4756,26.5118,25.5428,26.045,24689.24622813
2020-05-12,26.1885,26.3321,25.8653,26.1524,25080.449073294
2020-05-13,26.1171,27.6595,26.081,27.1213,71026.408231881
2020-05-14,26.9777,26.9777,25.9015,26.3681,44281.988723429
2020-05-15,26.7627,26.9777,26.3321,26.4035,34742.344342918
2020-05-18,26.9063,26.9417,26.1885,26.4035,60724.733309229
2020-05-19,26.547,26.547,25.9736,26.0089,39747.83908052
2020-05-20,26.2599,26.9777,26.045,26.7627,35246.289674709
2020-05-21,26.547,26.7627,26.296,26.5118,16816.288969204
2020-05-22,26.4756,26.4756,25.7578,26.0089,41126.557441081
2020-05-25,26.3321,26.3321,25.7225,25.9375,47392.594679766
2020-05-26,26.045,26.6906,25.9736,26.4756,76382.355518277
2020-05-27,26.9063,29.5963,26.9063,29.0583,226295.90415206
2020-05-28,29.6324,30.5291,27.6234,27.6595,160371.43302585
2020-05-29,27.6234,27.8029,26.4035,26.5118,585291.07340746
2020-06-01,26.8342,27.8391,26.8342,27.3362,72997.364233038
2020-06-02,27.4445,27.6234,26.9063,27.2648,40743.504655191
2020-06-03,27.2648,28.3411,27.2648,27.8391,95377.427000129
2020-06-04,27.8743,29.0228,27.8391,28.6996,78849.106791949
2020-06-05,29.0583,30.4577,29.0583,29.8474,145081.92182736
2020-06-08,29.776,30.9237,29.4889,30.4577,87389.010568152
2020-06-09,30.6373,30.7088,29.4889,29.6685,65157.007211209
2020-06-10,29.561,29.991,28.5922,29.776,64835.079869876
2020-06-12,28.1255,28.8793,28.1255,28.3773,84699.491007649
2020-06-15,28.5561,28.5561,27.4084,28.1615,49136.707364457
2020-06-16,28.8432,28.8432,27.8391,28.7718,80140.891186918
2020-06-17,28.9868,29.8474,28.3411,29.561,181289.91849643
2020-06-18,29.4174,29.4174,28.6282,28.6996,19727.218473323
2020-06-19,28.7718,28.9868,27.8029,28.269,113133.6894723
2020-06-22,28.3411,28.3411,27.8743,27.9105,20453.932091944
2020-06-23,28.2337,28.8432,28.1615,28.3411,32105.800167697
2020-06-24,29.3814,29.3814,27.9826,28.0179,38705.989836628
2020-06-25,28.1976,28.269,27.7308,27.8029,26468.675836341
2020-06-26,28.0179,28.1255,27.3362,27.3362,36627.724721695
2020-06-29,27.4445,27.9465,27.3362,27.9465,10019.139534479
2020-06-30,27.9826,28.0541,27.4084,27.4798,19321.073852824
2020-07-01,27.8391,28.1255,27.4798,28.1255,12000.962281334
2020-07-02,28.269,28.5561,28.1255,28.1615,17430.260101198
2020-07-03,28.3411,28.3411,27.7669,28.09,11219.914934218
2020-07-06,28.1255,28.8793,28.1255,28.5922,32578.503605604
2020-07-07,28.8432,28.8432,28.3051,28.3051,13323.988570187
2020-07-08,28.269,28.5561,27.7669,27.8391,29621.390432264
2020-07-09,28.1255,28.1255,27.552,27.552,21067.903223938
2020-07-10,27.5159,28.1615,27.1574,28.1615,23606.646687867
2020-07-13,28.1255,28.1255,27.6234,27.6595,16813.572282779
2020-07-14,27.6595,27.8391,27.3362,27.3362,22033.685247936
2020-07-15,27.3362,27.7308,27.2648,27.4084,16391.127543731
2020-07-16,27.6234,27.6234,26.547,26.5831,61096.919349419
2020-07-17,26.6192,26.8702,26.4035,26.4756,47722.672080374
2020-07-20,26.6192,27.0138,26.6192,26.6192,26259.490981635
2020-07-21,26.9417,28.5561,26.9063,27.9465,82647.03441375
2020-07-22,28.1255,28.1255,27.2648,27.2648,29963.692921782
2020-07-23,27.4798,27.552,26.547,26.6192,32343.510229863
2020-07-24,26.9777,27.2288,26.6192,27.1574,7995.2081480398
2020-07-27,27.2288,27.3009,26.7267,27.2648,9625.2200028899
2020-07-28,27.4084,27.552,26.9777,27.1926,34283.224337135
2020-07-29,27.1926,27.5159,26.8342,26.8342,11700.768431399
2020-07-30,26.7627,26.8342,26.1171,26.1885,26092.414766513
2020-07-31,26.3321,26.9777,26.2246,26.2246,7454.5875495145
2020-08-03,26.2246,26.5118,25.9736,26.045,15110.209894461
2020-08-04,26.045,26.4756,25.9015,26.1885,19257.231721841
2020-08-05,26.4396,26.5118,25.8301,26.1171,34323.974633506
2020-08-06,26.1171,26.4035,25.6143,25.6864,29884.909015464
2020-08-07,26.1171,26.1171,25.1483,25.3993,24410.785869592
2020-08-10,25.3993,25.7578,25.3993,25.4707,9032.9823622944
2020-08-11,25.7578,26.6192,25.5428,26.547,23796.814737599
2020-08-12,26.8342,26.9777,26.2599,26.2599,41357.475787185
2020-08-13,26.547,26.7267,26.2246,26.2246,19296.623675001
2020-08-14,26.3321,26.3321,25.7578,26.2599,36051.787199647
2020-08-17,26.3321,26.3321,25.7939,25.8653,14986.600662134
2020-08-18,25.8653,26.3321,25.6864,26.1171,40876.622290003
2020-08-19,26.1885,26.1885,25.6864,25.7225,11511.958724879
2020-08-20,25.7225,26.0089,25.4707,25.5428,17511.76069394
2020-08-21,25.5428,25.8653,25.4707,25.4707,17250.958797164
2020-08-24,25.6864,25.7578,25.5069,25.6864,8193.5262570466
2020-08-25,26.1524,26.1885,25.7578,25.7578,21044.811389327
2020-08-26,26.0089,26.0089,25.7225,25.8301,11463.058369234
2020-08-27,25.8301,26.2599,25.8301,26.0089,14594.039473758
2020-08-28,26.1885,26.2246,25.8301,25.8301,13272.371528116
2020-08-31,26.1885,26.6553,25.8301,26.6553,138999.26092234
2020-09-01,26.547,26.547,25.579,25.6143,32107.15851091
2020-09-02,25.9736,26.1885,25.7578,26.1885,7464.0959520011
2020-09-03,26.1524,26.4035,25.9736,26.3321,13253.354723144
2020-09-04,26.1524,26.2246,25.8653,25.8653,16867.906011274
2020-09-07,26.3321,26.3321,25.5428,25.6143,30498.880147458
2020-09-08,25.9015,26.3321,25.4707,25.4707,30479.863342484
2020-09-09,25.7578,26.1885,25.2919,25.2919,29124.236816534
2020-09-10,25.5428,26.4035,25.2919,26.4035,21592.223703914
2020-09-11,25.9736,26.547,25.8653,26.1885,19838.602616738
2020-09-14,26.5831,26.5831,26.1885,26.1885,12553.807968771
2020-09-15,26.547,26.547,25.6864,26.4396,30762.398730659
2020-09-16,26.4396,26.5118,26.1171,26.4756,56735.279294483
2020-09-17,26.4756,26.5118,26.1171,26.4756,36119.704360266
2020-09-18,26.4035,26.4035,25.7939,26.1171,38317.503677888
2020-09-21,25.7939,26.1171,25.5069,25.8301,11168.297892148
2020-09-22,25.8301,26.2599,25.5428,25.8653,13743.716622811
2020-09-23,26.1885,26.296,25.8301,26.1885,35618.475714899
2020-09-24,26.1524,26.1524,25.6864,25.7578,17411.243296224
2020-09-25,25.7578,25.7578,24.9325,25.0761,75000.920471291
2020-09-28,25.2557,25.5069,25.1843,25.3271,20758.200971516
2020-09-29,25.4707,25.4707,25.2919,25.4707,7655.622344946
2020-09-30,25.4707,26.296,25.3271,26.296,29110.653384411
2020-10-01,26.3321,26.4035,26.081,26.4035,10243.266164521
2020-10-02,26.4035,26.4035,25.6864,25.6864,16698.113109726
2020-10-05,26.3321,26.3321,25.8301,26.1885,5760.7335636828
2020-10-06,26.1885,26.5118,25.7578,25.9736,32681.737689745
2020-10-07,25.9015,25.9736,25.6864,25.7939,6195.4033916428
2020-10-08,25.9736,25.9736,25.6864,25.7578,10615.452204711
2020-10-09,25.9375,25.9375,25.3271,25.6143,13605.165615148
2020-10-12,25.4707,25.6864,25.0761,25.1122,19230.064857594
2020-10-13,25.5069,25.5428,24.6102,25.0408,16545.978669941
2020-10-14,24.9687,25.2557,24.6102,24.6102,19090.15550672
2020-10-15,24.6102,24.7897,24.2516,24.287,29258.712794559
2020-10-16,24.323,25.5069,24.0358,24.1434,50079.397553845
2020-10-19,24.1794,24.538,23.6774,23.6774,23049.725970793
2020-10-20,23.6774,23.6774,22.9596,22.9596,48871.830438044
2020-10-21,23.1031,23.1753,22.2779,22.7447,38199.327818412
2020-10-22,22.7807,22.8521,21.2377,21.2377,277994.44681505
2020-10-23,21.3812,21.9554,21.2737,21.4172,59115.096602564
2020-10-26,21.4534,21.7043,21.4534,21.6684,6606.9813849925
2020-10-27,21.848,21.848,21.3451,21.3451,29227.470900675
2020-10-28,21.3451,21.5248,20.0538,20.1613,64731.845785735
2020-10-29,20.1613,20.4845,19.5879,20.0178,15447.079011129
2020-10-30,20.0899,20.0899,19.7314,19.8028,8686.6048431387
2020-11-02,20.0538,20.341,19.7667,19.9103,24826.43889258
2020-11-03,20.1974,21.2377,20.1974,20.9505,18200.440702614
2020-11-04,21.2377,21.2377,20.592,21.2377,13952.901477517
2020-11-05,21.2377,22.9596,21.094,22.0989,71871.297709979
2020-11-06,22.0989,22.2779,21.6684,22.2779,20979.610915133
2020-11-09,22.5296,24.108,21.6684,23.3542,74131.580815371
2020-11-10,23.3903,24.7897,23.0317,24.574,51618.400413466
2020-11-12,25.0408,25.0408,24.3952,24.8251,26335.558201529
2020-11-13,24.8251,24.8251,23.7849,24.2516,50482.82548792
2020-11-16,24.4305,24.9687,24.3952,24.574,68544.715182872
2020-11-17,24.6816,25.6143,24.6461,25.1122,38648.939421709
2020-11-18,25.2919,25.6503,24.9687,25.5428,30996.033763188
2020-11-19,25.5428,25.5428,24.538,24.6461,25246.166945203
2020-11-20,24.7176,24.7176,23.9645,24.0358,70946.265982351
2020-11-23,24.108,25.5428,24.108,24.8973,35394.349084857
2020-11-24,25.0408,25.2197,24.7176,25.1122,22975.017094112
2020-11-25,25.3271,25.4354,24.9325,25.3271,43894.860907901
2020-11-26,25.2197,25.4707,24.9325,25.3993,15290.869541707
2020-11-27,25.4354,25.4354,24.7176,24.9325,12350.056486915
2020-11-30,24.6102,24.7537,24.3952,24.3952,51708.051065483
2020-12-01,24.7176,24.9325,24.538,24.8251,8313.0604597356
2020-12-02,25.0047,25.0761,24.8251,24.9687,9390.2266271491
2020-12-03,25.1122,25.1843,24.9325,25.1122,9675.4787017478
2020-12-04,25.1122,25.8301,25.0047,25.8301,38255.01989012
2020-12-07,26.1885,26.2246,25.4707,25.9375,36940.143660541
2020-12-08,26.1524,26.1885,25.9736,26.1885,19503.091843281
2020-12-09,26.1885,27.9826,26.1171,27.9826,87330.60181002
2020-12-10,27.6234,28.0541,26.5118,26.5118,58837.994587239
2020-12-11,27.1213,27.2648,26.1885,26.1885,29466.539306053
2020-12-14,26.3681,27.0138,25.9736,26.2599,27642.284371833
2020-12-15,26.2599,26.2599,25.9736,26.2599,22710.140167699
2020-12-16,26.296,26.8342,26.1524,26.3321,38902.949602423
2020-12-17,26.4756,26.4756,24.9687,25.6864,68205.129379778
2020-12-18,25.2557,25.4354,24.6102,24.7537,79775.496862789
2020-12-21,24.7537,24.7537,23.3188,24.6102,82857.577611669
2020-12-22,24.6461,24.7537,24.2516,24.3952,36380.506257042
2020-12-23,24.3952,24.3952,24.072,24.287,45829.141642323
2020-12-28,24.323,24.6816,24.323,24.6102,79619.287393366
2020-12-29,24.7537,25.5069,24.7537,25.4707,38836.390785017
2020-12-30,25.7939,25.7939,25.1122,25.2197,27351.598924385
2021-01-04,25.2197,26.4756,25.1483,26.4756,35202.822691913
2021-01-05,26.4396,26.9417,25.9375,26.9417,40168.925476356
2021-01-07,26.9777,28.4847,26.6553,28.4847,64275.442466377
2021-01-08,28.6996,29.561,28.269,28.4125,125220.22737601
2021-01-11,28.5922,29.8835,28.5922,29.5249,60226.221350286
2021-01-12,29.776,29.9556,28.6637,29.1664,45152.68672256
2021-01-13,28.9154,28.9154,27.9826,28.4125,38234.644741934
2021-01-14,28.6996,29.0583,28.4125,28.9507,16541.903640304
2021-01-15,28.9507,28.9507,28.1255,28.6282,21539.248318631
2021-01-18,28.6282,29.0583,28.09,28.8432,17563.37773601
2021-01-19,28.9154,29.2018,28.6996,28.9154,11759.177189531
2021-01-20,28.9154,28.9154,28.4125,28.6996,20092.612797452
2021-01-21,28.6996,28.6996,28.269,28.5201,16434.594526526
2021-01-22,28.5561,28.5561,27.4798,28.1976,31645.321818702
2021-01-25,27.8391,28.1255,27.2648,27.4798,154013.02844872
2021-01-26,27.4798,28.1976,27.1926,28.1976,10950.962978168
2021-01-27,28.1976,28.1976,27.3723,27.3723,15218.87735145
2021-01-28,27.3362,27.6234,26.9063,27.6234,30934.908318631
2021-01-29,27.7669,27.9465,27.0499,27.8391,14767.907404942
2021-02-01,27.7308,27.8029,27.5159,27.8029,3653.943241289
2021-02-02,27.8391,28.1976,27.5159,27.552,21809.558617895
2021-02-03,27.552,27.9826,26.9063,27.0499,22939.700170591
2021-02-04,27.0852,27.8391,26.9063,27.0138,19842.677646375
2021-02-05,26.8342,27.7669,26.6906,27.6955,9951.2223738599
2021-02-08,27.6955,27.9465,27.6955,27.7308,5823.217351452
2021-02-09,27.9465,27.9465,27.3362,27.4798,5192.94610091
2021-02-10,27.4798,27.8743,26.8702,27.2288,45994.859514234
2021-02-11,27.0499,27.1926,26.6906,26.8342,87004.599439049
2021-02-12,27.0852,27.0852,26.5831,26.7267,34030.572499634
2021-02-15,26.9777,27.0499,26.6192,26.9417,40594.086901829
2021-02-16,26.9777,27.0138,26.7981,26.8342,318254.38128663
2021-02-17,27.0499,28.1255,26.8342,28.1255,514073.13878263
2021-02-18,28.2337,28.4125,27.4798,27.7308,96632.536128364
2021-02-19,27.7308,28.09,27.7308,28.0179,149963.80733264
2021-02-22,27.9826,28.6282,27.3723,28.4847,210126.18655194
2021-02-23,28.4847,28.4847,27.3009,27.6955,30003.084874941
2021-02-24,27.8391,28.4487,27.5159,28.0541,33124.557576979
2021-02-25,28.3773,29.0228,28.1976,28.9507,92462.422466373
2021-02-26,28.4487,28.8793,27.9826,27.9826,50016.913766076
2021-03-01,28.1976,29.0583,28.09,29.0228,51292.398042496
2021-03-02,29.1304,30.3502,28.8793,29.991,71288.568471869
2021-03-03,29.9195,30.6727,29.3814,29.776,81567.151559912
2021-03-04,29.4528,29.4889,28.7718,29.4528,23241.252363738
2021-03-05,29.274,29.3814,28.7358,29.0583,22692.481705938
2021-03-08,29.0583,29.6685,28.8432,29.2378,27352.957267597
2021-03-09,29.4174,29.7399,28.9868,29.1664,25955.222102063
2021-03-10,29.3453,29.5963,29.0228,29.1304,12529.357790948
2021-03-11,29.2378,29.4889,28.5561,28.6996,52453.781489077
2021-03-12,29.1664,29.1664,28.5561,28.6996,18777.736567873
2021-03-15,28.6996,28.8432,28.4847,28.6282,52274.480185043
2021-03-16,29.4889,29.7046,29.1304,29.3453,151595.1775307
2021-03-17,29.3814,29.3814,28.1976,28.6996,83070.837496012
2021-03-18,29.1304,29.2378,28.7718,29.2378,15102.059835187
2021-03-19,29.2378,29.2378,28.1255,28.1255,134117.37541706
2021-03-22,28.6996,29.0583,28.4847,28.5201,21139.895414193
2021-03-23,28.6996,28.9507,28.3411,28.8793,16252.576536068
2021-03-24,28.8432,28.8432,28.1255,28.1615,34486.975818991
2021-03-25,28.3773,28.6282,27.3009,27.3009,76692.057770697
2021-03-26,27.6955,28.3411,27.6955,28.2337,18597.076920628
2021-03-29,28.5922,28.6637,28.1255,28.5561,20163.246644496
2021-03-30,28.5561,28.8071,28.1255,28.4487,26142.673465371
2021-03-31,28.4487,28.4847,27.9826,28.1255,41846.479343639
2021-04-01,28.4487,29.0583,28.1255,28.9507,46697.122955031
2021-04-06,29.0942,29.4174,29.0942,29.4174,35641.56754951
2021-04-07,29.4174,29.4174,28.9154,29.274,25640.086476792
2021-04-08,29.3099,29.4174,29.0228,29.4174,18559.043310681
2021-04-09,29.3814,29.4174,29.0942,29.4174,28461.365328895
2021-04-12,29.4174,29.4174,29.0228,29.4174,13860.534139075
2021-04-13,29.3099,29.4174,29.1664,29.4174,17582.394540984
2021-04-14,29.3453,29.4174,29.0942,29.4174,20191.771851955
2021-04-15,29.3453,31.2468,29.0583,30.9597,151447.11812055
2021-04-16,30.9959,31.1033,30.3141,31.0319,159881.07112618
2021-04-19,30.8884,31.0319,30.6013,30.8523,39412.328307063
2021-04-20,30.8523,31.0673,30.3856,30.6727,30411.946181866
2021-04-21,30.6727,30.9597,30.4938,30.9597,13859.175795863
2021-04-22,30.9597,30.9959,30.6013,30.7448,9141.6498192843
2021-04-23,30.8523,30.8523,30.5291,30.8523,7143.5269538806
2021-04-26,30.8523,30.9597,29.7046,29.991,40151.267014595
2021-04-27,29.991,30.2067,29.0228,29.4174,59416.648795711
2021-04-28,29.4174,30.1345,29.3453,29.7046,46284.186618469
2021-04-29,30.1706,30.7088,29.7046,29.7046,176516.70044815
2021-04-30,29.991,30.4215,29.1304,29.1304,78872.198626559
2021-05-04,29.1664,29.991,29.1664,29.4528,43063.554861928
2021-05-05,29.6685,29.8474,29.3453,29.4174,47866.656460886
2021-05-06,29.4174,30.6013,29.4174,30.1345,145212.32277575
2021-05-07,30.2427,30.3141,29.9556,30.1345,31968.607503247
2021-05-10,30.4215,30.8523,30.3141,30.4215,86328.144519286
2021-05-11,30.4938,30.5652,29.8835,29.991,56220.467216993
2021-05-12,29.991,30.4938,29.8474,29.9556,35220.481153674
2021-05-13,29.776,29.9195,29.4889,29.561,53461.672152659
2021-05-14,29.8474,30.0992,29.561,29.776,53458.955466235
2021-05-17,30.0631,30.6727,29.8474,30.3856,120619.51891569
2021-05-18,30.4215,30.7802,30.3502,30.4577,93640.106031501
2021-05-19,30.4577,30.6013,29.9195,30.0992,72830.288017915
2021-05-20,30.3502,30.5291,29.8835,30.2067,253991.16390917
2021-05-21,30.4577,30.7088,30.2781,30.4577,258597.30574234
2021-05-24,30.6373,31.0319,30.6013,30.8523,108450.12207603
2021-05-25,30.9959,30.9959,30.7448,30.9597,41269.18347838
2021-05-26,30.9237,31.2468,30.7088,30.8523,78040.892580586
2021-05-27,31.1033,31.1033,30.7088,30.7088,124409.29647822
2021-05-28,30.9959,33.1838,30.7448,32.9328,275649.94643048
2021-05-31,33.7941,34.5473,33.1485,34.3676,180526.52961108
2021-06-01,34.4398,34.7982,33.292,33.5783,155755.7827902
2021-06-02,33.5783,33.8655,33.3995,33.5783,91950.327075308
2021-06-04,33.722,34.2601,33.722,33.9377,25957.938788488
2021-06-07,34.1165,34.1165,33.507,33.5431,51288.323012858
2021-06-08,33.5431,33.6506,33.1124,33.6506,91473.548607764
2021-06-09,33.6506,33.8655,33.5431,33.758,96464.10157003
2021-06-10,33.6866,34.1527,33.2199,34.0812,42093.697808291
2021-06-11,34.0812,34.1886,33.758,33.9377,14845.332968047
2021-06-14,34.1886,34.9779,33.7941,34.9418,71429.836165957
2021-06-15,35.0494,35.7671,34.4758,34.7268,151333.01729071
2021-06-16,34.6194,34.8704,34.1527,34.1527,48400.485343349
2021-06-17,34.0812,34.5473,33.5783,33.973,59392.198617888
2021-06-18,33.973,34.3676,33.1124,33.6866,103424.25219024
2021-06-21,33.6506,33.6506,33.0049,33.3274,49806.370568157
2021-06-22,33.5783,33.8302,33.3995,33.8302,27581.158927276
2021-06-23,33.9016,34.0452,33.722,33.9377,21434.655891279
2021-06-24,33.9377,35.3726,33.8655,35.265,97340.232942011
2021-06-25,35.5521,35.5875,35.0494,35.3004,79305.510111308
2021-06-28,35.3004,35.6597,34.7268,35.0853,59314.773054783
2021-06-29,35.1576,35.1576,34.1886,34.4398,71655.321139211
2021-06-30,34.4398,34.4398,32.5381,32.7892,152766.06937976
2021-07-01,32.3593,33.507,32.3593,33.1124,87311.585005046
2021-07-02,33.1485,33.8302,33.0049,33.1485,90267.339835174
2021-07-05,33.3634,34.2248,33.3634,34.1886,41339.817325424
2021-07-06,34.2962,34.3322,33.3634,33.5431,44280.630380216
2021-07-07,33.4356,33.9016,33.4356,33.6506,17961.372297236
2021-07-08,33.722,33.8655,33.1485,33.3634,49169.307601554
2021-07-09,33.3634,33.6506,33.3634,33.6506,17212.925187217
2021-07-12,33.973,33.973,32.9689,33.292,40034.449498331
2021-07-13,33.2559,33.6506,33.1838,33.6145,47474.09527251
2021-07-14,33.5431,33.722,33.4356,33.507,27786.268752345
2021-07-15,33.507,33.507,33.0049,33.1838,36415.823180564
2021-07-16,33.2559,33.3274,32.6817,32.7538,35000.429553269
2021-07-19,32.7538,32.9689,31.8564,32.2872,97512.742529983
2021-07-20,32.1796,32.9689,31.57,32.251,46361.612181574
2021-07-21,32.036,32.7538,32.036,32.7538,52137.287520593
2021-07-22,32.7178,33.507,32.6103,32.8253,26396.683646085
2021-07-23,33.0049,33.1485,32.251,32.5381,26523.009564837
2021-07-26,32.7538,32.8613,32,32.4667,30786.848908481
2021-07-27,32.4667,32.4667,32.036,32.251,25842.479615436
2021-07-28,32.251,32.5742,32.2158,32.5742,22466.996732685
2021-07-29,32.7892,33.0049,32.7178,32.8253,16272.951684253
2021-07-30,32.8253,32.8613,32.5029,32.5029,22342.029157145
2021-08-02,32.9328,33.1485,32.7892,32.7892,18079.548156712
2021-08-03,32.9689,33.1485,32.8613,33.0763,24527.603385857
2021-08-04,33.3274,33.3634,33.0049,33.0402,14724.440422146
2021-08-05,33.0049,33.2199,32.9328,33.0763,21469.972814801
2021-08-06,33.0763,33.3634,33.0763,33.292,35194.672632639
2021-08-09,33.4356,34.4036,33.3634,34.3676,41701.136619915
2021-08-10,34.4036,34.4398,33.6506,34.2248,42608.509885782
2021-08-11,34.2248,34.4036,34.1527,34.4036,22082.585603582
2021-08-12,34.3676,34.5833,34.2601,34.2601,26821.845071558
2021-08-13,34.2601,34.7982,34.2248,34.5473,25720.228726323
2021-08-16,34.5112,35.0494,34.4398,34.7982,32426.369165818
2021-08-17,34.7268,34.7268,34.2601,34.2962,37681.799054497
2021-08-18,34.4398,34.5112,34.1527,34.4036,18969.262960818
2021-08-19,34.2248,34.3322,33.6145,33.722,45856.308506571
2021-08-20,33.3634,33.3634,32.036,32.2872,183998.4548619
2021-08-23,32.6456,32.6456,32.0722,32.1436,71928.348124898
2021-08-24,32.2158,32.5029,31.1394,31.7129,95184.542263972
2021-08-25,31.9286,32.4667,31.749,32.4667,47700.938588976
2021-08-26,32.4667,32.5742,32.0722,32.1436,38172.160954165
2021-08-27,32.251,32.3593,32.1436,32.2872,36210.713355496
2021-08-30,32.2872,32.7538,32.2872,32.5381,105349.02452217
2021-08-31,32.5381,33.2559,32.3593,32.9328,75238.630533457
2021-09-01,33.0049,33.2559,32.6456,32.9328,104160.47421135
2021-09-02,33.0049,33.2559,32.6817,32.8253,38423.454448454
2021-09-03,32.8253,33.0763,32.4667,32.7538,37495.706034402
2021-09-06,32.7538,33.5783,32.7538,33.3995,75140.829822165
2021-09-07,33.5783,33.973,33.3634,33.4356,100642.3652913
2021-09-08,33.8302,34.4036,33.0402,34.4036,121842.02780683
2021-09-09,34.4398,34.5112,33.973,34.2962,91685.450148894
2021-09-10,33.973,34.4398,33.722,33.8302,46122.543776197
2021-09-13,34.2248,34.2248,33.758,33.9016,61649.765036855
2021-09-14,33.9384,34.3801,33.8647,33.9384,46638.714196899
2021-09-15,34.0488,34.2329,34.012,34.1961,31404.895070113
2021-09-16,34.1961,34.2329,33.7912,34.1593,18791.319999997
2021-09-17,34.1593,34.1593,33.9016,34.1593,34190.856998694
2021-09-20,33.9016,33.9016,32.3924,32.7605,105680.46026599
2021-09-21,32.7605,33.1286,32.5397,32.7973,43362.39036865
2021-09-22,33.055,33.4968,33.055,33.4968,41673.969755668
2021-09-23,33.5703,33.6807,33.0918,33.3494,45048.094295208
2021-09-24,33.4968,33.6439,33.0918,33.0918,44667.758195742
2021-09-27,33.1654,33.423,33.1654,33.3494,21895.134240275
2021-09-28,33.3494,33.3494,32.7973,33.055,22390.929512791
2021-09-29,32.7605,33.055,32.7237,33.055,24284.459950842
2021-09-30,33.055,33.3494,32.9814,33.3494,32002.566083558
2021-10-01,33.2022,34.2697,33.0918,33.7912,45651.198681502
2021-10-04,33.7912,35.7789,33.7912,35.374,174270.00077487
2021-10-05,35.0795,35.742,35.0427,35.742,75290.247575527
2021-10-06,35.742,37.5458,34.8955,36.9568,215304.19087751
2021-10-07,37.693,38.0611,36.4414,37.1776,88644.119696387
2021-10-08,36.8096,37.7666,36.7727,37.1776,80295.742313128
2021-10-11,37.5458,38.0611,37.3249,37.8402,56750.221069819
2021-10-12,37.693,38.282,37.4721,37.9138,72974.272398427
2021-10-13,38.282,38.65,37.0304,37.4721,105757.8858291
2021-10-14,37.2512,38.3555,37.2512,38.282,49378.492456259
2021-10-15,38.4291,38.7237,37.9874,38.7237,53285.08753505
2021-10-18,38.65,40.1961,38.4291,40.1224,79866.505858019
2021-10-19,40.1961,40.4905,38.7973,39.3126,47468.66189966
2021-10-20,39.3126,39.4599,38.2083,38.8709,38284.903440792
2021-10-21,38.65,40.3432,38.4291,39.3862,256012.37860919
2021-10-22,39.7543,40.8586,39.4599,40.4905,103341.39325428
2021-10-25,40.7114,42.331,40.6378,42.331,127275.40065633
2021-10-26,42.2573,42.2573,41.2266,42.1837,52096.537224221
2021-10-27,42.1837,42.1837,41.3003,42.1102,61766.582553121
2021-10-28,41.9629,42.4782,41.5948,42.4782,36872.226499922
2021-10-29,42.5518,45.423,42.5518,42.6255,326438.39914119
2021-11-02,43.7297,45.7175,43.1407,45.6438,222459.94292031
2021-11-03,45.9384,46.0119,43.3616,43.877,149068.65915568
2021-11-04,43.8034,46.4537,43.8034,46.0856,295841.71828245
2021-11-05,46.0856,46.3064,44.5396,44.6132,106386.79873643
2021-11-08,45.0548,45.791,45.0548,45.791,51447.249168707
2021-11-09,45.791,45.9384,44.5396,44.9076,46576.230409129
2021-11-10,45.2757,45.5702,44.1714,44.7605,52753.975339011
2021-11-12,44.2451,44.6868,43.5089,43.5089,48386.901911226
2021-11-15,43.4353,45.423,41.9629,44.7605,75673.300361417
2021-11-16,44.9076,45.2757,44.3923,44.6868,33532.060540691
2021-11-17,44.3923,44.834,43.9506,44.3187,17422.110041923
2021-11-18,44.1714,44.1714,42.331,43.5825,79146.583955459
2021-11-19,43.4353,43.8034,42.1102,43.0672,95984.606416061
2021-11-22,43.1407,44.4659,40.8586,44.3923,153151.83885208
2021-11-23,44.6132,44.6132,43.4353,43.877,17620.428150929
2021-11-24,44.1714,45.5702,43.9506,45.423,68172.529142681
2021-11-25,45.2022,45.2757,44.9076,44.9076,15842.356885931
2021-11-26,44.5396,44.5396,42.4782,42.4782,89143.98999854
2021-11-29,42.6255,43.5825,41.374,43.5825,76337.530192268
2021-11-30,41.9629,43.3616,41.9629,42.4046,115542.03198783
2021-12-01,43.0672,44.3923,42.4782,43.3616,57854.55410148
2021-12-02,43.1407,43.6561,42.4046,43.0672,30994.675419975
2021-12-03,43.1407,44.0243,42.5518,43.1407,23473.529053054
2021-12-06,43.6561,43.9506,42.7727,43.7297,24330.643620063
2021-12-07,43.5825,44.2451,43.0672,43.0672,28344.547812631
2021-12-08,43.2881,43.9506,42.331,42.6991,39421.83670955
2021-12-09,42.4046,42.9199,41.374,41.8893,43716.91794708
2021-12-10,41.742,43.5825,41.5948,43.5825,60717.941593167
2021-12-13,43.4353,44.1714,43.2144,43.877,62399.570490087
2021-12-14,42.6991,43.5825,42.1102,42.331,88709.32017058
2021-12-15,42.331,42.6255,41.4476,41.8893,36845.059635674
2021-12-16,41.8893,42.6991,41.8893,42.5518,39575.329492548
2021-12-17,42.1102,42.4782,41.6684,41.6684,74971.036920618
2021-12-20,41.2266,42.1837,39.1653,42.1102,64138.249801927
2021-12-21,41.9629,43.4353,41.9629,43.4353,33116.407517705
2021-12-22,43.1407,43.8034,42.9199,43.3616,28117.704496164
2021-12-23,43.5825,45.1285,43.5825,44.5396,81091.731435581
2021-12-27,44.5396,44.5396,43.5825,43.7297,40280.309619771
2021-12-28,44.2451,44.2451,43.6561,43.877,36725.525432985
2021-12-29,43.5825,43.877,43.2881,43.8034,24984.006705215
2021-12-30,43.5825,43.6561,43.1407,43.4353,14310.145742372
2022-01-03,43.5825,45.6438,43.5825,45.4966,72917.221983507
2022-01-04,45.4966,47.0426,45.4966,45.7175,102266.9437733
2022-01-05,45.7175,46.38,45.2022,46.3064,22067.643828245
2022-01-07,46.2328,47.1898,45.6438,47.1163,31285.360867423
2022-01-10,47.4843,47.4843,45.791,46.7481,60146.079100757
2022-01-11,46.8954,47.8525,46.3064,46.38,119122.62469565
2022-01-12,46.8217,47.4107,46.4537,46.7481,56486.702486618
2022-01-13,46.7481,47.1163,46.2328,46.7481,39931.21541419
2022-01-14,46.7481,47.1163,46.0856,46.7481,73422.525658511
2022-01-17,46.4537,47.6316,46.4537,47.1163,74980.545323105
2022-01-18,47.1163,47.4107,46.0856,46.38,35364.465534186
2022-01-19,46.0119,47.0426,45.0548,46.9689,66815.544273518
2022-01-20,46.8954,46.8954,46.0119,46.6009,22337.954127509
2022-01-21,46.7481,46.7481,45.6438,46.0856,146959.15214686
2022-01-24,45.7175,46.2328,42.6991,43.9506,112523.79336994
2022-01-25,43.6561,44.9076,43.2144,44.2451,51938.969411586
2022-01-26,44.1714,45.791,44.0978,45.4966,61303.3875177
2022-01-27,44.5396,46.38,44.4659,46.38,51339.940054929
2022-01-28,46.2328,46.2328,45.2022,45.6438,35503.016541848
2022-01-31,46.0856,46.7481,45.9384,46.3064,33834.971077051
2022-02-01,46.7481,47.5579,46.5273,47.1163,64601.444837347
2022-02-02,47.2635,50.0609,47.1163,49.6929,139147.32033249
2022-02-03,49.472,50.2082,48.9567,49.6929,47544.729119553
2022-02-04,49.7666,49.9874,48.2941,49.6192,45989.426141383
2022-02-07,50.0609,50.4291,48.8095,50.0609,34942.020795137
2022-02-08,50.3554,51.1653,49.5457,50.4291,60773.633664874
2022-02-09,50.4291,50.9444,48.6622,48.6622,71457.003030205
2022-02-10,48.883,49.8401,48.515,49.472,33748.03711146
2022-02-11,49.6929,49.6929,48.1469,48.883,26630.318678614
2022-02-14,48.0733,48.0733,44.1714,47.1163,110817.7142952
2022-02-15,46.8217,48.9567,46.8217,47.7788,75441.0236721
2022-02-16,47.6316,48.883,47.5579,47.8525,58627.451389321
2022-02-17,48.9567,50.5028,47.9997,48.0733,154989.67721843
2022-02-18,48.0733,49.472,48.0733,48.883,55755.91383836
2022-02-21,48.3677,49.1039,46.4537,47.1163,81595.676767372
2022-02-22,45.8647,47.7051,45.1285,46.8217,91540.10742517
2022-02-23,47.3371,48.7358,46.38,46.7481,86127.109723855
2022-02-24,43.5089,44.4659,39.0181,39.8279,326839.11038885
2022-02-25,42.1102,44.4659,41.2266,44.1714,142894.98925544
2022-02-28,42.4046,43.877,42.4046,42.7727,142338.06853836
2022-03-01,42.8464,43.7297,41.2266,41.8893,150560.12000286
2022-03-02,41.9629,43.2144,40.785,43.0672,56395.693491389
2022-03-03,43.0672,43.4353,41.8893,41.8893,120964.53809164
2022-03-04,41.5948,41.6684,38.7973,40.1224,221457.48562957
2022-03-07,39.6807,40.2696,36.8096,40.1224,188745.86438916
2022-03-08,39.8279,42.331,39.7543,41.1531,159777.83704204
2022-03-09,41.5212,42.7727,41.0794,41.8893,135121.19105101
2022-03-10,41.9629,42.4782,40.1961,40.4905,85540.305456109
2022-03-11,40.6378,41.742,40.2696,40.4905,130665.82531443
2022-03-14,41.2266,41.5948,40.2696,40.4905,73980.804718797
2022-03-15,40.7114,41.0794,39.6071,40.0488,87584.611990734
2022-03-16,42.331,43.7297,41.5948,43.5825,282487.84616159
2022-03-17,44.1714,45.423,44.0978,44.3187,162600.47423736
2022-03-18,44.7605,45.2757,43.8034,44.7605,183711.8444441
2022-03-21,44.834,45.2022,44.0243,44.9076,59682.884065337
2022-03-22,44.834,45.0548,44.3187,44.6868,28436.915151073
2022-03-23,45.0548,45.2757,44.3187,44.6132,38794.282145432
2022-03-24,45.0548,45.7175,44.4659,45.6438,81594.318424159
2022-03-25,45.7175,45.7175,44.2451,45.423,52448.348116227
2022-03-28,45.6438,46.5273,45.5702,46.38,62481.07108283
2022-03-29,46.6009,48.2205,45.791,47.8525,109591.13037442
2022-03-30,48.1469,48.7358,47.1163,47.8525,114123.92167412
2022-03-31,47.6316,48.2941,46.8954,47.1163,29347.005103364
2022-04-01,47.5579,48.4414,47.2635,47.2635,60231.654723137
2022-04-04,47.3371,47.9997,47.3371,47.4843,22771.265612256
2022-04-05,47.8525,48.0733,47.4107,47.7788,27985.945204564
2022-04-06,47.8525,47.9997,46.7481,47.1898,92897.092294333
2022-04-07,47.1163,47.1163,46.0856,46.0856,34939.304108712
2022-04-08,46.2328,46.8954,45.7175,46.38,30716.215061437
2022-04-11,46.38,47.0426,45.791,46.38,48646.345464789
2022-04-12,46.5273,46.7481,45.7175,45.7175,26374.950154687
2022-04-13,46.38,46.4537,45.3494,45.423,24367.318886797
2022-04-14,45.423,46.0856,44.6132,45.1285,35551.916897493
2022-04-19,45.3494,45.6438,44.0243,45.0548,47012.258580302
2022-04-20,44.9076,45.4966,44.0243,44.1714,59305.264652297
2022-04-21,44.1714,45.3494,44.1714,44.3187,31216.085363592
2022-04-22,44.9076,44.9076,43.6561,43.9506,35523.391690033
2022-04-25,43.4353,43.8034,41.374,42.4046,132913.8833309
2022-04-26,42.8464,43.8034,42.5518,43.8034,44712.583521751
2022-04-27,43.2144,43.4353,42.4046,42.9935,45815.5582102
2022-04-28,43.1407,43.6561,42.8464,43.2881,65845.687219883
2022-04-29,42.9199,43.9506,42.9199,43.9506,64384.109923368
2022-05-02,43.9506,43.9506,42.9935,43.2144,77587.205947653
2022-05-04,43.4353,43.4353,42.0365,42.0365,30380.704287982
2022-05-05,43.0672,43.4353,41.2266,41.5948,68033.978135019
2022-05-06,41.5948,41.5948,40.4905,41.2266,71831.90575682
2022-05-09,41.5948,42.9199,41.374,41.6684,51762.384793978
2022-05-10,42.1837,42.6991,41.9629,42.4046,74271.490166245
2022-05-11,42.4046,42.6991,41.374,41.5948,96434.218019357
2022-05-12,41.3003,43.2144,41.0794,43.2144,163361.14643629
2022-05-13,43.2881,43.7297,42.5518,43.4353,32839.30550238
2022-05-16,43.4353,44.5396,42.5518,42.8464,62902.157478665
2022-05-17,42.9935,43.877,42.7727,43.4353,33984.388830412
2022-05-18,43.9506,44.7605,42.9199,43.0672,59045.821098733
2022-05-19,42.7727,43.4353,42.4046,43.2881,23435.495443108
2022-05-20,43.4353,43.9506,42.6991,42.7727,30733.873523198
2022-05-23,43.1407,44.3923,43.1407,44.1714,38238.719771572
2022-05-24,44.1714,44.2451,43.5089,44.0243,39595.704640733
2022-05-25,44.1714,44.1714,43.1407,43.2881,23131.226563536
2022-05-26,43.7297,43.7297,43.2881,43.4353,7972.1163134294
2022-05-27,43.4353,44.2451,43.4353,44.2451,18120.298453084
2022-05-30,44.3187,46.0119,44.2451,46.0119,49246.733164659
2022-05-31,46.0119,46.6746,45.3494,46.38,52839.550961391
2022-06-01,46.0119,46.38,45.791,46.3064,51873.768937393
2022-06-02,45.791,46.3064,44.9813,44.9813,51664.584082686
2022-06-03,45.9384,45.9384,44.4659,45.2757,63305.585412741
2022-06-06,44.9813,45.8647,44.9813,45.7175,24103.800303596
2022-06-07,45.6438,45.6438,44.9076,45.5702,21004.061092956
2022-06-08,45.4966,45.4966,44.1714,44.2451,39586.196238248
2022-06-09,44.1714,45.2022,44.1714,44.9813,18885.045681651
2022-06-10,44.9813,44.9813,44.1714,44.3187,51733.859586518
2022-06-13,44.5396,44.5396,42.6991,43.2144,70811.790004326
2022-06-14,42.7727,43.9506,42.6991,43.9506,25655.028252128
2022-06-15,43.9506,44.0243,43.2881,44.0243,20494.682388315
2022-06-17,43.8034,44.4659,43.0672,43.2881,59824.151759424
2022-06-20,43.8034,45.0548,43.5825,44.1714,55893.10650281
2022-06-21,44.834,45.6438,44.6868,45.6438,34948.812511199
2022-06-22,45.5702,45.6438,44.9076,45.0548,21130.387011707
2022-06-23,45.3494,45.3494,44.1714,44.7605,55227.518328746
2022-06-24,44.7605,45.4966,44.7605,45.4966,36807.026025728
2022-06-27,45.5702,45.9384,44.9813,45.6438,52153.587639142
2022-06-28,45.4966,47.0426,45.3494,46.6746,140080.50211939
2022-06-29,46.6746,46.9689,46.0856,46.7481,104711.96155557
2022-06-30,46.3451,46.5063,44.8138,45.2973,111187.04460666
2022-07-01,45.2973,45.7003,44.4913,44.6525,24265.443146022
2022-07-04,44.6525,44.6525,41.6703,42.154,60345.990856905
2022-07-05,42.6375,43.0405,40.4613,40.7031,37641.337539991
2022-07-06,40.5419,41.8315,40.2195,40.3001,52275.293052177
2022-07-07,40.5419,41.8315,40.5419,41.8315,35654.990547621
2022-07-08,41.2673,43.0405,41.2673,42.7181,35457.720608966
2022-07-11,42.154,43.9271,41.8315,43.8465,53977.521705226
2022-07-12,43.1211,43.8465,42.96,43.6047,37987.490451217
2022-07-13,43.9271,44.8138,43.1211,44.8138,46395.656327103
2022-07-14,44.6525,45.8616,44.5719,45.6198,175149.65100557
2022-07-15,45.7809,46.1034,45.1361,45.1361,71692.114058171
2022-07-18,45.1361,46.5869,45.0556,46.1034,36388.239187528
2022-07-19,46.2645,46.2645,45.2167,45.4585,11977.635143251
2022-07-20,45.6198,45.8616,45.1361,45.7003,30744.333835689
2022-07-21,45.7003,46.1839,44.5719,45.7003,50512.270518662
2022-07-22,45.7003,45.9421,44.9749,45.5391,27952.778100003
2022-07-25,44.9749,46.2645,44.8943,46.2645,38032.155342987
2022-07-26,46.3451,46.3451,45.3779,46.1839,28457.739515303
2022-07-27,46.1839,46.1839,45.2167,45.9421,27872.133156528
2022-07-28,46.0227,46.2645,45.7809,46.1839,26192.236949364
2022-07-29,46.1034,47.3929,45.8616,47.3123,51783.979242696
2022-08-01,47.2317,47.8765,46.4257,46.5869,20694.733187219
2022-08-02,47.0705,47.7154,46.5063,47.5541,34086.756569884
2022-08-03,47.5541,49.0856,47.5541,49.0856,58369.569396039
2022-08-04,49.1661,49.4079,47.9572,47.9572,71718.168578371
2022-08-05,48.0377,48.4407,47.1511,47.5541,16829.979357592
2022-08-08,47.4736,48.7632,47.2317,48.1989,206458.49944559
2022-08-09,48.0377,49.0049,47.7154,47.8765,19128.98059236
2022-08-10,47.8765,48.3601,47.5541,48.3601,8060.7722732233
2022-08-11,48.3601,48.3601,47.8765,47.8765,143062.88903387
2022-08-12,47.8765,48.4407,47.7959,48.3601,13395.745456978
2022-08-16,48.3601,48.7632,47.8765,48.6019,18607.890188365
2022-08-17,48.6825,48.7632,47.9572,48.3601,37674.836208819
2022-08-18,48.6019,48.6019,47.7154,47.7959,7379.6326737159
2022-08-19,48.1989,48.1989,46.9899,47.6347,12540.90905614
2022-08-22,47.6347,47.8765,45.8616,46.4257,15406.906278111
2022-08-23,46.3451,46.9094,46.1034,46.2645,7428.0196398011
2022-08-24,45.9421,45.9421,44.6525,44.9749,17119.060462666
2022-08-25,45.4585,46.5869,45.1361,46.1034,14585.5685461
2022-08-26,46.1839,46.1839,44.4107,44.4107,15449.089787005
2022-08-29,44.4107,44.4107,42.96,43.6853,33382.043833053
2022-08-30,45.4585,47.3929,44.6525,46.3451,65579.227342737
2022-08-31,45.6198,47.9572,45.6198,47.8765,45384.492805065
2022-09-01,47.9572,47.9572,46.3451,46.5869,28903.147741574
2022-09-02,46.5063,48.7632,46.4257,47.3929,135806.08481253
2022-09-05,46.8287,46.8287,45.7809,45.7809,10854.809391786
2022-09-06,46.0227,47.2317,46.0227,46.9094,12678.625805767
2022-09-07,46.7481,47.8765,46.5063,47.5541,21523.515067859
2022-09-08,47.5541,48.3601,47.3929,48.0377,24354.772929563
2022-09-09,48.1183,48.3601,47.7959,48.3601,33795.194081935
2022-09-12,48.3601,49.1661,48.0377,49.1661,57177.264924041
2022-09-13,49.1661,49.6497,48.6019,49.0856,60566.833932883
2022-09-14,48.3601,49.1661,48.1183,49.0856,41596.661844598
2022-09-15,49.1661,49.9721,48.6825,49.811,46329.899680884
2022-09-16,49.811,49.811,49.0049,49.2467,54917.965815293
2022-09-19,48.6825,49.811,48.6825,49.7303,17983.822395009
2022-09-20,49.5692,50.7781,49.3274,50.7781,70646.211175867
2022-09-21,49.9721,50.5363,49.5692,50.0527,52024.673381683
2022-09-22,49.4885,50.2945,49.4885,49.9721,17739.406181707
2022-09-23,49.9721,49.9721,48.5214,49.3274,62168.566579449
2022-09-26,48.6019,49.1661,44.9749,45.7809,207882.81321651
2022-09-27,45.7003,45.9421,44.8138,44.8138,83167.269168998
2022-09-28,44.7331,45.9421,43.9271,44.8943,59271.552071525
2022-09-29,44.7331,44.7331,41.1061,43.1211,67204.533126625
2022-09-30,42.6375,44.4107,42.6375,43.7659,41615.27221617
2022-10-03,43.7659,43.9271,42.2345,43.7659,45476.303971484
2022-10-04,43.8465,45.9421,43.6853,45.9421,76782.671028624
2022-10-05,45.9421,46.1034,44.4107,44.8138,24436.658564477
2022-10-06,44.8138,44.8138,43.6047,44.2495,36056.974573559
2022-10-07,44.2495,44.4913,43.0405,43.2018,15929.237373544
2022-10-10,43.2018,43.3629,42.3957,42.7181,29836.147703013
2022-10-11,43.1211,44.2495,41.9927,44.1689,49470.089710672
2022-10-12,44.1689,44.9749,43.1211,44.2495,51261.648147263
2022-10-13,43.9271,44.8943,43.3629,44.8138,32001.154262468
2022-10-14,45.2167,45.4585,43.4435,43.5241,37906.845507741
2022-10-17,43.2823,45.2167,42.3151,45.2167,38540.838832601
2022-10-18,45.4585,47.0705,45.4585,47.0705,36461.439982375
2022-10-19,46.2645,46.9094,45.2973,46.9094,23731.945827646
2022-10-20,46.7481,46.8287,45.7809,46.0227,230114.76309552
2022-10-21,46.5063,46.5063,45.2973,45.9421,20492.500482812
2022-10-24,45.9421,48.3601,45.7809,48.3601,55555.681214468
2022-10-25,48.3601,48.3601,46.9094,47.7154,13606.663001453
2022-10-26,47.6347,48.1989,47.3929,48.1989,10844.883860281
2022-10-27,48.1989,49.0049,47.5541,48.9243,20767.933982067
2022-10-28,48.7632,49.811,48.1183,48.8437,17372.161516034
2022-10-31,48.8437,50.2139,48.3601,49.811,22176.11876429
2022-11-02,49.811,50.3752,49.0049,49.811,21102.920670349
2022-11-03,49.5692,49.5692,48.7632,49.4885,16483.826446367
2022-11-04,49.4885,50.617,49.4885,50.617,58601.578694961
2022-11-07,50.617,51.5841,50.1334,51.1812,43733.132500977
2022-11-08,51.1812,51.9872,50.2945,51.8259,28890.740827194
2022-11-09,51.5841,52.3095,51.3423,52.0677,26204.643863745
2022-11-10,52.1483,54.8081,51.7454,54.7275,95559.295252568
2022-11-14,55.2112,56.4202,52.3901,53.1961,67462.596945747
2022-11-15,53.9215,55.2112,52.9543,54.8081,33296.436123825
2022-11-16,54.0021,55.7753,53.2768,55.6142,45275.311958514
2022-11-17,55.6142,55.6142,53.2768,54.3246,49719.468689726
2022-11-18,54.0021,56.0171,53.4379,55.5335,29594.212872587
2022-11-21,55.5335,55.5335,54.4052,54.4052,8723.3015011595
2022-11-22,54.8081,56.6619,54.3246,56.3395,28815.058649471
2022-11-23,56.259,56.4202,55.6142,56.0171,19862.229232266
2022-11-24,56.3395,56.8231,55.7753,56.5813,19823.767797686
2022-11-25,56.5813,58.4351,56.0977,58.4351,36684.76444123
2022-11-28,58.4351,58.6769,57.3873,58.274,33295.195432387
2022-11-29,58.274,59.4024,57.7904,58.7575,24893.233013692
2022-11-30,58.3546,59.4829,57.5486,59.4829,106967.45302574
2022-12-01,59.6442,60.4502,59.3218,60.4502,37808.830884132
2022-12-02,60.0471,60.4502,58.9188,60.4502,50277.779836864
2022-12-05,59.6442,61.9816,59.6442,59.6442,73834.788171739
2022-12-06,59.8053,60.2084,57.6291,57.6291,32030.930856981
2022-12-07,58.0322,58.9993,57.3873,57.468,26734.419107807
2022-12-08,57.468,57.871,56.0171,56.259,29354.759425037
2022-12-09,56.4202,58.0322,56.259,58.0322,23947.826137872
2022-12-12,57.871,57.9515,56.9844,57.3873,20408.133465023
2022-12-13,57.3068,58.274,56.9844,57.7904,28527.218235836
2022-12-14,58.0322,58.4351,57.7904,58.1128,19270.4194163
2022-12-15,58.1128,58.3546,56.4202,56.5008,27784.044064424
2022-12-16,57.2262,59.3218,56.4202,58.8382,59249.219625639
2022-12-19,58.7575,59.4829,58.1128,59.2411,11084.337307831
2022-12-20,59.3218,61.2562,58.6769,61.0949,46801.362427355
2022-12-21,61.0949,61.2562,59.9666,61.2562,28022.256820536
2022-12-22,61.4173,61.5786,60.4502,60.7726,13364.728171026
2022-12-23,60.7726,60.9338,59.4024,59.5635,16313.85171935
2022-12-27,59.2411,60.3696,59.2411,59.6442,5080.6314389487
2022-12-28,59.9666,59.9666,59.1606,59.1606,31171.13169039
2022-12-29,59.6442,59.7248,58.9188,59.6442,7727.0262763791
2022-12-30,59.6442,61.2562,59.08,60.9338,17331.218698577
2023-01-02,61.6591,62.7069,60.2084,61.7398,18957.765173904
2023-01-03,62.6264,63.6742,61.2562,63.5129,32656.239341775
2023-01-04,63.5129,65.2862,63.5129,64.722,42752.986264892
2023-01-05,64.3189,65.0444,62.1427,63.6742,40261.677857222
2023-01-09,64.0772,64.722,63.6742,64.3189,54700.844813628
2023-01-10,64.3189,65.8504,64.0772,65.6892,47148.756030018
2023-01-11,65.6892,65.6892,63.7547,63.7547,23105.396651415
2023-01-12,63.7547,65.125,63.6742,64.8025,17491.26789409
2023-01-13,64.8832,64.9638,63.5129,63.7547,18906.896824943
2023-01-16,64.1578,64.1578,63.4324,64.1578,10078.136551546
2023-01-17,64.1578,64.1578,61.8204,61.8204,52986.209246198
2023-01-18,61.9009,63.4324,61.7398,62.2234,21061.977852892
2023-01-19,62.2234,62.8682,60.9338,62.2234,16001.197476952
2023-01-20,62.5458,63.1906,62.0622,62.1427,8501.2177337427
2023-01-23,62.2234,63.5936,62.2234,63.2711,6568.2204732098
2023-01-24,62.9487,63.6742,62.2234,62.2234,10736.943705168
2023-01-25,62.0622,62.0622,59.7248,59.886,59910.508162138
2023-01-26,60.7726,62.0622,60.692,61.5786,15231.968785341
2023-01-27,61.5786,62.6264,61.4173,62.5458,19204.662770082
2023-01-30,62.0622,62.9487,61.6591,62.4651,26135.165143212
2023-01-31,62.8682,66.334,62.6264,65.2862,67909.245863457
2023-02-01,64.722,66.0116,63.3518,63.5129,21627.733148657
2023-02-02,64.5607,64.722,63.7547,64.5607,30643.837829205
2023-02-03,64.5607,66.0116,64.5607,65.6892,16560.749315528
2023-02-06,65.4474,65.4474,63.3518,64.5607,28228.211599257
2023-02-07,64.6414,65.931,64.1578,65.6085,19374.637497099
2023-02-08,66.0116,66.4145,64.6414,66.0922,35682.285759259
2023-02-09,66.0922,68.0265,66.0116,67.8654,121776.34603069
2023-02-10,67.7848,68.9132,66.4145,66.4145,125596.43496855
2023-02-13,67.0594,68.5102,67.0594,68.1072,27416.799398752
2023-02-14,68.1072,68.5908,66.2534,67.14,21155.029710748
2023-02-15,67.14,67.7042,66.0116,66.0116,18370.91812369
2023-02-16,65.931,67.6236,64.722,67.543,31028.452175011
2023-02-17,66.8982,67.3818,65.8504,66.4952,14820.059227898
2023-02-20,66.8982,66.8982,66.0922,66.4952,4449.1194969646
2023-02-21,66.334,66.5758,65.0444,65.125,21707.137400695
2023-02-22,65.125,65.125,63.5129,64.9638,46032.133735744
2023-02-23,64.9638,65.125,64.4802,65.125,13059.518077258
2023-02-24,65.125,65.125,63.916,64.6414,15038.420921
2023-02-27,64.1578,66.6564,64.1578,66.334,22029.717174596
2023-02-28,66.0922,67.4624,66.0116,67.3012,20892.003125875
2023-03-01,67.3012,68.349,66.8982,67.6236,26348.564070562
2023-03-02,67.6236,67.6236,65.6085,65.8504,33266.659529312
2023-03-03,66.2534,66.4952,65.6892,66.0116,16518.565806633
2023-03-06,66.8176,67.6236,66.334,67.543,29089.251457287
2023-03-07,67.6236,68.6714,67.14,68.6714,37224.465216796
2023-03-08,68.0265,68.5908,66.5758,67.2205,34503.62889308
2023-03-09,67.946,67.946,66.6564,67.0594,19126.499209483
2023-03-10,66.5758,66.8176,65.4474,66.0922,22347.334182745
2023-03-13,65.528,66.4952,63.2711,64.3189,63705.783271232
2023-03-14,64.3189,65.931,64.0772,65.2056,28831.187638166
2023-03-15,66.0116,66.0116,62.6264,62.7069,42676.06339573
2023-03-16,62.8682,64.2384,61.5786,64.2384,38122.725817967
2023-03-17,64.1578,64.2384,61.6591,63.5129,41999.886561975
2023-03-20,66.8176,66.8982,64.1578,64.8832,51597.875526984
2023-03-21,65.6892,67.543,65.3667,65.3667,66632.574373669
2023-03-22,66.0116,67.14,65.4474,65.528,28282.802022533
2023-03-23,65.6892,66.6564,64.8832,64.9638,20806.395416647
2023-03-24,65.6085,65.6085,63.2711,64.1578,42502.366594399
2023-03-27,64.1578,65.3667,63.7547,65.125,29066.919011402
2023-03-28,65.2862,67.3818,65.125,65.125,52236.831617596
2023-03-29,66.334,66.4145,65.125,65.2862,24663.705097646
2023-03-30,65.6892,66.5758,65.3667,65.931,30329.94289537
2023-03-31,65.931,65.931,64.8832,65.7698,31178.575839018
2023-04-03,65.528,66.8176,65.2862,66.0922,56975.032219633
2023-04-04,66.0922,67.0594,66.0116,66.4145,37569.377436582
2023-04-05,66.4145,66.8982,65.4474,66.4952,18617.815719869
2023-04-06,66.0922,67.14,65.6892,66.6564,13389.541999788
2023-04-11,66.8176,68.6714,66.8176,68.349,38418.010380231
2023-04-12,68.5102,69.155,68.0265,68.349,43009.809392575
2023-04-13,68.6714,69.961,68.5102,69.7192,36780.297681962
2023-04-14,69.3968,70.1222,69.155,70.0416,39477.560868354
2023-04-17,70.1222,70.9281,70.0416,70.767,40688.475711922
2023-04-18,70.9281,72.379,70.2028,71.4118,91148.637190184
2023-04-19,70.9281,71.8954,69.961,71.3312,74554.389205827
2023-04-20,71.4924,72.379,71.17,71.17,53667.348845705
2023-04-21,71.3312,72.2178,70.9281,71.573,39370.861404679
2023-04-24,71.6536,72.5402,71.3312,72.1372,44894.419687023
2023-04-25,72.4596,72.4596,71.8148,71.8954,43745.539415358
2023-04-26,72.2178,72.2178,70.9281,71.0894,92893.049352128
2023-04-27,71.8954,73.0238,71.4118,72.5402,73591.612649876
2023-04-28,72.9432,73.0238,71.8148,72.4596,76529.569975256
2023-05-02,72.1372,73.185,72.1372,72.5402,76610.214918731
2023-05-04,72.7014,73.185,70.6058,71.3312,115267.67874651
2023-05-05,73.1257,73.1257,71.3312,72.9462,82279.396727805
2023-05-08,72.8565,73.3949,72.2284,72.8565,55621.206543824
2023-05-09,72.6771,72.6771,71.4209,72.2284,43379.325153263
2023-05-10,72.2284,72.2284,70.7928,70.8826,33991.728016273
2023-05-11,73.1257,74.2921,70.2545,70.2545,80204.161553986
2023-05-12,70.1648,70.6134,67.0244,67.473,176204.40695251
2023-05-15,67.9217,69.7161,67.7422,69.447,60118.292433383
2023-05-16,69.5367,71.5106,69.1778,69.3572,81966.216768706
2023-05-17,69.447,71.1517,69.0881,70.7031,54033.016359779
2023-05-18,70.7031,70.7031,69.1778,69.6264,88834.999999772
2023-05-19,69.8956,70.4339,68.5497,69.5367,42267.034764718
2023-05-22,70.3442,70.5237,69.8059,69.8059,132119.59100171
2023-05-23,69.8059,71.6901,69.6264,71.6901,59178.752556085
2023-05-24,71.2415,71.2415,68.46,69.447,143316.05316937
2023-05-25,68.9086,71.5106,68.7292,71.3312,94284.999999758
2023-05-26,70.8826,72.4976,70.4339,71.2415,114679.59100175
2023-05-29,70.8826,72.049,70.2545,71.4209,95699.325153128
2023-05-30,71.7798,71.8695,70.5237,71.2415,171489.98977461
2023-05-31,70.8826,74.1127,70.4339,74.1127,1134391.3087905
2023-06-01,73.9332,75.0099,72.049,74.9202,120022.59713671
2023-06-02,75.1894,78.0606,74.651,77.9708,133101.48261724
2023-06-05,78.0606,79.6756,77.253,77.4325,82765.327198151
2023-06-06,77.8811,79.855,77.6119,79.855,82756.411042732
2023-06-07,79.855,80.0345,77.7017,78.24,82866.748466045
2023-06-09,78.0606,79.855,78.0606,79.5859,52848.282208453
2023-06-12,79.4064,79.4064,77.3428,77.5222,40266.472392535
2023-06-13,77.253,77.7914,76.0866,76.9839,38900.071574542
2023-06-14,76.9839,79.4064,76.5352,79.227,46789.754601107
2023-06-15,78.6886,79.7653,78.0606,79.6756,31186.482617507
2023-06-16,79.7653,80.0345,77.9708,78.8681,52579.68302645
2023-06-19,79.0475,80.2139,78.7783,79.9448,36243.057259621
2023-06-20,79.9448,79.9448,78.5989,79.3167,17987.229038809
2023-06-21,78.4194,79.0475,78.3297,78.4194,17354.182004045
2023-06-22,78.7783,79.5859,77.6119,79.3167,26221.29856844
2023-06-23,79.3167,79.4064,76.9839,77.4325,36520.572597043
2023-06-26,77.4325,78.24,76.8044,77.4325,48440.357873086
2023-06-27,77.8811,78.3297,76.3558,77.9708,67108.558282036
2023-06-28,77.9708,78.7783,77.3428,77.9708,34049.683026497
2023-06-29,77.9708,78.3297,77.5222,78.1503,17991.687116518
2023-06-30,78.1503,78.5989,77.0736,77.5222,50981.462167558
2023-07-03,77.5222,78.4194,77.4325,78.24,20616.380368045
2023-07-04,78.0606,78.1503,77.253,78.1503,11126.247443734
2023-07-05,77.8811,77.9708,75.9969,76.2661,34606.942740197
2023-07-06,76.2661,77.253,75.2791,76.8044,18440.83844576
2023-07-07,77.4325,77.6119,76.4455,77.6119,21367.566462113
2023-07-10,77.3428,78.0606,76.4455,77.6119,11971.053169703
2023-07-11,77.4325,77.4325,76.4455,76.7147,70238.128834175
2023-07-12,76.7147,78.7783,76.5352,78.5092,32444.775051041
2023-07-13,78.5092,79.1372,77.7017,78.7783,31300.163599102
2023-07-14,78.8681,80.3934,78.5092,79.4064,57087.914110283
2023-07-17,79.3167,80.3934,79.227,79.855,39576.584866974
2023-07-18,79.4064,79.9448,79.0475,79.4961,37473.48670747
2023-07-19,79.6756,80.7523,79.4961,80.7523,85384.447852541
2023-07-20,80.842,81.6495,80.5728,81.1112,31852.965235092
2023-07-21,80.7523,81.2906,79.6756,80.2139,11621.0940695
2023-07-24,80.5728,81.829,80.3037,80.6626,37416.646216673
2023-07-25,80.7523,81.5598,80.1242,80.3934,36010.122699294
2023-07-26,80.4831,81.1112,80.3037,80.3037,17728.660531652
2023-07-27,80.7523,81.1112,79.9448,80.5728,26217.955010158
2023-07-28,80.5728,80.6626,79.855,80.1242,13403.210633912
2023-07-31,80.1242,81.2009,80.0345,80.7523,23282.310838386
2023-08-01,80.4831,80.4831,78.24,78.8681,51671.349693119
2023-08-02,78.24,78.3297,77.0736,77.7914,30720.613496854
2023-08-03,77.3428,78.1503,76.5352,76.9839,40026.850715644
2023-08-04,77.253,79.1372,77.253,78.5092,55864.171778998
2023-08-07,78.6886,79.6756,78.3297,79.0475,25369.805725906
2023-08-08,79.0475,79.3167,76.8044,77.7017,34372.893660443
2023-08-09,77.7017,78.3297,76.625,76.8941,34625.889570463
2023-08-10,77.8811,77.8811,76.625,77.253,16454.764826134
2023-08-11,77.7017,78.0606,76.3558,78.0606,68388.026584691
2023-08-14,77.7914,77.8811,76.9839,77.7914,17453.374233084
2023-08-16,78.5989,78.5989,76.4455,76.9839,28282.044989702
2023-08-17,76.4455,77.1633,76.2661,76.4455,19984.447852709
2023-08-18,75.9969,76.7147,75.8174,76.3558,16716.676891573
2023-08-21,76.1763,77.3428,76.1763,77.1633,6122.0552147082
2023-08-22,77.0736,77.1633,76.625,76.625,8802.4744376052
2023-08-23,76.625,77.0736,75.3688,75.7277,15181.983640043
2023-08-24,76.4455,76.8941,75.638,75.8174,18308.2106339
2023-08-25,76.0866,77.0736,76.0866,76.2661,10533.323108357
2023-08-28,76.2661,77.253,76.1763,76.8044,13143.527607328
2023-08-29,76.8044,77.4325,76.8044,76.8941,15153.00613493
2023-08-30,76.8044,78.0606,76.4455,76.4455,12838.149284221
2023-08-31,76.5352,78.5092,76.4455,77.6119,32847.116564333
2023-09-01,77.7914,78.3297,76.8044,77.8811,16932.893660488
2023-09-04,78.0606,78.4194,76.8941,76.9839,10961.298568479
2023-09-05,77.9708,77.9708,76.4455,76.5352,17952.678936559
2023-09-06,76.625,77.4325,74.3818,76.7147,71793.997954826
2023-09-07,76.5352,76.7147,72.9462,73.7538,47180.950920124
2023-09-08,74.0229,75.4585,73.9332,74.651,17236.042944741
2023-09-11,74.4716,75.0996,73.7538,73.7538,17631.697341468
2023-09-12,73.7538,75.2791,73.3949,74.9202,29695.255623646
2023-09-13,74.4716,75.0099,74.2024,74.4716,13000.869120621
2023-09-14,75.0996,75.0996,74.2921,74.4716,9629.447852736
2023-09-15,74.3818,74.8305,73.036,73.2154,39525.316973314
2023-09-18,73.7538,74.0229,72.5873,72.8565,10661.492842508
2023-09-19,74.1127,74.1127,71.8695,72.049,21555.920245343
2023-09-20,72.1387,74.0229,71.7798,73.4846,13377.576687082
2023-09-21,73.5743,73.5743,72.4079,72.8565,9773.2208588706
2023-09-22,73.2154,74.2921,72.3182,72.6771,11243.271983611
2023-09-25,72.6771,74.7407,71.9593,71.9593,13456.707566428
2023-09-26,71.8695,72.9462,71.8695,72.6771,3871.8404907876
2023-09-27,72.4079,72.7668,71.4209,71.4209,14779.642126751
2023-09-28,71.8695,71.8695,70.1648,70.8826,24966.349693187
2023-09-29,71.6004,72.4976,71.2415,71.6004,26469.83640075
2023-10-02,72.4079,72.4079,71.2415,72.3182,16932.893660488
2023-10-03,72.4976,72.4976,70.6134,71.5106,15265.572597098
2023-10-04,71.2415,72.3182,70.6134,72.3182,36540.633946736
2023-10-05,72.7668,72.7668,71.4209,71.4209,13063.282208555
2023-10-06,71.7798,72.3182,71.062,71.062,26642.586911997
2023-10-09,71.062,72.8565,70.9723,71.6004,42351.7382412
2023-10-10,72.6771,75.3688,72.2284,75.1894,81976.247443552
2023-10-11,75.3688,76.5352,74.8305,75.9072,30310.47034757
2023-10-12,76.3558,76.3558,73.4846,75.3688,31756.002044908
2023-10-13,74.7407,75.1894,73.8435,74.2921,37222.719836305
2023-10-16,74.5613,76.8044,74.2024,76.4455,55399.417177772
2023-10-17,76.7147,78.0606,75.8174,75.9969,36333.33333324
2023-10-18,75.3688,76.5352,73.9332,74.9202,125202.88343526
2023-10-19,74.9202,75.5483,73.9332,74.4716,15753.732106299
2023-10-20,74.4716,74.5613,73.5743,73.664,11938.732106309
2023-10-23,73.664,76.8044,73.5743,76.2661,39769.396727914
2023-10-24,76.5352,77.4325,76.2661,76.2661,23987.80163593
2023-10-25,76.9839,78.8681,76.4455,78.5092,32012.34151321
2023-10-26,78.4194,78.4194,76.8941,77.7017,31733.71165636
2023-10-27,77.7914,78.0606,76.7147,76.7147,76419.253578536
2023-10-30,76.9839,78.24,76.8044,77.0736,22727.280163541
2023-10-31,77.1633,77.9708,77.1633,77.4325,17869.089979504
2023-11-02,77.7017,77.9708,76.5352,77.1633,19673.496932465
2023-11-03,77.6119,78.4194,77.4325,77.9708,18794.141104246
2023-11-06,77.9708,78.7783,77.6119,78.0606,26781.901840422
2023-11-07,77.5222,78.3297,77.253,77.5222,18079.734151283
2023-11-08,77.5222,78.0606,76.8941,77.6119,17593.803680936
2023-11-09,77.8811,79.1372,77.6119,78.9578,21620.562372133
2023-11-10,78.9578,79.855,78.1503,78.24,94222.586911823
2023-11-13,78.8681,79.1372,77.1633,77.253,18225.736196272
2023-11-14,77.253,81.2009,77.253,81.1112,59034.979549951
2023-11-15,81.2009,83.444,80.4831,83.1749,63442.903885318
2023-11-16,83.1749,86.4947,82.1879,86.405,51863.047034632
2023-11-17,86.4947,86.5844,84.431,85.2385,25623.916155353
2023-11-20,85.6872,88.6481,85.3283,88.02,35891.98363999
2023-11-21,88.3789,89.2761,87.033,87.6611,33706.411042858
2023-11-22,87.7508,88.8275,87.3022,88.1097,15743.701431452
2023-11-23,88.8275,89.7248,88.2892,89.4556,23029.314928366
2023-11-24,88.9172,90.622,88.9172,89.7248,22141.042944728
2023-11-27,90.0837,90.622,86.9433,88.1097,20464.805725919
2023-11-28,87.9303,89.9042,87.7508,89.007,12591.840490765
2023-11-29,89.7248,89.7248,87.3919,88.4686,14254.703476446
2023-11-30,88.5583,89.1864,86.4947,86.9433,25075.572597073
2023-12-01,87.033,88.5583,87.033,88.02,27607.760736125
2023-12-04,88.02,88.8275,87.4817,88.1097,8508.2413087716
2023-12-05,88.1097,88.8275,87.2125,87.9303,11247.730061321
2023-12-06,88.7378,88.8275,86.5844,87.4817,16940.69529648
2023-12-07,87.4817,88.6481,86.9433,88.1097,11927.586912035
2023-12-08,88.6481,88.9172,87.9303,88.8275,9341.9018404668
2023-12-11,88.7378,89.5453,88.02,88.9172,19204.284253529
2023-12-12,88.9172,89.7248,88.1994,89.2761,40657.668711552
2023-12-13,89.2761,90.9809,88.3789,89.4556,17080.010224905
2023-12-14,90.2631,91.1604,89.2761,89.5453,16139.355828179
2023-12-15,90.2631,92.0576,89.2761,90.4426,35379.304703386
2023-12-18,90.0837,92.4165,90.0837,91.5193,23237.73006129
2023-12-19,92.4165,92.4165,91.3398,92.2371,16823.670756603
2023-12-20,92.0576,92.4165,90.0837,90.622,20545.051124692
2023-12-21,90.622,91.1604,89.5453,89.635,19764.887525512
2023-12-22,89.7248,91.5193,89.5453,90.4426,19671.26789361
2023-12-27,90.0837,91.6987,89.9042,90.0837,32628.670756562
2023-12-28,90.622,91.5193,90.0837,90.622,9890.2453987476
2023-12-29,90.622,92.596,90.2631,90.9809,26541.165644104
2024-01-02,90.9809,93.3138,90.2631,92.2371,28496.032719763
2024-01-03,92.2371,92.4165,89.635,91.6987,29555.940695221
2024-01-04,91.6987,91.6987,89.7248,90.4426,24468.15950914
2024-01-05,90.622,90.622,88.7378,90.622,23562.055214663
2024-01-08,89.635,92.4165,88.9172,91.3398,21472.331288288
2024-01-09,92.2371,92.2371,90.8015,91.1604,12708.865030642
2024-01-10,91.1604,92.0576,90.8015,91.5193,14106.472392602
2024-01-11,91.6987,92.0576,90.0837,90.0837,17358.640081755
2024-01-12,91.1604,91.3398,89.9042,90.622,11013.680981567
2024-01-15,90.622,90.9809,89.3659,90.4426,12405.715746389
2024-01-16,89.9042,90.9809,89.1864,90.0837,18009.519427357
2024-01-17,90.0837,90.0837,88.2892,89.5453,33413.292433452
2024-01-18,89.5453,91.1604,89.5453,90.8015,13487.914110395
2024-01-19,90.622,91.5193,90.0837,90.622,20880.521472339
2024-01-22,91.5193,92.2371,90.622,91.6987,17718.629856805
2024-01-23,91.8782,92.0576,88.2892,88.8275,78040.879345403
2024-01-24,88.8275,89.635,88.3789,89.1864,26083.098159442
2024-01-25,88.8275,89.9042,88.6481,88.8275,7436.0736196128
2024-01-26,88.8275,90.9809,88.8275,90.9809,15702.464212639
2024-01-29,90.9809,90.9809,90.2631,90.2631,4636.400817984
2024-01-30,90.4426,91.5193,90.2631,91.3398,7829.498977485
2024-01-31,91.3398,93.3138,90.622,92.7754,24396.830265786
2024-02-01,92.596,95.8261,91.8782,93.1343,71421.748466074
2024-02-02,93.3138,95.2877,93.3138,95.2877,13821.155419187
2024-02-05,95.4672,96.3644,94.5699,94.5699,24796.942740223
2024-02-06,95.1083,95.1083,92.7754,94.3905,31961.07361955
2024-02-07,94.9288,95.1083,92.9549,94.9288,24772.42331282
2024-02-08,94.7494,95.1083,92.4165,93.4932,18350.562372141
2024-02-09,92.7754,94.0316,92.4165,92.9549,17559.253578687
2024-02-12,93.3138,93.4932,91.3398,93.4932,21680.746421212
2024-02-13,93.8521,94.211,92.4165,92.7754,25097.862985621
2024-02-14,93.3138,93.3138,90.9809,92.9549,29924.84662569
2024-02-15,93.3138,93.8521,92.0576,92.4165,26844.314928356
2024-02-16,92.596,93.8521,92.596,93.3138,23791.646216708
2024-02-19,94.211,96.7233,93.3138,96.7233,34264.785275986
2024-02-20,96.9028,99.415,96.7233,99.415,49544.84662564
2024-02-21,99.415,101.568,97.4411,100.312,37329.713701336
2024-02-22,100.492,101.389,98.8767,99.415,35383.762781095
2024-02-23,99.9534,100.312,98.3383,98.8767,35218.81390584
2024-02-26,99.415,100.671,99.0561,100.671,25272.842535722
2024-02-27,101.03,101.389,99.415,99.415,29129.079754526
2024-02-28,99.415,100.133,97.6206,98.6972,49306.339468176
2024-02-29,98.1589,99.7739,96.9028,98.6972,59517.566462015
2024-03-01,98.5178,99.415,96.3644,97.6206,38612.525562273
2024-03-04,97.8,98.1589,96.0055,96.0055,16908.374233085
2024-03-05,96.9028,97.4411,95.4672,96.0055,38839.887525463
2024-03-06,97.0822,97.6206,95.1083,97.0822,26551.19631895
2024-03-07,97.2617,97.2617,94.3905,94.7494,43964.447852648
2024-03-08,95.1083,95.4672,94.3905,94.9288,19497.402862936
2024-03-11,94.9288,95.6466,93.4932,94.9288,31214.345603192
2024-03-12,96.185,97.2617,94.5699,96.9028,46333.9161553
2024-03-13,97.0822,98.1589,96.185,96.7233,29621.697341437
2024-03-14,96.9028,97.2617,95.1083,95.6466,32620.869120571
2024-03-15,97.2617,97.4411,94.5699,97.4411,73383.302658298
2024-03-18,97.2617,97.4411,94.5699,95.1083,30475.419222826
2024-03-19,96.0055,97.0822,94.5699,96.7233,16570.674846583
2024-03-20,96.9028,97.4411,95.6466,96.9028,16023.44580773
2024-03-21,97.8,98.6972,97.2617,97.8,36025.725971278
2024-03-22,97.8,98.1589,96.5439,96.5439,13963.813905895
2024-03-25,96.7233,97.9794,96.3644,97.2617,18560.092024492
2024-03-26,96.9028,97.8,96.0055,97.8,26217.955010158
2024-03-27,97.8,98.3383,96.9028,97.8,30230.224948798
2024-03-28,97.8,98.3383,97.2617,97.4411,34259.212678849
2024-04-02,97.8,100.851,97.2617,100.312,42465.419222795
2024-04-03,100.312,101.03,99.5945,100.671,23252.218813846
2024-04-04,101.03,102.107,100.312,101.389,30517.770961067
2024-04-05,101.03,102.107,100.133,102.107,25717.535787255
2024-04-08,101.568,106.414,101.568,105.696,129788.01635958
2024-04-09,105.875,107.311,103.183,103.542,105687.64826149
2024-04-10,103.722,105.157,103.542,104.081,18133.231083798
2024-04-11,104.799,104.978,101.748,101.927,23695.797545951
2024-04-12,103.183,103.183,99.415,99.9534,23949.907975399
2024-04-15,99.9534,101.21,99.7739,99.9534,23582.116564357
2024-04-16,99.9534,100.851,97.9794,98.8767,30077.535787244
2024-04-17,98.8767,101.03,98.1589,100.312,17253.875255579
2024-04-18,100.312,100.492,99.0561,100.312,10940.122699358
2024-04-19,100.133,100.133,98.8767,100.133,7491.7995909828
2024-04-22,100.133,100.492,99.5945,100.492,12196.186094038
2024-04-23,100.492,102.286,100.492,101.748,11701.339468273
2024-04-24,101.389,102.466,100.671,102.286,11354.723926351
2024-04-25,102.286,102.286,99.5945,99.5945,15570.950920205
2024-04-26,101.21,101.21,99.7739,100.492,19844.018404857
2024-04-29,100.492,101.21,99.2356,100.312,23548.680981535
2024-04-30,99.9534,101.389,99.2356,100.492,39302.413087834
2024-05-02,100.133,101.21,99.0561,99.2356,26480.981595024
2024-05-06,99.2356,100.851,99.0561,99.5945,14844.284253541
2024-05-07,100.492,101.927,99.5945,100.492,27399.345603202
2024-05-08,101.389,102.466,100.851,101.927,37604.999999903
2024-05-09,101.748,101.748,96.5439,97.0822,150080.07157426
2024-05-10,98.5178,98.8767,95.6466,95.8261,95269.120654152
2024-05-13,96.0055,97.6206,96.0055,96.185,39459.560327097
2024-05-14,96.7233,97.8,96.185,96.9028,40429.192228935
2024-05-15,97.0822,97.2617,96.0055,96.185,61131.39059289
2024-05-16,96.3644,96.9028,96.0055,96.7233,46669.386502948
2024-05-17,96.185,97.4411,95.2877,96.9028,78860.051124542
2024-05-20,97.6206,98.6972,97.0822,98.1589,43740.42944774
2024-05-21,98.5178,98.5178,97.6206,97.6206,31164.192228959
2024-05-22,98.1589,98.5178,97.4411,97.9794,22710.56237213
2024-05-23,98.5178,100.671,97.9794,99.7739,59681.400817843
2024-05-24,100.492,100.851,97.4411,97.9794,73099.100204311
2024-05-27,97.9794,100.133,97.9794,99.5945,23812.822085828
2024-05-28,100.133,100.133,98.3383,98.6972,30493.251533664
2024-05-29,99.2356,99.2356,96.0055,96.0055,102579.25357847
2024-05-31,96.0055,96.9028,94.9288,96.3644,72292.188138874
2024-06-03,96.9028,97.4411,96.0055,96.185,31546.472392557
2024-06-04,96.5439,97.2617,92.0576,92.7754,249447.28016296
2024-06-05,93.1343,94.3905,92.596,93.1343,48367.914110305
2024-06-06,94.211,94.3905,92.2371,92.4165,49747.689161426
2024-06-07,92.4165,92.9549,91.8782,91.8782,34787.494887436
2024-06-10,92.4165,94.5699,92.4165,93.3138,64020.224948711
2024-06-11,93.4932,93.8521,92.4165,92.4165,37298.507157368
2024-06-12,92.596,93.8521,92.4165,93.6727,39610.020449796
2024-06-13,94.0316,95.6466,93.6727,94.0316,43188.742331177
2024-06-14,94.0316,95.1083,92.9549,94.211,31344.744376198
2024-06-17,95.2877,96.185,94.5699,96.0055,85246.247443544
2024-06-18,96.185,96.9028,95.1083,95.1083,53432.290388411
2024-06-19,96.0055,96.7233,95.1083,96.5439,76389.161553996
2024-06-20,96.9028,97.8,96.185,97.8,60063.680981441
2024-06-21,97.8,97.9794,96.0055,96.0055,99271.359917945
2024-06-24,96.9028,97.6206,96.0055,97.0822,71556.60531679
2024-06-25,97.4411,98.1589,96.9028,97.8,123462.00408966
2024-06-26,98.8,98.9,96.2,97.7,46784
2024-06-27,97.9,97.9,96.5,96.8,36571
2024-06-28,97.1,98.2,96.7,97.8,36421
2024-07-01,98.3,99.5,97.8,99.1,29441
2024-07-02,99,99.2,96.9,97,37370
2024-07-03,97.1,98.2,96.5,97.5,44290
2024-07-04,97.7,97.8,96.4,96.7,32587
2024-07-05,96.8,97.4,95.5,95.5,26697
2024-07-08,95.6,96.9,95.5,96.4,23852
2024-07-09,96.4,96.6,95.3,95.9,21757
2024-07-10,96.4,96.6,95.7,95.9,13699
2024-07-11,96.1,96.2,95.5,95.7,16777
2024-07-12,96,96.5,95.3,96,14703
2024-07-15,96,96.6,94.7,95.9,19779
2024-07-16,95.7,95.8,93,93.4,29435
2024-07-17,93,95.1,92.5,94.3,62197
2024-07-18,94.3,97.5,93.7,96.5,40667
2024-07-19,96.7,97.4,95.4,97.4,24570
2024-07-22,96.7,100,96.3,99.5,51772
2024-07-23,99.4,99.9,97.3,97.7,14919
2024-07-24,97.1,97.3,96.3,97.1,8131
2024-07-25,96,96.1,94.6,95.8,26519
2024-07-26,95.5,96,94.1,94.1,19934
2024-07-29,94.4,94.5,93.4,94.1,10917
2024-07-30,94.8,98.6,94.4,96.1,87463
2024-07-31,96,98.3,95.6,97,16944
2024-08-01,97,97.5,94.7,95,16730
2024-08-02,93.8,94.9,92.1,93,26741
2024-08-05,89,89.6,85,88.5,82859
2024-08-06,89.2,90.1,86.3,86.6,27596
2024-08-07,86.8,90,86.8,89.4,18494
2024-08-08,89.3,89.6,87.1,89,32138
2024-08-09,89,91.3,88.6,90,15901
2024-08-12,91,93.1,90.5,93.1,18250
2024-08-13,93.8,93.9,92,92.7,19219
2024-08-14,92.9,93.5,92.3,93.2,11020
2024-08-16,90,94.6,89.8,93.9,51199
2024-08-19,94,94.8,92.6,94.7,11998
2024-08-20,94.4,94.4,92.9,93.4,10719
2024-08-21,92.9,95.4,92.9,94.1,9339
2024-08-22,94.9,95.9,93.2,95,20424
2024-08-23,95.1,95.3,94,94.3,10915
2024-08-26,94.1,94.7,93.1,93.4,6492
2024-08-27,93.3,95,92.3,95,11666
2024-08-28,94.7,94.9,93.2,94.8,13080
2024-08-29,94.8,95.3,93.4,95,29855
2024-08-30,94.4,94.5,92.9,94.5,25617
2024-09-02,93.5,97,93.5,97,36412
2024-09-03,97,97,94,94.1,14192
2024-09-04,93.7,94.9,93.6,94.4,15605
2024-09-05,94,94.9,93,93.4,14359
2024-09-06,94.1,94.1,92,92.2,13825
2024-09-09,92,93,92,92.4,7253
2024-09-10,92.7,93.1,90.1,90.7,9832
2024-09-11,90.7,90.9,89.1,89.1,14883
2024-09-12,88.7,92.5,88.7,92.3,36197
2024-09-13,92.6,94.2,92.3,93,32414
2024-09-16,92.1,93.3,90.8,92.3,11761
2024-09-17,92.3,93.1,91.6,92.6,4498
2024-09-18,93,93.4,92.1,92.1,9248
2024-09-19,93.2,94.2,92.1,92.7,13653
2024-09-20,93.4,93.4,90.7,91.2,25379
2024-09-23,91.4,92.4,90.2,91.1,10723
2024-09-24,92.4,93.4,91.6,93.4,19172
2024-09-25,91.5,92.8,91,91,15448
2024-09-26,91.2,92.2,89.7,91,18211
2024-09-27,91.4,92.6,91,92.3,11744
2024-09-30,91,92.1,90.7,91.1,17651
2024-10-01,91.3,91.8,90,90.2,17890
2024-10-02,90.2,91.2,89.7,90,11780
2024-10-03,90.4,90.7,88.8,89,34686
2024-10-04,89.1,89.9,88.1,89.7,9438
2024-10-07,89.7,89.8,86.4,86.7,33353
2024-10-08,88,88.6,86.7,88,18595
2024-10-09,87.7,89.6,87.7,89.4,16009
2024-10-10,90,90.7,89.5,90,11713
2024-10-11,90.4,91.4,90.1,91,12712
2024-10-14,91,91.2,89.7,90.1,11859
2024-10-15,90.5,91,89.7,90.8,6631
2024-10-16,90.8,93.6,89,93.6,39797
2024-10-17,92.7,92.7,89.1,89.5,23713
2024-10-18,90.7,92.7,89.8,92.2,19903
2024-10-21,92.5,92.7,90.7,91.8,11787
2024-10-22,91.8,91.8,89.5,89.8,14520
2024-10-23,89.7,90.5,89.6,89.8,9146
2024-10-24,90.3,90.8,89.8,90,5042
2024-10-25,90.5,90.5,89.8,90.2,8228
2024-10-28,91,91.2,89.7,89.7,16597
2024-10-29,90.8,92.5,90.8,91.1,52109
2024-10-30,91.4,91.6,89.3,90.5,20745
2024-10-31,89.7,90.6,89.7,89.8,11296
2024-11-04,90.1,90.9,89.8,90.5,23279
2024-11-05,90.5,90.6,89.8,90.2,7293
2024-11-06,90.2,91.5,88.6,89.5,43282
2024-11-07,90,91.5,89.7,91.3,30674
2024-11-08,91.5,91.6,90.3,91,17415
2024-11-12,91.4,92.7,90.6,91.5,35762
2024-11-13,91.3,91.3,88,88.6,52900
2024-11-14,87,90.1,87,89,32815
2024-11-15,89.2,89.6,87.8,88.5,24337
2024-11-18,87.8,89,87.7,88.5,26312
2024-11-19,88.9,89.2,85.1,86.9,35843
2024-11-20,86.9,87.9,86,87,31191
2024-11-21,87.3,88.4,86.1,87.5,21164
2024-11-22,87.9,88.1,85.8,87.9,26514
2024-11-25,88.5,89.2,87.6,87.6,30623
2024-11-26,87.6,88,86.9,86.9,36376
2024-11-27,87.2,87.2,85.4,85.9,46150
2024-11-28,85.9,87.3,85.6,86.6,30025
2024-11-29,87.1,87.2,86,86,45094
2024-12-02,85.9,87.6,85.6,87.2,71614
2024-12-03,87.2,88.2,86.4,88,27206
2024-12-04,88.3,89.8,88,88.9,36959
2024-12-05,89,90.8,88.5,90.8,39236
2024-12-06,91,92.5,90.9,91.8,54236
2024-12-09,92.3,93,92.1,92.2,70502
2024-12-10,92.7,94,91.1,93.5,65842
2024-12-11,93.5,93.5,91.3,91.3,34274
2024-12-12,91.5,92.1,90.4,90.7,62633
2024-12-13,90.8,91,89.6,90.7,58673
2024-12-16,90.9,91.1,89.7,90,22195
2024-12-17,90.2,90.5,88.3,88.4,57048
2024-12-18,88.6,89,88,88.8,21869
2024-12-19,88.2,88.7,86.8,87.6,48672
2024-12-20,87.8,88.1,86,87.8,88513
2024-12-23,87.9,88.7,87.2,88.1,45292
2024-12-27,88.1,89.3,87.9,89,39264
2024-12-30,89,89,88.3,88.7,30842
2025-01-02,89.7,90,88.4,89,58058
2025-01-03,89.9,90.9,89,90,111115
2025-01-07,90.5,93.1,90.2,93.1,83961
2025-01-08,93.2,93.7,91.1,91.7,79938
2025-01-09,91.9,92.6,90.2,92.6,43842
2025-01-10,93,93,92,92.5,55712
2025-01-13,92.5,92.7,90.3,91.1,51469
2025-01-14,92.5,93,91.1,92.7,59514
2025-01-15,92.8,94,92.1,93.2,76058
2025-01-16,93.5,94.2,92.4,93.2,79895
2025-01-17,93.2,94.1,92.2,92.4,53948
2025-01-20,93.1,93.2,92,92.7,41743
2025-01-21,93,93.7,92.7,93.5,23628
2025-01-22,93.7,96.3,93.6,96.1,77532
2025-01-23,96.4,96.4,94.7,95,33996
2025-01-24,95.4,96.3,94.9,96,16588
2025-01-27,95.3,95.8,94.6,95.4,16777
2025-01-28,95.4,97,95.1,96.7,26301
2025-01-29,96.7,97.5,96.3,97,20527
2025-01-30,97.2,97.7,96.3,97.4,25654
2025-01-31,97.6,98,97,98,44069
2025-02-03,97.4,97.4,95.7,96.5,27357
2025-02-04,96.8,97.8,96.4,97.6,43961
2025-02-05,97.6,97.6,95.9,96.1,28686
2025-02-06,96,97.6,95.8,97.6,20598
2025-02-07,97.6,98.9,97.3,98.6,23732
2025-02-10,99.4,101,99,99.8,37911
2025-02-11,100,102.6,99.1,102.2,56285
2025-02-12,105.6,106.2,103.8,105.8,110293
2025-02-13,106,107.8,105.6,107.4,96635
2025-02-14,106.8,107.2,104.4,105.2,54052
2025-02-17,106,107.8,105.8,107,60572
2025-02-18,107.2,108.4,106.4,108,52231
2025-02-19,108.4,108.4,105.6,106.4,61440
2025-02-20,107.2,107.6,106,106.6,55696
2025-02-21,105.8,107.4,105.8,107,23979
2025-02-24,107,107.4,105.6,106.2,54885
2025-02-25,105.8,108.2,105.8,107.4,65614
2025-02-26,108,109,107.6,109,72028
2025-02-27,109,110,108,108,85471
2025-02-28,107.4,109,107,109,777517
2025-03-03,108.8,109,107,108.6,80350
2025-03-04,108,108.4,105.6,106,84334
2025-03-05,107,109,106.8,109,98537
2025-03-06,108.8,110,108.2,109.2,70748
2025-03-07,109.2,112.4,109,112.4,136245
2025-03-10,112.4,112.4,109,109.8,73144
2025-03-11,110.2,111.4,109.6,110.6,69632
2025-03-12,109.2,111.2,107.6,110.6,87150
2025-03-13,111.8,112.8,110.4,111.4,104185
2025-03-14,111,113.4,111,113,71181
2025-03-17,113,114.6,113,114.4,104569
2025-03-18,114.6,115.8,113.6,114.8,60476
2025-03-19,115,115.4,114.2,114.8,49900
2025-03-20,114.8,115.4,113.2,114.2,34868
2025-03-21,112,114.4,110.8,114.2,97364
2025-03-24,114.4,116,114,115.8,66552
2025-03-25,115.8,119.4,115.6,118.6,104256
2025-03-26,118.8,120,117.6,119.4,74313
2025-03-27,119.2,119.8,116.8,119,54522
2025-03-28,118.8,119.8,117.8,119,106429
2025-03-31,118.2,119.2,114,116.4,105568
2025-04-01,117,118.2,116.2,117.4,42016
2025-04-02,117.8,118.6,117,118.6,56950
2025-04-03,117.2,117.8,114.6,115,67083
2025-04-04,114,114,102.6,103.2,222583
2025-04-07,97.5,107.2,94.9,102.8,177917
2025-04-08,107,107,102.8,105.6,57550
2025-04-09,103.4,104.6,100.6,102,49495
2025-04-10,110,110,105,107.2,74651
2025-04-11,107,108.8,106.4,106.6,50493
2025-04-14,107.2,111.4,107.2,111.2,55979
2025-04-15,111.6,113,109.4,110,113725
2025-04-16,109.8,112.6,109.8,112,32043
2025-04-17,111.4,114.8,111.4,113.6,40785
2025-04-22,113.6,116.8,113,116.2,80580
2025-04-23,117,119.8,116.2,119.8,74157
2025-04-24,119.6,120,117.6,119.4,52091
2025-04-25,119,121,118.2,119.6,72411
2025-04-28,119.6,121,119,119.6,47887
2025-04-29,120,120.6,118,118.8,11732
2025-04-30,118.8,119.2,116.2,117.6,84750
2025-05-02,118,119.6,117.2,117.8,14654
2025-05-05,117.6,117.8,115,116.8,35175
2025-05-06,117.4,117.4,113.4,115,32692
2025-05-07,115,118,115,117.8,64537
2025-05-08,118,118.8,117.4,118,20094
2025-05-09,118.4,120.6,118,120.4,61891
2025-05-12,120.2,122.4,119,120,45887
2025-05-13,120,120,117.4,118.6,35634
2025-05-14,119.4,120.6,118.4,120.2,29662
2025-05-15,119,120.6,118,118.6,28767
2025-05-16,118.6,119.4,116.2,118,46288
2025-05-19,115.4,118.6,115.4,117,51280
2025-05-20,118,119,117.2,118.8,18115
2025-05-21,119,119.2,117.6,118.4,18101
2025-05-22,118.2,118.4,116.2,116.6,33310
2025-05-23,117.6,118,115.4,116,10828
