Date,Open,High,Low,Close,Volume
1997-02-03,47.697,47.697,47.697,47.697,118449
1997-02-04,45.713,45.713,45.713,45.713,42985
1997-02-05,43.23,43.23,43.23,43.23,66588
1997-02-06,42.731,42.731,42.731,42.731,28562
1997-02-07,44.716,44.716,44.716,44.716,47073
1997-02-10,46.511,46.511,46.511,46.511,50142
1997-02-11,44.716,44.716,44.716,44.716,37893
1997-02-12,44.716,44.716,44.716,44.716,22507
1997-02-13,43.728,43.728,43.728,43.728,15551
1997-02-14,44.716,44.716,44.716,44.716,44210
1997-02-17,44.716,44.716,44.716,44.716,36998
1997-02-18,44.716,44.716,44.716,44.716,23692
1997-02-19,43.728,43.728,43.728,43.728,16237
1997-02-20,42.931,42.931,42.931,42.931,12789
1997-02-21,44.217,44.217,44.217,44.217,16383
1997-02-24,43.329,43.329,43.329,43.329,9266
1997-02-25,43.329,43.329,43.329,43.329,11424
1997-02-26,43.728,43.728,43.728,43.728,22447
1997-02-27,43.23,43.23,43.23,43.23,35392
1997-02-28,42.731,42.731,42.731,42.731,30598
1997-03-03,42.232,42.232,42.232,42.232,47485
1997-03-04,42.232,42.232,42.232,42.232,35741
1997-03-05,42.731,42.731,42.731,42.731,28982
1997-03-06,43.728,43.728,43.728,43.728,33459
1997-03-07,44.416,44.416,44.416,44.416,24065
1997-03-10,43.728,43.728,43.728,43.728,15152
1997-03-11,43.828,43.828,43.828,43.828,31615
1997-03-12,44.716,44.716,44.716,44.716,25291
1997-03-13,43.329,43.329,43.329,43.329,17101
1997-03-14,41.235,41.235,41.235,41.235,55480
1997-03-17,41.933,41.933,41.933,41.933,15022
1997-03-18,43.03,43.03,43.03,43.03,35104
1997-03-19,43.03,43.03,43.03,43.03,70859
1997-03-20,42.731,42.731,42.731,42.731,48946
1997-03-21,42.831,42.831,42.831,42.831,12094
1997-03-24,43.03,43.03,43.03,43.03,14258
1997-03-25,43.03,43.03,43.03,43.03,15769
1997-03-26,43.728,43.728,43.728,43.728,18102
1997-03-27,44.217,44.217,44.217,44.217,27667
1997-04-01,43.728,43.728,43.728,43.728,77107
1997-04-02,41.235,41.235,41.235,41.235,12705
1997-04-03,42.033,42.033,42.033,42.033,24741
1997-04-04,42.033,42.033,42.033,42.033,6530
1997-04-07,43.329,43.329,43.329,43.329,13293
1997-04-08,43.728,43.728,43.728,43.728,13528
1997-04-09,43.23,43.23,43.23,43.23,6072
1997-04-10,43.629,43.629,43.629,43.629,15760
1997-04-11,43.529,43.529,43.529,43.529,4008
1997-04-14,43.23,43.23,43.23,43.23,14598
1997-04-15,43.728,43.728,43.728,43.728,19806
1997-04-16,44.317,44.317,44.317,44.317,24886
1997-04-17,43.23,43.23,43.23,43.23,13081
1997-04-18,43.529,43.529,43.529,43.529,10166
1997-04-21,43.728,43.728,43.728,43.728,13036
1997-04-22,43.728,43.728,43.728,43.728,15071
1997-04-23,44.027,44.027,44.027,44.027,14117
1997-04-24,43.728,43.728,43.728,43.728,12372
1997-04-25,43.629,43.629,43.629,43.629,23645
1997-04-28,43.23,43.23,43.23,43.23,25400
1997-04-29,42.731,42.731,42.731,42.731,16135
1997-04-30,43.329,43.329,43.329,43.329,6473
1997-05-05,43.23,43.23,43.23,43.23,6084
1997-05-06,43.23,43.23,43.23,43.23,15673
1997-05-07,43.03,43.03,43.03,43.03,11491
1997-05-08,42.731,42.731,42.731,42.731,7888
1997-05-09,42.931,42.931,42.931,42.931,16830
1997-05-12,43.03,43.03,43.03,43.03,12584
1997-05-13,42.931,42.931,42.931,42.931,10284
1997-05-14,42.731,42.731,42.731,42.731,6166
1997-05-15,43.728,43.728,43.728,43.728,13162
1997-05-16,43.728,43.728,43.728,43.728,10681
1997-05-19,42.931,42.931,42.931,42.931,4996
1997-05-20,42.931,42.931,42.931,42.931,6184
1997-05-21,42.731,42.731,42.731,42.731,7347
1997-05-22,42.232,42.232,42.232,42.232,7078
1997-05-23,41.734,41.734,41.734,41.734,3605
1997-05-26,40.447,40.447,40.447,40.447,9110
1997-05-27,37.964,37.964,37.964,37.964,5991
1997-05-28,39.151,39.151,39.151,39.151,1915
1997-05-30,39.749,39.749,39.749,39.749,6780
1997-06-02,39.749,39.749,39.749,39.749,4239
1997-06-03,39.749,39.749,39.749,39.749,14063
1997-06-04,39.45,39.45,39.45,39.45,16018
1997-06-05,37.865,37.865,37.865,37.865,2430
1997-06-06,39.251,39.251,39.251,39.251,3159
1997-06-09,39.749,39.749,39.749,39.749,11283
1997-06-10,39.749,39.749,39.749,39.749,5871
1997-06-11,39.749,39.749,39.749,39.749,9257
1997-06-12,39.949,39.949,39.949,39.949,3818
1997-06-13,39.849,39.849,39.849,39.849,16013
1997-06-16,40.547,40.547,40.547,40.547,15261
1997-06-17,40.547,40.547,40.547,40.547,19719
1997-06-18,40.248,40.248,40.248,40.248,12336
1997-06-19,40.248,40.248,40.248,40.248,16312
1997-06-20,40.547,40.547,40.547,40.547,14415
1997-06-23,40.248,40.248,40.248,40.248,14808
1997-06-24,39.749,39.749,39.749,39.749,12365
1997-06-25,39.749,39.749,39.749,39.749,8315
1997-06-26,39.251,39.251,39.251,39.251,8756
1997-06-27,39.749,39.749,39.749,39.749,12113
1997-06-30,39.749,39.749,39.749,39.749,10118
1997-07-01,39.251,39.251,39.251,39.251,6858
1997-07-02,38.752,38.752,38.752,38.752,7160
1997-07-03,38.164,38.164,38.164,38.164,4346
1997-07-04,38.752,38.752,38.752,38.752,3650
1997-07-07,38.264,38.264,38.264,38.264,2366
1997-07-08,38.752,38.752,38.752,38.752,1006
1997-07-09,39.251,39.251,39.251,39.251,2357
1997-07-10,38.752,38.752,38.752,38.752,993
1997-07-11,39.151,39.151,39.151,39.151,1468
1997-07-14,35.282,35.282,35.282,35.282,5357
1997-07-15,35.77,35.77,35.77,35.77,9279
1997-07-16,36.967,36.967,36.967,36.967,3544
1997-07-17,36.967,36.967,36.967,36.967,2646
1997-07-18,36.967,36.967,36.967,36.967,5774
1997-07-21,36.269,36.269,36.269,36.269,895
1997-07-22,35.97,35.97,35.97,35.97,1236
1997-07-23,36.768,36.768,36.768,36.768,2108
1997-07-24,36.967,36.967,36.967,36.967,2719
1997-07-25,35.382,35.382,35.382,35.382,3180
1997-07-28,35.382,35.382,35.382,35.382,6544
1997-07-29,34.783,34.783,34.783,34.783,847
1997-07-30,35.77,35.77,35.77,35.77,6624
1997-07-31,36.07,36.07,36.07,36.07,8289
1997-08-01,37.765,37.765,37.765,37.765,61463
1997-08-04,37.865,37.865,37.865,37.865,10644
1997-08-05,37.765,37.765,37.765,37.765,2410
1997-08-06,38.852,38.852,38.852,38.852,5997
1997-08-07,39.051,39.051,39.051,39.051,2290
1997-08-08,40.747,40.747,40.747,40.747,14015
1997-08-11,43.529,43.529,43.529,43.529,12658
1997-08-12,42.332,42.332,42.332,42.332,4975
1997-08-13,43.329,43.329,43.329,43.329,24142
1997-08-14,41.734,41.734,41.734,41.734,1700
1997-08-18,40.747,40.747,40.747,40.747,2527
1997-08-19,39.749,39.749,39.749,39.749,4503
1997-08-20,41.734,41.734,41.734,41.734,6589
1997-08-21,41.634,41.634,41.634,41.634,3337
1997-08-22,41.435,41.435,41.435,41.435,2449
1997-08-25,40.747,40.747,40.747,40.747,1110
1997-08-26,39.949,39.949,39.949,39.949,908
1997-08-27,41.734,41.734,41.734,41.734,4237
1997-08-28,40.747,40.747,40.747,40.747,5225
1997-08-29,40.747,40.747,40.747,40.747,4635
1997-09-01,39.749,39.749,39.749,39.749,6403
1997-09-02,40.348,40.348,40.348,40.348,4003
1997-09-03,40.747,40.747,40.747,40.747,10252
1997-09-04,41.146,41.146,41.146,41.146,5054
1997-09-05,40.348,40.348,40.348,40.348,16061
1997-09-08,40.248,40.248,40.248,40.248,2265
1997-09-09,40.248,40.248,40.248,40.248,7820
1997-09-10,40.148,40.148,40.148,40.148,4067
1997-09-11,39.749,39.749,39.749,39.749,11120
1997-09-12,39.65,39.65,39.65,39.65,2604
1997-09-15,39.251,39.251,39.251,39.251,8351
1997-09-16,39.151,39.151,39.151,39.151,16573
1997-09-17,39.051,39.051,39.051,39.051,20397
1997-09-18,39.749,39.749,39.749,39.749,19857
1997-09-19,40.148,40.148,40.148,40.148,21054
1997-09-22,39.849,39.849,39.849,39.849,22307
1997-09-23,39.749,39.749,39.749,39.749,10306
1997-09-24,37.565,37.565,37.565,37.565,4625
1997-09-25,38.453,38.453,38.453,38.453,3252
1997-09-26,37.765,37.765,37.765,37.765,3771
1997-09-29,37.765,37.765,37.765,37.765,25030
1997-09-30,37.765,37.765,37.765,37.765,4453
1997-10-01,37.964,37.964,37.964,37.964,1708
1997-10-02,38.553,38.553,38.553,38.553,10345
1997-10-03,37.765,37.765,37.765,37.765,6845
1997-10-06,37.765,37.765,37.765,37.765,2739
1997-10-07,37.765,37.765,37.765,37.765,3275
1997-10-08,37.366,37.366,37.366,37.366,3199
1997-10-09,37.765,37.765,37.765,37.765,13677
1997-10-10,37.466,37.466,37.466,37.466,1133
1997-10-13,37.765,37.765,37.765,37.765,8562
1997-10-14,39.251,39.251,39.251,39.251,3781
1997-10-15,39.849,39.849,39.849,39.849,7466
1997-10-16,41.046,41.046,41.046,41.046,10685
1997-10-17,40.747,40.747,40.747,40.747,5435
1997-10-20,41.534,41.534,41.534,41.534,3048
1997-10-21,41.534,41.534,41.534,41.534,17827
1997-10-22,41.534,41.534,41.534,41.534,14392
1997-10-23,41.534,41.534,41.534,41.534,13008
1997-10-24,39.749,39.749,39.749,39.749,4776
1997-10-27,37.765,37.765,37.765,37.765,8482
1997-10-28,33.985,33.985,33.985,33.985,48870
1997-10-29,35.77,35.77,35.77,35.77,49995
1997-10-30,36.07,36.07,36.07,36.07,22011
1997-10-31,34.883,34.883,34.883,34.883,9458
1997-11-03,36.169,36.169,36.169,36.169,7029
1997-11-04,37.266,37.266,37.266,37.266,15566
1997-11-05,37.964,37.964,37.964,37.964,15266
1997-11-06,38.652,38.652,38.652,38.652,4473
1997-11-07,37.865,37.865,37.865,37.865,16430
1997-11-12,37.266,37.266,37.266,37.266,9034
1997-11-13,36.768,36.768,36.768,36.768,11280
1997-11-14,36.768,36.768,36.768,36.768,23072
1997-11-17,37.266,37.266,37.266,37.266,14348
1997-11-18,37.964,37.964,37.964,37.964,12775
1997-11-19,38.453,38.453,38.453,38.453,7837
1997-11-20,38.652,38.652,38.652,38.652,6897
1997-11-21,38.752,38.752,38.752,38.752,24091
1997-11-24,38.752,38.752,38.752,38.752,23896
1997-11-25,38.752,38.752,38.752,38.752,26102
1997-11-26,38.453,38.453,38.453,38.453,38084
1997-11-27,38.852,38.852,38.852,38.852,4421
1997-11-28,39.151,39.151,39.151,39.151,7243
1997-12-01,39.151,39.151,39.151,39.151,7611
1997-12-02,39.749,39.749,39.749,39.749,9511
1997-12-03,40.248,40.248,40.248,40.248,11604
1997-12-04,40.248,40.248,40.248,40.248,21801
1997-12-05,40.747,40.747,40.747,40.747,10752
1997-12-08,41.235,41.235,41.235,41.235,11601
1997-12-09,41.235,41.235,41.235,41.235,15032
1997-12-10,41.046,41.046,41.046,41.046,8024
1997-12-11,40.747,40.747,40.747,40.747,10365
1997-12-12,39.749,39.749,39.749,39.749,14093
1997-12-15,40.348,40.348,40.348,40.348,7483
1997-12-16,40.747,40.747,40.747,40.747,6307
1997-12-17,41.235,41.235,41.235,41.235,8577
1997-12-18,41.235,41.235,41.235,41.235,18905
1997-12-19,41.146,41.146,41.146,41.146,9664
1997-12-22,40.747,40.747,40.747,40.747,11307
1997-12-23,40.248,40.248,40.248,40.248,1027
1997-12-29,40.846,40.846,40.846,40.846,1816
1997-12-30,41.235,41.235,41.235,41.235,15161
1997-12-31,41.335,41.335,41.335,41.335,16976
1998-01-05,41.335,41.335,41.335,41.335,17899
1998-01-06,41.335,41.335,41.335,41.335,2270
1998-01-07,40.747,40.747,40.747,40.747,3638
1998-01-08,40.946,40.946,40.946,40.946,11833
1998-01-09,40.846,40.846,40.846,40.846,3742
1998-01-12,38.752,38.752,38.752,38.752,11144
1998-01-13,37.765,37.765,37.765,37.765,29881
1998-01-14,38.852,38.852,38.852,38.852,2034
1998-01-15,38.264,38.264,38.264,38.264,9164
1998-01-16,38.264,38.264,38.264,38.264,6830
1998-01-19,39.949,39.949,39.949,39.949,3235
1998-01-20,40.747,40.747,40.747,40.747,3509
1998-01-21,39.749,39.749,39.749,39.749,8992
1998-01-22,39.251,39.251,39.251,39.251,10287
1998-01-23,39.151,39.151,39.151,39.151,4262
1998-01-26,39.45,39.45,39.45,39.45,669
1998-01-27,39.45,39.45,39.45,39.45,12932
1998-01-28,39.749,39.749,39.749,39.749,1943
1998-01-29,40.747,40.747,40.747,40.747,6234
1998-01-30,40.747,40.747,40.747,40.747,14473
1998-02-02,41.335,41.335,41.335,41.335,7826
1998-02-03,41.634,41.634,41.634,41.634,81207
1998-02-04,41.734,41.734,41.734,41.734,64373
1998-02-05,43.23,43.23,43.23,43.23,62060
1998-02-06,44.716,44.716,44.716,44.716,57963
1998-02-09,46.71,46.71,46.71,46.71,75444
1998-02-10,45.713,45.713,45.713,45.713,34972
1998-02-11,47.199,47.199,47.199,47.199,35501
1998-02-12,46.71,46.71,46.71,46.71,86168
1998-02-13,45.713,45.713,45.713,45.713,36229
1998-02-16,45.713,45.713,45.713,45.713,66790
1998-02-17,45.114,45.114,45.114,45.114,50457
1998-02-18,46.71,46.71,46.71,46.71,38737
1998-02-19,47.697,47.697,47.697,47.697,22907
1998-02-20,47.697,47.697,47.697,47.697,16128
1998-02-23,47.298,47.298,47.298,47.298,20950
1998-02-24,45.713,45.713,45.713,45.713,30565
1998-02-25,45.713,45.713,45.713,45.713,16083
1998-02-26,46.211,46.211,46.211,46.211,7411
1998-02-27,45.713,45.713,45.713,45.713,11952
1998-03-02,46.211,46.211,46.211,46.211,87790
1998-03-03,47.697,47.697,47.697,47.697,21626
1998-03-04,46.211,46.211,46.211,46.211,5107
1998-03-05,45.214,45.214,45.214,45.214,8702
1998-03-06,46.211,46.211,46.211,46.211,11577
1998-03-09,46.511,46.511,46.511,46.511,5029
1998-03-10,47.697,47.697,47.697,47.697,12783
1998-03-11,50.18,50.18,50.18,50.18,20813
1998-03-12,49.692,49.692,49.692,49.692,14133
1998-03-13,52.663,52.663,52.663,52.663,9663
1998-03-16,51.178,51.178,51.178,51.178,13580
1998-03-17,51.676,51.676,51.676,51.676,5734
1998-03-18,50.18,50.18,50.18,50.18,4708
1998-03-19,51.676,51.676,51.676,51.676,16380
1998-03-20,51.676,51.676,51.676,51.676,11155
1998-03-23,52.175,52.175,52.175,52.175,27249
1998-03-24,52.663,52.663,52.663,52.663,19194
1998-03-25,53.162,53.162,53.162,53.162,4723
1998-03-26,53.162,53.162,53.162,53.162,19650
1998-03-27,52.175,52.175,52.175,52.175,39347
1998-03-30,51.676,51.676,51.676,51.676,5131
1998-03-31,50.679,50.679,50.679,50.679,9356
1998-04-01,51.676,51.676,51.676,51.676,14667
1998-04-02,50.18,50.18,50.18,50.18,4200
1998-04-06,50.679,50.679,50.679,50.679,11375
1998-04-07,51.676,51.676,51.676,51.676,26194
1998-04-08,51.676,51.676,51.676,51.676,14497
1998-04-09,51.178,51.178,51.178,51.178,6369
1998-04-14,51.178,51.178,51.178,51.178,4888
1998-04-15,51.178,51.178,51.178,51.178,7934
1998-04-16,50.679,50.679,50.679,50.679,5218
1998-04-17,48.994,48.994,48.994,48.994,10608
1998-04-20,48.694,48.694,48.096,48.196,8130
1998-04-21,47.697,47.697,46.909,47.697,10127
1998-04-22,48.196,48.395,47.897,48.395,22165
1998-04-23,47.697,48.595,47.697,48.595,29718
1998-04-24,49.193,50.679,49.193,50.18,38212
1998-04-27,50.679,50.679,49.592,49.592,25774
1998-04-28,49.692,50.18,49.193,50.18,11077
1998-04-29,49.193,49.692,49.193,49.592,17692
1998-04-30,49.592,50.18,49.592,50.18,66608
1998-05-04,51.178,52.175,51.178,52.175,45165
1998-05-05,50.679,50.679,49.692,50.18,30536
1998-05-06,50.679,50.679,49.692,50.18,14631
1998-05-07,49.692,49.692,48.694,48.694,20299
1998-05-08,49.492,49.492,48.694,48.694,12434
1998-05-11,49.193,49.193,47.897,47.897,13886
1998-05-12,49.692,49.692,48.296,48.296,50374
1998-05-13,48.595,48.595,47.697,47.697,10656
1998-05-14,47.697,47.697,47.697,47.697,33738
1998-05-15,43.828,45.214,43.828,44.716,8341
1998-05-18,45.314,45.314,43.23,43.23,39978
1998-05-19,42.931,43.629,42.731,43.629,12845
1998-05-20,43.23,43.429,43.23,43.429,20459
1998-05-21,44.217,45.114,44.217,44.915,29280
1998-05-22,44.716,44.716,44.217,44.217,36442
1998-05-25,43.928,43.928,41.933,43.728,9418
1998-05-26,43.928,43.928,42.731,42.731,41216
1998-05-27,42.731,42.731,39.749,40.747,9091
1998-05-28,41.834,41.834,41.834,41.834,21635
1998-05-29,41.534,41.534,40.148,40.148,7650
1998-06-01,39.849,39.849,36.369,38.363,9976
1998-06-02,37.765,38.752,37.765,38.752,10058
1998-06-03,38.952,40.049,38.952,39.849,12937
1998-06-04,39.749,40.348,39.749,39.849,22008
1998-06-05,39.749,40.148,39.65,39.949,46984
1998-06-08,39.749,39.749,37.765,38.553,12794
1998-06-09,38.852,38.852,38.164,38.164,14055
1998-06-10,37.964,39.151,37.964,39.151,2402
1998-06-15,36.07,36.07,36.07,36.07,32781
1998-06-16,36.269,38.363,36.269,38.363,9253
1998-06-17,39.749,40.946,39.45,39.749,27984
1998-06-18,39.749,39.949,39.35,39.949,45120
1998-06-19,39.749,40.647,39.251,40.647,8503
1998-06-22,40.248,40.747,40.248,40.747,26694
1998-06-23,40.547,40.547,39.749,39.949,19104
1998-06-24,40.248,40.248,39.749,40.148,33021
1998-06-25,39.849,41.046,39.849,40.647,51812
1998-06-26,39.749,40.049,39.55,40.049,19774
1998-06-29,39.45,39.749,39.35,39.35,13193
1998-06-30,39.749,40.747,39.749,40.348,17642
1998-07-01,41.335,41.335,40.747,41.335,10255
1998-07-02,42.232,42.432,41.634,41.634,17191
1998-07-03,41.734,43.23,41.734,42.931,69307
1998-07-06,42.731,43.429,42.731,43.23,31758
1998-07-07,43.728,44.815,43.728,44.815,97438
1998-07-08,44.716,44.716,43.429,43.728,34361
1998-07-09,43.728,43.728,43.728,43.728,22248
1998-07-10,43.429,43.728,43.429,43.728,12488
1998-07-13,44.317,45.713,44.317,45.513,37738
1998-07-14,45.613,46.61,45.613,45.713,28362
1998-07-15,46.999,46.999,45.214,46.311,31070
1998-07-16,46.511,47.199,46.511,47.199,17964
1998-07-17,48.196,48.395,47.697,48.395,68042
1998-07-20,48.196,50.679,48.196,50.679,22968
1998-07-21,49.692,49.692,48.694,48.694,52598
1998-07-22,47.697,47.697,46.012,46.012,29537
1998-07-23,46.211,48.196,46.211,48.196,33330
1998-07-24,46.211,47.298,46.211,46.81,23932
1998-07-27,46.61,46.61,44.217,44.217,23494
1998-07-28,45.015,45.015,43.728,44.027,33030
1998-07-29,43.728,44.317,43.03,44.117,39074
1998-07-30,44.716,45.015,44.616,44.915,10207
1998-07-31,46.012,46.012,44.815,45.114,15657
1998-08-03,43.629,43.728,43.529,43.529,19562
1998-08-04,43.629,44.416,43.629,44.217,12452
1998-08-05,42.532,42.631,42.532,42.631,16757
1998-08-06,43.23,43.23,42.831,42.831,17125
1998-08-07,42.731,43.429,42.731,43.329,7407
1998-08-10,43.429,43.429,43.03,43.03,5225
1998-08-11,42.532,42.532,41.235,41.235,17585
1998-08-12,42.532,42.731,42.532,42.731,24015
1998-08-13,41.634,41.634,40.447,40.447,40220
1998-08-14,42.432,43.23,41.734,43.03,17531
1998-08-17,42.532,42.731,42.532,42.731,7030
1998-08-18,44.217,45.513,44.217,44.516,16320
1998-08-19,44.915,44.915,44.416,44.516,6608
1998-08-20,43.728,43.728,42.731,43.13,12339
1998-08-21,41.534,41.534,40.747,41.046,19747
1998-08-24,42.532,42.532,41.534,41.734,9738
1998-08-25,42.232,42.232,41.834,41.834,10528
1998-08-26,40.547,40.547,39.749,39.749,16458
1998-08-27,38.553,38.553,36.967,36.967,15646
1998-08-28,34.783,36.768,34.783,36.768,36097
1998-08-31,35.77,36.169,35.282,36.169,29880
1998-09-01,34.085,34.584,33.985,34.085,33339
1998-09-02,37.466,38.264,37.466,37.964,6282
1998-09-03,35.77,35.77,34.783,35.671,16669
1998-09-04,36.269,36.967,36.269,36.867,37534
1998-09-07,39.849,41.734,39.849,40.747,8003
1998-09-08,40.747,42.631,40.747,42.631,19748
1998-09-09,40.049,40.248,39.749,39.849,15925
1998-09-10,39.55,40.248,39.151,39.45,22082
1998-09-11,39.55,39.749,39.55,39.749,62248
1998-09-14,40.846,41.734,40.846,41.634,4038
1998-09-15,42.232,42.232,40.747,40.846,10073
1998-09-16,43.23,43.23,42.232,42.631,14014
1998-09-17,42.831,42.831,41.235,41.235,29665
1998-09-18,41.235,41.435,41.235,41.335,10700
1998-09-21,39.849,39.849,39.251,39.251,33955
1998-09-22,41.534,41.933,41.534,41.933,29938
1998-09-23,42.432,42.931,42.432,42.931,10832
1998-09-24,44.117,44.117,43.728,43.728,11911
1998-09-25,43.529,43.529,43.23,43.23,24112
1998-09-28,43.629,43.629,43.629,43.629,7167
1998-09-29,43.529,43.529,43.529,43.529,13735
1998-09-30,42.731,42.731,40.447,40.447,32397
1998-10-01,41.734,41.734,40.248,40.248,44317
1998-10-02,41.146,42.232,41.146,42.232,49240
1998-10-05,42.532,42.631,42.232,42.232,25504
1998-10-06,42.931,43.329,42.931,43.329,21640
1998-10-07,43.928,43.928,43.23,43.23,34822
1998-10-08,41.734,41.734,41.734,41.734,108761
1998-10-09,43.529,44.217,43.529,44.217,9759
1998-10-12,45.713,46.112,45.713,45.912,7194
1998-10-13,45.713,45.713,45.613,45.613,12349
1998-10-14,45.713,46.311,45.613,46.012,17091
1998-10-15,45.713,46.311,45.513,45.513,13743
1998-10-16,45.713,45.912,45.713,45.912,7586
1998-10-19,45.813,45.813,45.813,45.813,33741
1998-10-20,46.211,46.81,46.211,46.71,74418
1998-10-21,46.311,47.199,46.311,47.199,60832
1998-10-22,46.909,49.692,46.909,48.296,27979
1998-10-23,48.794,50.679,48.794,49.692,35417
1998-10-26,50.18,51.676,50.18,51.178,41564
1998-10-27,52.175,52.175,50.679,50.679,24112
1998-10-28,50.679,51.178,50.679,50.679,37975
1998-10-29,52.175,53.661,52.175,53.162,13872
1998-10-30,54.159,56.642,54.159,56.144,29074
1998-11-02,54.159,56.144,54.159,55.645,57641
1998-11-03,54.658,56.642,54.658,55.156,31200
1998-11-04,56.642,58.627,56.642,58.138,36102
1998-11-05,58.627,59.624,58.138,58.627,27522
1998-11-06,58.138,58.627,57.64,57.64,20819
1998-11-09,58.627,58.627,58.138,58.138,25734
1998-11-10,58.138,58.138,57.64,57.64,7502
1998-11-12,59.624,59.624,58.627,59.125,36999
1998-11-13,61.609,62.107,61.609,62.107,18416
1998-11-16,61.609,63.104,61.609,61.609,6615
1998-11-17,60.123,60.621,60.123,60.123,5344
1998-11-18,59.624,59.624,58.627,59.624,20398
1998-11-19,57.141,57.141,56.642,56.642,27153
1998-11-20,56.144,57.141,56.144,57.141,7317
1998-11-23,55.645,56.144,55.645,55.645,6753
1998-11-24,55.645,55.645,55.645,55.645,20309
1998-11-25,56.144,56.642,56.144,56.642,4260
1998-11-26,57.141,58.627,57.141,58.627,1521
1998-11-27,58.627,60.621,58.138,60.621,3047
1998-11-30,58.627,58.627,58.627,58.627,3865
1998-12-01,58.627,59.624,58.138,59.125,8548
1998-12-02,58.627,59.624,58.627,59.624,14409
1998-12-03,59.125,60.621,58.627,60.621,1381
1998-12-04,59.125,59.125,59.125,59.125,1664
1998-12-07,59.125,59.125,59.125,59.125,6260
1998-12-08,59.125,59.125,59.125,59.125,5646
1998-12-09,59.125,59.125,58.627,58.627,7090
1998-12-10,59.125,59.624,59.125,59.624,2502
1998-12-11,59.125,59.125,59.125,59.125,18912
1998-12-14,59.125,59.125,59.125,59.125,8149
1998-12-15,59.125,59.125,59.125,59.125,2662
1998-12-16,59.125,59.125,59.125,59.125,766
1998-12-17,58.627,58.627,58.627,58.627,7957
1998-12-18,58.138,58.138,58.138,58.138,23698
1998-12-21,58.138,58.138,58.138,58.138,26675
1998-12-22,55.645,57.64,55.645,57.64,33715
1998-12-23,57.64,57.64,57.64,57.64,5887
1998-12-28,58.627,58.627,58.138,58.138,14449
1998-12-29,58.627,58.627,58.627,58.627,17284
1998-12-30,58.627,60.621,58.627,59.125,146600
1998-12-31,59.125,59.125,59.125,59.125,8277
1999-01-04,59.624,65.587,59.624,61.609,4329
1999-01-05,60.621,60.621,60.621,60.621,556
1999-01-06,60.621,63.603,60.621,60.621,7510
1999-01-07,61.12,61.609,61.12,61.12,24238
1999-01-08,61.609,62.606,61.609,62.107,8783
1999-01-11,61.609,61.609,60.621,61.12,2245
1999-01-12,60.621,61.12,60.621,60.621,6480
1999-01-13,60.621,60.621,60.621,60.621,6184
1999-01-14,60.123,60.123,60.123,60.123,2311
1999-01-15,58.627,60.621,58.138,60.621,10443
1999-01-18,60.621,60.621,60.621,60.621,1842
1999-01-19,60.621,60.621,60.621,60.621,9676
1999-01-20,60.621,60.621,60.621,60.621,6054
1999-01-21,60.621,60.621,60.621,60.621,6306
1999-01-22,54.658,56.642,53.661,53.661,2638
1999-01-25,55.156,55.156,55.156,55.156,665
1999-01-26,56.642,58.138,56.642,58.138,793
1999-01-27,57.64,57.64,57.64,57.64,1111
1999-01-28,56.642,56.642,56.642,56.642,2038
1999-01-29,60.621,60.621,60.621,60.621,3018
1999-02-01,59.624,59.624,56.642,56.642,569
1999-02-02,53.661,54.658,53.162,54.159,48221
1999-02-03,53.661,54.658,53.661,54.658,19425
1999-02-04,54.658,56.144,54.658,54.658,4391
1999-02-05,54.159,54.658,54.159,54.159,16930
1999-02-08,54.159,54.159,53.162,54.159,4881
1999-02-09,54.658,54.658,53.162,53.162,3790
1999-02-10,53.162,54.658,53.162,54.658,8112
1999-02-11,53.661,54.159,53.661,54.159,661
1999-02-12,53.661,53.661,53.661,53.661,1235
1999-02-15,53.661,54.658,53.661,54.658,1567
1999-02-16,54.159,55.645,53.661,53.661,1179
1999-02-17,53.661,53.661,53.661,53.661,828
1999-02-18,52.663,52.663,51.676,51.676,33829
1999-02-19,52.175,52.175,52.175,52.175,978
1999-02-22,52.175,52.175,50.679,50.679,618
1999-02-23,51.178,51.178,49.692,49.692,818
1999-02-24,49.193,49.193,47.697,47.697,907
1999-02-25,46.71,47.598,46.71,47.598,7020
1999-02-26,47.697,48.694,47.697,48.296,4704
1999-03-01,49.692,50.679,49.692,50.679,1324
1999-03-02,49.692,51.178,49.692,51.178,1798
1999-03-03,50.18,50.18,49.692,49.692,1373
1999-03-04,50.18,50.18,50.18,50.18,2522
1999-03-05,49.692,50.679,47.697,50.18,1173
1999-03-08,50.18,50.679,50.18,50.679,3173
1999-03-09,50.679,50.679,50.18,50.679,1486
1999-03-10,50.679,50.679,50.679,50.679,549
1999-03-11,51.178,51.178,51.178,51.178,13369
1999-03-12,51.178,51.178,51.178,51.178,47504
1999-03-15,51.178,51.178,49.093,49.093,5914
1999-03-16,50.679,50.679,50.18,50.18,1403
1999-03-17,49.692,50.18,49.692,50.18,555
1999-03-18,50.18,50.18,48.694,48.694,3904
1999-03-19,49.193,49.193,49.193,49.193,634
1999-03-22,50.679,52.175,50.679,51.178,13855
1999-03-23,50.679,50.679,49.692,49.692,13179
1999-03-24,49.692,51.178,49.692,50.18,65131
1999-03-25,50.18,54.658,50.18,52.663,195871
1999-03-26,55.156,58.138,55.156,56.642,26462
1999-03-29,57.64,62.606,56.642,62.107,13733
1999-03-30,61.609,63.603,60.621,60.621,13720
1999-03-31,62.606,62.606,60.621,60.621,15994
1999-04-01,59.624,61.609,59.624,60.621,6741
1999-04-06,61.609,61.609,60.123,60.123,5902
1999-04-07,59.624,59.624,57.64,58.627,6523
1999-04-08,57.64,57.64,55.156,55.645,7095
1999-04-09,56.144,56.642,56.144,56.144,2884
1999-04-12,57.141,57.141,55.645,55.645,2726
1999-04-13,57.141,57.141,55.156,55.156,1609
1999-04-14,56.144,56.144,54.658,54.658,1064
1999-04-15,54.658,54.658,54.658,54.658,4556
1999-04-16,56.144,56.144,53.661,55.156,2951
1999-04-19,55.156,58.138,55.156,56.642,1174
1999-04-20,56.642,56.642,56.144,56.144,2499
1999-04-21,56.144,56.144,55.645,56.144,4536
1999-04-22,54.159,55.156,54.159,54.658,26420
1999-04-23,53.661,54.658,53.661,54.159,8353
1999-04-26,51.676,53.661,51.676,53.162,18016
1999-04-27,52.175,54.159,52.175,54.159,16337
1999-04-28,54.159,54.159,52.663,53.162,7117
1999-04-29,53.162,53.661,52.663,53.661,2764
1999-04-30,54.159,54.159,53.162,53.162,4767
1999-05-04,54.159,54.159,53.661,53.661,1666
1999-05-05,53.661,53.661,53.162,53.162,4359
1999-05-06,53.162,53.661,53.162,53.661,1513
1999-05-07,53.661,54.159,53.162,53.661,4542
1999-05-10,53.162,53.162,53.162,53.162,4474
1999-05-11,53.162,54.159,53.162,54.159,845
1999-05-12,53.661,54.159,53.661,53.661,1841
1999-05-13,53.162,53.162,53.162,53.162,1709
1999-05-14,53.661,53.661,52.663,52.663,3609
1999-05-17,52.663,52.663,52.663,52.663,1562
1999-05-18,52.663,52.663,52.663,52.663,1532
1999-05-19,53.661,54.159,53.661,54.159,2091
1999-05-20,56.144,58.627,56.144,56.144,13597
1999-05-21,57.141,57.64,55.645,57.141,8636
1999-05-24,56.642,56.642,56.144,56.144,1681
1999-05-25,56.144,56.642,56.144,56.642,13811
1999-05-26,56.642,58.138,56.642,58.138,3610
1999-05-27,57.141,58.138,57.141,57.64,6982
1999-05-28,56.642,56.642,56.642,56.642,8401
1999-05-31,57.141,58.138,57.141,57.64,2975
1999-06-01,57.64,57.64,57.64,57.64,2145
1999-06-02,57.64,57.64,57.64,57.64,2581
1999-06-07,57.64,57.64,57.64,57.64,796
1999-06-08,57.64,58.138,57.64,57.64,2100
1999-06-09,57.64,58.627,57.64,58.138,3985
1999-06-10,58.627,59.624,58.627,59.624,6689
1999-06-11,60.621,62.107,60.621,62.107,15466
1999-06-14,61.609,64.092,61.609,63.603,6969
1999-06-15,63.104,65.587,63.104,65.587,29189
1999-06-16,65.587,67.572,65.587,67.073,16450
1999-06-17,65.587,67.572,65.587,65.587,44404
1999-06-18,66.086,71.052,66.086,69.566,174188
1999-06-21,72.548,72.548,70.055,70.554,9325
1999-06-22,69.566,69.566,67.073,67.572,4446
1999-06-23,63.603,66.585,63.603,65.587,2510
1999-06-24,64.59,65.089,64.59,65.089,3961
1999-06-25,64.59,64.59,63.104,63.603,937
1999-06-28,63.603,63.603,62.107,62.606,4614
1999-06-29,62.606,63.104,62.606,63.104,3790
1999-06-30,62.606,62.606,61.609,62.107,2622
1999-07-01,62.606,65.587,62.606,65.089,4655
1999-07-02,65.587,68.569,65.587,68.569,5034
1999-07-05,69.566,70.554,69.566,70.554,3641
1999-07-06,69.566,70.554,69.566,70.554,9624
1999-07-07,70.055,70.554,69.068,69.068,4628
1999-07-08,69.566,69.566,69.068,69.068,2462
1999-07-09,70.554,70.554,70.554,70.554,5416
1999-07-12,71.551,71.551,71.052,71.551,3717
1999-07-13,69.566,69.566,67.572,67.572,2161
1999-07-14,68.569,68.569,68.569,68.569,4669
1999-07-15,68.071,68.569,67.572,68.071,2197
1999-07-16,68.569,68.569,67.073,67.073,1160
1999-07-19,67.572,67.572,67.572,67.572,1233
1999-07-20,67.572,67.572,66.086,66.086,1716
1999-07-21,65.587,66.086,64.59,66.086,1150
1999-07-22,66.585,68.071,66.585,68.071,373
1999-07-23,67.572,67.572,67.572,67.572,1651
1999-07-26,68.569,68.569,68.569,68.569,612
1999-07-27,67.572,67.572,65.587,65.587,762
1999-07-28,66.585,66.585,65.089,65.089,936
1999-07-29,64.59,65.587,64.59,65.587,627
1999-07-30,65.089,68.071,65.089,68.071,276
1999-08-02,65.587,68.071,65.587,66.585,1962
1999-08-03,65.587,65.587,64.59,65.587,819
1999-08-04,65.587,65.587,65.089,65.089,519
1999-08-05,64.59,66.585,64.59,66.585,876
1999-08-06,65.587,65.587,65.587,65.587,604
1999-08-09,65.587,65.587,64.59,64.59,392
1999-08-10,65.587,65.587,65.089,65.089,1183
1999-08-11,65.587,65.587,65.587,65.587,530
1999-08-12,68.569,68.569,68.569,68.569,1582
1999-08-13,67.572,72.049,67.572,70.554,2229
1999-08-16,71.052,71.052,70.554,70.554,4642
1999-08-17,70.554,71.551,70.554,71.551,13567
1999-08-18,70.554,70.554,70.554,70.554,1497
1999-08-19,69.068,69.068,69.068,69.068,815
1999-08-20,68.569,68.569,68.569,68.569,78
1999-08-23,68.569,69.566,68.569,69.068,963
1999-08-24,69.068,70.554,69.068,69.566,1033
1999-08-25,69.566,69.566,69.566,69.566,2052
1999-08-26,70.554,71.052,70.554,71.052,2455
1999-08-27,70.554,70.554,70.554,70.554,393
1999-08-30,69.566,70.554,69.566,70.554,614
1999-08-31,69.566,69.566,69.566,69.566,1636
1999-09-01,69.566,70.554,69.566,70.554,788
1999-09-02,70.554,70.554,70.554,70.554,1811
1999-09-03,70.554,70.554,70.554,70.554,2076
1999-09-06,68.569,68.569,68.569,68.569,1076
1999-09-07,68.569,68.569,68.569,68.569,372
1999-09-08,68.569,68.569,68.569,68.569,682
1999-09-09,69.566,69.566,69.566,69.566,815
1999-09-10,70.554,71.551,70.554,71.551,929
1999-09-13,71.551,71.551,71.551,71.551,1799
1999-09-14,71.551,71.551,71.551,71.551,1550
1999-09-15,71.551,74.034,69.566,70.554,4453
1999-09-16,68.569,69.566,68.569,69.566,400
1999-09-17,68.569,71.551,68.569,71.551,858
1999-09-20,69.566,69.566,69.566,69.566,94
1999-09-21,69.566,69.566,69.566,69.566,553
1999-09-22,66.086,66.086,66.086,66.086,100
1999-09-23,65.587,65.587,65.587,65.587,2062
1999-09-24,66.585,66.585,66.086,66.585,926
1999-09-27,66.585,66.585,66.585,66.585,970
1999-09-28,66.585,66.585,66.585,66.585,252
1999-09-29,66.585,66.585,66.585,66.585,576
1999-09-30,66.585,66.585,66.585,66.585,250
1999-10-01,67.572,67.572,67.572,67.572,362
1999-10-04,67.572,67.572,67.572,67.572,189
1999-10-05,67.073,67.073,67.073,67.073,1674
1999-10-06,66.684,66.684,66.684,66.684,2837
1999-10-07,66.684,66.684,66.684,66.684,2058
1999-10-08,66.485,66.485,66.186,66.485,2829
1999-10-11,66.385,66.385,66.385,66.385,1961
1999-10-12,66.186,66.186,66.186,66.186,325
1999-10-13,66.186,66.385,66.186,66.385,373
1999-10-14,66.186,66.186,66.186,66.186,157
1999-10-15,66.684,66.684,66.684,66.684,78
1999-10-18,66.684,66.684,66.585,66.585,999
1999-10-19,66.784,66.784,66.784,66.784,231
1999-10-20,66.784,66.784,66.784,66.784,352
1999-10-21,66.784,66.784,66.784,66.784,61
1999-10-22,66.585,66.585,66.385,66.385,3967
1999-10-25,65.986,65.986,65.986,65.986,1650
1999-10-26,65.887,65.887,65.887,65.887,737
1999-10-27,65.887,65.887,65.887,65.887,11
1999-10-28,65.687,65.687,65.687,65.687,156
1999-10-29,65.388,65.388,65.388,65.388,534
1999-11-02,66.585,66.585,66.585,66.585,119
1999-11-03,63.603,63.603,63.603,63.603,196
1999-11-04,64.59,64.59,64.59,64.59,75
1999-11-05,63.603,63.603,63.603,63.603,75
1999-11-08,63.603,63.603,63.603,63.603,236
1999-11-09,63.603,63.603,63.603,63.603,159
1999-11-10,68.071,68.071,64.69,64.69,688
1999-11-15,66.585,66.585,66.585,66.585,264
1999-11-16,63.603,63.603,63.603,63.603,20
1999-11-17,66.585,69.068,66.585,69.068,345
1999-11-18,63.603,63.603,63.603,63.603,73
1999-11-19,68.569,68.569,68.37,68.569,546
1999-11-22,68.071,68.071,68.071,68.071,3265
1999-11-23,67.672,67.672,67.672,67.672,397
1999-11-24,67.572,67.572,67.572,67.572,196
1999-11-25,67.372,67.372,67.372,67.372,203
1999-11-26,67.572,67.572,67.572,67.572,111
1999-11-29,67.572,67.572,67.572,67.572,121
1999-11-30,67.372,67.372,67.372,67.372,290
1999-12-01,67.771,74.533,67.771,74.533,37361
1999-12-02,73.535,73.535,71.052,72.548,2207
1999-12-03,69.566,69.566,69.566,69.566,566
1999-12-06,69.566,69.566,69.566,69.566,247
1999-12-07,68.569,68.569,68.569,68.569,138
1999-12-08,67.572,67.572,67.572,67.572,221
1999-12-09,70.554,70.554,70.554,70.554,368
1999-12-10,70.554,70.554,70.554,70.554,261
1999-12-13,69.566,72.349,69.566,72.349,3774
1999-12-14,69.566,72.448,69.566,70.055,599
1999-12-15,70.554,70.554,69.566,69.566,851
1999-12-16,70.554,70.554,70.554,70.554,65
1999-12-17,71.551,71.551,71.551,71.551,482
1999-12-20,71.052,71.551,71.052,71.551,1367
1999-12-21,71.551,71.551,71.551,71.551,262
1999-12-22,71.551,71.551,71.551,71.551,1381
1999-12-23,72.049,72.349,72.049,72.349,154
1999-12-27,69.566,72.049,69.566,71.052,5636
1999-12-28,69.666,69.666,69.666,69.666,832
1999-12-29,69.666,69.666,69.666,69.666,51
2000-01-03,74.034,74.533,74.034,74.533,428
2000-01-04,73.535,73.535,73.535,73.535,120
2000-01-05,69.756,69.756,69.756,69.756,93
2000-01-06,70.554,73.535,70.554,73.535,790
2000-01-07,72.548,74.034,72.548,74.034,789
2000-01-10,74.034,75.52,74.034,74.533,2269
2000-01-11,73.834,73.834,73.834,73.834,1694
2000-01-12,73.535,73.535,70.554,71.551,1692
2000-01-13,74.034,74.034,74.034,74.034,296
2000-01-14,74.134,74.134,74.134,74.134,384
2000-01-17,73.934,73.934,73.934,73.934,3177
2000-01-18,74.533,75.52,74.233,74.233,1541
2000-01-19,73.436,73.436,73.436,73.436,152
2000-01-20,74.533,74.533,74.533,74.533,1692
2000-01-21,74.533,74.732,74.533,74.732,356
2000-01-24,75.031,75.031,75.031,75.031,300
2000-01-25,71.651,71.651,70.554,70.554,538
2000-01-26,73.037,73.037,73.037,73.037,34
2000-01-27,73.535,73.535,73.535,73.535,752
2000-01-28,73.635,73.635,73.635,73.635,105
2000-01-31,73.635,74.034,73.535,73.535,1218
2000-02-01,74.034,74.034,74.034,74.034,360
2000-02-02,73.635,73.635,73.635,73.635,5376
2000-02-03,74.533,77.514,74.533,77.514,2501
2000-02-04,76.517,76.517,76.517,76.517,814
2000-02-07,75.52,75.52,75.52,75.52,627
2000-02-08,75.52,75.52,75.52,75.52,395
2000-02-09,77.514,80.496,77.514,80.496,9824
2000-02-10,75.52,75.52,75.52,75.52,135
2000-02-11,76.517,77.514,76.517,77.514,2616
2000-02-14,68.868,68.868,68.868,68.868,73
2000-02-15,71.551,71.551,71.551,71.551,347
2000-02-16,74.533,74.533,74.533,74.533,150
2000-02-17,72.738,72.738,72.738,72.738,35
2000-02-18,74.533,74.533,71.152,72.548,1006
2000-02-21,71.551,71.551,71.551,71.551,427
2000-02-22,71.551,72.548,71.551,72.548,285
2000-02-23,71.551,71.551,71.551,71.551,266
2000-02-24,71.152,71.551,71.152,71.551,1055
2000-02-25,71.551,71.551,71.551,71.551,504
2000-02-28,71.551,71.551,71.551,71.551,162
2000-02-29,72.548,72.548,72.548,72.548,22
2000-03-01,72.548,72.548,72.548,72.548,389
2000-03-02,72.548,72.548,72.548,72.548,407
2000-03-03,72.548,72.548,72.548,72.548,417
2000-03-06,73.635,73.635,73.635,73.635,1214
2000-03-07,74.533,74.533,74.533,74.533,196
2000-03-08,75.031,75.031,75.031,75.031,419
2000-03-09,75.031,75.031,75.031,75.031,565
2000-03-10,72.548,72.548,72.548,72.548,61
2000-03-13,74.533,74.533,72.548,72.548,909
2000-03-14,73.535,73.535,72.548,72.548,338
2000-03-15,73.535,73.535,73.037,73.037,240
2000-03-16,73.535,73.535,73.535,73.535,251
2000-03-17,72.548,72.548,72.548,72.548,287
2000-03-20,72.548,72.548,72.548,72.548,129
2000-03-21,72.738,72.738,72.738,72.738,87
2000-03-22,72.548,72.548,72.548,72.548,217
2000-03-23,72.548,72.548,72.548,72.548,665
2000-03-24,74.533,74.533,74.533,74.533,531
2000-03-27,74.533,74.533,74.533,74.533,303
2000-03-28,75.031,75.031,75.031,75.031,34
2000-03-29,74.533,74.533,74.533,74.533,262
2000-03-30,74.533,74.533,74.533,74.533,1131
2000-03-31,74.533,74.533,74.533,74.533,339
2000-04-03,74.533,74.533,74.533,74.533,22
2000-04-04,73.535,73.535,73.535,73.535,140
2000-04-05,73.535,73.535,73.535,73.535,150
2000-04-06,73.535,74.533,73.535,74.533,386
2000-04-07,74.533,74.533,74.533,74.533,535
2000-04-10,69.566,69.566,69.566,69.566,90
2000-04-11,70.554,70.554,70.554,70.554,82
2000-04-12,72.548,72.548,72.548,72.548,10
2000-04-13,72.548,72.548,72.548,72.548,31
2000-04-14,68.569,68.569,68.569,68.569,156
2000-04-17,69.666,69.666,69.666,69.666,1116
2000-04-18,74.533,77.514,74.533,77.514,26189
2000-04-19,71.152,71.152,71.152,71.152,24
2000-04-20,71.551,71.551,71.551,71.551,212
2000-04-25,76.517,76.517,76.517,76.517,191
2000-04-26,74.533,74.533,74.533,74.533,1455
2000-04-27,73.535,73.535,73.535,73.535,286
2000-04-28,71.551,71.551,71.551,71.551,10
2000-05-04,71.052,72.548,71.052,72.548,151
2000-05-05,70.753,70.753,70.753,70.753,131
2000-05-08,74.533,74.533,74.533,74.533,1156
2000-05-09,70.953,70.953,70.953,70.953,481
2000-05-10,72.548,72.548,72.548,72.548,105
2000-05-11,74.533,74.533,74.533,74.533,317
2000-05-12,74.533,74.533,74.533,74.533,65
2000-05-15,74.533,74.533,74.533,74.533,107
2000-05-16,74.533,74.533,74.533,74.533,436
2000-05-17,77.514,77.514,77.514,77.514,642
2000-05-18,74.533,74.533,74.533,74.533,27
2000-05-19,76.018,76.517,76.018,76.517,1162
2000-05-22,74.134,74.134,74.134,74.134,32
2000-05-23,76.517,78.013,76.517,78.013,539
2000-05-24,74.533,74.533,74.533,74.533,62
2000-05-25,74.134,74.134,74.134,74.134,43
2000-05-26,73.834,73.834,73.037,73.037,355
2000-05-29,73.735,73.735,73.735,73.735,103
2000-05-30,75.031,75.031,75.031,75.031,24
2000-05-31,74.533,74.533,74.533,74.533,4776
2000-06-01,74.533,75.031,74.533,74.533,656
2000-06-02,74.533,74.533,74.533,74.533,10
2000-06-05,74.034,74.034,74.034,74.034,201
2000-06-06,74.533,74.533,74.533,74.533,38
2000-06-07,74.533,75.52,74.533,75.52,172
2000-06-08,74.533,74.533,74.533,74.533,36
2000-06-09,75.52,75.52,75.52,75.52,20
2000-06-12,76.018,76.018,76.018,76.018,54
2000-06-13,75.52,75.52,75.52,75.52,254
2000-06-14,74.533,76.018,74.533,76.018,553
2000-06-15,75.52,75.52,75.52,75.52,16
2000-06-16,75.52,75.52,74.533,74.533,341
2000-06-19,71.052,71.052,71.052,71.052,38
2000-06-20,74.533,74.533,74.533,74.533,17
2000-06-21,74.034,74.034,74.034,74.034,100
2000-06-23,74.034,75.52,74.034,75.52,100
2000-06-26,75.52,75.52,75.52,75.52,158
2000-06-27,75.52,75.52,75.52,75.52,41
2000-06-28,74.034,74.034,74.034,74.034,42
2000-06-29,74.533,74.533,74.533,74.533,10
2000-06-30,73.535,74.533,73.535,74.533,455
2000-07-03,75.131,75.131,75.131,75.131,281
2000-07-04,74.533,74.533,74.533,74.533,12
2000-07-05,75.52,75.52,75.52,75.52,432
2000-07-06,75.52,75.52,75.52,75.52,56
2000-07-07,75.52,75.52,75.52,75.52,94
2000-07-10,79.499,79.499,79.499,79.499,692
2000-07-11,78.502,79.499,78.502,79.499,310
2000-07-12,79.499,79.499,79.499,79.499,354
2000-07-13,79.499,79.499,79.499,79.499,38
2000-07-14,79.499,80.496,79.499,80.496,710
2000-07-17,80.496,80.496,80.496,80.496,307
2000-07-18,84.465,84.465,84.465,84.465,96
2000-07-19,84.465,84.465,84.465,84.465,256
2000-07-20,84.465,84.465,84.465,84.465,292
2000-07-21,85.462,85.462,85.462,85.462,166
2000-07-24,84.465,84.465,84.465,84.465,178
2000-07-25,81.982,81.982,81.982,81.982,46
2000-07-26,81.483,81.483,81.483,81.483,48
2000-07-27,84.465,84.465,84.465,84.465,655
2000-07-28,84.465,84.465,84.465,84.465,251
2000-07-31,81.483,81.483,81.483,81.483,89
2000-08-01,83.478,83.478,83.478,83.478,5
2000-08-02,79.499,81.483,79.499,81.483,339
2000-08-03,82.979,83.966,80.496,83.966,308
2000-08-04,79.499,79.499,79.499,79.499,7
2000-08-07,82.48,82.48,82.48,82.48,146
2000-08-08,81.483,81.483,81.483,81.483,5
2000-08-09,78.502,78.502,78.502,78.502,113
2000-08-10,84.465,84.465,84.465,84.465,1003
2000-08-11,83.478,83.478,83.478,83.478,110
2000-08-14,75.131,76.617,75.131,76.617,969
2000-08-16,75.031,75.031,75.031,75.031,387
2000-08-17,77.514,77.514,77.514,77.514,84
2000-08-18,74.533,76.517,74.533,76.517,122
2000-08-21,67.073,67.073,67.073,67.073,146
2000-08-22,68.37,68.37,68.37,68.37,164
2000-08-23,71.551,71.551,71.551,71.551,82
2000-08-24,68.569,68.569,68.569,68.569,100
2000-08-25,67.572,67.572,67.572,67.572,277
2000-08-28,70.554,70.554,70.554,70.554,251
2000-08-29,71.551,71.551,71.551,71.551,226
2000-08-30,67.971,67.971,67.971,67.971,100
2000-08-31,69.566,69.566,69.566,69.566,31
2000-09-01,70.554,70.554,70.554,70.554,29
2000-09-04,74.533,74.533,74.533,74.533,5
2000-09-05,72.638,72.638,72.638,72.638,10
2000-09-06,74.433,74.433,74.433,74.433,13
2000-09-07,72.548,72.548,72.548,72.548,74
2000-09-08,72.548,72.548,72.548,72.548,10
2000-09-11,72.548,72.548,72.548,72.548,40
2000-09-12,72.548,72.548,72.548,72.548,8
2000-09-13,71.551,71.551,71.551,71.551,5
2000-09-14,72.548,72.548,72.548,72.548,8
2000-09-15,71.551,71.551,71.551,71.551,52
2000-09-18,72.548,72.548,72.548,72.548,64
2000-09-19,72.548,72.548,72.548,72.548,120
2000-09-20,69.756,69.756,68.569,68.569,110
2000-09-21,68.569,68.569,68.569,68.569,5
2000-09-22,69.068,69.068,69.068,69.068,15
2000-09-25,63.603,63.603,63.603,63.603,10
2000-09-26,66.585,66.585,66.585,66.585,101
2000-09-27,71.551,71.551,71.551,71.551,3
2000-09-28,69.566,69.566,69.566,69.566,1
2000-09-29,67.472,67.472,67.472,67.472,25
2000-10-02,64.59,64.59,64.59,64.59,48
2000-10-03,66.585,66.585,66.585,66.585,1
2000-10-04,65.587,65.587,65.587,65.587,1
2000-10-05,64.59,64.59,64.59,64.59,107
2000-10-06,64.59,64.59,64.59,64.59,50
2000-10-09,65.089,65.089,65.089,65.089,100
2000-10-10,67.572,67.572,67.572,67.572,186
2000-10-11,70.554,70.554,70.554,70.554,331
2000-10-12,68.569,69.666,68.569,69.666,150
2000-10-13,69.467,69.467,69.467,69.467,80
2000-10-16,69.467,69.467,69.467,69.467,372
2000-10-17,67.572,67.572,67.572,67.572,10
2000-10-18,67.572,67.572,67.572,67.572,120
2000-10-19,67.572,67.572,67.572,67.572,306
2000-10-20,70.055,70.055,70.055,70.055,100
2000-10-23,67.572,67.572,67.572,67.572,15
2000-10-24,70.554,70.554,70.554,70.554,209
2000-10-25,70.354,70.354,70.354,70.354,58
2000-10-26,77.315,77.315,74.632,74.632,854
2000-10-27,76.517,85.462,76.517,81.483,2674
2000-10-30,68.868,72.548,68.868,70.055,336
2000-10-31,72.548,72.548,72.548,72.548,128
2000-11-02,77.514,77.514,77.514,77.514,286
2000-11-03,77.514,77.514,77.514,77.514,100
2000-11-06,77.514,77.514,77.514,77.514,16
2000-11-07,73.535,73.535,73.535,73.535,30
2000-11-08,74.034,74.034,70.354,70.354,448
2000-11-09,73.037,73.037,73.037,73.037,108
2000-11-10,70.055,70.055,70.055,70.055,114
2000-11-13,69.566,69.566,69.566,69.566,78
2000-11-14,67.572,67.572,67.572,67.572,40
2000-11-15,68.071,68.071,68.071,68.071,37
2000-11-16,73.535,73.535,73.535,73.535,726
2000-11-17,73.037,73.037,73.037,73.037,72
2000-11-20,71.551,71.551,71.551,71.551,66
2000-11-21,68.569,68.569,68.569,68.569,274
2000-11-22,70.155,70.155,70.155,70.155,92
2000-11-23,69.566,69.566,69.566,69.566,159
2000-11-24,69.566,69.566,69.566,69.566,846
2000-11-27,72.548,72.548,72.548,72.548,15
2000-11-28,65.986,69.566,65.986,69.566,82
2000-11-29,72.548,74.433,72.548,74.433,158
2000-11-30,70.554,70.554,69.566,69.566,14
2000-12-01,72.548,72.548,72.548,72.548,10
2000-12-04,72.448,72.448,72.448,72.448,20
2000-12-05,72.448,74.533,72.448,74.533,1431
2000-12-06,71.451,73.535,71.451,73.535,9
2000-12-07,74.433,74.433,74.433,74.433,102
2000-12-08,74.034,74.034,74.034,74.034,10
2000-12-11,73.535,73.535,73.535,73.535,11
2000-12-12,71.95,71.95,71.95,71.95,35
2000-12-13,72.149,72.149,72.149,72.149,154
2000-12-14,72.149,72.149,71.152,71.152,1035
2000-12-15,70.653,70.653,70.653,70.653,2
2000-12-18,73.535,73.535,73.535,73.535,11
2000-12-19,73.436,73.436,73.436,73.436,5
2000-12-20,71.052,71.052,69.666,69.666,24
2000-12-21,69.666,69.666,69.666,69.666,27
2000-12-22,73.535,73.535,73.535,73.535,2
2000-12-27,74.433,74.433,71.95,71.95,54
2000-12-28,71.052,71.052,70.055,70.055,20
2000-12-29,70.055,70.055,70.055,70.055,31
2001-01-02,70.055,70.055,70.055,70.055,2
2001-01-03,69.367,69.566,69.367,69.566,235
2001-01-04,68.569,68.569,66.585,66.585,5
2001-01-05,68.071,68.071,68.071,68.071,100
2001-01-08,67.572,67.572,67.572,67.572,3
2001-01-09,67.572,67.572,63.603,63.603,60
2001-01-10,69.955,69.955,67.273,67.273,2
2001-01-11,65.587,68.868,65.587,68.868,53
2001-01-12,69.566,69.566,69.566,69.566,53
2001-01-15,70.554,70.554,70.554,70.554,50
2001-01-16,69.566,69.566,69.566,69.566,77
2001-01-17,69.566,69.566,69.566,69.566,5
2001-01-19,70.554,70.554,70.554,70.554,85
2001-01-22,70.554,70.554,70.554,70.554,145
2001-01-23,70.554,70.554,70.554,70.554,165
2001-01-24,68.37,68.37,68.37,68.37,1
2001-01-25,66.684,66.684,66.684,66.684,8
2001-01-26,66.585,66.585,66.585,66.585,4
2001-01-29,66.684,66.684,66.684,66.684,10
2001-01-30,69.566,69.566,69.566,69.566,1
2001-01-31,67.672,67.672,67.672,67.672,90
2001-02-01,70.554,73.535,70.554,73.535,4034
2001-02-02,71.052,71.052,71.052,71.052,134
2001-02-05,68.569,71.451,68.569,71.451,403
2001-02-06,73.535,73.535,73.535,73.535,3018
2001-02-07,70.554,70.554,70.554,70.554,9
2001-02-08,71.551,71.551,71.551,71.551,44
2001-02-09,71.551,71.651,71.551,71.651,104
2001-02-12,72.548,73.535,72.548,73.535,87
2001-02-13,73.535,73.535,73.535,73.535,2851
2001-02-14,73.535,73.535,73.535,73.535,483
2001-02-15,73.037,73.037,73.037,73.037,10
2001-02-16,69.955,69.955,69.955,69.955,14
2001-02-19,73.436,73.436,73.436,73.436,1
2001-02-20,70.055,70.055,70.055,70.055,43
2001-02-21,69.566,69.566,69.566,69.566,251
2001-02-22,70.653,70.653,70.653,70.653,22
2001-02-23,67.672,70.554,67.672,70.554,11
2001-02-26,68.569,68.569,68.569,68.569,4
2001-02-27,70.554,70.554,70.554,70.554,3146
2001-02-28,70.454,70.454,70.454,70.454,158
2001-03-01,69.566,69.566,69.566,69.566,4
2001-03-02,70.454,70.454,70.454,70.454,175
2001-03-05,70.155,70.155,70.055,70.055,1217
2001-03-06,72.049,72.049,72.049,72.049,332
2001-03-07,73.535,74.533,73.535,74.533,10286
2001-03-08,72.548,72.548,72.548,72.548,37
2001-03-09,72.548,72.548,72.548,72.548,20
2001-03-12,71.152,71.152,71.152,71.152,4
2001-03-13,68.669,68.669,68.669,68.669,251
2001-03-14,72.548,72.548,72.548,72.548,2
2001-03-15,72.049,72.149,72.049,72.149,7069
2001-03-16,72.548,72.548,72.548,72.548,2
2001-03-19,69.666,69.666,69.666,69.666,30
2001-03-20,69.566,69.566,69.566,69.566,100
2001-03-21,69.666,73.037,69.666,73.037,507
2001-03-22,72.049,72.049,72.049,72.049,18
2001-03-23,71.95,71.95,71.95,71.95,10
2001-03-26,72.049,72.049,72.049,72.049,100
2001-03-27,72.049,72.049,72.049,72.049,502
2001-03-28,73.535,73.535,73.535,73.535,1006
2001-03-29,71.152,71.152,71.152,71.152,6
2001-03-30,72.049,72.049,72.049,72.049,30
2001-04-02,72.448,72.448,72.448,72.448,1056
2001-04-03,73.535,73.535,73.535,73.535,12
2001-04-04,76.517,79.798,76.517,79.798,9994
2001-04-05,74.832,74.832,74.832,74.832,278
2001-04-06,77.514,77.514,77.514,77.514,10
2001-04-09,73.735,73.735,73.735,73.735,5
2001-04-10,66.385,66.385,66.385,66.385,56
2001-04-11,72.049,72.049,72.049,72.049,100
2001-04-17,72.049,72.049,72.049,72.049,56
2001-04-18,73.535,73.535,73.535,73.535,3
2001-04-19,74.433,74.433,74.433,74.433,281
2001-04-20,73.037,73.037,73.037,73.037,10
2001-04-23,71.152,71.152,70.055,70.055,2479
2001-04-25,72.349,72.638,72.349,72.638,298
2001-04-26,74.533,74.533,74.533,74.533,350
2001-04-27,76.118,76.118,76.118,76.118,277
2001-04-30,74.732,74.732,74.732,74.732,1
2001-05-02,74.533,74.533,74.533,74.533,302
2001-05-04,75.52,75.52,75.52,75.52,5
2001-05-08,75.52,75.52,75.52,75.52,479
2001-05-09,73.934,73.934,73.934,73.934,270
2001-05-10,70.554,70.554,70.554,70.554,4
2001-05-11,70.853,70.853,70.853,70.853,160
2001-05-15,70.454,70.454,70.454,70.454,209
2001-05-16,69.666,69.666,69.666,69.666,4
2001-05-17,69.666,69.666,69.666,69.666,100
2001-05-18,69.566,69.566,69.566,69.566,33
2001-05-21,69.566,69.566,69.566,69.566,27
2001-05-22,69.566,71.551,69.566,71.551,1150
2001-05-23,69.566,69.566,69.566,69.566,340
2001-05-24,69.167,69.167,69.167,69.167,50
2001-05-28,71.551,71.551,71.551,71.551,2
2001-05-30,68.569,68.569,68.569,68.569,3
2001-05-31,70.753,70.753,70.753,70.753,14
2001-06-01,68.17,68.17,68.17,68.17,10
2001-06-04,68.569,68.569,68.569,68.569,3
2001-06-05,71.451,71.451,70.554,70.554,108
2001-06-07,68.071,68.071,68.071,68.071,5
2001-06-08,68.071,70.055,67.672,70.055,319
2001-06-12,69.566,70.055,69.566,70.055,57
2001-06-20,66.585,67.073,66.585,66.585,41
2001-06-22,69.566,69.566,69.566,69.566,350
2001-06-25,67.273,69.566,67.273,69.566,166
2001-06-26,69.566,72.548,69.566,72.548,1804
2001-06-27,73.535,73.535,73.535,73.535,1221
2001-06-28,70.554,70.554,70.554,70.554,2
2001-06-29,70.554,71.551,69.566,71.551,153
2001-07-02,70.554,70.554,70.554,70.554,130
2001-07-03,69.566,69.566,69.566,69.566,10
2001-07-04,69.566,69.566,69.566,69.566,90
2001-07-06,70.554,70.554,69.566,69.566,202
2001-07-10,69.566,69.566,69.566,69.566,202
2001-07-11,69.566,69.566,68.569,68.569,301
2001-07-12,69.467,69.467,69.467,69.467,11
2001-07-13,68.569,68.569,68.569,68.569,1
2001-07-16,69.566,69.566,69.566,69.566,33
2001-07-17,69.566,69.566,69.566,69.566,16
2001-07-18,69.566,70.554,69.566,70.554,23
2001-07-19,69.566,69.566,69.566,69.566,6
2001-07-23,67.572,67.572,67.273,67.273,277
2001-07-24,66.585,66.585,65.488,65.488,10
2001-07-31,65.288,65.288,65.288,65.288,10
2001-08-01,65.189,65.189,65.189,65.189,11
2001-08-02,64.59,65.089,64.191,64.191,207
2001-08-06,64.79,64.79,64.191,64.191,236
2001-08-07,66.684,66.784,66.684,66.784,316
2001-08-09,66.974,71.551,66.974,71.551,3214
2001-08-10,70.554,71.551,70.554,71.551,2767
2001-08-13,71.551,71.551,71.551,71.551,20
2001-08-14,72.049,72.049,72.049,72.049,149
2001-08-16,72.049,72.049,71.052,71.052,32
2001-08-20,71.551,71.551,71.551,71.551,13
2001-08-21,71.451,71.551,71.451,71.551,122
2001-08-22,71.052,71.052,71.052,71.052,23
2001-08-23,69.267,69.267,69.267,69.267,100
2001-08-24,70.554,71.651,70.554,71.651,330
2001-08-28,71.152,71.152,71.152,71.152,10
2001-08-29,69.566,71.651,69.566,71.651,17
2001-08-31,70.554,70.554,70.554,70.554,48
2001-09-06,71.551,71.551,71.551,71.551,8
2001-09-07,70.554,70.554,70.554,70.554,46
2001-09-10,70.953,70.953,70.953,70.953,28
2001-09-12,70.155,70.155,69.856,69.856,36
2001-09-13,69.167,69.167,69.167,69.167,16
2001-09-18,69.068,69.068,69.068,69.068,50
2001-09-19,66.485,69.068,66.485,69.068,122
2001-09-20,66.784,68.569,66.784,67.572,9
2001-09-24,66.585,66.585,66.485,66.485,101
2001-09-25,66.585,66.585,64.59,64.59,111
2001-09-27,66.086,66.086,64.59,64.59,11
2001-10-01,65.587,67.572,64.59,64.59,111
2001-10-09,64.59,64.59,64.59,64.59,10
2001-10-10,64.59,64.59,64.491,64.491,25
2001-10-15,64.59,65.587,64.59,65.587,33
2001-10-17,64.59,65.488,64.59,65.488,858
2001-10-18,66.086,78.013,65.587,75.231,16329
2001-10-19,77.315,77.315,69.566,69.566,510
2001-10-22,69.566,69.566,69.566,69.566,413
2001-10-23,67.273,67.572,64.69,66.585,357
2001-10-26,66.585,66.585,66.585,66.585,5
2001-10-29,69.367,69.367,66.585,66.585,106
2001-10-30,66.585,66.585,66.585,66.585,37
2001-10-31,66.585,67.572,66.585,67.572,13
2001-11-02,66.585,69.367,66.585,69.367,110
2001-11-05,66.784,66.784,66.784,66.784,3
2001-11-06,65.687,65.687,65.687,65.687,56
2001-11-07,67.173,67.472,67.173,67.472,54
2001-11-08,66.286,66.286,66.286,66.286,10
2001-11-12,65.687,65.687,65.089,65.089,103
2001-11-14,65.587,65.587,65.189,65.189,303
2001-11-15,65.587,65.587,62.107,62.107,524
2001-11-16,63.104,63.104,61.609,63.104,353
2001-11-19,63.204,65.787,62.905,62.905,268
2001-11-20,65.587,65.587,63.104,63.104,34
2001-11-22,62.506,63.104,62.506,63.104,23
2001-11-23,63.603,63.603,62.506,62.506,20
2001-11-27,62.606,62.606,62.606,62.606,18
2001-11-28,64.59,64.59,62.506,62.506,172
2001-11-29,64.59,64.59,62.506,62.705,50
2001-11-30,62.406,62.406,62.406,62.406,50
2001-12-03,62.406,64.59,62.406,63.603,235
2001-12-04,64.59,64.69,64.59,64.69,75
2001-12-05,65.587,65.587,65.587,65.587,115
2001-12-06,64.59,64.59,64.59,64.59,320
2001-12-11,63.304,63.304,63.304,63.304,111
2001-12-14,62.606,64.69,62.506,64.69,191
2001-12-17,62.506,62.506,62.506,62.506,27
2001-12-18,62.606,62.606,59.624,59.624,504
2001-12-19,59.125,59.125,50.679,50.679,869
2001-12-20,55.645,55.645,53.661,53.661,252
2001-12-21,52.663,52.663,52.663,52.663,2
2001-12-27,52.175,52.175,52.075,52.075,5
2001-12-31,52.175,54.558,52.175,54.558,3
2002-01-03,54.159,54.259,54.159,54.259,41
2002-01-04,54.658,55.545,54.658,55.545,322
2002-01-08,54.758,54.758,54.558,54.558,24
2002-01-09,54.359,56.842,54.359,56.842,115
2002-01-10,58.627,58.627,55.645,56.642,544
2002-01-11,55.446,56.443,55.446,55.545,188
2002-01-14,56.144,56.144,56.144,56.144,20
2002-01-15,55.645,55.645,55.645,55.645,80
2002-01-18,56.642,57.141,56.642,57.141,101
2002-01-21,57.141,57.141,55.645,55.645,338
2002-01-22,56.144,56.144,56.144,56.144,94
2002-01-23,56.642,56.642,56.144,56.144,220
2002-01-24,56.642,56.642,54.658,54.658,260
2002-01-25,56.642,56.642,55.645,55.645,61
2002-01-29,55.645,55.645,55.645,55.645,55
2002-01-30,54.658,54.658,54.658,54.658,47
2002-01-31,53.96,54.159,53.96,54.159,661
2002-02-01,54.658,54.658,53.661,54.658,62
2002-02-04,54.658,54.658,54.658,54.658,25
2002-02-07,53.661,53.661,51.477,51.676,256
2002-02-08,51.676,51.676,51.078,51.576,1227
2002-02-11,51.576,51.576,50.878,50.878,172
2002-02-12,50.48,50.48,50.38,50.38,52
2002-02-13,49.692,49.692,48.994,48.994,979
2002-02-14,49.692,49.881,49.193,49.193,629
2002-02-15,50.978,50.978,49.881,49.881,76
2002-02-20,49.193,49.193,49.193,49.193,26
2002-02-22,48.994,50.081,48.994,49.193,40
2002-02-26,49.193,49.193,49.193,49.193,19
2002-02-27,49.492,50.081,49.293,49.293,265
2002-02-28,48.794,49.981,48.595,49.981,63
2002-03-01,47.897,49.692,47.897,49.692,9
2002-03-04,49.692,52.663,49.692,52.663,653
2002-03-05,51.078,51.078,51.078,51.078,50
2002-03-07,50.679,50.679,50.679,50.679,100
2002-03-08,52.663,52.663,52.663,52.663,100
2002-03-11,53.561,53.661,52.663,53.661,165
2002-03-12,51.377,53.361,51.377,51.477,46
2002-03-13,51.676,53.661,51.576,51.576,146
2002-03-18,52.663,52.663,52.663,52.663,170
2002-03-19,51.676,51.676,51.676,51.676,35
2002-03-20,51.676,51.676,51.676,51.676,22
2002-03-21,51.676,51.676,51.676,51.676,22
2002-03-22,51.676,51.676,51.676,51.676,1
2002-03-26,51.676,51.676,51.676,51.676,8
2002-03-28,51.676,51.676,47.697,47.697,1106
2002-04-02,50.18,50.18,50.18,50.18,100
2002-04-03,50.081,50.18,50.081,50.18,39
2002-04-04,50.679,50.679,50.679,50.679,67
2002-04-09,50.18,50.878,50.18,50.878,74
2002-04-12,49.193,49.193,49.193,49.193,10
2002-04-15,49.692,49.692,49.692,49.692,1
2002-04-17,49.692,49.692,49.692,49.692,50
2002-04-18,50.18,50.18,45.314,45.314,484
2002-04-19,46.71,46.71,44.716,44.915,30
2002-04-22,47.598,48.096,47.598,48.096,452
2002-04-23,48.096,49.592,46.81,46.81,420
2002-04-30,46.71,46.71,46.71,46.71,45
2002-05-02,46.71,46.71,45.912,45.912,197
2002-05-06,44.815,44.815,44.516,44.716,60
2002-05-07,46.71,46.71,45.214,45.214,30
2002-05-08,44.716,46.71,44.716,46.71,176
2002-05-09,46.71,46.71,46.71,46.71,45
2002-05-13,46.71,46.71,46.71,46.71,113
2002-05-16,45.713,46.71,45.713,46.71,84
2002-05-17,46.71,46.71,46.71,46.71,16
2002-05-20,46.71,46.71,46.71,46.71,40
2002-05-23,47.498,47.498,47.498,47.498,1
2002-05-28,47.199,49.692,47.199,49.692,376
2002-05-29,49.692,49.692,48.694,48.694,773
2002-05-31,47.697,49.492,47.697,49.492,112
2002-06-04,48.694,48.694,47.199,47.199,144
2002-06-05,46.71,46.71,46.71,46.71,28
2002-06-07,46.112,46.112,44.117,44.317,539
2002-06-10,44.716,44.716,43.429,43.429,57
2002-06-11,42.931,45.015,42.731,45.015,240
2002-06-13,42.931,44.815,42.931,44.815,128
2002-06-14,42.731,42.731,42.731,42.731,4
2002-06-18,42.731,42.731,42.532,42.532,90
2002-06-20,42.931,42.931,42.931,42.931,10
2002-06-25,42.133,42.133,42.133,42.133,17
2002-06-27,42.731,42.731,42.731,42.731,100
2002-07-03,43.23,47.598,42.931,42.931,1388
2002-07-04,43.728,43.728,43.23,43.23,107
2002-07-08,43.629,43.629,43.629,43.629,10
2002-07-09,43.828,47.598,43.728,45.513,2510
2002-07-10,44.516,45.513,44.516,45.513,43
2002-07-17,43.828,43.828,43.828,43.828,120
2002-07-22,41.734,41.734,41.734,41.734,18
2002-07-25,43.728,43.828,41.734,41.734,26
2002-07-26,41.734,41.734,41.734,41.734,51
2002-07-30,43.828,43.828,43.828,43.828,5
2002-07-31,42.232,42.232,42.232,42.232,5
2002-08-02,42.731,42.731,42.731,42.731,7
2002-08-07,43.629,43.629,43.629,43.629,7
2002-08-08,43.629,43.629,42.731,42.731,97
2002-08-13,42.731,42.731,42.731,42.731,21
2002-08-21,41.734,41.734,41.734,41.734,167
2002-08-23,41.734,41.734,41.734,41.734,56
2002-08-27,41.235,41.235,41.235,41.235,52
2002-08-29,40.846,40.846,40.747,40.747,490
2002-09-02,39.65,39.65,39.35,39.35,7
2002-09-03,39.749,39.749,38.453,38.453,597
2002-09-09,37.765,37.765,37.765,37.765,4152
2002-09-10,37.765,39.55,37.765,39.55,4130
2002-09-11,39.45,39.749,39.45,39.749,15
2002-09-19,37.964,37.964,37.964,37.964,3
2002-09-20,38.752,38.752,38.752,38.752,7
2002-09-23,37.964,37.964,37.964,37.964,4
2002-09-24,37.865,37.865,37.865,37.865,50
2002-09-25,37.865,37.865,37.865,37.865,50
2002-09-27,37.964,37.964,37.865,37.865,905
2002-09-30,36.768,36.967,36.768,36.768,56
2002-10-02,36.169,36.169,36.169,36.169,10
2002-10-03,36.269,36.269,36.269,36.269,50
2002-10-07,36.967,36.967,36.768,36.768,88
2002-10-08,36.867,36.867,36.867,36.867,3
2002-10-14,38.264,38.264,38.264,38.264,20
2002-10-15,38.264,38.264,38.264,38.264,145
2002-10-16,38.264,38.752,38.264,38.752,29
2002-10-17,38.264,38.264,38.264,38.264,3
2002-10-18,38.264,38.264,38.264,38.264,8
2002-10-21,37.765,37.765,37.765,37.765,17
2002-10-22,32.789,37.466,32.789,36.967,50
2002-10-23,36.967,36.967,36.967,36.967,3
2002-10-28,38.752,38.752,38.752,38.752,10
2002-10-29,39.55,39.749,38.064,38.064,202
2002-10-31,39.35,39.35,39.35,39.35,50
2002-11-04,39.749,39.749,37.865,37.865,407
2002-11-05,38.752,38.752,38.752,38.752,5
2002-11-06,38.752,39.35,38.752,39.35,298
2002-11-07,39.35,39.35,39.35,39.35,6
2002-11-08,39.749,42.731,39.749,42.731,412
2002-11-13,42.731,42.731,42.731,42.731,5
2002-11-14,42.631,42.631,42.631,42.631,201
2002-11-15,40.747,40.747,40.747,40.747,20
2002-11-18,40.747,40.747,38.752,40.647,505
2002-11-19,40.547,40.547,40.547,40.547,1308
2002-11-20,39.749,39.749,39.749,39.749,50
2002-11-21,39.749,40.547,39.749,40.547,425
2002-11-22,40.747,41.534,40.747,41.534,148
2002-11-25,40.248,42.232,40.248,42.232,44
2002-11-26,40.248,41.734,40.248,41.734,60
2002-11-27,42.133,42.133,41.046,41.046,110
2002-11-29,42.133,42.133,40.946,40.946,10
2002-12-02,40.946,40.946,40.946,40.946,7
2002-12-03,40.946,40.946,40.946,40.946,15
2002-12-04,42.232,42.232,42.232,42.232,232
2002-12-05,42.232,42.232,42.232,42.232,61
2002-12-06,42.232,42.731,42.232,42.731,195
2002-12-09,41.834,42.731,41.734,41.734,705
2002-12-10,40.946,40.946,40.946,40.946,2
2002-12-11,40.946,40.946,40.946,40.946,7
2002-12-12,42.033,43.23,42.033,43.23,298
2002-12-13,43.629,44.716,43.629,44.217,979
2002-12-16,43.828,44.616,43.03,44.616,223
2002-12-17,45.813,47.498,45.613,45.613,234
2002-12-18,45.513,45.513,43.329,44.815,769
2002-12-19,44.815,45.513,44.616,45.513,410
2002-12-20,45.414,46.411,45.414,46.411,181
2002-12-23,46.81,47.398,46.81,47.398,291
2002-12-27,47.697,47.797,47.697,47.697,141
2002-12-30,47.697,50.579,47.697,50.28,1248
2002-12-31,50.48,50.679,50.48,50.579,280
2003-01-02,50.679,50.679,50.679,50.679,251
2003-01-03,49.692,50.679,48.096,50.679,895
2003-01-06,49.692,50.779,49.692,50.779,238
2003-01-07,51.676,51.676,51.676,51.676,170
2003-01-08,49.881,51.477,49.781,51.477,172
2003-01-09,51.676,51.676,51.676,51.676,502
2003-01-14,49.692,51.676,49.692,51.676,555
2003-01-17,49.692,50.679,49.692,50.679,352
2003-01-20,49.981,49.981,49.781,49.781,76
2003-01-21,49.692,51.178,49.692,51.178,20
2003-01-27,51.178,51.178,48.296,50.48,631
2003-01-31,47.498,49.692,47.498,49.692,29
2003-02-04,49.692,49.692,49.692,49.692,10
2003-02-05,47.498,49.692,47.498,49.692,61
2003-02-06,47.498,49.692,47.498,49.692,43
2003-02-10,47.498,49.093,47.498,49.093,185
2003-02-11,49.592,49.592,49.592,49.592,50
2003-02-12,48.495,49.692,48.495,49.193,94
2003-02-14,48.196,48.894,48.196,48.894,12
2003-02-17,49.692,49.692,49.692,49.692,162
2003-02-18,51.178,51.178,51.178,51.178,50
2003-02-20,49.692,51.377,49.193,51.178,177
2003-02-24,51.477,51.477,51.178,51.178,70
2003-02-25,49.193,50.679,49.193,50.679,59
2003-03-04,48.894,49.692,48.894,49.692,211
2003-03-05,47.398,47.697,45.713,47.697,312
2003-03-07,46.511,46.511,45.713,45.713,150
2003-03-10,45.214,46.411,45.214,46.411,112
2003-03-12,45.214,47.298,45.214,47.298,70
2003-03-14,47.298,49.692,47.298,49.692,402
2003-03-18,46.71,48.495,46.71,48.495,340
2003-03-19,49.692,50.18,49.692,50.18,30
2003-03-20,48.296,48.296,48.196,48.196,32
2003-03-24,48.495,49.692,46.909,49.692,78
2003-03-26,48.196,49.692,48.196,49.692,47
2003-03-31,47.398,48.694,47.398,48.694,142
2003-04-01,46.61,48.694,46.511,48.694,65
2003-04-03,46.81,48.694,46.81,48.694,67
2003-04-09,47.099,47.099,47.099,47.099,115
2003-04-10,46.71,46.71,46.511,46.511,30
2003-04-11,46.411,47.697,46.411,47.697,32
2003-04-22,46.71,46.71,46.71,46.71,5
2003-04-23,47.598,47.598,47.598,47.598,30
2003-04-24,46.511,47.697,46.411,47.697,181
2003-04-28,46.511,47.398,46.411,47.398,94
2003-04-29,46.61,47.398,46.61,47.398,30
2003-04-30,46.61,46.61,46.61,46.61,2
2003-05-02,46.61,46.61,46.511,46.511,15
2003-05-05,46.511,47.697,46.411,47.697,138
2003-05-06,46.511,48.694,46.511,48.694,147
2003-05-07,46.61,46.61,46.61,46.61,20
2003-05-08,46.411,48.595,46.411,48.595,150
2003-05-12,46.511,46.511,46.511,46.511,42
2003-05-13,48.196,48.296,48.196,48.296,72
2003-05-14,46.61,48.495,46.61,48.495,54
2003-05-15,46.61,48.694,46.61,48.694,57
2003-05-20,46.81,47.598,46.511,47.598,130
2003-05-21,46.71,46.71,46.71,46.71,1
2003-05-22,46.511,47.598,46.411,46.511,75
2003-05-29,46.511,47.498,46.511,47.498,37
2003-06-02,47.797,47.797,47.797,47.797,7
2003-06-03,46.511,47.697,46.511,47.697,60
2003-06-04,46.61,47.697,46.61,47.697,51
2003-06-05,47.199,47.697,47.199,47.697,110
2003-06-06,46.81,47.598,46.81,47.598,33
2003-06-09,46.81,46.81,46.81,46.81,5
2003-06-10,47.498,47.498,47.498,47.498,10
2003-06-11,46.81,47.498,46.81,47.498,36
2003-06-17,46.71,48.196,46.71,48.196,307
2003-06-27,47.697,48.694,47.697,48.694,409
2003-06-30,49.193,49.692,49.193,49.193,207
2003-07-02,48.196,48.196,48.196,48.196,63
2003-07-03,48.694,48.694,48.694,48.694,17
2003-07-04,48.196,48.196,48.196,48.196,25
2003-07-07,48.694,49.193,48.694,49.193,140
2003-07-08,49.492,49.492,49.492,49.492,94
2003-07-09,49.393,49.393,48.894,49.393,160
2003-07-10,48.096,48.794,48.096,48.794,154
2003-07-11,48.694,49.692,48.395,48.694,1212
2003-07-14,49.692,49.692,49.692,49.692,45
2003-07-15,48.495,48.495,48.495,48.495,201
2003-07-16,48.495,48.495,48.495,48.495,20
2003-07-17,47.697,47.797,45.713,47.797,231
2003-07-18,47.199,48.096,46.211,46.511,194
2003-07-21,46.81,46.81,46.81,46.81,13
2003-07-22,46.909,46.999,46.909,46.999,69
2003-07-24,46.511,46.511,46.511,46.511,30
2003-07-28,46.411,46.411,46.411,46.411,6
2003-07-30,46.411,46.411,46.411,46.411,1
2003-08-01,46.71,46.71,46.71,46.71,23
2003-08-04,46.61,46.61,46.61,46.61,21
2003-08-05,46.411,46.411,46.411,46.411,10
2003-08-06,45.813,45.813,45.314,45.314,26
2003-08-08,46.61,46.61,45.314,46.511,84
2003-08-12,46.211,46.211,46.211,46.211,191
2003-08-13,45.713,45.713,45.713,45.713,20
2003-08-14,45.314,45.314,44.815,44.815,54
2003-08-19,46.71,46.71,43.429,43.429,624
2003-08-20,43.928,45.314,43.928,45.314,389
2003-08-21,44.716,44.716,44.716,44.716,4
2003-08-22,45.513,49.881,45.513,49.881,12455
2003-08-25,51.676,52.663,51.576,52.663,940
2003-08-26,51.676,51.676,51.078,51.078,609
2003-08-27,51.078,51.676,51.078,51.676,1740
2003-08-28,50.679,53.76,50.679,53.76,2059
2003-08-29,54.159,54.558,50.779,54.558,1088
2003-09-01,54.159,55.645,52.175,55.645,815
2003-09-02,53.96,55.645,53.461,55.645,500
2003-09-03,54.259,55.645,54.259,55.645,315
2003-09-04,54.658,55.545,54.558,55.545,171
2003-09-05,55.545,55.645,55.545,55.645,152
2003-09-08,54.159,55.645,54.159,55.645,307
2003-09-10,53.661,54.857,53.661,54.857,281
2003-09-11,55.446,55.446,55.446,55.446,100
2003-09-12,54.658,54.658,53.661,54.658,260
2003-09-15,53.162,54.658,53.162,54.658,179
2003-09-16,53.661,55.156,53.661,55.156,86
2003-09-17,53.76,55.645,53.361,55.645,346
2003-09-19,55.645,55.645,55.645,55.645,3
2003-09-22,53.561,53.661,53.561,53.661,10
2003-09-23,54.658,54.658,54.658,54.658,20
2003-09-24,53.561,53.561,53.561,53.561,3
2003-09-29,53.561,53.561,53.561,53.561,3
2003-09-30,53.262,53.361,53.262,53.361,35
2003-10-01,52.374,52.374,52.374,52.374,145
2003-10-02,49.781,52.374,49.781,52.374,501
2003-10-07,52.175,52.374,52.175,52.374,220
2003-10-08,52.374,52.374,52.374,52.374,5
2003-10-09,52.374,52.374,52.175,52.175,460
2003-10-13,49.781,50.679,49.781,50.679,31
2003-10-14,50.679,50.679,50.679,50.679,25
2003-10-15,51.676,51.676,51.676,51.676,2
2003-10-16,50.679,50.679,50.679,50.679,2
2003-10-17,50.679,50.679,50.679,50.679,55
2003-10-21,51.676,51.676,50.679,50.679,58
2003-10-23,50.679,50.679,50.679,50.679,29
2003-10-24,50.679,50.679,50.679,50.679,5
2003-10-28,50.679,50.679,50.679,50.679,3
2003-10-30,50.679,50.679,50.679,50.679,100
2003-11-03,50.679,50.679,50.679,50.679,17
2003-11-05,50.679,50.679,50.679,50.679,10
2003-11-06,50.679,50.679,50.679,50.679,97
2003-11-07,50.679,50.679,50.679,50.679,50
2003-11-10,50.679,50.679,50.679,50.679,117
2003-11-12,51.676,51.676,51.676,51.676,100
2003-11-13,50.679,50.679,50.679,50.679,74
2003-11-14,51.776,52.175,51.776,51.776,71
2003-11-17,51.676,52.175,50.679,52.175,156
2003-11-18,51.676,52.175,50.679,50.679,160
2003-11-19,50.679,50.679,50.679,50.679,45
2003-11-20,50.679,50.679,50.679,50.679,15
2003-11-21,50.679,50.679,50.679,50.679,73
2003-11-24,53.162,53.162,53.162,53.162,10
2003-11-25,50.679,50.779,50.679,50.679,460
2003-11-28,50.679,50.679,50.679,50.679,20
2003-12-01,50.48,50.48,50.48,50.48,6
2003-12-02,50.48,50.48,50.48,50.48,211
2003-12-03,50.48,50.48,50.48,50.48,32
2003-12-09,50.48,50.48,50.48,50.48,118
2003-12-10,48.794,48.894,48.794,48.794,107
2003-12-11,48.894,48.894,48.694,48.794,35
2003-12-12,49.692,50.679,49.692,50.679,37
2003-12-15,49.692,49.692,49.492,49.492,68
2003-12-17,48.694,48.694,48.694,48.694,13
2003-12-18,48.694,48.694,48.694,48.694,7
2003-12-19,48.694,50.48,48.694,50.48,243
2003-12-22,50.48,51.676,50.48,51.676,139
2003-12-23,49.981,53.461,49.981,53.461,405
2003-12-30,52.175,53.661,52.175,53.661,228
2003-12-31,52.275,52.275,52.175,52.175,10
2004-01-05,52.175,52.175,52.175,52.175,2
2004-01-06,52.663,52.663,52.663,52.663,502
2004-01-07,51.178,52.663,51.178,52.663,113
2004-01-08,53.162,53.162,53.162,53.162,3
2004-01-09,53.661,53.661,53.661,53.661,10
2004-01-15,53.162,53.162,53.162,53.162,18
2004-01-16,53.162,53.162,53.162,53.162,110
2004-01-21,51.277,51.676,51.178,51.676,759
2004-01-23,51.178,51.676,51.178,51.676,80
2004-01-26,51.676,51.676,51.676,51.676,7
2004-01-27,51.178,51.178,51.178,51.178,5
2004-01-28,51.178,51.178,51.178,51.178,70
2004-02-04,49.692,49.692,49.692,49.692,3
2004-02-09,49.692,49.692,49.193,49.193,142
2004-02-10,49.193,51.277,49.193,49.193,55
2004-02-11,49.293,49.293,49.293,49.293,100
2004-02-12,51.277,51.277,49.692,49.692,44
2004-02-13,49.692,49.692,48.694,48.694,2475
2004-02-16,48.694,49.781,48.694,49.692,4807
2004-02-17,49.692,51.676,49.692,49.692,2223
2004-02-18,50.18,50.18,50.18,50.18,100
2004-02-20,49.692,49.781,49.692,49.781,2193
2004-02-23,49.692,49.692,49.692,49.692,125
2004-02-24,49.692,49.692,49.692,49.692,69
2004-02-26,49.692,49.692,49.692,49.692,258
2004-02-27,49.692,49.692,49.692,49.692,1
2004-03-02,49.692,50.18,49.692,50.18,1106
2004-03-03,49.781,50.18,49.692,49.692,132
2004-03-04,50.18,50.18,50.081,50.18,134
2004-03-05,49.881,50.18,49.692,50.18,515
2004-03-08,49.692,50.18,49.692,50.18,619
2004-03-09,50.18,50.18,50.18,50.18,577
2004-03-10,49.692,49.692,49.692,49.692,972
2004-03-11,49.781,50.18,49.781,50.18,18
2004-03-12,49.692,50.081,49.692,49.692,132
2004-03-15,49.692,49.692,49.692,49.692,13
2004-03-16,49.692,49.692,49.692,49.692,586
2004-03-17,50.18,50.18,49.692,49.692,879
2004-03-18,49.781,49.781,49.692,49.692,25
2004-03-22,49.692,49.692,49.692,49.692,100
2004-03-23,50.18,51.576,50.18,51.576,71
2004-03-24,51.477,51.477,51.477,51.477,88
2004-03-25,49.881,49.881,49.781,49.781,30
2004-03-26,49.692,49.692,49.692,49.692,30
2004-03-31,49.692,49.692,49.692,49.692,100
2004-04-02,49.781,49.781,49.692,49.692,132
2004-04-05,50.679,51.576,50.679,51.576,123
2004-04-06,51.676,51.676,51.676,51.676,603
2004-04-07,51.676,51.676,49.981,50.679,212
2004-04-08,49.981,51.277,49.981,51.277,42
2004-04-13,49.981,50.081,49.692,49.692,312
2004-04-15,49.692,49.692,49.692,49.692,40
2004-04-16,49.692,49.692,48.694,48.694,467
2004-04-19,49.692,51.277,49.692,49.692,782
2004-04-21,48.894,48.894,48.694,48.694,563
2004-04-22,48.694,48.694,48.694,48.694,13
2004-04-23,48.694,48.694,48.694,48.694,40
2004-04-26,48.694,48.694,48.694,48.694,259
2004-04-27,48.694,48.794,48.196,48.196,225
2004-04-28,48.794,48.794,48.794,48.794,209
2004-04-29,48.495,48.495,48.495,48.495,27
2004-04-30,47.498,47.498,47.498,47.498,1
2004-05-04,48.694,48.694,48.694,48.694,50
2004-05-05,48.694,48.694,48.694,48.694,60
2004-05-06,49.093,49.193,49.093,49.193,110
2004-05-10,47.797,48.694,47.797,48.694,35
2004-05-11,48.694,48.694,48.694,48.694,30
2004-05-13,47.797,47.797,47.498,47.498,44
2004-05-17,48.694,48.694,48.694,48.694,4
2004-05-18,49.692,49.692,49.692,49.692,40
2004-05-20,47.598,47.598,47.598,47.598,10
2004-05-21,47.697,47.797,47.697,47.797,35
2004-05-24,48.595,48.595,48.595,48.595,38
2004-05-27,48.595,48.595,47.697,47.697,128
2004-05-28,47.697,49.592,47.697,49.592,21
2004-05-31,47.797,47.797,47.797,47.797,5
2004-06-01,49.492,49.492,49.492,49.492,1
2004-06-03,47.897,49.492,47.897,49.492,20
2004-06-04,47.897,47.897,47.897,47.897,11
2004-06-07,47.897,48.694,47.697,47.697,889
2004-06-09,49.492,49.492,48.395,48.395,47
2004-06-11,48.495,49.692,48.495,49.692,442
2004-06-14,48.894,50.48,48.894,50.48,330
2004-06-15,49.692,49.692,49.692,49.692,9
2004-06-16,50.18,50.18,50.18,50.18,11
2004-06-17,49.692,49.692,49.692,49.692,20
2004-06-21,49.692,49.692,49.692,49.692,100
2004-06-23,49.692,49.692,49.692,49.692,8
2004-06-24,49.692,49.692,48.894,48.894,191
2004-06-28,49.193,49.193,49.193,49.193,10
2004-06-30,49.193,49.692,49.193,49.692,20
2004-07-01,49.692,49.692,49.692,49.692,7
2004-07-02,48.894,48.894,48.894,48.894,2
2004-07-07,48.894,48.894,48.894,48.894,48
2004-07-08,48.894,48.894,48.794,48.794,80
2004-07-09,49.193,49.692,48.894,48.894,342
2004-07-13,48.894,48.894,48.794,48.794,53
2004-07-16,48.794,48.794,48.794,48.794,17
2004-07-19,48.196,48.196,47.797,47.797,320
2004-07-21,48.694,48.694,48.694,48.694,160
2004-07-22,47.697,48.694,47.398,48.694,145
2004-07-27,47.897,47.897,47.897,47.897,20
2004-07-29,47.697,47.697,47.697,47.697,50
2004-07-30,48.694,48.694,47.697,47.697,165
2004-08-02,47.697,47.697,47.697,47.697,108
2004-08-04,46.71,46.71,46.71,46.71,30
2004-08-06,45.713,45.713,45.713,45.713,3
2004-08-12,46.211,46.211,43.728,43.728,216
2004-08-13,43.728,43.728,43.728,43.728,216
2004-08-16,42.731,42.731,42.631,42.631,553
2004-08-17,42.731,42.731,41.235,42.731,422
2004-08-19,43.728,44.815,43.728,44.815,40
2004-08-20,44.815,45.713,44.815,45.713,191
2004-08-26,44.516,44.516,44.516,44.516,116
2004-08-30,44.516,44.516,44.516,44.516,26
2004-08-31,44.716,44.716,44.716,44.716,5
2004-09-02,46.311,47.398,46.311,47.398,34
2004-09-03,44.716,45.912,44.716,45.912,44
2004-09-06,44.716,45.912,44.716,45.912,44
2004-09-07,45.114,45.114,45.015,45.015,37
2004-09-08,46.112,48.595,46.112,47.598,202
2004-09-09,47.697,47.697,47.697,47.697,96
2004-09-10,46.71,46.71,44.716,45.613,1375
2004-09-13,46.411,46.81,45.214,45.214,175
2004-09-14,45.214,45.214,45.214,45.214,166
2004-09-16,44.217,44.716,44.027,44.217,96
2004-09-17,44.117,44.117,44.117,44.117,10
2004-09-20,43.13,43.13,43.13,43.13,5
2004-09-21,43.728,44.117,43.728,44.117,37
2004-09-22,45.713,45.713,43.828,43.828,353
2004-09-23,44.616,44.616,44.616,44.616,36
2004-09-24,43.828,43.828,43.728,43.728,70
2004-09-29,43.728,45.114,43.728,45.114,56
2004-09-30,44.217,44.217,43.928,43.928,75
2004-10-04,44.915,45.214,44.915,45.214,95
2004-10-05,45.214,46.012,45.214,45.912,353
2004-10-06,45.214,45.214,45.214,45.214,80
2004-10-07,44.027,44.716,43.329,44.716,186
2004-10-08,45.513,45.513,45.513,45.513,20
2004-10-11,46.411,46.411,46.411,46.411,20
2004-10-12,46.311,46.411,46.311,46.411,50
2004-10-13,46.311,46.411,46.311,46.411,50
2004-10-15,45.214,45.214,45.214,45.214,22
2004-10-18,45.214,45.214,44.027,44.027,100
2004-10-19,43.928,43.928,43.928,43.928,8
2004-10-20,44.815,44.815,43.828,43.928,93
2004-10-21,44.815,44.815,44.815,44.815,97
2004-10-22,43.828,43.828,43.828,43.828,6
2004-10-25,43.23,43.23,43.23,43.23,28
2004-10-26,44.317,44.317,44.317,44.317,168
2004-10-29,43.728,47.199,43.728,47.199,532
2004-11-02,47.697,50.18,47.697,50.18,830
2004-11-03,50.081,50.679,49.692,50.579,867
2004-11-04,50.679,50.679,49.692,50.579,34
2004-11-05,50.679,50.679,49.692,50.28,495
2004-11-08,49.692,50.579,49.692,50.579,319
2004-11-09,49.692,53.661,49.692,53.661,752
2004-11-10,52.663,55.446,52.663,53.96,8239
2004-11-12,53.062,53.062,53.062,53.062,2
2004-11-15,53.162,53.162,53.062,53.062,156
2004-11-16,51.377,52.574,51.377,52.574,942
2004-11-17,51.477,51.676,50.48,51.676,548
2004-11-18,50.38,50.38,48.694,49.692,342
2004-11-19,48.395,48.395,47.996,47.996,302
2004-11-22,46.211,48.196,46.211,48.196,21
2004-11-23,46.511,47.697,45.214,45.214,556
2004-11-24,45.214,45.713,44.716,44.716,390
2004-11-25,45.613,45.613,45.613,45.613,160
2004-11-26,47.697,47.697,45.314,46.511,143
2004-11-29,46.71,47.398,46.71,46.71,119
2004-11-30,46.71,47.697,46.71,46.71,78
2004-12-01,47.697,47.697,46.71,47.697,104
2004-12-02,46.311,47.697,46.311,47.697,44
2004-12-03,46.311,48.395,45.214,47.697,439
2004-12-06,46.411,47.697,46.411,47.697,13
2004-12-07,48.395,49.692,48.196,48.196,33
2004-12-08,49.093,50.38,48.994,50.38,279
2004-12-09,48.894,50.579,48.894,50.579,51
2004-12-10,50.579,50.978,48.694,48.694,296
2004-12-13,48.395,48.395,48.395,48.395,1
2004-12-14,48.395,48.395,47.897,47.897,143
2004-12-15,47.697,47.897,47.697,47.897,492
2004-12-16,48.196,48.196,47.697,47.897,216
2004-12-17,47.897,47.897,47.897,47.897,70
2004-12-20,48.196,48.196,48.196,48.196,122
2004-12-21,49.193,49.193,49.193,49.193,99
2004-12-22,49.781,49.781,48.296,48.694,422
2004-12-23,49.492,49.492,49.193,49.193,37
2004-12-27,49.692,49.692,49.692,49.692,127
2004-12-28,49.193,49.193,47.697,47.697,292
2004-12-30,48.196,48.196,48.196,48.196,40
2004-12-31,47.996,47.996,47.996,47.996,10
2005-01-03,46.81,47.897,46.71,47.897,777
2005-01-05,47.697,47.697,46.999,46.999,184
2005-01-07,47.199,47.199,47.199,47.199,160
2005-01-10,47.199,47.298,47.199,47.298,262
2005-01-11,47.996,49.692,47.996,49.692,1467
2005-01-12,48.694,49.692,48.694,49.692,758
2005-01-13,49.692,49.692,49.692,49.692,50
2005-01-17,49.692,49.692,48.196,48.196,183
2005-01-18,48.694,48.694,48.694,48.694,15
2005-01-19,47.199,47.897,46.71,47.398,170
2005-01-20,47.697,47.697,47.697,47.697,100
2005-01-21,47.797,47.897,47.697,47.897,349
2005-01-25,48.694,50.28,48.694,49.492,512
2005-01-26,49.492,49.492,49.492,49.492,100
2005-01-27,49.592,49.592,48.096,48.096,108
2005-01-28,48.196,48.395,47.199,48.196,567
2005-01-31,48.196,48.196,47.199,47.199,120
2005-02-01,47.298,48.694,47.298,48.694,485
2005-02-02,49.592,49.592,48.694,48.694,477
2005-02-03,49.592,49.592,48.196,48.196,44
2005-02-04,48.196,48.196,47.697,47.697,206
2005-02-07,48.296,48.694,48.296,48.296,1014
2005-02-08,49.592,49.881,49.592,49.881,550
2005-02-09,50.679,50.779,49.881,49.881,376
2005-02-10,49.692,50.28,49.692,50.28,124
2005-02-15,50.081,50.081,49.193,49.193,322
2005-02-16,49.981,49.981,49.193,49.193,170
2005-02-17,49.692,49.692,47.897,49.193,570
2005-02-18,48.694,48.694,47.697,47.697,154
2005-02-21,47.697,47.797,47.697,47.797,57
2005-02-22,48.096,49.692,48.096,48.495,30
2005-02-23,48.495,48.495,48.495,48.495,6
2005-02-25,48.495,48.694,48.495,48.694,11
2005-02-28,47.897,48.694,47.897,48.694,981
2005-03-01,47.897,48.694,47.897,48.694,704
2005-03-02,47.897,48.196,47.897,48.196,604
2005-03-03,48.694,48.694,48.694,48.694,402
2005-03-04,47.897,47.897,47.897,47.897,112
2005-03-07,47.897,47.897,47.897,47.897,391
2005-03-08,47.996,48.694,47.996,48.694,302
2005-03-09,48.694,48.894,48.694,48.894,1677
2005-03-10,48.894,49.193,48.794,48.794,174
2005-03-11,48.894,49.881,48.794,49.692,4821
2005-03-14,50.679,50.978,50.18,50.18,1073
2005-03-15,50.18,50.18,48.395,48.994,831
2005-03-16,48.694,48.694,48.694,48.694,191
2005-03-18,47.797,47.797,47.797,47.797,8
2005-03-21,47.797,47.797,47.199,47.199,771
2005-03-23,47.498,47.498,47.199,47.298,486
2005-03-24,47.697,47.697,45.713,47.099,1862
2005-03-29,46.71,47.398,46.71,47.398,80
2005-03-30,47.697,47.697,47.697,47.697,1006
2005-03-31,47.498,47.697,47.498,47.697,50
2005-04-01,47.498,47.697,47.498,47.697,242
2005-04-04,47.498,47.498,47.498,47.498,5
2005-04-05,47.697,47.697,47.498,47.498,1112
2005-04-06,46.71,47.697,46.71,47.697,149
2005-04-07,48.196,48.196,47.199,47.199,66
2005-04-12,48.196,48.196,48.196,48.196,22
2005-04-15,48.096,48.096,48.096,48.096,20
2005-04-18,48.694,48.694,47.697,47.697,11
2005-04-19,45.813,46.71,45.813,46.211,659
2005-04-20,46.211,46.211,46.211,46.211,277
2005-04-21,46.211,46.211,46.211,46.211,151
2005-04-22,46.211,46.211,46.211,46.211,201
2005-04-25,46.211,46.211,45.015,45.015,132
2005-04-26,45.214,45.214,45.214,45.214,4
2005-04-29,45.214,46.112,44.915,44.915,341
2005-05-02,45.015,45.015,44.915,44.915,402
2005-05-04,45.015,45.015,43.828,44.117,452
2005-05-05,43.928,44.117,43.928,44.117,1079
2005-05-06,44.217,44.217,44.217,44.217,10
2005-05-09,44.915,44.915,44.915,44.915,191
2005-05-10,45.713,45.713,45.713,45.713,90
2005-05-11,46.211,46.71,46.211,46.71,2618
2005-05-12,47.199,47.697,47.199,47.697,730
2005-05-13,48.495,49.193,48.196,48.794,1055
2005-05-16,49.492,49.492,49.492,49.492,30
2005-05-17,49.492,49.492,47.598,47.598,46
2005-05-18,47.797,48.595,47.697,48.595,427
2005-05-19,47.996,47.996,47.996,47.996,100
2005-05-20,49.093,49.692,48.395,48.595,742
2005-05-23,50.679,50.679,50.081,50.081,30
2005-05-24,50.38,50.38,50.38,50.38,115
2005-05-25,49.193,49.193,48.794,48.794,43
2005-05-30,49.781,49.781,49.781,49.781,15
2005-06-01,46.71,49.781,46.71,49.781,186
2005-06-02,49.781,50.18,49.692,50.18,563
2005-06-03,49.692,50.18,49.692,50.18,21
2005-06-07,49.193,49.193,49.193,49.193,214
2005-06-10,49.293,50.081,49.293,50.081,165
2005-06-13,49.692,49.692,48.694,48.694,155
2005-06-14,48.694,49.692,47.797,49.692,692
2005-06-15,49.692,49.692,48.894,48.894,228
2005-06-16,49.692,49.692,48.694,48.694,26
2005-06-17,49.692,49.781,49.692,49.781,352
2005-06-20,49.692,50.18,49.692,50.18,2026
2005-06-21,50.38,51.178,50.081,50.779,944
2005-06-22,49.781,50.579,49.781,50.579,298
2005-06-23,50.579,52.175,50.579,51.876,501
2005-06-24,52.474,52.763,52.474,52.763,35
2005-06-27,52.763,53.162,52.763,53.162,34
2005-06-28,53.062,53.661,52.574,52.574,936
2005-06-29,52.863,53.661,52.763,53.661,732
2005-06-30,52.075,52.075,52.075,52.075,47
2005-07-01,53.461,53.461,53.461,53.461,142
2005-07-04,54.06,54.458,54.06,54.159,814
2005-07-05,54.159,54.458,53.661,54.458,181
2005-07-06,54.658,55.545,53.76,55.545,593
2005-07-07,55.645,56.144,54.758,56.144,248
2005-07-08,54.758,56.842,54.758,56.842,343
2005-07-11,56.942,56.942,54.758,55.745,382
2005-07-12,54.758,55.645,54.758,55.645,367
2005-07-13,54.758,54.847,54.359,54.847,704
2005-07-14,54.847,54.847,54.758,54.758,479
2005-07-15,54.359,54.359,54.359,54.359,35
2005-07-18,53.86,53.96,53.76,53.76,293
2005-07-20,53.76,53.76,52.763,52.763,231
2005-07-21,52.763,52.763,52.763,52.763,50
2005-07-25,52.763,52.763,52.763,52.763,22
2005-07-26,52.763,52.763,52.763,52.763,13
2005-07-27,54.359,54.359,52.963,53.361,130
2005-07-29,53.461,53.461,53.461,53.461,2
2005-08-01,53.561,53.561,53.561,53.561,80
2005-08-02,53.76,53.76,53.76,53.76,117
2005-08-03,54.259,54.758,54.159,54.159,80
2005-08-04,54.06,54.259,53.96,54.259,78
2005-08-08,54.758,55.845,54.758,54.947,241
2005-08-09,54.359,54.359,54.359,54.359,45
2005-08-10,54.658,54.658,54.259,54.259,17
2005-08-12,54.758,54.758,54.758,54.758,100
2005-08-16,54.847,54.847,54.758,54.758,59
2005-08-17,54.847,55.745,54.847,54.847,155
2005-08-18,56.243,58.238,56.243,58.238,347
2005-08-19,60.721,62.017,59.235,59.235,651
2005-08-22,60.133,60.92,60.133,60.133,663
2005-08-23,60.133,60.232,58.836,60.232,318
2005-08-24,59.335,59.335,59.235,59.235,326
2005-08-25,58.238,58.238,58.238,58.238,20
2005-08-26,58.737,58.737,58.737,58.737,100
2005-08-29,57.241,58.138,57.241,58.138,185
2005-08-30,58.737,58.737,58.338,58.737,936
2005-08-31,58.737,59.235,58.737,59.235,301
2005-09-02,60.133,60.133,59.235,59.235,35
2005-09-05,59.734,59.734,59.734,59.734,2
2005-09-06,61.718,65.707,60.721,65.707,483
2005-09-07,67.692,72.668,67.692,72.169,752
2005-09-08,73.266,73.266,71.182,71.68,1031
2005-09-09,72.568,72.568,70.783,70.783,723
2005-09-12,71.68,72.568,71.68,72.269,1761
2005-09-14,72.169,78.043,72.169,74.064,2897
2005-09-15,75.061,75.161,73.166,73.166,497
2005-09-16,73.266,73.266,72.668,72.967,963
2005-09-19,73.665,73.665,72.668,73.366,685
2005-09-20,72.169,72.568,72.169,72.568,538
2005-09-21,72.668,72.668,72.668,72.668,141
2005-09-22,71.381,71.98,71.381,71.88,70
2005-09-23,71.88,72.169,71.581,72.169,190
2005-09-26,72.269,72.468,71.481,72.369,350
2005-09-27,71.381,71.68,71.182,71.68,410
2005-09-28,72.568,72.568,71.68,71.68,324
2005-09-29,71.68,72.169,71.68,72.169,95
2005-09-30,72.568,72.668,72.169,72.169,560
2005-10-03,71.68,71.68,71.581,71.581,151
2005-10-04,71.68,71.68,71.68,71.68,301
2005-10-05,72.169,72.169,71.68,71.68,833
2005-10-06,71.68,71.68,71.68,71.68,206
2005-10-07,71.68,71.68,71.68,71.68,125
2005-10-10,72.568,72.668,72.169,72.169,121
2005-10-11,72.169,72.169,72.169,72.169,120
2005-10-12,71.68,72.369,71.68,72.369,119
2005-10-13,72.967,73.665,72.668,73.665,2283
2005-10-14,72.269,72.767,71.68,72.767,813
2005-10-17,71.68,71.98,71.68,71.88,303
2005-10-18,71.98,72.767,71.68,72.767,526
2005-10-20,72.169,72.169,67.991,71.381,812
2005-10-21,71.381,76.557,71.381,75.56,287
2005-10-24,75.161,75.659,72.079,74.662,505
2005-10-25,72.767,74.662,71.68,74.662,225
2005-10-26,74.662,74.662,73.067,74.064,82
2005-10-27,73.166,74.662,73.166,74.662,191
2005-10-28,74.463,74.463,72.767,72.767,76
2005-10-31,72.668,72.668,72.668,72.668,40
2005-11-02,71.98,71.98,71.98,71.98,30
2005-11-03,71.98,72.967,71.98,72.668,130
2005-11-04,72.668,72.967,72.169,72.169,128
2005-11-07,73.266,73.665,73.266,73.665,7
2005-11-08,72.169,72.169,71.78,71.78,166
2005-11-09,71.88,71.88,71.88,71.88,60
2005-11-10,72.967,72.967,71.78,71.78,112
2005-11-14,70.384,70.384,70.185,70.185,100
2005-11-15,70.584,72.369,69.885,72.369,65
2005-11-16,70.284,70.284,70.284,70.284,44
2005-11-17,69.885,69.985,69.885,69.985,39
2005-11-18,69.885,70.982,69.885,70.982,87
2005-11-21,69.786,70.185,69.786,70.185,451
2005-11-22,69.187,70.085,69.187,70.085,146
2005-11-23,68.39,69.287,68.29,69.287,193
2005-11-24,69.487,69.487,67.692,67.791,201
2005-11-25,66.694,66.694,65.009,65.009,563
2005-11-28,65.009,65.009,64.012,64.012,126
2005-11-29,64.71,64.71,64.012,64.71,163
2005-11-30,65.109,65.209,65.109,65.209,81
2005-12-01,65.209,65.707,65.209,65.707,408
2005-12-02,65.707,65.707,65.707,65.707,60
2005-12-05,65.707,65.707,64.71,64.71,135
2005-12-06,65.707,65.707,64.211,64.211,201
2005-12-07,63.713,66.495,63.713,66.395,358
2005-12-08,64.71,66.006,64.71,65.109,40
2005-12-09,64.71,64.71,64.71,64.71,50
2005-12-12,65.209,66.395,65.209,66.395,401
2005-12-13,66.495,66.495,66.395,66.395,452
2005-12-14,66.495,71.182,66.495,71.182,419
2005-12-15,69.387,71.68,68.689,71.182,493
2005-12-16,69.487,79.638,69.187,75.659,868
2005-12-19,75.56,75.56,74.662,74.662,242
2005-12-20,73.565,73.565,67.692,67.991,1057
2005-12-21,69.387,69.686,66.495,66.495,934
2005-12-22,66.694,69.487,66.595,69.487,839
2005-12-23,70.584,71.68,69.487,71.68,2324
2005-12-27,71.88,75.56,70.284,72.668,1254
2005-12-28,73.565,74.662,72.767,74.164,414
2005-12-29,72.369,72.568,71.78,72.568,127
2005-12-30,71.68,72.468,70.185,71.68,388
2006-01-02,73.166,94.577,73.067,85.711,4444
2006-01-03,89.591,91.585,87.606,88.603,5451
2006-01-04,88.005,88.005,85.612,87.307,1669
2006-01-05,86.609,87.108,84.714,84.914,3092
2006-01-06,86.31,86.31,84.415,84.614,1240
2006-01-09,84.515,85.213,84.116,84.714,940
2006-01-10,84.914,85.313,84.814,84.914,139
2006-01-11,84.914,85.612,84.714,85.013,468
2006-01-12,85.612,86.609,85.612,85.612,610
2006-01-13,85.113,85.213,84.814,84.814,1165
2006-01-16,84.914,85.612,84.714,84.914,1879
2006-01-17,85.612,86.11,85.113,85.612,323
2006-01-18,85.412,86.11,85.412,86.11,880
2006-01-19,86.11,88.603,85.711,86.609,1149
2006-01-20,86.609,87.606,85.711,87.407,321
2006-01-23,87.407,87.407,85.313,86.709,297
2006-01-24,86.609,87.606,85.911,85.911,121
2006-01-25,87.008,87.008,85.512,86.609,138
2006-01-26,86.609,86.609,85.612,85.612,221
2006-01-30,85.612,85.612,85.612,85.612,102
2006-01-31,85.412,85.612,85.412,85.612,346
2006-02-01,85.313,86.908,85.213,86.409,339
2006-02-02,85.313,86.409,85.313,85.313,188
2006-02-03,85.612,85.612,85.612,85.612,237
2006-02-07,84.614,87.506,84.614,87.506,343
2006-02-08,87.407,87.407,85.612,85.612,158
2006-02-09,86.609,86.908,85.911,85.911,256
2006-02-10,86.609,86.609,85.612,85.811,125
2006-02-13,85.711,85.711,85.711,85.711,431
2006-02-14,86.609,87.108,85.412,85.412,30
2006-02-16,86.709,86.709,85.412,85.412,100
2006-02-17,86.609,86.609,86.609,86.609,10
2006-02-20,86.709,86.709,86.709,86.709,33
2006-02-21,86.609,86.609,85.412,85.412,256
2006-02-24,85.612,85.612,85.612,85.612,50
2006-02-27,85.711,87.606,85.711,87.606,865
2006-02-28,87.606,87.606,85.811,87.606,403
2006-03-01,87.606,88.404,87.606,87.606,274
2006-03-02,88.105,88.504,86.21,86.21,284
2006-03-03,86.609,86.609,86.609,86.609,32
2006-03-07,87.806,88.404,87.806,88.404,100
2006-03-08,88.005,88.404,88.005,88.105,653
2006-03-09,88.105,88.504,88.105,88.504,100
2006-03-10,88.105,88.105,87.606,87.606,87
2006-03-13,88.105,88.504,88.105,88.204,164
2006-03-15,88.105,88.105,86.609,87.108,106
2006-03-16,86.908,87.108,86.908,86.908,16
2006-03-17,87.606,88.105,86.808,86.808,23
2006-03-20,86.808,86.808,86.808,86.808,80
2006-03-21,87.108,87.108,86.609,86.609,201
2006-03-22,85.612,86.609,85.612,86.609,121
2006-03-23,86.31,86.31,86.31,86.31,9
2006-03-24,85.911,85.911,85.911,85.911,27
2006-03-27,85.711,87.207,85.612,87.207,98
2006-03-28,87.407,87.407,87.407,87.407,20
2006-03-30,87.407,87.407,86.609,86.609,65
2006-03-31,86.609,87.606,86.609,87.606,95
2006-04-03,86.609,86.609,86.609,86.609,21
2006-04-04,86.609,86.609,86.609,86.609,185
2006-04-05,86.609,86.609,85.313,85.711,177
2006-04-06,85.711,85.811,85.711,85.711,261
2006-04-07,86.609,86.609,85.811,85.811,148
2006-04-10,85.911,86.011,85.811,85.811,327
2006-04-11,85.911,87.606,84.814,87.606,432
2006-04-12,87.606,87.606,87.606,87.606,15
2006-04-18,87.506,87.506,85.612,85.711,960
2006-04-19,85.711,85.711,85.213,85.512,1379
2006-04-20,85.612,85.612,85.213,85.213,515
2006-04-25,85.213,85.213,85.213,85.213,15
2006-04-26,85.213,85.213,85.213,85.213,1
2006-04-27,85.113,85.113,85.113,85.113,20
2006-04-28,85.113,85.113,84.515,84.515,189
2006-05-04,84.216,84.315,84.216,84.216,182
2006-05-05,84.415,86.709,83.428,86.709,1034
2006-05-08,87.307,87.307,85.612,85.612,224
2006-05-09,86.609,86.609,85.612,85.612,644
2006-05-10,85.213,85.213,85.213,85.213,5
2006-05-11,85.113,85.113,85.113,85.113,100
2006-05-12,84.814,84.814,84.614,84.614,683
2006-05-15,84.614,85.711,84.315,85.711,381
2006-05-16,86.609,86.609,84.415,84.415,238
2006-05-17,84.614,86.609,84.415,86.609,120
2006-05-18,84.415,84.415,84.415,84.415,8
2006-05-19,84.415,84.415,84.315,84.315,130
2006-05-22,84.315,84.315,84.216,84.216,106
2006-05-23,84.415,84.415,83.129,83.129,1215
2006-05-24,84.415,84.415,81.633,82.63,1630
2006-05-25,80.735,85.512,80.735,81.134,312
2006-05-26,82.829,85.313,82.829,83.228,183
2006-05-29,83.228,85.612,83.228,85.612,759
2006-05-30,82.73,85.612,82.131,82.131,483
2006-05-31,82.032,83.029,80.536,82.63,999
2006-06-02,82.63,82.63,82.63,82.63,53
2006-06-06,83.627,83.627,83.627,83.627,86
2006-06-13,80.935,84.315,80.636,84.315,658
2006-06-14,82.231,82.231,82.231,82.231,92
2006-06-20,83.528,84.614,81.733,84.614,928
2006-06-21,85.512,86.409,84.116,84.116,832
2006-06-22,85.412,86.011,85.412,85.412,170
2006-06-26,86.11,86.11,86.11,86.11,10
2006-06-27,86.11,86.409,86.11,86.409,307
2006-06-28,86.31,86.409,85.911,85.911,99
2006-06-29,85.612,85.612,85.612,85.612,5
2006-06-30,86.409,86.609,86.409,86.509,129
2006-07-03,87.407,87.407,87.407,87.407,3
2006-07-04,87.606,88.603,87.606,87.706,518
2006-07-05,87.606,87.706,85.711,85.711,67
2006-07-06,89.69,90.688,89.69,90.089,965
2006-07-07,90.488,90.588,90.488,90.488,249
2006-07-10,90.488,90.488,90.488,90.488,668
2006-07-11,90.289,90.588,90.289,90.588,2640
2006-07-12,90.388,90.688,90.388,90.688,243
2006-07-13,90.688,90.688,90.289,90.289,221
2006-07-14,90.189,90.289,90.189,90.289,279
2006-07-17,90.189,90.189,90.189,90.189,236
2006-07-18,90.388,90.588,90.388,90.488,167
2006-07-19,90.289,90.588,90.289,90.588,444
2006-07-20,89.591,90.588,89.591,90.588,269
2006-07-21,90.588,90.588,90.488,90.488,165
2006-07-24,89.99,89.99,89.99,89.99,100
2006-07-25,90.189,90.189,90.189,90.189,120
2006-07-26,90.289,90.289,90.289,90.289,7
2006-07-27,90.488,91.086,90.488,91.086,1066
2006-07-28,90.089,90.089,90.089,90.089,64
2006-08-01,90.688,90.688,90.488,90.688,1054
2006-08-03,90.688,90.688,90.688,90.688,47
2006-08-04,90.688,90.688,90.388,90.588,216
2006-08-07,90.588,90.787,90.588,90.787,202
2006-08-08,90.588,90.588,90.588,90.588,891
2006-08-09,88.404,90.588,88.404,90.588,2620
2006-08-14,90.488,90.488,90.488,90.488,80
2006-08-16,88.304,88.304,88.105,88.105,36
2006-08-18,87.606,87.606,87.606,87.606,20
2006-08-22,85.612,89.491,85.612,89.491,139
2006-08-25,87.606,87.606,87.606,87.606,5
2006-08-28,87.606,88.005,87.606,88.005,36
2006-08-30,87.207,88.504,87.207,88.504,42
2006-09-04,87.905,88.603,87.905,88.603,27
2006-09-05,88.603,88.603,88.603,88.603,3
2006-09-06,89.541,89.591,89.541,89.591,160
2006-09-07,89.591,89.591,89.591,89.591,5
2006-09-08,89.491,89.491,89.491,89.491,3
2006-09-11,89.491,89.491,89.491,89.491,1
2006-09-12,89.491,89.491,88.603,88.603,2
2006-09-13,88.603,88.603,88.504,88.504,3
2006-09-14,86.709,86.709,86.709,86.709,120
2006-09-15,89.391,89.391,89.391,89.391,10
2006-09-18,87.108,87.108,87.108,87.108,15
2006-09-19,85.711,89.491,85.711,89.491,124
2006-09-20,87.606,89.491,87.606,89.491,88
2006-09-25,87.656,87.656,87.656,87.656,2
2006-09-26,87.656,87.656,87.656,87.656,1
2006-09-28,87.706,87.706,87.706,87.706,2
2006-10-02,87.706,87.706,87.706,87.706,1
2006-10-03,88.603,88.603,88.603,88.603,1
2006-10-04,88.603,88.603,88.603,88.603,1
2006-10-06,88.603,88.603,88.603,88.603,1
2006-10-09,88.404,88.404,88.404,88.404,2
2006-10-11,88.404,88.404,88.404,88.404,2
2006-10-13,88.105,88.404,88.005,88.005,150
2006-10-17,87.706,87.706,87.706,87.706,27
2006-10-18,88.603,89.591,88.603,89.591,1048
2006-10-19,90.388,91.585,90.388,91.585,45
2006-10-20,89.591,89.69,87.506,88.803,181
2006-10-23,89.591,90.787,89.591,90.787,183
2006-10-24,90.837,90.837,88.653,88.653,24
2006-10-25,88.803,88.803,88.653,88.653,32
2006-10-26,88.603,88.603,88.603,88.603,29
2006-11-02,86.509,89.591,86.509,89.591,251
2006-11-07,87.606,87.606,87.606,87.606,20
2006-11-08,85.412,85.412,85.412,85.412,1
2006-11-09,86.709,90.438,86.709,90.438,170
2006-11-15,90.289,90.438,90.289,90.438,82
2006-11-16,89.591,89.591,89.591,89.591,130
2006-11-22,87.407,87.407,83.627,83.627,95
2006-11-23,89.202,89.591,89.202,89.591,42
2006-11-28,85.811,86.709,85.811,85.961,166
2006-11-29,86.609,86.609,86.609,86.609,94
2006-11-30,89.052,89.052,89.052,89.052,2
2006-12-01,89.052,89.591,89.052,89.591,53
2006-12-04,89.591,89.591,87.706,87.706,63
2006-12-05,89.591,89.591,87.806,87.806,9
2006-12-06,89.591,89.591,87.706,87.706,186
2006-12-07,85.961,85.961,85.961,85.961,5
2006-12-08,86.011,87.606,85.711,85.761,246
2006-12-12,86.609,88.603,85.761,88.603,176
2006-12-13,88.603,88.603,88.603,88.603,13
2006-12-14,88.603,88.603,85.911,88.105,197
2006-12-15,88.603,90.438,88.603,90.438,58
2006-12-18,88.603,88.603,86.609,86.609,104
2006-12-19,85.761,89.541,83.627,85.462,326
2006-12-20,83.627,89.351,79.738,88.454,368
2006-12-22,86.21,88.354,83.428,88.354,165
2006-12-28,88.354,88.354,85.911,86.011,109
2006-12-29,88.603,89.591,80.685,89.591,681
2007-01-02,89.591,89.591,85.462,85.462,128
2007-01-03,89.591,89.591,89.591,89.591,70
2007-01-04,89.591,89.591,89.591,89.591,45
2007-01-05,84.714,87.606,84.714,85.961,75
2007-01-09,86.06,86.06,86.06,86.06,10
2007-01-10,86.06,86.06,85.512,85.512,275
2007-01-11,87.207,89.252,87.207,89.252,12
2007-01-12,87.606,89.491,87.606,89.491,150
2007-01-15,89.491,89.491,89.491,89.491,42
2007-01-17,87.257,87.257,87.207,87.207,116
2007-01-18,89.391,89.391,87.207,87.207,6
2007-01-19,89.441,89.441,87.207,87.606,65
2007-01-25,86.06,86.26,85.761,86.16,245
2007-01-26,86.11,86.11,86.11,86.11,3
2007-01-29,88.903,88.903,88.903,88.903,15
2007-01-30,88.404,88.404,86.409,86.409,96
2007-01-31,88.603,88.603,88.603,88.603,287
2007-02-01,88.952,89.252,87.008,87.008,221
2007-02-02,86.21,86.21,86.21,86.21,120
2007-02-06,86.609,86.609,86.21,86.21,110
2007-02-07,86.26,86.26,86.26,86.26,6
2007-02-08,86.26,86.26,86.26,86.26,16
2007-02-12,86.21,87.606,86.21,87.606,81
2007-02-13,88.404,88.603,88.354,88.603,98
2007-02-16,86.21,86.21,86.11,86.21,196
2007-02-19,86.21,86.21,86.21,86.21,100
2007-02-22,88.204,88.204,87.606,88.204,205
2007-02-23,86.21,88.254,86.21,88.254,102
2007-02-26,86.11,86.16,86.11,86.16,40
2007-02-27,86.21,86.21,86.21,86.21,45
2007-02-28,86.21,86.609,85.612,85.612,1199
2007-03-01,87.606,88.254,87.606,88.254,501
2007-03-02,86.11,86.11,85.911,85.961,140
2007-03-05,85.612,85.662,85.612,85.612,401
2007-03-07,85.362,85.362,85.362,85.362,25
2007-03-08,85.263,87.606,85.263,85.512,83
2007-03-09,85.313,86.609,85.263,86.609,80
2007-03-12,85.662,89.541,85.662,88.603,590
2007-03-13,88.454,89.591,87.606,87.606,516
2007-03-14,85.612,85.612,85.612,85.612,3
2007-03-15,88.603,88.603,86.31,86.36,65
2007-03-16,86.16,88.603,86.11,86.21,138
2007-03-20,85.811,88.254,85.811,88.254,29
2007-03-21,86.16,86.16,86.16,86.16,15
2007-03-22,88.204,89.391,86.609,88.853,219
2007-03-23,89.102,89.102,89.102,89.102,43
2007-03-26,88.603,88.603,88.603,88.603,36
2007-03-27,87.307,88.603,87.307,88.603,72
2007-03-30,85.811,88.554,85.761,86.011,150
2007-04-02,85.711,86.609,85.711,85.911,126
2007-04-03,88.155,88.155,86.409,86.559,32
2007-04-04,85.961,89.541,85.961,89.541,22
2007-04-05,89.541,89.541,89.541,89.541,3
2007-04-10,86.609,89.351,86.609,89.351,55
2007-04-11,86.908,86.908,86.659,86.659,13
2007-04-12,89.052,89.052,89.052,89.052,1
2007-04-16,86.759,86.759,86.609,86.609,120
2007-04-17,87.606,87.606,87.606,87.606,15
2007-04-19,86.609,88.952,82.381,88.454,115
2007-04-20,86.21,86.26,86.21,86.26,57
2007-04-23,86.26,86.26,86.26,86.26,6
2007-04-24,85.612,85.612,85.213,85.612,1141
2007-04-25,85.612,87.556,85.113,85.113,256
2007-04-26,86.908,86.908,86.908,86.908,15
2007-04-27,84.964,86.858,84.914,86.858,25
2007-04-30,84.814,84.814,84.764,84.764,36
2007-05-02,84.764,84.764,82.73,82.73,162
2007-05-04,84.814,84.814,84.814,84.814,78
2007-05-07,87.058,87.058,87.058,87.058,10
2007-05-08,86.958,86.958,84.864,84.914,65
2007-05-09,85.612,85.612,85.612,85.612,27
2007-05-11,86.11,86.11,86.11,86.11,122
2007-05-14,85.612,86.808,85.612,86.808,26
2007-05-15,87.008,87.008,85.612,85.612,138
2007-05-17,85.612,86.409,85.313,86.409,76
2007-05-18,85.263,85.263,85.263,85.263,7
2007-05-21,83.278,85.811,83.079,85.811,96
2007-05-22,86.21,86.21,83.867,83.867,74
2007-05-23,86.011,86.011,86.011,86.011,48
2007-05-24,85.811,85.811,84.614,84.614,74
2007-05-25,84.614,86.06,83.029,85.313,221
2007-05-28,85.612,86.609,85.612,86.609,111
2007-05-29,85.462,86.609,85.462,86.609,145
2007-05-31,86.609,86.609,86.609,86.609,8
2007-06-01,86.609,86.609,85.612,85.612,51
2007-06-04,87.606,89.391,87.606,88.603,705
2007-06-05,86.509,88.603,86.509,88.603,20
2007-06-11,88.354,89.102,86.31,89.102,200
2007-06-12,88.603,88.603,87.606,87.606,83
2007-06-13,85.512,85.512,85.512,85.512,20
2007-06-19,89.84,89.84,89.591,89.84,143
2007-06-20,89.89,89.89,89.84,89.84,65
2007-06-25,87.656,89.89,87.656,89.89,211
2007-06-27,88.753,89.89,88.753,89.89,123
2007-06-28,89.84,89.84,87.606,87.756,176
2007-06-29,89.84,89.84,89.491,89.491,76
2007-07-03,89.89,89.89,89.89,89.89,20
2007-07-05,89.84,89.84,89.84,89.84,29
2007-07-06,85.811,89.84,85.811,89.84,21
2007-07-09,89.591,89.99,80.935,86.509,1451
2007-07-10,86.509,86.509,84.764,84.764,153
2007-07-11,86.659,87.756,85.662,85.662,197
2007-07-13,85.961,87.257,85.961,86.759,138
2007-07-16,88.504,88.504,84.515,84.515,171
2007-07-17,88.454,88.454,88.155,88.155,141
2007-07-18,87.756,87.756,87.756,87.756,17
2007-07-19,85.911,85.911,85.612,85.612,86
2007-07-20,87.556,88.554,87.556,88.554,109
2007-07-24,85.362,88.354,85.362,88.354,99
2007-07-26,84.864,84.864,84.864,84.864,60
2007-07-27,85.263,86.709,85.263,85.462,104
2007-07-30,85.761,85.761,85.761,85.761,124
2007-07-31,87.506,87.506,87.506,87.506,2
2007-08-01,85.761,85.761,85.761,85.761,100
2007-08-03,85.761,85.861,85.761,85.861,22
2007-08-06,85.761,85.761,81.772,84.265,201
2007-08-07,85.811,85.861,85.761,85.761,110
2007-08-08,87.656,87.656,87.656,87.656,10
2007-08-10,84.764,84.764,84.764,84.764,59
2007-08-13,85.961,85.961,85.961,85.961,14
2007-08-16,85.761,85.761,81.772,81.772,49
2007-08-17,75.689,75.689,75.689,75.689,4
2007-08-20,86.559,86.559,86.559,86.559,25
2007-08-21,85.761,85.761,83.667,85.711,151
2007-08-22,85.711,87.457,85.662,87.457,178
2007-08-23,86.958,86.958,86.958,86.958,10
2007-08-24,87.207,87.207,85.213,85.213,17
2007-08-27,85.213,85.213,83.218,83.268,227
2007-08-28,81.822,85.711,81.822,85.711,73
2007-08-29,77.833,83.268,77.833,83.268,27
2007-08-31,82.022,85.961,81.972,85.662,311
2007-09-03,85.612,85.612,85.612,85.612,33
2007-09-04,85.612,85.761,83.767,85.761,191
2007-09-05,85.761,85.911,85.761,85.911,122
2007-09-06,84.016,86.011,84.016,86.011,35
2007-09-07,86.011,86.011,86.011,86.011,25
2007-09-10,86.659,86.659,83.867,83.867,84
2007-09-11,83.169,83.169,83.169,83.169,78
2007-09-12,86.21,86.21,86.21,86.21,35
2007-09-14,84.365,84.365,84.365,84.365,50
2007-09-18,83.966,83.966,83.966,83.966,14
2007-09-19,86.011,86.011,83.617,83.617,70
2007-09-20,83.867,85.662,83.867,85.662,71
2007-09-25,83.867,83.867,83.867,83.867,16
2007-09-27,84.764,85.362,83.867,85.362,53
2007-10-01,85.462,85.462,85.462,85.462,17
2007-10-02,85.612,85.761,85.612,85.761,92
2007-10-03,84.016,84.016,84.016,84.016,2
2007-10-09,85.662,85.761,85.662,85.761,68
2007-10-11,84.764,84.764,84.764,84.764,114
2007-10-16,84.465,84.465,84.465,84.465,12
2007-10-18,83.916,83.916,83.916,83.916,5
2007-10-19,83.916,83.916,83.867,83.867,46
2007-10-22,81.872,83.767,81.872,83.767,128
2007-10-25,82.869,86.16,82.869,86.16,125
2007-10-26,84.315,86.011,84.315,84.365,27
2007-10-29,84.265,84.265,84.265,84.265,15
2007-10-30,84.265,84.315,84.265,84.315,144
2007-11-06,84.365,84.365,84.315,84.315,86
2007-11-07,85.063,85.063,84.116,84.116,79
2007-11-08,84.016,84.016,84.016,84.016,30
2007-11-09,84.016,84.016,83.966,83.966,57
2007-11-12,83.318,83.767,82.221,82.221,59
2007-11-16,82.171,82.171,82.171,82.171,15
2007-11-20,80.227,82.969,79.778,82.969,144
2007-11-21,79.778,79.778,79.778,79.778,53
2007-11-23,81.922,82.869,79.329,82.869,54
2007-11-28,80.775,83.069,79.878,79.878,74
2007-11-29,82.869,83.717,82.77,83.717,278
2007-11-30,83.767,83.767,83.767,83.767,6
2007-12-03,85.761,85.761,83.767,83.767,21
2007-12-06,84.764,84.764,84.764,84.764,10
2007-12-07,85.761,85.761,85.761,85.761,50
2007-12-10,83.667,85.761,83.667,85.263,160
2007-12-11,85.761,85.761,85.711,85.711,61
2007-12-12,85.711,85.711,83.368,83.368,96
2007-12-14,84.265,84.265,84.265,84.265,15
2007-12-17,84.764,84.764,84.764,84.764,91
2007-12-18,82.67,82.67,82.67,82.67,40
2007-12-19,85.362,85.362,80.975,81.174,176
2007-12-21,83.069,83.069,83.069,83.069,84
2007-12-27,81.374,81.772,81.374,81.772,60
2007-12-28,81.872,85.711,81.872,85.711,86
2008-01-03,84.864,84.864,84.864,84.864,24
2008-01-04,84.814,84.814,84.814,84.814,55
2008-01-07,81.224,81.224,81.224,81.224,10
2008-01-09,84.714,84.714,81.523,84.714,74
2008-01-10,84.664,84.664,81.772,81.772,40
2008-01-11,81.673,84.166,81.673,84.166,21
2008-01-15,80.476,80.476,80.426,80.426,40
2008-01-16,80.326,80.476,79.778,79.778,325
2008-01-17,79.828,82.57,79.828,82.57,31
2008-01-21,78.581,80.975,75.639,80.975,529
2008-01-24,80.675,82.421,80.675,82.421,203
2008-01-25,82.421,82.421,82.371,82.371,46
2008-01-28,78.88,78.88,78.831,78.831,30
2008-02-04,80.626,80.626,80.626,80.626,5
2008-02-05,78.831,78.831,78.831,78.831,15
2008-02-07,78.831,78.831,78.831,78.831,30
2008-02-13,79.778,79.828,79.778,79.828,11
2008-02-14,80.775,80.775,80.775,80.775,16
2008-02-15,80.775,80.775,79.728,79.728,104
2008-02-18,81.772,81.772,81.772,81.772,2
2008-02-27,78.88,79.778,78.88,79.778,132
2008-02-29,79.13,79.13,79.13,79.13,10
2008-03-03,79.08,79.13,79.03,79.13,190
2008-03-04,80.277,80.277,80.277,80.277,133
2008-03-05,80.526,80.526,80.526,80.526,1
2008-03-18,80.027,80.027,80.027,80.027,1
2008-03-20,80.027,80.027,80.027,80.027,10
2008-03-25,76.687,76.687,76.637,76.637,42
2008-03-26,79.728,79.728,79.18,79.728,46
2008-03-27,79.579,79.628,79.579,79.628,35
2008-03-28,79.628,79.628,79.628,79.628,74
2008-04-01,79.628,79.828,79.628,79.828,464
2008-04-03,76.936,76.936,76.936,76.936,100
2008-04-04,79.728,79.728,79.728,79.728,2
2008-04-07,78.781,78.781,78.781,78.781,25
2008-04-16,79.13,79.18,79.13,79.18,51
2008-04-17,79.18,82.171,79.18,82.171,610
2008-04-18,81.723,86.709,81.723,86.709,434
2008-04-21,86.709,86.759,84.764,84.764,127
2008-04-22,83.468,83.468,83.468,83.468,14
2008-04-23,85.761,85.761,85.761,85.761,10
2008-04-24,83.468,83.518,80.576,80.576,139
2008-04-25,81.523,81.523,81.523,81.523,10
2008-05-06,85.761,86.011,85.761,86.011,166
2008-05-07,87.756,88.603,87.706,88.603,83
2008-05-08,87.706,87.706,87.706,87.706,65
2008-05-15,84.714,84.714,84.714,84.714,50
2008-05-16,81.822,81.822,81.822,81.822,50
2008-05-23,81.822,81.822,81.822,81.822,15
2008-05-28,85.761,85.761,85.761,85.761,2
2008-06-04,85.961,85.961,85.961,85.961,70
2008-06-06,85.761,85.761,85.761,85.761,6
2008-06-10,85.761,85.761,85.761,85.761,25
2008-06-12,84.764,91.745,84.764,87.756,538
2008-06-13,88.753,88.753,88.753,88.753,11
2008-06-23,85.711,85.711,85.711,85.711,95
2008-06-24,83.767,87.756,83.767,87.756,8
2008-06-26,85.761,85.761,85.761,85.761,10
2008-07-01,85.761,85.761,85.761,85.761,20
2008-07-02,82.819,87.656,82.819,87.656,12
2008-07-03,82.77,87.556,82.77,87.556,12
2008-07-08,87.257,87.257,87.257,87.257,7
2008-07-09,87.61,89.25,87.31,89.25,404
2008-07-11,89.75,89.8,89.75,89.8,32
2008-07-15,88.3,88.3,88.3,88.3,4
2008-07-17,90.9,92,90.9,92,60
2008-07-18,92,102,92,102,689
2008-07-21,105,127,105,127,117
2008-07-22,127,127,127,127,20
2008-07-23,127,127,127,127,150
2008-07-24,123,123,120,120,17
2008-07-25,110,115,108,115,52
2008-07-28,114.5,114.5,114.5,114.5,10
2008-07-29,114.3,114.3,112,112,9
2008-07-30,113,114.4,113,114.4,25
2008-07-31,115,115,115,115,40
2008-08-01,113,113,109,109.5,264
2008-08-04,109.8,109.8,106.8,106.8,166
2008-08-05,109.8,109.8,108.8,108.8,26
2008-08-07,104.8,105,102.5,102.5,165
2008-08-08,99,102.5,99,102.5,8
2008-08-11,102,102,101.9,101.9,37
2008-08-12,101.9,101.9,100.7,101.8,16
2008-08-13,99.95,99.95,90,99.5,264
2008-08-14,100,100,90.05,90.05,21
2008-08-18,94.9,94.9,94.75,94.9,22
2008-08-19,94.85,94.85,94.85,94.85,10
2008-08-20,92,92,92,92,6
2008-08-21,92,92,91,91,20
2008-08-22,92.8,92.8,92.8,92.8,1
2008-08-25,93.75,93.75,93.75,93.75,10
2008-08-26,89.95,89.95,89.95,89.95,10
2008-08-27,89.95,91,89.95,91,52
2008-08-28,93.8,93.8,89.95,89.95,18
2008-09-01,90,90,90,90,32
2008-09-02,93.45,93.45,93.45,93.45,1
2008-09-03,93.75,97,93.75,97,190
2008-09-04,97,97,97,97,1
2008-09-05,94,94,94,94,1
2008-09-09,93,95,93,95,127
2008-09-11,91.8,91.8,91.8,91.8,2
2008-09-15,91.8,92,91.8,92,170
2008-09-16,91.6,91.6,91.6,91.6,20
2008-09-17,90.1,90.1,90.1,90.1,44
2008-09-18,88.05,88.05,88.05,88.05,204
2008-09-19,88.05,91.95,88.05,91.9,109
2008-09-22,90.15,90.15,88.6,88.6,180
2008-09-23,88.65,88.65,88.65,88.65,62
2008-09-24,88.65,88.65,88.65,88.65,204
2008-09-25,96.95,96.95,96.95,96.95,1
2008-09-26,88.65,91.7,88.65,91.7,278
2008-09-29,90.1,90.1,90.1,90.1,20
2008-09-30,89.75,89.75,89.75,89.75,98
2008-10-01,91.5,91.5,91.5,91.5,5
2008-10-02,96.85,96.85,90,90,90
2008-10-06,91,91,88,88,45
2008-10-07,88,88,88,88,19
2008-10-09,95.95,95.95,83.2,83.2,94
2008-10-10,80,87.9,75,87.9,245
2008-10-13,78,78,78,78,42
2008-10-14,81,81,81,81,36
2008-10-15,75,75,74,74,195
2008-10-16,68,70,68,70,60
2008-10-20,73.2,73.2,73.15,73.15,59
2008-10-22,71.55,71.55,71.55,71.55,7
2008-10-23,72,72,71.45,71.45,266
2008-10-27,66.55,82.55,66.55,82.55,113
2008-10-28,82.55,84.9,74.35,84.9,51
2008-10-29,89.5,96,81,83.1,321
2008-10-30,87,100,87,90.05,301
2008-10-31,87,95,80,91,177
2008-11-03,90,94,89,94,51
2008-11-04,88,96,83.05,87.05,1942
2008-11-05,89.95,91,87.05,89,465
2008-11-06,88.9,88.9,84.6,84.6,63
2008-11-07,89.2,89.2,84.55,85,256
2008-11-10,89.8,89.8,88,88,83
2008-11-12,89.75,89.75,87.7,87.75,230
2008-11-13,82,87,82,87,111
2008-11-14,88.9,88.9,87,87,41
2008-11-17,86.95,86.95,86.95,86.95,1
2008-11-18,82.05,82.05,82.05,82.05,2
2008-11-19,85,85,80,80.05,245
2008-11-20,80.8,80.8,76,78.95,97
2008-11-21,75.9,78.95,75.9,78.8,30
2008-11-24,78.95,82,78.95,82,28
2008-11-25,83,83,82.95,82.95,21
2008-11-26,84.5,84.5,84.5,84.5,1
2008-11-27,83.8,85,83.8,85,70
2008-11-28,84.5,84.5,84.5,84.5,3
2008-12-01,84.5,84.5,84.4,84.45,21
2008-12-02,80,82.7,80,82.7,14
2008-12-03,82.75,83.3,82.5,83.3,50
2008-12-08,85,85,80.35,82.2,458
2008-12-09,82.5,82.5,82.5,82.5,1
2008-12-10,82.8,82.8,82.8,82.8,1
2008-12-11,80,82.7,80,82.7,11
2008-12-17,82.15,82.15,79,79,114
2008-12-18,79,79,78,78,24
2008-12-22,78,78,78,78,22
2008-12-23,77,77,77,77,110
2008-12-29,77.3,77.3,77.3,77.3,1
2008-12-30,77.5,77.5,77.3,77.5,8
2008-12-31,77.5,77.5,77.5,77.5,1
2009-01-05,77.5,78.5,75.8,78.5,11
2009-01-06,75.6,78.1,75.6,78.1,4
2009-01-08,78,78,78,78,10
2009-01-14,75.1,77.2,75,77.2,140
2009-01-16,74.75,74.75,74.75,74.75,20
2009-01-19,74.8,74.8,73.3,73.3,15
2009-01-20,73.35,73.35,72,72.2,236
2009-01-21,72.25,72.25,72.25,72.25,6
2009-01-22,74,74,74,74,1
2009-01-27,73.9,73.9,73.9,73.9,50
2009-01-29,73.7,73.7,73.7,73.7,8
2009-02-03,71,72.95,68.05,68.05,10
2009-02-04,68.05,73,68.05,73,51
2009-02-09,69.95,72,69.95,72,182
2009-02-12,72.45,72.45,67,67,504
2009-02-13,70.35,70.35,70.35,70.35,1
2009-02-16,67.6,70,67.6,67.6,111
2009-02-17,68,68,68,68,1
2009-02-19,68,71,68,71,181
2009-02-23,73,73,73,73,11
2009-02-25,72,73,72,73,223
2009-02-26,71,73,71,73,41
2009-02-27,73,73,73,73,10
2009-03-02,71,71,71,71,25
2009-03-03,72,72,72,72,1
2009-03-04,73,73,73,73,1
2009-03-09,73,73,73,73,9
2009-03-10,72.95,72.95,72.95,72.95,19
2009-03-11,73,73,72,72,60
2009-03-13,68.25,70,68.25,70,151
2009-03-16,68.05,70.5,66,66,316
2009-03-17,70.45,70.45,70.45,70.45,1
2009-03-18,66,68.4,66,68.4,21
2009-03-19,68.5,69,68.5,69,74
2009-03-24,68.95,73,68.95,73,159
2009-03-27,72.75,72.75,70,71,96
2009-03-30,72.8,72.8,69,69,61
2009-03-31,70,72.8,69.9,69.9,111
2009-04-01,69.95,72.8,66.05,72.8,72
2009-04-02,72.8,73,70,73,59
2009-04-03,71.2,72.8,71,72.75,107
2009-04-06,71,73,71,73,105
2009-04-07,71.2,72,71.2,71.9,130
2009-04-08,71.9,72,71.9,72,25
2009-04-09,72,72,72,72,75
2009-04-14,72,73.6,72,73.6,237
2009-04-16,75,75,72,75,99
2009-04-17,75.9,78.9,75,78.9,80
2009-04-20,77.95,78,76,78,139
2009-04-21,76.5,76.9,76.5,76.75,51
2009-04-22,74,76,74,76,80
2009-04-23,78.85,78.85,75,75,23
2009-04-24,78,78,78,78,1
2009-04-27,71.2,75.2,71,75.2,101
2009-04-28,76,76,76,76,1
2009-04-30,75,75.9,75,75,39
2009-05-04,72.1,75.9,72.1,75.8,243
2009-05-05,75.6,77,74,74,174
2009-05-06,75.3,75.5,73,75.5,71
2009-05-08,72.1,74.9,71.05,74.9,63
2009-05-11,73,74.8,73,74.8,21
2009-05-12,72,73.9,72,72,47
2009-05-13,76,76,72.1,73,613
2009-05-14,71.05,71.05,71.05,71.05,30
2009-05-15,71.2,74.75,71.15,71.15,135
2009-05-19,71.5,71.5,71.4,71.4,50
2009-05-20,71.4,71.4,71.4,71.4,50
2009-05-21,71.35,71.4,71.35,71.4,84
2009-05-26,72.9,72.9,72.9,72.9,40
2009-05-27,72.9,72.9,72.9,72.9,14
2009-05-29,73,73.55,70,70,500
2009-06-01,69.4,69.4,69.05,69.05,35
2009-06-02,71.55,71.55,71.55,71.55,20
2009-06-03,71.5,72.1,71.5,71.7,131
2009-06-04,71.2,71.7,70,71.7,317
2009-06-05,71,72.6,71,72.6,18
2009-06-08,72.5,72.5,71,71,68
2009-06-15,70,70,69.55,69.55,32
2009-06-17,70,70.5,70,70,100
2009-06-18,70,70,70,70,28
2009-06-19,70.5,70.5,70,70,39
2009-06-22,69.55,69.55,69.05,69.05,53
2009-06-23,69.05,71.9,68.05,71.9,37
2009-06-25,71.9,71.95,71.9,71.95,10
2009-06-26,71.95,71.95,71.95,71.95,40
2009-07-09,71.4,71.4,69.1,69.1,24
2009-07-10,69.1,70,69.1,69.1,80
2009-07-13,69.05,69.05,69,69,22
2009-07-14,69.05,69.5,69.05,69.5,29
2009-07-15,69.5,69.5,69.5,69.5,5
2009-07-16,70.4,70.6,70.4,70.4,100
2009-07-17,70.6,70.6,70.6,70.6,20
2009-07-20,70.6,70.6,70.6,70.6,5
2009-07-21,70.9,72,70.9,72,111
2009-07-22,72,72,72,72,50
2009-07-23,70.1,72.2,70.1,72.2,49
2009-07-24,72.5,73,72.5,73,230
2009-07-27,73,73,72.5,72.5,77
2009-07-28,73,73.1,73,73.1,15
2009-07-29,72.7,72.7,72.7,72.7,38
2009-07-30,72.7,72.7,72.7,72.7,80
2009-07-31,73,75,71,74.55,677
2009-08-03,76,81,75,77,1193
2009-08-04,79.95,79.95,75.05,79.9,418
2009-08-05,78,79.95,78,79.95,87
2009-08-06,79.95,79.95,78,78,19
2009-08-07,77,77,77,77,18
2009-08-10,77,79.45,77,79,337
2009-08-11,79.45,82.5,79.45,82,729
2009-08-12,80.05,88,80.05,88,468
2009-08-13,88,88,87,88,145
2009-08-14,90,92,90,92,195
2009-08-17,89.9,90,89.9,90,40
2009-08-19,88.3,88.3,88,88,12
2009-08-20,88.95,88.95,85.1,85.6,55
2009-08-21,85.3,87,85,85,94
2009-08-24,85.2,86.9,85.2,86.9,40
2009-08-25,87.1,91.35,87.1,91.35,32
2009-08-26,91,98,91,95,267
2009-08-27,95.5,95.5,87,91,445
2009-08-28,94,94,92,92,57
2009-08-31,94,94,94,94,10
2009-09-02,94,94,85.15,85.15,61
2009-09-03,91.05,99,85.35,85.35,426
2009-09-04,92,93.7,92,93.7,115
2009-09-07,93.7,95,93.7,94.95,125
2009-09-09,94,100,91,100,720
2009-09-10,99.95,99.95,99.5,99.5,35
2009-09-11,100,100,100,100,50
2009-09-14,91.1,92,91.1,92,110
2009-09-15,99.9,99.95,99.5,99.5,82
2009-09-17,99.5,99.5,99.5,99.5,27
2009-09-18,99.4,99.4,99.4,99.4,20
2009-09-21,99.25,99.25,99.25,99.25,6
2009-09-22,99.25,99.25,99.25,99.25,5
2009-09-23,92.4,99,92.4,98.95,93
2009-09-24,92.6,98.8,92.4,98.8,132
2009-09-28,92.6,92.6,92.6,92.6,5
2009-09-29,98,98,91.8,92,1254
2009-09-30,92,92,92,92,176
2009-10-01,91.95,91.95,91.95,91.95,22
2009-10-02,91,91.95,91,91.95,85
2009-10-07,94,94,92,93.95,118
2009-10-08,91.95,91.95,91.95,91.95,20
2009-10-12,93.85,93.85,93.85,93.85,50
2009-10-13,86.5,88.2,86.5,88.2,2112
2009-10-14,87.05,88.2,87,88.2,604
2009-10-15,88.3,88.3,88.3,88.3,28
2009-10-16,86.6,88.2,86.6,88.2,80
2009-10-20,88.1,88.1,88,88,7
2009-10-21,89.5,89.5,87,89,155
2009-10-23,89.5,90,89,90,98
2009-10-26,89,89,89,89,115
2009-10-29,86.5,86.5,86.5,86.5,72
2009-10-30,86.8,86.8,86.8,86.8,167
2009-11-02,86,86.8,86,86,188
2009-11-03,86,86,85.05,85.05,50
2009-11-04,85.05,88,85.05,86.1,914
2009-11-05,86,86,86,86,161
2009-11-06,86,86,86,86,9
2009-11-09,86,89,85.05,89,152
2009-11-10,87.95,87.95,83.4,87.95,220
2009-11-12,87,87.2,87,87.2,14
2009-11-13,86,87.9,86,87.9,31
2009-11-16,84.05,87.5,83.4,87.5,85
2009-11-17,87.3,87.3,87.3,87.3,12
2009-11-18,87.2,87.35,84.9,84.9,308
2009-11-19,84.95,84.95,83.3,83.35,182
2009-11-20,80,80,80,80,110
2009-11-23,84,84,80,83,115
2009-11-24,83,83,82,82,53
2009-11-25,80.1,85.9,80,83.5,131
2009-11-26,84.15,84.15,80,83.95,14
2009-11-27,80,82,80,82,77
2009-11-30,82.9,82.9,81.3,81.3,13
2009-12-01,81.3,83,81.2,83,78
2009-12-02,83,83.9,83,83,222
2009-12-03,82.95,83.8,82.95,83.8,86
2009-12-04,83.8,83.8,83.8,83.8,33
2009-12-07,83.8,83.8,83,83.45,70
2009-12-08,83,83,82,82,54
2009-12-09,83,83,81.5,83,51
2009-12-10,81.5,81.5,80,80,234
2009-12-11,80,80,78,78.5,384
2009-12-14,81.15,81.15,80,80.95,12
2009-12-15,81.5,81.5,80,80,708
2009-12-16,81.7,81.7,81,81.4,25
2009-12-17,81.9,81.9,81,81.7,83
2009-12-18,81.9,81.9,80,80,82
2009-12-22,80.1,80.1,80,80,17
2009-12-28,81.7,81.85,81.7,81.85,10
2009-12-29,80.2,81.6,80.2,81.6,18
2009-12-30,81.6,81.6,81.6,81.6,5
2010-01-06,80,80,79.2,79.5,246
2010-01-07,80,80,80,80,50
2010-01-08,80.95,80.95,79.5,79.85,320
2010-01-11,79.3,79.8,79,79.8,27
2010-01-12,78.95,80,78.95,79.5,521
2010-01-15,78.95,78.95,78.95,78.95,7
2010-01-18,78.8,78.8,74,78.55,408
2010-01-19,78.9,78.95,78.7,78.7,105
2010-01-20,78.7,78.7,78.5,78.5,345
2010-01-21,78.5,78.5,78.5,78.5,145
2010-01-22,79,79,73.95,79,140
2010-01-25,74.5,79,74.5,76.5,46
2010-01-26,78.9,78.9,76.5,78.9,18
2010-01-28,78,78,76.5,76.5,98
2010-01-29,77.5,77.5,77,77,49
2010-02-01,77.7,77.7,77.5,77.5,126
2010-02-03,77.95,79,77.5,79,14
2010-02-04,78,78,78,78,26
2010-02-05,72.55,76.5,72.55,76.5,8
2010-02-08,76.5,78,76.4,78,135
2010-02-09,78,78,78,78,4
2010-02-17,76,77,73.25,76.95,276
2010-02-18,76,76,76,76,29
2010-02-19,76.5,76.5,76.5,76.5,9
2010-02-22,76.85,76.85,76.85,76.85,2
2010-02-23,76.4,76.95,75.8,76.95,119
2010-02-26,75,75.95,75,75.95,150
2010-03-01,76,76,75.9,75.9,11
2010-03-02,75.9,75.9,75.9,75.9,12
2010-03-04,76,76,75.8,75.8,23
2010-03-05,76,76,75.5,75.5,187
2010-03-09,76,76,76,76,23
2010-03-10,76.1,76.1,76.1,76.1,17
2010-03-11,76,76,76,76,42
2010-03-12,76.2,76.95,76.2,76.95,256
2010-03-15,78,81.95,76.95,81.95,1013
2010-03-16,83,83,80.05,80.05,194
2010-03-17,80.05,81,79.05,80.95,185
2010-03-18,80.5,97.4,80.5,97.4,5769
2010-03-19,100,102,95,97.5,5422
2010-03-22,91.1,95.9,89.1,92.3,1506
2010-03-23,91.9,91.9,89,91,852
2010-03-24,88.1,89.7,86.1,88.95,1284
2010-03-25,85,88.5,85,88.45,1416
2010-03-26,88.25,88.25,85.3,85.5,784
2010-03-29,84.15,86.85,84.15,85.2,512
2010-03-30,85,86.5,84.2,85.75,348
2010-03-31,84.4,85,84.2,84.2,222
2010-04-01,83,84.95,82.6,84.9,754
2010-04-06,84.5,84.9,83.3,84.9,282
2010-04-07,81,84.9,81,82.45,1337
2010-04-08,81.7,83.5,81.5,83.4,74
2010-04-09,83,83.5,82,83.25,412
2010-04-12,82.9,82.95,80.55,82.9,262
2010-04-13,83,83,80.1,82.05,627
2010-04-14,82.9,82.9,80.7,82.55,221
2010-04-15,82.55,84.9,82.55,83.9,775
2010-04-16,82.65,85.7,82.65,85.35,626
2010-04-19,85.35,85.35,81.9,82.05,484
2010-04-20,82.5,82.5,82,82,101
2010-04-21,82,82.15,82,82.1,315
2010-04-22,81.4,81.4,81.2,81.2,483
2010-04-23,81.2,81.2,80.7,80.7,47
2010-04-26,83.9,83.9,80,82.45,152
2010-04-27,82.45,82.45,79.9,81.95,133
2010-04-28,82.45,82.45,82,82,161
2010-04-29,83.4,83.4,83.4,83.4,1
2010-04-30,82.95,83.85,82.95,83.6,254
2010-05-04,83.85,85.6,81,85,273
2010-05-05,86.05,86.05,82.5,82.8,968
2010-05-06,83,84.45,82.9,82.9,203
2010-05-07,82.8,82.8,80.1,80.5,229
2010-05-10,80.5,84.95,80.5,83.3,140
2010-05-11,83,83,81,82.5,281
2010-05-13,82.5,83.45,82.5,82.5,305
2010-05-14,82,83.3,82,82.1,76
2010-05-17,83.3,83.3,80.55,82.45,17
2010-05-18,82.9,82.9,82.9,82.9,1
2010-05-19,80.9,81,80,80,137
2010-05-20,81,81,79,79,476
2010-05-21,78.35,82,77,82,217
2010-05-24,81.9,82,79,81.75,148
2010-05-25,79.2,79.2,79,79,76
2010-05-26,79.5,81,79,81,288
2010-05-27,80.95,80.95,80,80.85,21
2010-05-28,81.1,81.1,80,81,60
2010-05-31,81,81,77.05,79.8,844
2010-06-01,79.9,79.9,79,79.5,36
2010-06-02,79.5,79.5,79.5,79.5,1
2010-06-04,79,79,79,79,8
2010-06-07,77.6,77.6,77.6,77.6,9
2010-06-08,77.6,77.6,76,76.05,245
2010-06-09,76.2,76.6,76.1,76.6,78
2010-06-11,77,78,77,78,100
2010-06-14,77,80.8,76.25,80.45,834
2010-06-15,78.15,80,78.15,80,16
2010-06-16,80.4,80.4,80,80.35,17
2010-06-17,80.4,80.4,79.05,80.4,20
2010-06-18,79.05,80.4,79.05,79.05,37
2010-06-21,80.45,80.45,78.05,80,26
2010-06-22,79.95,80,78.05,79.95,81
2010-06-23,80.45,80.45,78.05,80.45,11
2010-06-24,80.4,80.4,78.15,80,33
2010-06-25,80.45,80.45,78.05,79.6,202
2010-06-28,80.3,80.35,80.25,80.3,82
2010-06-29,80.4,80.4,78.15,80.2,43
2010-06-30,80.1,80.1,78,79.8,42
2010-07-01,78.2,79.9,78.2,79.9,15
2010-07-02,80,80.4,79.95,79.95,16
2010-07-05,79.95,80.3,79.95,80.3,35
2010-07-06,80.3,80.3,78.3,80.2,27
2010-07-07,78.35,80,78.35,80,21
2010-07-08,78.35,79.95,78.35,79.95,46
2010-07-09,78.35,78.35,78.35,78.35,15
2010-07-12,79.85,80,79.85,80,66
2010-07-13,80.15,80.15,80.15,80.15,5
2010-07-14,78.55,78.55,78.55,78.55,20
2010-07-15,78.6,80,78.6,80,21
2010-07-19,78.6,80,78.55,78.55,63
2010-07-20,78.55,78.55,78.4,78.4,35
2010-07-21,79.9,79.9,79.85,79.85,20
2010-07-22,79.45,79.8,78.5,79.7,163
2010-07-23,79.85,79.9,79.5,79.5,86
2010-07-26,79.5,79.9,78.7,79.9,138
2010-07-27,79,79.9,78.75,78.75,188
2010-07-28,78.85,78.85,78.85,78.85,18
2010-07-30,78.85,79.8,78.8,79.8,20
2010-08-02,79.8,80,79.8,80,113
2010-08-03,80.05,80.05,78.85,78.85,326
2010-08-04,78.85,78.85,78.85,78.85,8
2010-08-05,78.8,78.8,78.8,78.8,4
2010-08-06,78.8,80.05,78.8,80.05,167
2010-08-09,80.1,80.1,79.05,79.55,131
2010-08-10,78.8,80,78.8,80,32
2010-08-11,78.8,79.5,78.75,79.5,68
2010-08-12,79.95,79.95,79.95,79.95,30
2010-08-13,79.95,80.05,79.95,80.05,37
2010-08-16,79.2,79.2,79.2,79.2,24
2010-08-17,80.05,80.05,80.05,80.05,9
2010-08-19,79,80.05,78.9,78.9,60
2010-08-20,79,79,78.9,78.9,30
2010-08-23,78.9,80.3,78.9,80.3,578
2010-08-24,80.5,80.5,79.15,79.15,210
2010-08-25,79.9,79.9,78.9,79.9,49
2010-08-26,78.8,78.8,78.8,78.8,20
2010-08-27,79.85,79.85,78.7,79.8,199
2010-08-30,78.2,79.5,78,78,20
2010-08-31,79.4,79.4,77.1,77.2,36
2010-09-01,79.4,79.4,79.4,79.4,2
2010-09-02,78.1,78.9,77,78.9,111
2010-09-03,79.15,79.15,79.15,79.15,2
2010-09-06,79,79,79,79,50
2010-09-07,79,79.45,79,79,239
2010-09-09,79,79.8,79,79.75,20
2010-09-10,79.85,79.85,79,79,10
2010-09-13,79.9,79.9,79.9,79.9,10
2010-09-14,79.9,80,79,79,189
2010-09-15,79,79.85,77.3,79.85,41
2010-09-16,77.55,79.55,76,79.55,276
2010-09-17,79.2,79.25,79.15,79.15,103
2010-09-20,79.15,79.6,79.15,79.6,37
2010-09-21,79.2,79.9,76.05,79.9,637
2010-09-22,79.4,79.4,79.4,79.4,31
2010-09-23,79.4,79.4,79.4,79.4,70
2010-09-24,79.5,79.5,79.4,79.4,60
2010-09-27,79.4,79.4,79.3,79.3,74
2010-09-28,79.3,79.3,77.1,77.6,133
2010-09-29,77.55,78.75,77,78.75,155
2010-10-01,78,78.9,78,78.9,22
2010-10-04,77.1,79,77.1,79,47
2010-10-05,79,79,79,79,60
2010-10-06,78,79.2,78,79.2,154
2010-10-07,79.25,79.5,79.25,79.5,34
2010-10-08,79.8,79.8,77.7,77.7,71
2010-10-11,78,78,77.65,77.65,61
2010-10-13,77.3,78.95,77.3,78.95,56
2010-10-14,79.1,79.4,79.1,79.4,108
2010-10-18,77.5,78.5,77.5,78.5,74
2010-10-19,78.5,78.95,78.5,78.5,89
2010-10-21,77.45,77.5,77.45,77.5,59
2010-10-22,77.45,77.45,77.35,77.35,43
2010-10-25,78.85,78.85,77.1,77.1,18
2010-10-26,77.1,79.4,77.1,79.4,70
2010-10-27,79.35,79.35,79.35,79.35,1
2010-10-28,79,79,79,79,20
2010-11-02,79,79,77.2,77.2,34
2010-11-03,77.2,77.2,77.2,77.2,24
2010-11-04,77.2,78.8,77.2,78.65,174
2010-11-05,78,78.95,78,78,286
2010-11-08,78,78.95,78,78.95,60
2010-11-09,79.35,79.5,79.1,79.1,378
2010-11-10,79.8,79.85,78.05,79.45,600
2010-11-12,78.05,79.4,78.05,79.4,82
2010-11-15,79.5,79.5,78.9,78.9,41
2010-11-16,78.9,78.9,77.3,77.3,141
2010-11-17,77.5,77.55,77.5,77.5,58
2010-11-18,78,78,78,78,11
2010-11-19,78.9,78.9,77.55,77.55,37
2010-11-22,77.5,78.85,77.2,78.85,315
2010-11-24,78,78.9,77.2,78.9,69
2010-11-25,78,78,76.95,77.05,97
2010-11-26,77.05,77.05,77.05,77.05,20
2010-11-29,77.05,78.65,76.95,78.65,84
2010-11-30,78.6,78.6,78.6,78.6,1
2010-12-01,78.5,78.5,78.5,78.5,8
2010-12-02,77.5,77.5,75.9,77.4,213
2010-12-03,78.25,78.3,77,78.3,42
2010-12-06,78.65,78.65,76.8,78.25,186
2010-12-07,77.25,77.25,77.25,77.25,3
2010-12-08,77.25,78.25,77.25,78.25,23
2010-12-09,78.7,78.7,78.7,78.7,174
2010-12-10,77.35,77.35,77.35,77.35,10
2010-12-13,77.35,77.35,77.35,77.35,4
2010-12-14,77.25,77.25,77.25,77.25,8
2010-12-15,77.95,78.05,77.95,78.05,92
2010-12-16,78.1,78.1,77.25,77.25,214
2010-12-17,77.25,77.25,77.25,77.25,38
2010-12-20,77.1,77.7,77.1,77.7,57
2010-12-21,77,77,76,76,159
2010-12-22,77,77,75,76,467
2010-12-23,75,75.8,75,75.8,154
2010-12-27,75.8,75.8,75.8,75.8,20
2010-12-28,74.9,75.8,74.9,75.8,102
2010-12-30,75.8,76.95,75.8,76.8,192
2011-01-03,75.4,76.95,75.4,76.95,35
2011-01-04,76,77,75,76,118
2011-01-05,75,75.6,75,75.55,150
2011-01-07,75.55,76.85,75.55,76.65,46
2011-01-11,76.55,76.55,76.55,76.55,27
2011-01-12,74.05,76.65,74.05,76.65,113
2011-01-13,76.6,76.6,76.6,76.6,65
2011-01-17,76.4,76.4,75,75,23
2011-01-18,75,76.35,75,76.35,105
2011-01-20,75.5,76.35,75.5,76.35,105
2011-01-21,76.4,76.4,76.4,76.4,3
2011-01-24,75.5,76,75.5,76,70
2011-01-25,76.4,76.7,76.4,76.7,189
2011-01-28,76.7,76.7,76.5,76.5,50
2011-01-31,75.1,75.1,75,75.1,132
2011-02-01,76,76.25,74.15,74.15,310
2011-02-02,75,75.9,75,75.7,107
2011-02-03,75.5,76.45,74,76.45,107
2011-02-04,75.5,75.5,74,75.45,51
2011-02-08,75.35,76,74,75.5,266
2011-02-09,75.5,75.5,75.5,75.5,49
2011-02-10,74.15,74.15,74.15,74.15,25
2011-02-11,74.1,75.9,74.1,75.9,35
2011-02-14,75.9,75.9,74,75,241
2011-02-15,75.5,75.5,75,75.5,46
2011-02-17,74.6,75.95,74.55,75.95,107
2011-02-18,76,76,75.5,75.5,108
2011-02-21,75.6,75.6,75.6,75.6,58
2011-02-22,76.5,76.5,76.45,76.45,29
2011-02-23,75.1,75.1,75.1,75.1,3
2011-02-25,75.2,76.7,75.05,75.05,307
2011-02-28,75.8,75.8,75.8,75.8,14
2011-03-01,75.8,75.8,73.15,75.75,72
2011-03-03,75.35,75.35,73.2,75.35,13
2011-03-04,73.6,73.6,73.6,73.6,10
2011-03-08,74.2,74.2,74.2,74.2,96
2011-03-09,74.2,74.2,74.2,74.2,10
2011-03-10,75.5,75.5,74.2,74.2,41
2011-03-11,75.5,75.5,75.5,75.5,4
2011-03-14,75.5,75.5,75.5,75.5,13
2011-03-15,75.5,75.5,72.6,72.95,98
2011-03-16,75,75,73.55,74,54
2011-03-17,73.6,76.3,73.5,76.3,120
2011-03-18,76,76.4,76,76,296
2011-03-21,76.1,76.1,76.1,76.1,58
2011-03-23,76.1,76.5,76.1,76.5,127
2011-03-24,75,75,75,75,10
2011-03-25,75.2,75.25,75.2,75.25,85
2011-03-28,72.35,72.35,72.35,72.35,22
2011-03-29,72.7,73,72.7,73,15
2011-03-30,73.5,73.5,73.5,73.5,25
2011-03-31,73.8,73.8,73.6,73.6,40
2011-04-01,73.6,73.6,73.5,73.5,160
2011-04-04,73.5,73.6,73.5,73.6,77
2011-04-06,73.6,75.5,73.6,75.5,87
2011-04-07,73.6,75,73.6,75,171
2011-04-08,73.7,73.7,73.7,73.7,10
2011-04-11,75.1,75.5,75.1,75.5,35
2011-04-14,73.7,73.7,73.5,73.5,124
2011-04-19,73.55,75,73.55,75,84
2011-04-20,75.45,76.5,75.45,76.5,253
2011-04-21,76.5,76.9,76.5,76.9,87
2011-04-26,76.9,77,76.9,77,408
2011-04-27,77,77,77,77,61
2011-05-04,73.7,76.7,73.7,76.5,71
2011-05-05,76.5,76.5,76.5,76.5,10
2011-05-06,74.6,76,74.1,76,23
2011-05-09,75.2,75.2,75.2,75.2,5
2011-05-10,75.95,76,75.95,76,475
2011-05-11,76,76,76,76,18
2011-05-12,76,76,76,76,20
2011-05-13,75.95,77,75.1,77,415
2011-05-16,76,77,76,76,298
2011-05-17,76,76,75,75,15
2011-05-18,75.2,76,75.2,76,65
2011-05-19,75,76.7,75,76.7,30
2011-05-24,74.8,74.8,74.2,74.2,125
2011-05-25,74.25,76,74.25,76,97
2011-05-26,74.3,74.3,74.3,74.3,1
2011-05-27,75.95,75.95,75.95,75.95,29
2011-05-30,74.35,76.05,74.35,76.05,177
2011-05-31,74.5,74.5,74.5,74.5,2
2011-06-01,75,76.7,75,76.7,147
2011-06-02,76.6,76.6,76.6,76.6,3
2011-06-03,76.6,76.6,76.6,76.6,50
2011-06-07,75,75,75,75,25
2011-06-09,75.3,75.3,75,75,22
2011-06-10,75.05,76.45,75,76.45,65
2011-06-13,75.1,75.1,75.05,75.05,34
2011-06-15,74.7,74.7,73.5,73.5,120
2011-06-17,74.5,75,72.1,75,59
2011-06-21,73.15,73.15,73.15,73.15,27
2011-06-27,71.35,71.35,71.35,71.35,50
2011-06-28,71.5,71.5,67.6,67.6,728
2011-06-29,67.7,68.9,67.6,67.6,66
2011-06-30,67.6,69.6,67.6,69.6,91
2011-07-04,70.3,70.3,70.25,70.25,23
2011-07-06,67.6,68,67.6,67.7,210
2011-07-07,68,69.3,68,69.25,52
2011-07-08,69.3,70,69.3,70,74
2011-07-13,69.6,69.6,69.6,69.6,20
2011-07-14,66.95,66.95,66.95,66.95,96
2011-07-19,66.8,66.8,65.7,65.7,37
2011-07-20,67.9,67.9,66.7,67.9,64
2011-07-21,67.85,67.85,66,67.5,336
2011-07-26,70,70,70,70,1
2011-07-29,67.5,70,66.7,70,101
2011-08-01,69.9,69.9,69.9,69.9,54
2011-08-02,66.7,69.9,66.7,69.9,4
2011-08-04,68,69.9,66,69.9,301
2011-08-05,56.7,66.9,56.7,60,255
2011-08-08,61,66,60,60,230
2011-08-09,62,66.75,51.6,61.95,210
2011-08-10,65.9,65.9,60,63.95,522
2011-08-11,62,63.4,59,62.95,199
2011-08-12,61.4,63,60,62.85,343
2011-08-16,62.4,62.4,60.05,60.05,339
2011-08-17,62.8,62.8,62.8,62.8,1
2011-08-18,60.35,61.9,59.95,61,634
2011-08-19,61.55,61.55,61.15,61.2,244
2011-08-22,60,61.45,58.1,60.95,528
2011-08-23,58,60.7,58,60.7,109
2011-08-25,59.95,59.95,59.95,59.95,100
2011-08-26,59.45,59.45,55.3,55.45,73
2011-08-29,57.15,59,56.55,56.65,293
2011-09-01,58.95,58.95,56.2,58.9,95
2011-09-05,56.25,56.25,56.2,56.25,287
2011-09-06,53.75,56,53.75,56,51
2011-09-08,56,57,56,57,30
2011-09-09,56.2,56.2,56.2,56.2,82
2011-09-12,56.5,56.5,50,55.95,160
2011-09-15,54.95,54.95,54.95,54.95,6
2011-09-16,57.95,57.95,57.95,57.95,25
2011-09-19,57.5,57.5,55.05,57.45,533
2011-09-20,55.3,55.3,55.3,55.3,150
2011-09-21,56.95,56.95,56.95,56.95,15
2011-09-22,52.55,54.95,51.3,54.95,198
2011-09-23,53.5,53.5,53.5,53.5,30
2011-09-26,56.3,56.3,54.3,54.3,34
2011-09-27,56.3,56.3,56.25,56.25,2
2011-09-28,54.3,54.8,51,54.6,352
2011-09-29,54.6,54.9,54.6,54.9,50
2011-09-30,52.6,54.5,52.55,54.5,61
2011-10-03,52.45,52.45,52.4,52.4,175
2011-10-05,51.3,51.3,51.3,51.3,198
2011-10-06,52,52.9,52,52.9,37
2011-10-11,51,52.9,51,52.9,24
2011-10-12,52.45,52.5,52.45,52.5,65
2011-10-14,51,52.95,50.55,52.95,26
2011-10-17,51,52.85,51,52.85,10
2011-10-18,51.1,51.1,51.1,51.1,10
2011-10-21,51.1,51.1,51.1,51.1,100
2011-10-24,50.5,51.95,50.1,51.95,167
2011-10-25,51.95,51.95,50,51,96
2011-10-27,51.5,51.85,51,51.85,120
2011-10-28,52.3,52.3,52.3,52.3,100
2011-10-31,51.15,52.45,50,52.45,99
2011-11-02,50,52.2,50,52.2,102
2011-11-04,51.1,51.1,51.1,51.1,12
2011-11-07,52.25,52.25,52.25,52.25,1
2011-11-08,52.35,52.35,52.3,52.3,6
2011-11-09,52.35,52.35,52.25,52.3,42
2011-11-10,51.25,51.25,51.05,51.05,77
2011-11-15,50.1,52.25,50,50.05,162
2011-11-17,51,51,50.05,50.05,8
2011-11-22,50.05,50.1,50.05,50.05,119
2011-11-23,50,50,50,50,14
2011-11-24,50,50,50,50,16
2011-11-25,50.95,50.95,50,50,105
2011-11-30,50,50,49,50,55
2011-12-01,50,50,50,50,6
2011-12-02,49.5,49.5,49.5,49.5,102
2011-12-05,51.4,51.4,51.4,51.4,4
2011-12-07,50.65,50.65,49,50.5,375
2011-12-08,47.6,51,47.6,50.95,103
2011-12-14,47,50,47,50,156
2011-12-15,45.1,49.5,45.01,49.2,254
2011-12-19,49,49,46.61,46.61,43
2011-12-20,46.34,46.34,44.11,44.11,235
2011-12-22,44.5,44.5,44.5,44.5,2
2011-12-23,44.1,44.1,43.82,43.82,111
2011-12-27,43.82,45.7,43,45.7,254
2011-12-28,46.1,46.1,44.05,44.05,4
2011-12-29,45,45,45,45,30
2011-12-30,44.06,49.4,44.05,45.01,627
2012-01-03,46.2,46.21,46.2,46.21,203
2012-01-04,48.3,48.3,48.19,48.19,10
2012-01-05,48.1,48.1,48.1,48.1,2
2012-01-09,48.15,48.15,48.15,48.15,1
2012-01-10,48.05,48.05,48.05,48.05,10
2012-01-11,48,48,48,48,30
2012-01-17,46.21,48.39,46.21,48.39,48
2012-01-18,46.3,48.34,46.3,48.34,20
2012-01-19,48.36,48.36,48.36,48.36,75
2012-01-20,48.34,48.34,48.34,48.34,7
2012-01-25,48,48,48,48,8
2012-01-26,48.2,48.35,48.2,48.35,110
2012-01-27,48.35,48.5,48.35,48.49,120
2012-01-30,46.51,48.49,46.51,48.49,23
2012-02-01,46.55,48.5,46.55,48.35,305
2012-02-02,48.35,48.5,48.35,48.5,60
2012-02-03,48.51,50.5,48.51,50.3,944
2012-02-06,51,52.4,51,52.35,357
2012-02-07,52.45,52.85,52.45,52.85,79
2012-02-08,52.95,52.95,51.65,52.5,96
2012-02-09,52.5,53.5,52.4,53.5,82
2012-02-10,53.4,53.4,51.7,52.5,246
2012-02-13,52.35,55,52.35,55,297
2012-02-14,54,54,52.55,54,75
2012-02-15,53.95,53.95,52.6,52.6,137
2012-02-16,52.8,53.1,52.8,53,55
2012-02-17,53.95,54,53.95,54,195
2012-02-20,54.95,54.95,54.95,54.95,4
2012-02-22,54.9,54.9,54.9,54.9,50
2012-02-24,53.25,54.85,53.25,54.85,17
2012-02-27,53.35,54.7,53.35,54.7,25
2012-02-28,54.65,54.65,54.65,54.65,100
2012-02-29,53.1,53.95,49.8,53.95,360
2012-03-02,52.2,52.2,51.7,52,267
2012-03-06,51.1,51.5,51,51.5,265
2012-03-07,51.6,51.8,51.6,51.8,65
2012-03-09,51.6,51.6,51.6,51.6,20
2012-03-14,51.6,52.8,50,52.7,124
2012-03-19,52.75,53,52.75,53,365
2012-03-20,54,54,52.2,52.25,79
2012-03-21,52,53,52,53,20
2012-03-22,53.6,53.6,51,52.7,265
2012-03-23,52.9,52.9,52.1,52.9,65
2012-03-26,52.1,52.1,52.1,52.1,240
2012-03-27,52.1,52.1,52.1,52.1,10
2012-03-28,52.7,52.7,52.05,52.05,115
2012-03-29,52,52.2,51.7,51.7,16
2012-03-30,52.2,52.2,50,51,790
2012-04-02,50.25,51,48.01,50.25,470
2012-04-03,50.65,50.65,50.65,50.65,5
2012-04-04,48.2,50.6,48.2,49.19,17
2012-04-05,49.85,50.3,49.56,49.56,60
2012-04-10,49.12,49.5,48.5,48.5,192
2012-04-11,48.51,49,48.51,49,32
2012-04-12,49,49,48.28,48.4,214
2012-04-13,48.31,48.35,48.31,48.34,89
2012-04-16,48.34,48.34,48.02,48.02,42
2012-04-17,48.01,48.01,47.5,47.5,80
2012-04-18,48,48.33,48,48.32,142
2012-04-19,48.4,48.88,47.91,48.88,224
2012-04-20,48.2,48.34,47.61,47.61,395
2012-04-23,47.6,47.6,45,46.41,542
2012-04-24,48.03,48.88,45.01,46.96,299
2012-04-25,47.77,48.99,47,48.99,1189
2012-04-26,46,47.57,46,47.57,37
2012-04-27,47,47,44.02,46.65,1051
2012-04-30,47.5,47.5,46.3,46.96,261
2012-05-02,44.62,45.26,44.62,45.26,5
2012-05-04,44.77,45,36.67,39.28,4570
2012-05-07,39.62,39.62,35.64,35.91,9790
2012-05-08,36.29,39,35.5,39,4233
2012-05-09,38.9,47,38.9,42,9258
2012-05-10,43.5,43.5,40.89,40.89,525
2012-05-11,40.28,40.28,40.2,40.2,69
2012-05-14,40,40,39,39,125
2012-05-15,39.55,42.5,39.55,42.5,2
2012-05-16,42,42,38,39,521
2012-05-17,39.5,40,38.01,39,757
2012-05-18,39,39,36.51,38.46,448
2012-05-21,37.89,38.45,37.89,38.45,27
2012-05-23,41.89,41.89,37.99,39.87,721
2012-05-24,39.28,39.28,39.28,39.28,90
2012-05-25,38.7,38.7,38.7,38.7,18
2012-05-28,38.22,38.75,38.18,38.18,230
2012-05-29,39,39.09,37.5,39.09,198
2012-05-31,40.22,40.22,37.99,40.11,209
2012-06-01,38,38.3,38,38.3,21
2012-06-04,39.03,39.55,39,39,324
2012-06-05,38.42,38.8,38.21,38.21,254
2012-06-08,37.64,37.64,37.26,37.26,50
2012-06-11,38.06,38.61,37.51,38.6,202
2012-06-14,38.1,38.1,38.1,38.1,39
2012-06-18,38.01,38.01,37.01,37.53,360
2012-06-19,37.53,37.53,37.53,37.53,357
2012-06-25,36.97,36.97,36.97,36.97,75
2012-06-26,36.97,36.97,36.97,36.97,160
2012-06-27,36.56,36.56,36.56,36.56,10
2012-06-28,37.09,39.5,37.09,37.85,470
2012-06-29,37.85,39.5,36.06,39.5,1696
2012-07-02,36.1,36.59,35.48,35.8,7136
2012-07-03,35.8,35.8,35.3,35.39,2357
2012-07-04,35.47,35.47,34.3,34.5,1878
2012-07-05,34.15,34.45,34,34.16,2016
2012-07-06,34.16,34.5,34.16,34.2,929
2012-07-09,34.3,34.3,34.17,34.3,1492
2012-07-10,34.3,34.3,33,33.45,2141
2012-07-11,33.11,33.15,33,33.01,1360
2012-07-12,32.51,32.52,32.1,32.1,814
2012-07-13,31.9,31.9,31,31.35,3950
2012-07-16,31.3,31.3,29.46,29.8,9732
2012-07-17,29.52,30,29.47,29.85,3547
2012-07-18,29.99,30.5,29.9,29.91,7268
2012-07-19,29.8,30,29.66,29.66,1521
2012-07-20,29.51,30.5,29.51,29.6,8779
2012-07-23,29.6,29.8,29.22,29.5,1444
2012-07-24,29.23,29.23,28.75,28.8,5028
2012-07-25,28.8,28.8,28,28.3,51065
2012-07-26,28.3,29.3,28.2,29.1,1690
2012-07-27,29.48,29.5,28.7,29,2072
2012-07-30,29.06,29.75,29.06,29.67,632
2012-07-31,29.95,31.73,29.79,31.29,1956
2012-08-01,31.25,31.28,30.3,31.02,624
2012-08-02,30.3,31,29.41,29.41,2412
2012-08-03,29.5,30.71,29.41,30,1706
2012-08-06,30,30.2,29.6,30.2,582
2012-08-07,29.8,30,29.79,30,590
2012-08-08,29.57,29.71,29.45,29.46,1245
2012-08-09,29.66,29.66,28.65,29.15,3652
2012-08-10,29,29,28.66,28.66,4387
2012-08-13,28.99,28.99,28.55,28.99,5622
2012-08-14,29,29,28.4,28.6,1710
2012-08-16,28.52,28.52,27.52,28.5,1519
2012-08-17,28.49,28.49,27.73,27.9,10014
2012-08-20,27.9,28.09,27.7,27.8,13841
2012-08-21,27.9,27.9,27.51,27.84,6275
2012-08-22,27.98,28,27.5,28,546
2012-08-23,28,28.5,27.72,28.05,1154
2012-08-24,28.65,28.65,28.36,28.48,444
2012-08-27,28.63,28.68,28.25,28.3,1722
2012-08-28,28.1,28.45,28,28.41,863
2012-08-29,28.5,28.5,27.61,28.3,615
2012-08-30,28,28,27.64,28,437
2012-08-31,28,28,27.63,28,783
2012-09-03,28.1,28.35,28,28,1214
2012-09-04,28.35,28.35,27.65,27.9,147
2012-09-05,28,28,27.65,27.66,466
2012-09-06,27.75,27.75,27.55,27.7,723
2012-09-07,27.75,28,27.75,28,3634
2012-09-10,27.75,28,27.75,27.8,914
2012-09-11,28,28.2,27.91,28,19108
2012-09-12,27.67,28.4,27.67,28,24247
2012-09-13,28.24,28.24,27.97,28,1014
2012-09-14,28.1,28.28,28,28,3708
2012-09-17,28.01,28.12,27.9,28,2972
2012-09-18,28,28,27.65,27.8,33081
2012-09-19,27.8,27.8,27.01,27.5,9517
2012-09-20,27.5,27.5,27.18,27.5,106598
2012-09-21,27.5,29.52,27.5,29,27606
2012-09-24,29.56,30,29.3,29.94,3642
2012-09-25,29.97,31.7,29.97,31.14,7725
2012-09-26,31.11,31.99,30.82,31.99,13404
2012-09-27,33,33.7,31.73,33.5,12187
2012-09-28,33.5,34.8,33.5,34.2,25998
2012-10-01,34.2,34.5,32.03,33.79,6817
2012-10-02,33.89,33.9,32.85,33,17670
2012-10-03,32.6,32.9,32.2,32.69,1551
2012-10-04,32.5,32.5,31.5,31.8,3751
2012-10-05,31.81,33.5,31.81,33.5,1246
2012-10-08,33.6,33.6,33.05,33.4,1563
2012-10-09,33.05,33.4,31.8,33.4,6731
2012-10-10,33.4,33.4,32.61,32.65,2412
2012-10-11,32.4,32.5,32.22,32.4,1333
2012-10-12,32.2,32.21,32.05,32.05,1053
2012-10-15,31.82,32,31.57,31.99,466
2012-10-16,32,32.39,32,32.35,1149
2012-10-17,32.74,33.1,32.74,33.08,12891
2012-10-18,33.5,33.5,32.52,33,838
2012-10-19,32.9,32.9,32.2,32.2,892
2012-10-22,31.55,32.59,31.5,32.28,3204
2012-10-23,31.8,32.25,31.61,32,2515
2012-10-24,31.54,31.99,31.51,31.51,305
2012-10-25,31.53,31.89,30.62,30.67,11944
2012-10-26,30.61,31,30,31,5238
2012-10-29,31,31,31,31,120
2012-10-30,31,31.3,30.97,31.3,266
2012-10-31,31.3,31.9,31.3,31.55,162
2012-11-02,31.93,31.93,31,31,648
2012-11-05,31,31.4,31,31.4,554
2012-11-06,31.86,31.86,30.93,30.93,650
2012-11-07,30.86,30.86,30.73,30.73,125
2012-11-08,30.33,30.45,30.07,30.1,1877
2012-11-09,30.05,30.05,29.6,29.6,1321
2012-11-12,29.6,29.6,29.03,29.1,1221
2012-11-13,29.1,29.42,29.05,29.42,433
2012-11-14,29.45,29.45,28.99,28.99,1747
2012-11-15,29,29.36,28.9,28.9,699
2012-11-16,29.2,29.29,28.9,28.9,1363
2012-11-19,29,29.28,28.61,28.61,1894
2012-11-20,29.19,29.51,29.04,29.05,4404
2012-11-21,29.12,29.75,29.12,29.3,247
2012-11-22,29.66,30,28.9,30,1434
2012-11-23,30.35,30.35,29.01,29.9,924
2012-11-26,30.24,30.24,28.87,29.74,2472
2012-11-27,30.09,30.09,29.01,29.48,2139
2012-11-28,29.47,29.47,28.92,29.34,1049
2012-11-29,29.04,29.14,28.95,29.14,1500
2012-11-30,29.85,29.85,28.85,29.25,5627
2012-12-03,29.9,29.9,29.25,29.45,3840
2012-12-04,29.65,29.95,29.45,29.95,1702
2012-12-05,29.97,29.97,29.54,29.54,2913
2012-12-06,29.58,29.58,29.15,29.5,1292
2012-12-07,29.21,29.5,29.21,29.5,2561
2012-12-10,29.9,29.97,29.37,29.5,1569
2012-12-11,29.8,29.8,29.2,29.21,6307
2012-12-12,29.21,29.44,29.15,29.4,6143
2012-12-13,29.39,29.39,29.14,29.14,1807
2012-12-14,29.12,29.48,29.1,29.4,9386
2012-12-17,29.43,29.45,28.5,28.8,5745
2012-12-18,29.25,29.25,28.21,28.49,11608
2012-12-19,28.42,29.25,28,29.25,217042
2012-12-20,29.25,29.96,28.82,28.89,8527
2012-12-21,28.84,29.9,28.7,29.9,17750
2012-12-27,29.74,31.37,29.55,30.6,31757
2012-12-28,31.04,31.47,29.44,30,16339
2013-01-02,31,31,30,30.55,6140
2013-01-03,30.93,30.93,30.6,30.6,2649
2013-01-04,30.6,30.6,29.6,30,3132
2013-01-07,30,30,29.61,29.64,850
2013-01-08,29.63,30.1,29.6,30,1940
2013-01-09,30.3,30.3,29.56,30,3065
2013-01-10,30.3,30.3,29.62,29.85,2294
2013-01-11,29.7,30,29.65,29.99,4302
2013-01-14,30,30.15,29.9,30,12422
2013-01-15,30.1,30.28,29.85,29.89,2550
2013-01-16,29.9,30,29.18,29.85,7419
2013-01-17,29.5,30.8,29.5,30.75,19230
2013-01-18,31.2,33.7,31.2,33.48,77106
2013-01-21,34.2,35.3,34,34.9,37137
2013-01-22,35,35.4,34.51,35,13776
2013-01-23,35.05,35.99,34.63,35.99,8598
2013-01-24,35.98,35.98,35.17,35.93,11632
2013-01-25,35.89,35.91,35.41,35.91,93939
2013-01-28,35.74,35.74,35.06,35.08,7368
2013-01-29,35.04,35.04,34.17,34.17,3188
2013-01-30,34.17,34.79,34.17,34.25,1503
2013-01-31,34.25,34.48,33.5,33.99,6973
2013-02-01,33.95,34.29,33.8,33.99,2441
2013-02-04,33.8,34,33.8,34,795
2013-02-05,33.8,33.8,33.5,33.52,2758
2013-02-06,33.18,33.78,33.17,33.17,4691
2013-02-07,33.04,33.33,32.5,32.98,5599
2013-02-08,32.6,33.44,32.27,33.44,3940
2013-02-11,33.44,35,33,33.98,1738
2013-02-12,33.11,34.44,33,34.38,3162
2013-02-13,34.38,34.38,33.6,33.9,550
2013-02-14,33.65,34.2,33,34,699
2013-02-15,33.7,34,33.33,34,1965
2013-02-18,33.51,33.51,33.1,33.1,1785
2013-02-19,33.1,33.1,32.8,32.87,2573
2013-02-20,32.71,32.87,31.6,31.9,3488
2013-02-21,31.75,31.75,31.3,31.49,1057
2013-02-22,31.45,34,31.45,32,3307
2013-02-25,33.44,33.44,32.51,33,2509
2013-02-26,33,33.9,32.52,33.65,943
2013-02-27,33.8,34.3,33.5,34,18509
2013-02-28,33.8,33.95,33.1,33.9,1795
2013-03-01,33.9,33.95,33.7,33.8,703
2013-03-04,33.9,34,33.41,33.94,1132
2013-03-05,33.9,33.94,33.66,33.9,803
2013-03-06,33.99,35.2,33.9,34.6,5924
2013-03-07,35.04,35.04,33.8,34.4,1706
2013-03-08,34.5,35.24,33.9,35,8406
2013-03-11,35.3,35.32,34.5,34.5,3472
2013-03-12,35,35.15,34.51,34.9,1031
2013-03-13,34.6,35,34.12,34.82,2230
2013-03-14,34.99,35.09,34.5,34.5,2331
2013-03-15,34.15,35.06,34.1,34.1,976
2013-03-18,34.06,34.06,33.58,33.7,2076
2013-03-19,33.5,33.5,32.65,33.2,1683
2013-03-20,32.67,33.49,32.5,32.53,3353
2013-03-21,32.51,33,31.5,32,2988
2013-03-22,32,32,30.15,31.4,8349
2013-03-25,31.4,32,30.67,31,1498
2013-03-26,31.51,31.51,30.17,30.33,1236
2013-03-27,30.33,30.77,29.8,30.76,14609
2013-03-28,31,32.88,30.9,31.99,4384
2013-04-02,31.99,31.99,30.51,30.99,1742
2013-04-03,30.99,31,30.15,30.5,1790
2013-04-04,30.15,30.5,29.85,30.15,3702
2013-04-05,30.15,30.15,29.85,29.99,2178
2013-04-08,29.62,29.99,29.62,29.8,1419
2013-04-09,29.7,29.7,29.6,29.6,620
2013-04-10,29.6,30,29.6,29.7,7564
2013-04-11,29.89,29.89,29.65,29.65,1506
2013-04-12,29.75,30.3,29.5,29.5,1848
2013-04-15,30.9,30.9,29.3,29.99,51691
2013-04-17,30,30,29.06,29.4,58095
2013-04-18,30.9,30.9,29.4,29.79,1223
2013-04-19,29.5,30,29,30,1413
2013-04-22,30.29,30.4,29.08,29.55,5406
2013-04-23,29.12,29.12,29,29,1022
2013-04-24,29.5,29.5,29.01,29.01,3208
2013-04-25,29.1,29.1,29.1,29.1,590
2013-04-26,29.1,29.41,29.1,29.31,337
2013-04-29,29.31,30.35,28.5,30.2,1122
2013-04-30,29.5,30.79,29.14,29.45,3218
2013-05-02,29.95,29.95,29.51,29.56,490
2013-05-06,29.56,29.56,29.56,29.56,417
2013-05-07,30,30,29.3,30,76801
2013-05-08,30.45,30.45,29.5,29.55,2046
2013-05-09,29.42,30.49,29.42,30,3028
2013-05-10,29.7,30,29.7,30,3101
2013-05-13,30,30,29.6,29.95,1750
2013-05-14,30,30.45,29.75,30,36623
2013-05-15,30.5,30.5,29.48,29.99,51814
2013-05-16,29.98,29.98,29.68,29.95,1409
2013-05-17,30,30,29.62,29.9,504
2013-05-20,29.8,30,29.8,30,293
2013-05-21,30,30.15,29.83,29.83,5754
2013-05-22,29.9,29.9,29.84,29.9,2080
2013-05-23,30,30,29.1,29.7,2022
2013-05-24,29.8,29.8,29.37,29.7,1112
2013-05-27,29.79,31.2,29.7,31.2,2876
2013-05-28,31.2,32,31.1,31.52,5975
2013-05-29,31.5,31.9,31,31,3898
2013-05-31,31.45,31.55,30.65,31.09,2035
2013-06-03,31,31,30.2,30.6,4314
2013-06-04,30.5,31.5,30.3,31.5,1183
2013-06-05,31.47,31.47,31.17,31.3,15981
2013-06-06,31.3,32.79,31.3,32.13,6060
2013-06-07,32.5,33.59,32.5,33.59,12221
2013-06-10,33.7,34.21,33.61,33.94,5803
2013-06-11,34.3,34.3,33,33.34,5100
2013-06-12,33.49,33.65,33.25,33.51,6317
2013-06-13,33.25,33.5,31.81,33,5688
2013-06-14,33,33.34,32.5,32.51,1296
2013-06-17,32.65,34.3,32.65,33.54,19505
2013-06-18,33.5,34.9,33.5,34.7,18700
2013-06-19,34.7,35.06,34.18,34.7,6512
2013-06-20,35,35,32.7,33.46,13117
2013-06-21,33.46,33.55,32.36,32.38,5417
2013-06-24,32.5,33.4,32.5,33.4,4713
2013-06-25,33.1,33.9,33.1,33.6,1148
2013-06-26,33,33.4,32.12,33.4,3005
2013-06-27,33.01,33.35,32,32.27,6002
2013-06-28,32.25,32.99,30.71,32.97,6801
2013-07-01,32.52,32.53,32.05,32.1,306
2013-07-02,32.11,33,32.11,33,6611
2013-07-03,32.51,33,32.2,33,947
2013-07-04,33,33,32.99,32.99,1218
2013-07-05,32.99,32.99,32.26,32.99,604
2013-07-08,32.99,33,32.21,32.5,334
2013-07-09,32.5,32.5,32,32,1284
2013-07-10,31.3,32.47,31.3,32.45,1344
2013-07-11,32.44,34.5,32.44,34.2,3817
2013-07-12,34.2,34.7,34,34.45,5250
2013-07-15,34.2,34.5,34,34,2679
2013-07-16,34,34.1,33.8,34.1,2245
2013-07-17,34,34.38,34,34.38,1984
2013-07-18,34.48,34.5,34.1,34.5,4008
2013-07-19,34.65,34.85,33.8,34.6,2254
2013-07-22,34.25,34.25,34,34.24,2443
2013-07-23,34,34.25,34,34.25,1861
2013-07-24,34.24,34.49,33.9,34.49,3171
2013-07-25,34.25,34.25,34,34,1565
2013-07-26,34.2,34.25,34.2,34.24,1689
2013-07-29,33.85,34.45,33.85,34.25,3291
2013-07-30,34.25,34.9,34.09,34.9,14914
2013-07-31,35,37.1,35,37.1,36917
2013-08-01,37.1,37.5,37.1,37.13,13346
2013-08-02,37.13,37.4,36.8,37.39,7522
2013-08-05,37,37.2,36.8,37.01,4899
2013-08-06,36.41,37,36.1,36.12,4144
2013-08-07,36.02,36.74,35.7,36.3,3867
2013-08-08,36.33,37,36.33,36.95,6404
2013-08-09,36.95,37,36.28,37,5834
2013-08-12,37,37,36.5,36.8,844
2013-08-13,36.8,37.5,36.71,37.2,3822
2013-08-14,37,37.83,36.77,37.6,58819
2013-08-16,37.1,37.54,37.02,37.12,26955
2013-08-19,37.2,37.5,37,37.15,3909
2013-08-20,37.11,37.2,36.81,37.1,4500
2013-08-21,37.29,38.47,37.29,37.84,9231
2013-08-22,38,38.15,38,38.15,3638
2013-08-23,38.1,38.1,37.91,38,4531
2013-08-26,38,38.25,38,38,2733
2013-08-27,38,38,37.28,37.32,51162
2013-08-28,37,37,36.3,36.7,120868
2013-08-29,36.45,37.1,36.33,37.1,4467
2013-08-30,37.3,37.9,37.1,37.8,1704
2013-09-02,37.99,39.6,37.99,39.5,9078
2013-09-03,39.8,40.85,39.6,39.9,7966
2013-09-04,40.98,40.98,39,39,5477
2013-09-05,38.53,38.53,35.4,36.98,8532
2013-09-06,36.55,38,36.55,37.8,3142
2013-09-09,38.34,39.2,38.34,39.2,777
2013-09-10,39.21,40,39.21,39.79,2295
2013-09-11,39.99,39.99,39.3,39.96,1306
2013-09-12,39.98,40,39.25,40,21196
2013-09-13,39.98,39.98,39.45,39.98,451
2013-09-16,39.3,39.99,39.3,39.5,1404
2013-09-17,39,39.5,39,39.15,959
2013-09-18,39.15,39.22,39.15,39.22,445
2013-09-19,39.5,39.97,39.27,39.52,1971
2013-09-20,39.01,39.5,38.51,38.66,794
2013-09-23,38.55,38.55,38.15,38.16,2248
2013-09-24,37.95,38.5,37.15,38.5,1439
2013-09-25,38.12,38.88,38.1,38.41,1339
2013-09-26,38.5,38.63,38.1,38.1,1671
2013-09-27,38.79,39.1,38.7,39.1,405
2013-09-30,39,39,38.2,38.3,619
2013-10-01,38.1,38.94,38.1,38.74,2341
2013-10-02,39.4,39.4,38.3,38.32,1448
2013-10-03,38.69,39.05,38.3,38.98,1040
2013-10-04,38.97,38.97,38.3,38.31,865
2013-10-07,38.32,38.86,38.3,38.49,1213
2013-10-08,38.3,38.8,38,38.01,6621
2013-10-09,38,38.45,38,38,3294
2013-10-10,38.4,38.75,38,38.75,7090
2013-10-11,38.75,39.2,38.31,38.35,4056
2013-10-14,38.78,39.35,38.7,39.3,1360
2013-10-15,39.3,41.4,39.3,40.4,13230
2013-10-16,40.45,40.98,40.45,40.95,2880
2013-10-17,40.9,40.9,40.15,40.15,2939
2013-10-18,40.15,40.15,39.22,39.47,8182
2013-10-21,39.5,41.39,39.5,40.9,3958
2013-10-22,40.11,42.05,40.11,42.04,11022
2013-10-23,42,42.39,41.8,42.28,7366
2013-10-24,42.01,44.4,42,44,15811
2013-10-25,44.61,45,43.36,45,11881
2013-10-28,45.48,46.48,45.48,45.9,6316
2013-10-29,46.2,46.2,45.5,46,4936
2013-10-30,46,46.9,45.45,46.89,47565
2013-10-31,46.9,48.28,46.9,47.8,25522
2013-11-04,47.8,49.97,47.8,49.97,15083
2013-11-05,50,50.2,47.55,48.64,26920
2013-11-06,48,49.5,47.59,48.51,7251
2013-11-07,47.39,47.39,43.5,46,52776
2013-11-08,45.98,47.1,45.28,46.3,6972
2013-11-12,46.8,46.8,45.91,45.91,2047
2013-11-13,45.9,45.9,44.5,45,4603
2013-11-14,45,45.65,44.85,44.85,1338
2013-11-15,45.94,45.94,44.85,45.7,3368
2013-11-18,46,46.59,45.7,45.8,3584
2013-11-19,45.81,46.05,43.5,44.7,5110
2013-11-20,44.7,44.7,43.01,43.5,15214
2013-11-21,43.5,44.5,43.5,43.98,3871
2013-11-22,44,47.5,44,46.5,18698
2013-11-25,46.7,48.4,46.7,48.35,21757
2013-11-26,48.61,48.61,48,48.21,6661
2013-11-27,48.5,48.5,48,48.3,3112
2013-11-28,48.5,48.5,48,48.2,4262
2013-11-29,48,48.12,47.6,48,1736
2013-12-02,48.6,48.89,47.9,47.95,22985
2013-12-03,48.58,48.58,47.5,47.6,11494
2013-12-04,47.62,47.62,46.5,47.1,3987
2013-12-05,47.1,47.4,46.5,47.15,4275
2013-12-06,47.15,47.43,47.15,47.3,1495
2013-12-09,48.99,48.99,47.71,47.71,2785
2013-12-10,47.5,47.8,47.1,47.2,4289
2013-12-11,47.4,47.4,47,47.3,1440
2013-12-12,47.3,48,44.05,46.91,13696
2013-12-13,46.91,47.99,46.91,47,2581
2013-12-16,47.98,47.98,46.9,46.9,2859
2013-12-17,46.9,46.9,46.05,46.71,971
2013-12-18,46.7,46.7,46,46,819
2013-12-19,46,46.3,45.01,45.01,2120
2013-12-20,44.1,44.74,44.07,44.4,5422
2013-12-23,44.2,45.99,44.1,45.98,2438
2013-12-27,46,46.25,45.56,46.25,1763
2013-12-30,46.48,47,46.2,47,1827
2014-01-02,46.15,46.9,46,46,2872
2014-01-03,45.99,46.06,44.99,45.6,1351
2014-01-07,44.81,45.8,44.81,45.12,910
2014-01-08,45.1,45.8,44.9,45.5,1571
2014-01-09,45.5,45.5,44.9,44.9,1685
2014-01-10,44.9,45.39,43.59,43.71,1683
2014-01-13,43.9,45.46,43.9,45.39,875
2014-01-14,45.48,45.49,44.21,45.32,469
2014-01-15,45.35,45.48,44.91,45.01,1154
2014-01-16,45.29,45.29,44.2,44.8,7578
2014-01-17,44.25,44.99,44.21,44.55,1002
2014-01-20,45.19,45.19,44.53,45.1,164
2014-01-21,45.32,45.5,45.11,45.47,3678
2014-01-22,45.45,46.45,45.38,45.39,4389
2014-01-23,45.84,46.64,45.7,45.97,1012
2014-01-24,46.54,46.54,44.76,45.09,2473
2014-01-27,45,45,44.53,44.9,709
2014-01-28,45,46,44.36,46,1937
2014-01-29,46,46.5,45.5,45.79,1032
2014-01-30,45.98,45.98,45,45.5,722
2014-01-31,45.98,46,45.05,45.44,500
2014-02-03,45.34,45.43,44.5,45.43,2951
2014-02-04,45.44,45.44,44.5,45,1285
2014-02-05,45,48.3,44.51,48.3,4821
2014-02-06,48.09,48.5,47.11,48,8770
2014-02-07,48.24,48.5,47.55,47.55,851
2014-02-10,48,48,46.85,47.55,768
2014-02-11,47.55,48.85,47.55,48.7,4914
2014-02-12,49,49.8,48.71,49.2,4300
2014-02-13,49,49.8,48.5,49.5,3232
2014-02-14,49.6,49.6,48.67,49,813
2014-02-17,48.91,49.85,48.9,49.85,3011
2014-02-18,49.85,49.85,48.3,49.2,7611
2014-02-19,49.2,50.9,49.2,50.9,8271
2014-02-20,50.9,50.9,49,49.2,2978
2014-02-21,49.75,50,49.26,49.4,887
2014-02-24,49.88,49.88,48.51,49.4,1097
2014-02-25,49.78,49.78,48.1,48.4,2898
2014-02-26,48.4,48.7,45.6,45.6,3169
2014-02-27,46.1,47.35,46,46.1,2387
2014-02-28,46.5,47.53,46.5,47.32,608
2014-03-03,46.99,46.99,42.4,43,16237
2014-03-04,43.61,46.45,43.61,46.4,5413
2014-03-05,46.9,46.9,45.45,45.98,3974
2014-03-06,46,46,44.67,45.24,2700
2014-03-07,45.25,45.85,45,45.05,1705
2014-03-10,44.05,44.1,43.7,43.99,5617
2014-03-11,44.15,44.83,43.55,43.67,1854
2014-03-12,44,44,43.22,43.22,2320
2014-03-13,43.49,43.7,43.21,43.35,3156
2014-03-14,43.35,43.35,41.8,42.3,13602
2014-03-17,43.9,44.64,42.6,44.4,4107
2014-03-18,44.79,46.2,44.4,45.9,4986
2014-03-19,46.55,47.4,46.19,47.1,28588
2014-03-20,47.1,47.94,47,47.1,17839
2014-03-21,47.3,47.3,47.1,47.1,1549
2014-03-24,47.53,47.53,46.83,47.2,1344
2014-03-25,47.1,47.9,46.43,47.9,4637
2014-03-26,47.9,47.9,47.5,47.7,1366
2014-03-27,47.7,47.7,46.67,47,1587
2014-03-28,47,47.4,46.53,47.01,10352
2014-03-31,47.05,47.05,46.8,47.05,894
2014-04-01,46.85,47.05,46.4,47.05,3295
2014-04-02,47.35,47.35,47,47.35,2577
2014-04-03,47.35,47.35,46.77,47,884
2014-04-04,47,47.4,46.71,47.4,575
2014-04-07,47.19,47.19,46.49,47.1,294
2014-04-08,46,46.89,46,46.28,2416
2014-04-09,46.28,47,46.28,46.8,20044
2014-04-10,46.89,46.95,46.32,46.95,1135
2014-04-11,45.7,47.07,44.2,47,4869
2014-04-14,47.09,47.09,46.51,46.8,941
2014-04-15,46.98,46.98,46.35,46.5,918
2014-04-16,46.01,46.98,46.01,46.4,19607
2014-04-17,46.68,46.68,46.02,46.5,298
2014-04-22,46.89,46.9,46.53,46.53,1311
2014-04-23,46.21,46.89,46.21,46.7,606
2014-04-24,46.49,46.5,46,46.4,252
2014-04-25,46.6,46.6,45.8,46.1,518
2014-04-28,46,46,45.35,46,1352
2014-04-29,46,46.7,45.75,46.7,111145
2014-04-30,46.51,47.55,46.51,47.39,4284
2014-05-02,47.05,47.05,47,47,292
2014-05-05,47,47,46.51,46.51,152
2014-05-06,46.51,46.51,46.51,46.51,1
2014-05-07,46.51,46.58,45.21,45.97,513
2014-05-08,46.34,46.75,45.84,46.5,2908
2014-05-09,46.49,46.49,44.8,46.09,2359
2014-05-12,45.14,46.39,44.98,46.39,2237
2014-05-13,46.35,46.35,45.01,45.01,54530
2014-05-14,45,45.63,44.1,44.5,3397
2014-05-15,44.51,44.97,44.01,44.01,1382
2014-05-16,44.01,44.29,43.4,43.68,745
2014-05-19,43.2,43.9,43.2,43.8,1226
2014-05-20,43.8,44.9,43.8,44.5,1405
2014-05-21,43.72,44.49,43.63,43.9,887
2014-05-22,43.9,44.49,43,44,6472
2014-05-23,44.01,45.01,44,44.88,1330
2014-05-26,44.88,46.3,44.88,46.3,835
2014-05-27,46.3,46.5,46,46.1,1497
2014-05-28,46.19,46.19,45.08,45.08,410
2014-05-29,44.51,45.45,44.51,45.45,485
2014-05-30,45.45,46,45.45,46,2409
2014-06-02,46,46.76,46,46.61,2199
2014-06-03,46.61,47.4,46.61,47.4,2852
2014-06-04,47,47.5,47,47.5,2936
2014-06-05,47.5,48.5,47.5,48.3,55299
2014-06-06,48.5,49.4,48.49,49.05,4967
2014-06-09,49.04,49.78,49.04,49.5,4986
2014-06-10,49.5,49.68,49.25,49.5,2378
2014-06-11,49.5,49.65,49.01,49.01,4142
2014-06-12,48.65,48.67,47.6,47.6,2845
2014-06-13,47.92,47.92,46.6,46.99,675
2014-06-16,46.9,46.9,46.05,46.8,354
2014-06-17,46.9,48,46.9,48,2438
2014-06-18,47.98,47.98,47.93,47.93,567
2014-06-20,47.98,47.98,47,47.65,26
2014-06-23,47.45,47.45,45,46.11,2120
2014-06-24,46.12,46.3,46.1,46.1,360
2014-06-25,46.1,46.22,45.56,46.22,712
2014-06-26,45.5,46.69,45.5,46.66,714
2014-06-27,46.9,47.01,46.9,47,1163
2014-06-30,47.49,47.49,46.32,47.36,564
2014-07-01,45.7,47.95,45.7,47.95,773
2014-07-02,47.94,47.94,46.5,46.5,457
2014-07-03,46.51,46.88,46.2,46.2,1664
2014-07-04,46.21,47,46.19,46.89,224
2014-07-07,46.88,46.97,46.88,46.97,122
2014-07-08,46.99,46.99,45.93,46,50368
2014-07-09,45.7,46.3,45.6,46.3,1950
2014-07-10,45.66,46,45.05,46,568
2014-07-11,46,46,45.51,46,680
2014-07-14,46,46,44.95,44.95,355
2014-07-15,44.03,45.15,43.79,44.7,1404
2014-07-16,45.08,46.45,44.45,45.75,2244
2014-07-17,45.75,46.39,45.04,45.04,834
2014-07-18,45.05,45.05,43.85,44.8,456
2014-07-21,44.7,44.7,43.07,44,1324
2014-07-22,44.15,44.15,42.66,42.66,17225
2014-07-23,43,44.99,42.81,42.82,1377
2014-07-24,42.93,44.43,42.32,43.49,2506
2014-07-25,43.98,43.98,42.71,43.27,1054
2014-07-28,42.74,44.9,42.74,42.82,1251
2014-07-29,42.52,43.05,39.01,42.22,2024
2014-07-30,42.1,43.19,41.07,41.12,1806
2014-07-31,41,44.8,41,42.05,2227
2014-08-01,41.31,42.85,40.12,42.85,4624
2014-08-04,42.84,44.78,41.71,44.03,3217
2014-08-05,44.54,44.54,41.05,42.4,1997
2014-08-06,42.41,43.45,42.41,43.2,434
2014-08-07,43.2,43.44,42.25,42.5,543
2014-08-08,42.49,42.49,41.65,41.99,784
2014-08-11,43.15,44.54,41.69,43.43,762
2014-08-12,43.41,43.41,42.51,43.28,288
2014-08-13,43.25,44,42,43.5,3401
2014-08-14,43.28,43.28,42.47,42.92,664
2014-08-18,44.38,44.38,43.69,44.36,625
2014-08-19,44.35,44.35,42.57,42.58,6531
2014-08-20,43.21,43.21,42.65,42.87,877
2014-08-21,42.71,43.2,42.13,43.19,344
2014-08-22,43.25,43.25,42.05,42.11,997
2014-08-25,42,42.02,42,42.01,347
2014-08-26,42.02,43.45,42.01,43.3,1058
2014-08-27,43.69,43.69,42,42,2543
2014-08-28,43.09,43.09,40.01,40.01,2583
2014-08-29,40.11,41.99,40.11,41.97,901
2014-09-01,41.97,41.97,41.75,41.75,503
2014-09-02,41.96,43.35,41.76,42,789
2014-09-03,42.6,43.35,42.6,42.98,422
2014-09-04,43.24,43.48,43,43,994
2014-09-05,43.1,43.5,42.99,43.5,941
2014-09-08,43.9,43.9,42.61,42.66,716
2014-09-09,43.4,43.4,42.4,42.41,1694
2014-09-10,42.45,43,41.5,42.98,1811
2014-09-11,42.97,43,42.04,42.07,596
2014-09-12,42.11,43,42.11,43,571
2014-09-15,43.44,43.44,42,42.25,1174
2014-09-16,42.31,42.45,42.31,42.42,356
2014-09-17,42.43,43.5,42.43,43.5,1121
2014-09-18,43.6,43.6,43,43,259
2014-09-19,43,43.05,43,43.05,77
2014-09-22,43.06,43.5,43.06,43.25,769
2014-09-23,43.24,43.59,43.1,43.11,498
2014-09-24,43.11,43.15,43.11,43.15,58
2014-09-25,43.44,44.29,43.05,43.51,1567
2014-09-26,42.82,43.48,42.82,43.15,180
2014-09-29,43.45,43.45,43.44,43.45,53
2014-09-30,43.45,43.45,42.81,42.82,254
2014-10-01,43.45,43.45,42.25,42.25,482
2014-10-02,42.02,42.6,42,42.02,545
2014-10-03,42.72,43.28,42.56,42.56,299
2014-10-06,42.08,43.29,42.08,43.28,409
2014-10-07,43.27,43.3,43.2,43.2,416
2014-10-08,43.29,43.29,42.41,42.41,295
2014-10-09,42.65,42.65,41.99,42,745
2014-10-10,42,43,41.24,41.25,672
2014-10-13,40.76,41.3,40.76,41.29,302
2014-10-14,41.3,42.49,40.4,40.4,1026
2014-10-15,40.41,41.5,40,41.5,878
2014-10-16,41.01,42.98,40.55,40.55,1612
2014-10-17,40.61,41.74,38.43,40.86,4008
2014-10-20,41.64,41.64,40,40,2669
2014-10-21,40.49,40.99,40.25,40.69,595
2014-10-22,40.38,41.57,40.38,40.7,1260
2014-10-23,40.7,40.89,40.3,40.88,374
2014-10-24,40.94,40.94,39.74,40.55,1877
2014-10-27,39.95,41.4,39.7,41.4,650
2014-10-28,41,41,41,41,118
2014-10-29,40.82,41.4,40.82,41.3,93
2014-10-30,40.95,41.4,40.43,41.39,443
2014-10-31,41.39,41.39,40.9,40.91,2364
2014-11-03,41,42.15,41,42.08,564
2014-11-04,42.45,42.75,41.5,41.5,990
2014-11-05,41.51,41.72,40.87,41.65,1559
2014-11-06,41.64,41.65,41.5,41.5,1187
2014-11-07,41.5,41.96,41.34,41.79,286
2014-11-10,41.5,41.93,39.69,41.29,1855
2014-11-12,41.74,41.74,40.45,40.51,1156
2014-11-13,40.74,40.74,40.53,40.72,281
2014-11-14,40.51,41.74,40.51,41.67,772
2014-11-17,41.7,41.7,40.55,41.4,951
2014-11-18,41.57,41.57,40.75,40.8,478
2014-11-19,40.74,40.8,40.5,40.5,1052
2014-11-20,40.49,40.5,39.99,40,2482
2014-11-21,40.19,40.3,39.81,40,2149
2014-11-24,40,40.39,40,40,404
2014-11-25,40,40.96,39.42,40.05,1056
2014-11-26,40,40,39.05,39.15,51934
2014-11-27,39.16,39.99,39.06,39.25,2099
2014-11-28,39.87,39.87,38.5,38.5,2504
2014-12-01,38.3,38.3,36.69,36.69,3369
2014-12-02,36.72,38.25,36.72,37.1,3672
2014-12-03,37.25,37.77,36.69,36.96,2361
2014-12-04,37.33,37.33,36.76,36.77,2870
2014-12-05,37.12,37.12,36.7,36.7,1942
2014-12-08,36.7,37.29,36.7,37.05,2237
2014-12-09,37.15,37.15,36.9,37,1619
2014-12-10,37,37,35.6,35.6,12285
2014-12-11,35.6,35.75,35.35,35.5,2201
2014-12-12,35.4,36,35.1,35.1,2188
2014-12-15,35,35,33.7,33.72,5332
2014-12-16,34,34,32.72,32.99,3374
2014-12-17,33.03,34.44,33.03,34.44,1963
2014-12-18,34.4,35.01,34.4,34.71,2432
2014-12-19,34.75,34.8,33.8,34.8,2404
2014-12-22,34.77,34.77,34.41,34.45,743
2014-12-23,34.45,34.45,33.73,33.73,3082
2014-12-29,34.34,34.48,33.3,33.3,1869
2014-12-30,33.5,34.25,33.1,34,1490
2015-01-02,34,35.99,32.7,35.69,3133
2015-01-05,35.83,35.99,34.56,35,3248
2015-01-07,34.97,35.68,34.97,35.59,3373
2015-01-08,35.5,35.8,35.06,35.8,1902
2015-01-09,35.9,35.9,35.11,35.11,1511
2015-01-12,35.13,35.63,35,35.11,1006
2015-01-13,35.06,35.69,35.06,35.69,839
2015-01-14,35.69,35.69,35.12,35.15,414
2015-01-15,35.12,35.12,33.81,34.1,4686
2015-01-16,34.12,34.9,34.12,34.38,230
2015-01-19,34.45,35.5,34.45,35,1144
2015-01-20,35,36.61,35,36,3541
2015-01-21,36,36.64,35.32,36.64,5286
2015-01-22,36.8,36.8,35.6,35.6,3197
2015-01-23,35.61,35.75,35.6,35.6,980
2015-01-26,35.65,35.9,35.65,35.9,342
2015-01-27,35.9,36.15,35.68,35.8,7366
2015-01-28,35.9,35.9,35.05,35.05,3630
2015-01-29,35.3,35.5,35.05,35.05,4674
2015-01-30,35.2,35.4,34.79,34.85,5991
2015-02-02,35.01,35.5,34.6,34.85,2788
2015-02-03,35,35,34.9,34.99,1496
2015-02-04,35.05,35.05,34.75,34.96,1342
2015-02-05,34.95,34.98,34.77,34.98,534
2015-02-06,34.99,34.99,34.68,34.68,1010
2015-02-09,35.4,35.4,34.35,34.77,5651
2015-02-10,35.26,35.26,34.1,34.15,5203
2015-02-11,34.05,34.37,33.87,33.87,4488
2015-02-12,33.87,34.3,33.87,33.9,1514
2015-02-13,33.88,33.93,33.88,33.92,551
2015-02-16,34.01,34.44,33.97,33.97,1641
2015-02-17,34.25,34.25,33.67,33.67,3714
2015-02-18,33.72,33.9,33.15,33.15,8938
2015-02-19,33.5,33.54,33.13,33.13,3622
2015-02-20,33.2,34.13,33.1,34.13,3910
2015-02-23,34.13,34.13,33.8,33.98,2307
2015-02-24,33.81,33.89,33.17,33.24,2409
2015-02-25,33.4,33.6,33.23,33.23,2220
2015-02-26,33.24,33.57,33.17,33.19,1530
2015-02-27,33.4,33.4,33.2,33.25,4825
2015-03-02,33.6,33.65,33.17,33.17,5180
2015-03-03,33.18,33.3,33.15,33.15,3736
2015-03-04,33.2,33.2,33.02,33.1,17364
2015-03-05,33.15,33.59,33.15,33.4,7891
2015-03-06,33.87,34.4,33.56,33.9,3916
2015-03-09,34.4,34.52,34,34.3,4269
2015-03-10,34.75,34.75,34.36,34.6,3486
2015-03-11,34.58,34.59,34.41,34.41,374
2015-03-12,34.4,34.4,33.51,33.8,2296
2015-03-13,34.1,34.1,33.75,33.75,528
2015-03-16,33.56,34,33.56,33.92,1103
2015-03-17,34.1,34.1,33.55,33.62,1317
2015-03-18,33.58,33.99,33.41,33.99,673
2015-03-19,33.61,34.1,33.61,33.71,4094
2015-03-20,33.87,33.87,33.16,33.35,4386
2015-03-23,33.3,33.84,33.1,33.1,7298
2015-03-24,33.04,33.1,33.01,33.01,384
2015-03-25,33.02,33.1,32.89,33,2090
2015-03-26,33.1,33.1,32.9,33.1,800
2015-03-27,33.1,33.1,33,33,1688
2015-03-30,33.01,34,33,34,4794
2015-03-31,34.1,34.1,33.5,34,991
2015-04-01,33.89,34,33.89,33.9,3731
2015-04-02,33.89,33.89,33.75,33.8,299
2015-04-07,33.5,33.79,33.33,33.5,1800
2015-04-08,33.7,33.75,33.4,33.45,509
2015-04-09,33.45,33.55,33.05,33.3,1408
2015-04-10,33.3,33.4,33.2,33.3,466
2015-04-13,33.3,33.3,32.91,32.91,3848
2015-04-14,32.91,33.15,32.75,32.75,1104
2015-04-15,32.99,33,30.5,32.89,4401
2015-04-16,32.55,33,32.55,32.71,1020
2015-04-17,32.9,33,32.05,32.1,1927
2015-04-20,32.56,32.56,32.05,32.3,900
2015-04-21,32.3,32.97,32.3,32.55,1490
2015-04-22,32.88,32.89,32.39,32.39,899
2015-04-23,32.85,32.94,32.45,32.7,478
2015-04-24,32.4,32.66,32.1,32.1,1778
2015-04-27,32.01,33,32,32.07,5706
2015-04-28,32.08,32.62,31.91,32,3207
2015-04-29,32.02,32.19,31.7,31.8,5765
2015-04-30,31.8,31.8,31.49,31.5,4001
2015-05-04,31.5,32.4,31.4,31.44,4603
2015-05-05,31.5,31.75,30.55,30.7,7940
2015-05-06,30.75,31.44,30.55,30.58,2906
2015-05-07,31,31.05,31,31,681
2015-05-08,31.03,31.03,30.8,30.8,1602
2015-05-11,31.19,31.55,31.1,31.5,929
2015-05-12,31.5,31.79,30.85,30.85,3955
2015-05-13,30.61,30.99,30.5,30.5,1557
2015-05-14,30.61,30.98,30.5,30.89,5585
2015-05-15,30.71,31,30.66,31,284
2015-05-18,31,31.44,30.9,31.01,1234
2015-05-19,31.02,31.29,31.02,31.04,1025
2015-05-20,31.01,31.01,30.5,31,3372
2015-05-21,31,31,30.6,30.6,599
2015-05-22,30.5,30.94,30.5,30.52,3141
2015-05-25,30.25,30.28,29.56,29.86,12530
2015-05-26,29.99,29.99,29.8,29.8,879
2015-05-27,30,30,29.74,29.9,561
2015-05-28,29.85,29.85,29.5,29.65,2968
2015-05-29,29.7,30.3,29.41,29.85,1968
2015-06-01,29.32,29.97,29.32,29.75,2177
2015-06-02,29.75,29.76,29.31,29.76,508
2015-06-03,29.95,30.3,29.31,29.9,965
2015-06-05,29.78,30.3,29.3,30.3,996
2015-06-08,30.3,30.3,29.2,29.2,2002
2015-06-09,29.29,29.45,28.72,29,1266
2015-06-10,29,29.82,28.97,29.82,1549
2015-06-11,29.97,29.97,29,29.05,2652
2015-06-12,29.06,29.79,29,29.1,722
2015-06-15,29.8,29.97,29.78,29.97,689
2015-06-16,29.2,29.6,28.7,29.35,1115
2015-06-17,29.25,29.96,28.5,28.5,3640
2015-06-18,28.8,29.1,28.1,28.8,4958
2015-06-19,28.75,29.49,28.51,28.51,600
2015-06-22,29,29,27.81,27.81,1852
2015-06-23,28,28.01,27.31,27.41,3116
2015-06-24,27.44,29.19,27.44,28.25,2598
2015-06-25,28.25,28.67,27.48,27.55,2930
2015-06-26,28,28.21,27.48,27.48,1713
2015-06-29,27.04,27.46,27.04,27.15,2048
2015-06-30,27.16,27.5,26.83,26.83,3058
2015-07-01,27.03,27.5,27.03,27.5,423
2015-07-02,27.5,28.48,27,27.38,5258
2015-07-03,27.75,27.75,26.85,26.86,1804
2015-07-06,26.86,27.12,26.86,27.12,567
2015-07-07,27.15,27.59,26.79,27.59,1338
2015-07-08,27.47,27.47,25.6,26.36,2330
2015-07-09,26.25,26.25,25.55,25.55,1582
2015-07-10,25,26,24.99,26,1920
2015-07-13,26,26.99,26,26.48,1340
2015-07-14,26.15,26.99,26,26.35,1632
2015-07-15,26.31,26.31,24.05,24.16,3038
2015-07-16,24.53,25.35,23.21,23.6,7150
2015-07-17,24.2,24.2,23.42,23.42,1079
2015-07-20,23.29,27.3,23.1,26.7,15439
2015-07-21,28.5,29.98,25.68,26.04,27598
2015-07-22,26.18,26.91,26,26.15,28492
2015-07-23,26.2,26.47,25.91,25.99,1327
2015-07-24,25.87,26,25.87,26,1043
2015-07-27,25.3,25.61,24.2,24.95,5823
2015-07-28,24.75,24.79,24.4,24.5,4309
2015-07-29,25,26.88,24.51,25,3794
2015-07-30,25.5,26.28,24.57,25.35,1035
2015-07-31,26.4,26.4,25.26,25.7,1932
2015-08-03,25.7,25.7,25.3,25.3,544
2015-08-04,25.3,25.49,25.05,25.05,446
2015-08-05,25.4,25.4,25.4,25.4,337
2015-08-06,25.4,25.4,23.02,23.1,26413
2015-08-07,23.75,23.9,22.47,22.47,16688
2015-08-10,22.8,22.95,22.08,22.48,2657
2015-08-11,22.5,22.86,22.18,22.48,2993
2015-08-12,22.49,22.52,21.87,21.99,3318
2015-08-13,22,22.88,21.82,22,3379
2015-08-14,22.44,22.44,21.63,21.83,3249
2015-08-17,22.04,22.9,21.7,21.83,1423
2015-08-18,22.1,22.13,22,22.13,864
2015-08-19,22.11,22.44,21.11,22.44,5172
2015-08-20,21.9,22.36,21.6,21.8,1736
2015-08-21,21.85,21.85,21.32,21.32,15445
2015-08-24,20.5,20.9,20,20.15,8945
2015-08-25,20.2,20.24,19.85,19.85,7331
2015-08-26,20,20.11,20,20.08,1370
2015-08-27,20.25,20.46,19.8,19.98,4619
2015-08-28,19.82,21.2,19.82,21.2,2575
2015-08-31,21,22,20.5,22,2398
2015-09-01,21.83,21.98,21.3,21.3,1051
2015-09-02,21.5,21.6,21.18,21.18,2772
2015-09-03,21.26,22.2,21.26,22.2,4232
2015-09-04,22.2,22.89,22.2,22.24,1522
2015-09-07,22.24,22.24,21.41,21.95,182
2015-09-08,21.95,22.2,21.18,21.18,911
2015-09-09,21.5,22.57,20.55,21.29,862
2015-09-10,21.29,21.29,20.35,20.35,1790
2015-09-11,20.4,20.41,19.99,20.02,24142
2015-09-14,20,20.2,19.7,20.2,2392
2015-09-15,20.2,21.8,20.2,21,2365
2015-09-16,20.8,20.94,20.45,20.94,448
2015-09-17,21,21.5,20.95,20.95,12598
2015-09-18,21.99,21.99,20.91,21.09,4480
2015-09-21,20.72,21.09,20.72,21.09,182
2015-09-22,21,21.79,20.05,21,8817
2015-09-23,21,21.24,21,21.24,127
2015-09-24,20.66,20.93,20.5,20.5,1362
2015-09-25,21.09,21.09,20.6,20.97,413
2015-09-28,20.6,21.45,20.42,20.74,1829
2015-09-29,21.3,21.3,20.61,20.84,2848
2015-09-30,21,21.29,20.81,20.85,1755
2015-10-01,20.61,21.29,20.61,20.87,1059
2015-10-02,21.29,21.29,20.96,20.96,684
2015-10-05,21.28,21.28,20.77,20.84,8266
2015-10-06,21.08,21.6,21.08,21.49,2348
2015-10-07,21.49,21.56,21.05,21.05,4146
2015-10-08,21.05,21.29,21,21.04,1153
2015-10-09,21.37,25.85,21.37,23.54,24802
2015-10-12,23.8,23.99,23.32,23.32,16470
2015-10-13,23.81,23.81,23.45,23.55,1655
2015-10-14,23.55,23.6,22.76,22.76,8403
2015-10-15,22.5,23.89,22.5,22.92,1162
2015-10-16,22.7,23.42,22.7,23.08,327
2015-10-19,23.1,23.36,23.1,23.11,94
2015-10-20,23.08,23.5,23.08,23.49,1182
2015-10-21,23.11,23.85,22.89,22.89,2461
2015-10-22,22.75,22.79,22.61,22.62,798
2015-10-23,22.62,22.75,22.58,22.6,653
2015-10-26,23,23,22.42,22.42,13960
2015-10-27,22.45,22.5,22.42,22.5,834
2015-10-28,22.5,22.98,22.5,22.98,1252
2015-10-29,22.6,22.6,22.3,22.31,404
2015-10-30,22.32,22.32,22.05,22.05,695
2015-11-02,22.01,22.2,22,22.11,1047
2015-11-03,21.77,22.01,21.75,22.01,830
2015-11-04,22.3,22.4,21.62,21.62,2745
2015-11-05,21.5,21.5,21.41,21.5,9640
2015-11-06,22,22.01,21.5,21.83,3323
2015-11-09,21.53,22,21.25,21.79,12277
2015-11-10,21,21.5,21,21.4,1099
2015-11-12,21.4,21.4,21.4,21.4,381
2015-11-13,21.4,21.4,20.96,20.96,575
2015-11-16,20.96,20.96,20.95,20.95,1526
2015-11-17,20.81,20.94,20.77,20.94,734
2015-11-18,20.8,21.39,20.77,21.39,994
2015-11-19,21.5,22,20.8,21.34,828
2015-11-20,20.8,21,20.8,20.81,680
2015-11-23,20.8,20.85,20.5,20.5,1887
2015-11-24,21.29,21.29,19.86,20.34,4819
2015-11-25,20.02,20.02,19.71,19.71,928
2015-11-26,19.9,20.48,19.7,20.48,559
2015-11-27,19.9,20.05,19.35,19.99,2000
2015-11-30,19.61,19.7,19.25,19.7,1511
2015-12-01,19.6,19.9,19.26,19.9,1197
2015-12-02,19.9,19.9,19.14,19.59,831
2015-12-03,19.04,19.6,19.04,19.6,120
2015-12-04,19.69,19.69,18.65,19.07,3207
2015-12-07,19.3,19.6,19,19,5322
2015-12-08,19.54,19.54,18.3,18.52,3506
2015-12-09,19.44,19.44,18.26,18.5,962
2015-12-10,18.58,18.85,18.25,18.58,1808
2015-12-11,18.58,18.85,18.4,18.4,24813
2015-12-14,18.4,18.4,17.7,18.09,4131
2015-12-15,18.09,18.28,18,18.11,3523
2015-12-16,18.39,18.39,18.04,18.39,794
2015-12-17,18.38,18.38,17.99,18.17,1443
2015-12-18,18.1,18.12,18,18,2116
2015-12-21,17.75,17.8,17.14,17.8,3989
2015-12-22,17.7,17.8,17.69,17.8,794
2015-12-23,17.55,17.85,17.55,17.61,1703
2015-12-28,17.41,17.7,17.25,17.3,11065
2015-12-29,17.26,17.45,17.15,17.3,4132
2015-12-30,17.18,17.39,16.91,17.09,5224
2016-01-04,17.14,17.14,16.6,16.6,1749
2016-01-05,16.6,16.8,16.6,16.6,5149
2016-01-07,16.6,16.6,16.19,16.19,2583
2016-01-08,16.32,16.68,16.19,16.19,1788
2016-01-11,16.25,16.5,15.2,15.95,74661
2016-01-12,16.48,16.9,16.11,16.8,1194
2016-01-13,16.9,17.25,16.53,16.55,2484
2016-01-14,16,16.39,16,16.29,2993
2016-01-15,16.28,16.28,15.9,15.9,490
2016-01-18,15.87,15.87,15.25,15.29,5478
2016-01-19,15.21,15.79,15,15.58,5093
2016-01-20,15.5,15.78,14.95,15,3029
2016-01-21,15,15,14.6,14.7,3775
2016-01-22,14.7,15,14,14.1,9304
2016-01-25,14.05,14.4,13.5,14.4,3134
2016-01-26,14.97,14.97,14.4,14.4,149
2016-01-27,14.4,14.91,14.39,14.85,1264
2016-01-28,14.8,15,14.79,14.9,9812
2016-01-29,14.98,15,14.65,15,2146
2016-02-01,15.3,15.3,14.65,15,650
2016-02-02,15.1,15.1,14.66,14.66,1860
2016-02-03,14.66,14.9,14.66,14.9,161
2016-02-04,14.94,15.24,14.67,15.13,3489
2016-02-05,15.03,15.3,15.03,15.18,642
2016-02-08,15.2,15.21,14.9,14.9,3695
2016-02-09,15,15.01,14.99,15,6839
2016-02-10,15,15.4,15,15.4,145
2016-02-11,14.95,15.43,14.95,15.43,879
2016-02-12,15.49,15.49,14.8,15,1069
2016-02-15,15.23,15.23,15.18,15.18,475
2016-02-16,15.47,15.47,14.92,15.39,264
2016-02-17,14.91,15.1,14.9,14.91,3599
2016-02-18,15.49,15.49,14.85,14.85,29508
2016-02-19,14.99,15.05,14.86,14.86,4271
2016-02-22,14.86,14.95,14.7,14.71,1383
2016-02-23,14.95,14.99,14.8,14.8,2263
2016-02-24,15,15,14.8,14.8,75
2016-02-25,14.75,14.85,14.7,14.7,959
2016-02-26,14.95,15,14.95,14.99,6586
2016-02-29,15.14,15.14,14.75,14.9,2483
2016-03-01,14.89,14.89,14.31,14.61,2572
2016-03-02,14.61,14.61,14.27,14.53,5711
2016-03-03,14.82,14.82,14.28,14.5,4139
2016-03-04,14.5,14.5,14.11,14.11,2616
2016-03-07,14.12,14.25,14.03,14.08,5563
2016-03-08,14.03,14.05,14,14.03,3175
2016-03-09,14.13,14.13,14.03,14.11,1872
2016-03-10,14.11,14.5,14.11,14.45,2314
2016-03-11,14.5,14.67,14.5,14.65,3406
2016-03-14,14.67,15.95,14.67,15.7,10886
2016-03-15,15.95,15.99,15.6,15.71,6878
2016-03-16,16,16,15.25,15.6,3952
2016-03-17,15.2,15.59,15.07,15.3,3988
2016-03-18,15.3,15.84,14.99,15.11,31545
2016-03-21,15.1,15.5,15,15.26,29169
2016-03-22,15.5,15.8,15.26,15.5,8835
2016-03-23,15.25,15.47,15.25,15.47,5381
2016-03-24,15.45,15.78,15.4,15.48,5017
2016-03-29,15.6,15.6,15.25,15.6,2329
2016-03-30,15.51,15.51,15.31,15.31,2796
2016-03-31,15.31,15.7,15.31,15.31,4838
2016-04-01,15.58,15.8,15.32,15.5,2446
2016-04-04,15.5,15.7,15.4,15.54,1463
2016-04-05,15.63,15.63,15.46,15.57,637
2016-04-06,15.63,15.63,15.3,15.3,1615
2016-04-07,15.5,15.5,15.25,15.25,3280
2016-04-08,15.25,15.3,14.74,14.85,4820
2016-04-11,15.09,15.09,14.9,14.95,2640
2016-04-12,14.95,14.99,14.8,14.85,742
2016-04-13,14.89,14.95,14.74,14.75,1935
2016-04-14,14.89,14.89,14.6,14.74,1183
2016-04-15,14.8,14.8,14.6,14.6,2029
2016-04-18,14.69,14.69,14.55,14.69,5180
2016-04-19,14.69,15,14.56,14.56,3503
2016-04-20,14.61,14.8,14.5,14.5,19046
2016-04-21,14.8,14.8,14.25,14.5,4710
2016-04-22,14.49,14.49,14.1,14.17,8527
2016-04-25,14.49,14.49,14.1,14.1,4317
2016-04-26,14.9,14.9,14.1,14.1,7025
2016-04-27,14.15,14.15,13.81,14,18273
2016-04-28,14,14,13.72,13.89,2467
2016-04-29,13.79,13.9,13.75,13.8,4688
2016-05-02,13.9,13.9,13.8,13.8,1694
2016-05-04,14,14,13.65,13.65,20040
2016-05-05,13.95,13.95,13.51,13.51,861
2016-05-06,13.46,13.95,13.46,13.87,1538
2016-05-09,13.87,13.87,13.38,13.49,2827
2016-05-10,13.45,13.85,13.38,13.4,1544
2016-05-11,13.38,13.42,12.91,13,13317
2016-05-12,13,13.09,12.95,12.95,8307
2016-05-13,13,13,12.9,13,3046
2016-05-16,12.91,13,12.91,12.92,2648
2016-05-17,12.9,12.9,12.65,12.7,13703
2016-05-18,12.8,12.8,12.7,12.8,3225
2016-05-19,12.96,12.96,12.74,12.8,1764
2016-05-20,12.72,12.8,12.72,12.8,1977
2016-05-23,12.75,12.8,12.75,12.8,1544
2016-05-24,12.81,12.81,12.71,12.74,3016
2016-05-25,12.82,12.82,12.7,12.74,2258
2016-05-27,12.82,13.49,12.74,12.74,7598
2016-05-30,12.74,12.74,12.25,12.32,5030
2016-05-31,12.32,13,12.32,12.5,1796
2016-06-01,12.5,12.5,12.26,12.32,609
2016-06-02,12.32,12.32,11.88,12,1656
2016-06-03,12,12,11.5,11.98,3601
2016-06-06,11.97,11.97,11.6,11.85,1360
2016-06-07,11.84,11.84,11.67,11.84,539
2016-06-08,11.84,11.84,11.58,11.58,3996
2016-06-09,11.7,11.7,11.53,11.7,1021
2016-06-10,11.7,11.7,11.56,11.7,797
2016-06-13,11.7,12.12,11.7,12.11,3576
2016-06-14,12.11,12.11,12.08,12.11,236
2016-06-15,12.11,12.11,12,12.01,4493
2016-06-16,12.11,12.11,11.76,11.99,1918
2016-06-17,11.99,12.11,11.78,12.09,2612
2016-06-20,12.11,12.11,11.7,11.7,8324
2016-06-21,12,12,11.25,11.26,24966
2016-06-22,11.24,11.24,10.67,10.9,9752
2016-06-23,10.94,11.68,10.9,11.45,6160
2016-06-24,10.76,11.23,10.55,10.86,5615
2016-06-27,10.8,10.98,10.8,10.98,1827
2016-06-28,10.87,10.98,10.87,10.98,587
2016-06-29,10.98,11.4,10.98,11.4,4186
2016-06-30,11.4,11.5,11.35,11.35,5798
2016-07-01,11,11.25,10.98,11.25,102
2016-07-04,11.04,11.7,11.01,11.7,2204
2016-07-05,11.56,11.64,11.36,11.61,1367
2016-07-06,11.55,11.55,11.35,11.35,2190
2016-07-07,11.34,11.61,11.34,11.37,3902
2016-07-08,11.37,11.4,11.37,11.4,2682
2016-07-11,11.5,11.5,11.37,11.37,1503
2016-07-12,11.6,11.6,11.6,11.6,1
2016-07-13,11.55,11.55,11.37,11.4,4088
2016-07-14,11.55,11.55,11.37,11.37,2832
2016-07-15,11.55,11.55,11.41,11.41,1425
2016-07-18,11.58,11.58,11.44,11.5,2173
2016-07-19,11.6,11.6,11.5,11.5,3235
2016-07-20,11.6,11.6,11.3,11.4,3041
2016-07-21,11.56,11.56,11.31,11.4,347
2016-07-22,11.4,11.4,11.13,11.4,2703
2016-07-25,11.4,11.4,11.2,11.39,368
2016-07-26,11.4,11.55,11.3,11.4,11910
2016-07-27,11.3,11.4,11.25,11.25,7580
2016-07-28,11.42,11.44,11.25,11.44,2829
2016-07-29,11.55,11.55,11.33,11.4,1191
2016-08-01,11.53,11.53,11.36,11.36,1379
2016-08-02,11.39,11.99,11.28,11.55,27160
2016-08-03,11.56,11.84,11.25,11.39,10292
2016-08-04,11.78,11.78,11.32,11.4,3444
2016-08-05,11.33,11.4,11.3,11.4,662
2016-08-08,11.39,11.63,11.38,11.63,2997
2016-08-09,11.69,11.75,11.37,11.4,24450
2016-08-10,11.45,11.45,11.2,11.25,33717
2016-08-11,11.5,11.5,11.4,11.4,3544
2016-08-12,11.49,11.49,11.27,11.27,417
2016-08-16,11.49,11.49,11.27,11.4,4577
2016-08-17,11.4,11.4,11.32,11.4,6158
2016-08-18,11.47,11.47,11.33,11.4,2496
2016-08-19,11.4,11.4,11.26,11.33,1765
2016-08-22,11.35,11.35,11.26,11.27,337
2016-08-23,11.34,11.35,11.26,11.35,1369
2016-08-24,11.5,11.5,11.3,11.3,651
2016-08-25,11.47,11.47,11.26,11.3,5895
2016-08-26,11.47,11.47,10.8,10.98,5067
2016-08-29,10.96,10.98,10.87,10.87,1833
2016-08-30,10.8,10.9,10.76,10.9,10165
2016-08-31,10.9,10.9,10.26,10.47,10886
2016-09-01,10.47,10.6,10.35,10.55,6589
2016-09-02,10.79,10.79,10.3,10.55,8085
2016-09-05,10.54,10.54,10.27,10.44,7775
2016-09-06,10.35,10.42,10.14,10.29,30331
2016-09-07,10.3,10.4,10.2,10.2,13112
2016-09-08,10.2,10.28,9.98,9.98,28902
2016-09-09,10.21,10.21,9.8,9.89,13793
2016-09-12,10.2,10.2,9.9,9.9,1668
2016-09-13,10.1,10.1,9.87,10.02,8982
2016-09-14,10.1,10.1,9.86,9.9,6058
2016-09-15,9.86,9.95,9.77,9.8,9328
2016-09-16,9.88,9.98,9.69,9.81,15572
2016-09-19,9.81,9.9,9.7,9.71,4326
2016-09-20,9.8,9.8,9.65,9.71,6621
2016-09-21,9.9,9.9,9.65,9.9,9301
2016-09-22,10,10.18,9.69,9.72,22703
2016-09-23,10.1,10.1,9.67,9.72,18507
2016-09-26,9.76,9.9,9.66,9.9,5044
2016-09-27,9.89,9.89,9.68,9.68,2249
2016-09-28,9.83,9.83,9.55,9.6,4576
2016-09-29,9.8,9.8,9.51,9.7,10663
2016-09-30,9.8,9.8,9.42,9.58,15213
2016-10-03,9.46,9.7,9.46,9.59,780
2016-10-04,9.6,9.6,9.56,9.59,1511
2016-10-05,9.6,9.6,9.4,9.4,6810
2016-10-06,9.43,9.43,9.1,9.1,22718
2016-10-07,9.52,9.52,9.08,9.1,11707
2016-10-10,9.5,9.5,9.15,9.2,4549
2016-10-11,9.34,9.34,9.05,9.08,12382
2016-10-12,9.19,9.2,9.05,9.07,4293
2016-10-13,9.19,9.19,9.08,9.08,11931
2016-10-14,9.08,9.29,9.06,9.07,2627
2016-10-17,9.07,9.3,9.07,9.07,3587
2016-10-18,9.3,9.3,9.07,9.22,6571
2016-10-19,9.2,9.22,9.09,9.21,14787
2016-10-20,9.22,9.22,9.14,9.15,17618
2016-10-21,9.26,9.46,9.15,9.2,25513
2016-10-24,9.26,9.34,9.18,9.28,21403
2016-10-25,9.9,9.9,9.3,9.3,40266
2016-10-26,9.4,9.4,9.29,9.3,2670
2016-10-27,9.15,9.37,9.1,9.15,13095
2016-10-28,9.2,9.24,9.07,9.1,10041
2016-10-31,9.1,9.24,9.07,9.07,19311
2016-11-02,9.06,9.18,9.01,9.1,19250
2016-11-03,9.34,9.5,9.1,9.27,27375
2016-11-04,9.39,9.39,9.12,9.16,14551
2016-11-07,9.15,9.24,9.12,9.15,4294
2016-11-08,9.15,9.15,9.06,9.14,7364
2016-11-09,9.04,9.06,8.97,9.04,18882
2016-11-10,9.05,9.23,8.99,9.19,21882
2016-11-14,9.23,9.32,9.11,9.21,6285
2016-11-15,9.25,9.25,9.05,9.24,5360
2016-11-16,9.24,9.29,9.01,9.01,10856
2016-11-17,9.02,9.06,8.95,9.06,5909
2016-11-18,9.05,9.05,8.7,8.85,14279
2016-11-21,8.75,8.92,8.55,8.92,8865
2016-11-22,8.8,8.98,8.77,8.91,3219
2016-11-23,8.91,8.98,8.91,8.97,2068
2016-11-24,8.97,9.19,8.8,8.97,5096
2016-11-25,8.97,9.04,8.85,9,4986
2016-11-28,9,9,8.75,8.75,11034
2016-11-29,8.76,9.11,8.76,9.08,11357
2016-11-30,9.03,9.03,8.9,9,9426
2016-12-01,9.08,9.2,8.91,9.2,6212
2016-12-02,9.18,9.18,8.91,9.12,7564
2016-12-05,9.12,9.12,8.88,9,7114
2016-12-06,8.99,9,8.88,9,6931
2016-12-07,9,9.1,8.91,9.09,8754
2016-12-08,9.09,9.5,8.5,9.13,42905
2016-12-09,9.13,9.17,9.03,9.05,12658
2016-12-12,9.15,9.15,8.99,9.05,12926
2016-12-13,9.1,9.1,9,9.09,12866
2016-12-14,9.14,9.42,9.14,9.2,60338
2016-12-15,9.25,9.4,9.21,9.4,21927
2016-12-16,9.43,10.5,9.43,10.5,95042
2016-12-19,10.6,11.19,10.6,10.95,104699
2016-12-20,11,11,10.65,10.87,12364
2016-12-21,10.85,10.85,10.26,10.45,10495
2016-12-22,10.52,10.55,10.4,10.55,5424
2016-12-23,10.5,10.55,10.28,10.4,16620
2016-12-27,10.75,10.75,10.32,10.35,66227
2016-12-28,10.35,10.47,10.25,10.27,15980
2016-12-29,10.46,11.11,10.17,10.75,54476
2016-12-30,10.79,10.94,10.63,10.67,40450
2017-01-02,10.75,11.54,10.67,11.39,86242
2017-01-03,11.48,11.48,11.29,11.3,64084
2017-01-04,11.45,11.48,11.35,11.4,24867
2017-01-05,11.45,11.45,11.36,11.4,36871
2017-01-09,11.4,11.75,11.31,11.36,75566
2017-01-10,11.36,11.4,11.35,11.38,26383
2017-01-11,11.42,11.73,11.2,11.25,62177
2017-01-12,11.35,11.35,10.76,11.05,27913
2017-01-13,10.81,11.06,10.81,10.82,26646
2017-01-16,10.9,11.56,10.74,11.45,39253
2017-01-17,11.45,11.55,11.25,11.31,15079
2017-01-18,11.37,11.4,11.25,11.4,19572
2017-01-19,11.4,11.4,11.04,11.15,22424
2017-01-20,11.15,11.33,11.08,11.3,2048
2017-01-23,11.29,11.29,11.12,11.13,7753
2017-01-24,11.15,11.23,11.15,11.15,9355
2017-01-25,11.16,11.4,11.15,11.33,60127
2017-01-26,11.4,13.1,11.35,13.1,154929
2017-01-27,13.01,13.98,12.55,13.49,143354
2017-01-30,13.59,13.98,13.42,13.73,81657
2017-01-31,13.7,14.95,13.7,14.6,157383
2017-02-01,14.92,15.41,14.92,15.1,116285
2017-02-02,15.25,15.3,14.41,14.45,64804
2017-02-03,14.49,14.72,14.01,14.2,35595
2017-02-06,14.1,14.88,14,14.65,49463
2017-02-07,14.89,15.15,14.8,14.9,26976
2017-02-08,14.89,15,14.71,14.71,12683
2017-02-09,14.8,15,14.65,14.9,34194
2017-02-10,15,15.78,15,15.4,144289
2017-02-13,15.8,15.89,15.36,15.36,81869
2017-02-14,15.2,15.36,14.85,14.99,49945
2017-02-15,14.92,14.92,14.11,14.58,41150
2017-02-16,14.33,14.97,14.31,14.58,21161
2017-02-17,14.85,14.93,14.47,14.5,14254
2017-02-20,14.64,14.84,14.5,14.5,23073
2017-02-21,14.57,14.79,13.83,14.08,44803
2017-02-22,13.99,14.2,13.99,14.1,35279
2017-02-23,14.1,14.1,13.51,13.95,37026
2017-02-24,13.95,13.95,13.24,13.59,50564
2017-02-27,13.51,13.62,13.13,13.49,56415
2017-02-28,13.51,13.56,13.2,13.46,24216
2017-03-01,13.73,14.62,13.6,14.49,61752
2017-03-02,14.79,14.79,14.33,14.36,57138
2017-03-03,14.36,14.85,14.1,14.85,43514
2017-03-06,15,15.35,14.85,15.18,62306
2017-03-07,15,15.26,14.5,14.95,38544
2017-03-08,14.98,14.98,14.52,14.79,12575
2017-03-09,14.75,14.75,13.55,13.92,40754
2017-03-10,13.9,14.4,13.9,14,6157
2017-03-13,14.15,14.47,13.9,14.2,10074
2017-03-14,14.2,14.37,13.4,14.09,25798
2017-03-15,13.6,13.99,13.42,13.6,22708
2017-03-16,13.55,14.07,13.5,13.61,26499
2017-03-17,13.76,13.89,13.66,13.73,16437
2017-03-20,13.75,13.87,13.6,13.75,13595
2017-03-21,13.75,13.83,13.5,13.5,12207
2017-03-22,12.9,12.9,11.82,12.57,80940
2017-03-23,12.65,12.65,11.61,11.95,54890
2017-03-24,11.95,12.04,11.7,12.02,41807
2017-03-27,12.01,12.51,12,12.4,25949
2017-03-28,12.4,12.6,12.35,12.35,10718
2017-03-29,12.65,12.65,12.31,12.34,9864
2017-03-30,12.34,12.49,12.34,12.34,8907
2017-03-31,12.3,12.36,11.55,11.8,28592
2017-04-03,11.9,12,11.15,11.32,31735
2017-04-04,11.32,11.8,11.25,11.35,76574
2017-04-05,11.42,11.64,11.2,11.24,65021
2017-04-06,11.34,11.34,10.96,11.15,31561
2017-04-07,11.15,11.34,10.92,11.2,18694
2017-04-10,11.2,11.65,11.2,11.35,21266
2017-04-11,11.38,11.69,11.2,11.2,20527
2017-04-12,11.42,11.42,10.77,11,23929
2017-04-13,11,11.24,11,11.24,25188
2017-04-18,11.3,11.35,11.01,11.1,66500
2017-04-19,11.15,11.63,11,11.26,33985
2017-04-20,11.3,11.52,11.2,11.2,17424
2017-04-21,11.49,11.49,11.2,11.2,17946
2017-04-24,11.38,11.38,11.05,11.23,18452
2017-04-25,11.3,11.3,11.01,11.1,22922
2017-04-26,11.12,11.2,11.02,11.06,22389
2017-04-27,11.02,11.02,10.5,10.75,44815
2017-04-28,10.61,11,10.6,10.7,29859
2017-05-02,10.63,11,10.63,11,8254
2017-05-04,11,11.11,10.61,10.66,19440
2017-05-05,10.72,10.72,10.3,10.41,20944
2017-05-08,10.54,10.55,10.3,10.3,7328
2017-05-09,10.3,10.8,10.25,10.8,13286
2017-05-10,10.99,11.44,10.99,11.06,53685
2017-05-11,11.63,11.98,11.41,11.59,485017
2017-05-12,11.79,11.8,11.51,11.55,166774
2017-05-15,11.55,11.55,11.14,11.21,40426
2017-05-16,11.11,11.29,11.01,11.05,29407
2017-05-17,11.23,11.23,10.7,11.04,39900
2017-05-18,11.01,11.01,10.72,11.01,12730
2017-05-19,11.05,11.1,10.75,10.8,31398
2017-05-22,11.02,11.05,10.8,10.9,11998
2017-05-23,10.9,11,10.52,10.98,13720
2017-05-24,10.95,10.99,10.65,10.82,11332
2017-05-25,10.82,10.95,10.82,10.93,3196
2017-05-26,10.86,11,10.75,10.98,6243
2017-05-29,10.98,11.11,10.9,11.1,10565
2017-05-30,11.1,11.1,10.9,10.9,7492
2017-05-31,10.9,10.98,10.75,10.9,5670
2017-06-01,10.78,10.89,10.75,10.77,3228
2017-06-02,10.88,10.89,10.77,10.89,14809
2017-06-05,10.81,10.89,10.81,10.85,1000
2017-06-06,10.75,10.85,10.7,10.8,1858
2017-06-07,10.8,10.8,10.33,10.5,56533
2017-06-08,10.39,10.76,10.35,10.74,19855
2017-06-09,10.74,10.76,10.74,10.76,4876
2017-06-12,10.76,10.88,10.6,10.61,13543
2017-06-13,10.59,10.84,10.59,10.84,3995
2017-06-14,10.84,10.84,10.65,10.65,1502
2017-06-16,10.7,10.89,10.7,10.84,2340
2017-06-19,10.84,10.89,10.77,10.78,3652
2017-06-20,10.78,10.86,10.63,10.7,2427
2017-06-21,10.63,10.86,10.63,10.82,7369
2017-06-22,10.75,10.85,10.66,10.84,2338
2017-06-23,10.8,10.84,10.75,10.75,3612
2017-06-26,10.75,10.84,10.71,10.71,14525
2017-06-27,10.7,10.77,10.33,10.65,28722
2017-06-28,10.68,10.68,10.6,10.6,6524
2017-06-29,10.68,10.69,10.55,10.61,5269
2017-06-30,10.56,10.67,10.56,10.6,1345
2017-07-03,10.52,10.62,10.51,10.6,4644
2017-07-04,10.52,10.55,10.35,10.45,10604
2017-07-05,10.35,10.5,10.35,10.5,4669
2017-07-06,10.5,10.5,10.34,10.37,6562
2017-07-07,10.35,10.54,10.35,10.35,2466
2017-07-10,10.35,10.54,10.35,10.5,1873
2017-07-11,10.54,10.61,10.5,10.61,4725
2017-07-12,10.64,10.68,10.5,10.64,11783
2017-07-13,10.6,10.66,10.5,10.66,5484
2017-07-14,10.66,10.75,10.65,10.74,9240
2017-07-17,10.74,10.86,10.73,10.74,26680
2017-07-18,10.74,10.8,10.7,10.75,13598
2017-07-19,10.7,10.7,10.6,10.6,9635
2017-07-20,10.6,10.67,10.41,10.65,12185
2017-07-21,10.65,10.67,10.48,10.63,7176
2017-07-24,10.64,10.64,10.48,10.58,5407
2017-07-25,10.54,10.65,10.44,10.6,2740
2017-07-26,10.59,10.67,10.54,10.6,9337
2017-07-27,10.6,10.65,10.53,10.53,4991
2017-07-28,10.47,10.61,10.46,10.6,10998
2017-07-31,10.6,10.7,10.6,10.65,15032
2017-08-01,10.65,10.68,10.53,10.67,11953
2017-08-02,10.69,10.69,10.55,10.56,19117
2017-08-03,10.51,10.68,10.51,10.58,5393
2017-08-04,10.65,10.65,10.58,10.59,11838
2017-08-07,10.62,10.63,10.55,10.6,17344
2017-08-08,10.6,10.6,10.38,10.5,14974
2017-08-09,10.46,10.6,10.42,10.5,3393
2017-08-10,10.58,10.58,10.38,10.5,4109
2017-08-11,10.46,10.5,10.39,10.5,3754
2017-08-14,10.5,10.6,10.4,10.6,2569
2017-08-16,10.62,10.71,10.62,10.65,26644
2017-08-17,10.65,10.65,10.4,10.55,2456
2017-08-18,10.41,10.6,10.34,10.49,8974
2017-08-21,10.55,10.55,10.42,10.54,4798
2017-08-22,10.42,10.61,10.35,10.6,32737
2017-08-23,10.6,10.6,10.49,10.58,3702
2017-08-24,10.58,10.61,10.5,10.6,17529
2017-08-25,10.6,10.6,10.45,10.59,9480
2017-08-28,10.51,10.6,10.5,10.51,3810
2017-08-29,10.55,10.61,10.51,10.59,8150
2017-08-30,10.53,10.9,10.5,10.79,68655
2017-08-31,10.84,10.92,10.77,10.92,39041
2017-09-01,10.91,11.24,10.75,11.22,131215
2017-09-04,11.24,12.12,11.24,11.72,376176
2017-09-05,11.77,11.86,11.13,11.44,134002
2017-09-06,11.53,11.65,11.4,11.46,27911
2017-09-07,11.46,11.5,11,11.14,46621
2017-09-08,11.1,11.15,10.52,10.66,79173
2017-09-11,10.63,10.7,10.5,10.55,43011
2017-09-12,10.55,10.68,10.53,10.6,60612
2017-09-13,10.57,10.6,10.46,10.51,24643
2017-09-14,10.47,10.53,10.41,10.45,13817
2017-09-15,10.45,10.57,10.45,10.46,11178
2017-09-18,10.54,10.54,10.41,10.42,6658
2017-09-19,10.41,10.55,9.93,10.13,50473
2017-09-20,10.03,10.2,9.65,10.2,46333
2017-09-21,10.9,11.2,10.46,10.55,253200
2017-09-22,10.48,10.61,10.27,10.32,38790
2017-09-25,10.35,10.58,10.35,10.52,4436
2017-09-26,10.54,10.54,10.42,10.5,10163
2017-09-27,10.58,10.64,10.37,10.37,31006
2017-09-28,10.38,10.45,10.3,10.31,24059
2017-09-29,10.35,10.44,10.19,10.27,23612
2017-10-02,10.31,10.35,10.22,10.29,9952
2017-10-03,10.25,10.25,10.17,10.2,15708
2017-10-04,10.32,10.32,10.17,10.18,4831
2017-10-05,10.25,10.28,10.1,10.21,11189
2017-10-06,10.15,10.15,10,10.05,18811
2017-10-09,10,10.21,10,10.1,28520
2017-10-10,10.21,10.6,10.02,10.05,59083
2017-10-11,10.07,10.21,10.07,10.11,13366
2017-10-12,10.19,10.25,10.05,10.05,18023
2017-10-13,10.17,10.17,10.05,10.05,31314
2017-10-16,10.14,10.15,10.01,10.1,14461
2017-10-17,10.06,10.1,10.03,10.08,3880
2017-10-18,10.05,10.05,9.9,9.92,29454
2017-10-19,9.9,9.9,9.6,9.67,72199
2017-10-20,9.7,9.75,9.52,9.65,29136
2017-10-23,9.65,9.74,9.41,9.5,41190
2017-10-24,9.5,9.5,8.79,8.85,86875
2017-10-25,8.95,9.15,8.79,8.8,62160
2017-10-26,9.04,9.16,8.75,9.1,24240
2017-10-27,9.18,9.24,8.95,8.96,44212
2017-10-30,8.9,9.57,8.9,9.56,31802
2017-10-31,9.63,9.9,9.34,9.35,43695
2017-11-02,9.46,9.48,9.15,9.2,37909
2017-11-03,9.2,9.34,9.17,9.31,10368
2017-11-06,9.35,9.59,9.35,9.47,9645
2017-11-07,9.56,9.78,9.5,9.74,38114
2017-11-08,9.7,9.75,9.54,9.63,17554
2017-11-09,9.5,9.59,9.31,9.4,18905
2017-11-10,9.32,9.55,9.26,9.35,9981
2017-11-13,9.35,9.44,9.26,9.29,7351
2017-11-14,9.42,9.58,9.31,9.49,9857
2017-11-15,9.65,9.84,9.13,9.17,28901
2017-11-16,9.18,9.29,8.76,8.8,57401
2017-11-17,8.83,9.24,8.83,9.1,22464
2017-11-20,9.18,9.42,9.1,9.37,31252
2017-11-21,9.3,9.45,9.2,9.32,10265
2017-11-22,9.32,9.48,9.3,9.4,12561
2017-11-23,9.48,9.53,9.45,9.46,14830
2017-11-24,9.34,9.5,9.3,9.36,5442
2017-11-27,9.36,9.38,9.18,9.24,8598
2017-11-28,9.26,9.29,9.18,9.28,7848
2017-11-29,9.28,9.28,9.02,9.15,7974
2017-11-30,9.04,9.16,8.84,9.09,12430
2017-12-01,9,9.15,8.75,8.9,29492
2017-12-04,9.01,9.12,8.9,9.12,6962
2017-12-05,9.15,9.3,9,9.12,8643
2017-12-06,9.09,9.12,8.97,9.12,7463
2017-12-07,9.12,9.3,9.12,9.22,15590
2017-12-08,9.29,9.39,9.17,9.17,23805
2017-12-11,9.21,9.31,8.85,9,34872
2017-12-12,9,9,8.85,8.97,21401
2017-12-13,8.99,9,8.87,8.92,43449
2017-12-14,8.91,9,8.9,8.97,20881
2017-12-15,8.97,9,8.7,8.88,20509
2017-12-18,8.86,8.89,8.72,8.76,24729
2017-12-19,8.8,8.9,8.66,8.67,30946
2017-12-20,8.68,8.69,8.4,8.4,122867
2017-12-21,8.47,8.47,8.1,8.18,97477
2017-12-22,8.19,8.22,7.9,8,158493
2017-12-27,8,8.79,8,8.62,190504
2017-12-28,8.62,8.62,8.45,8.45,63349
2017-12-29,8.5,8.5,8.23,8.27,47569
2018-01-03,8.7,8.7,8.4,8.51,32471
2018-01-04,8.5,8.9,8.5,8.83,78184
2018-01-05,9,9.74,8.88,9.43,194864
2018-01-08,9.66,10.54,9.66,10.42,195613
2018-01-09,10.5,10.88,10.3,10.54,361600
2018-01-10,10.5,10.5,10.1,10.2,52239
2018-01-11,10.2,10.62,10.1,10.46,42731
2018-01-12,10.48,10.76,10.48,10.6,61337
2018-01-15,10.7,10.8,10.52,10.8,53369
2018-01-16,10.84,10.86,10.62,10.72,59123
2018-01-17,9.85,9.9,9.34,9.6,431304
2018-01-18,9.66,9.79,9.6,9.63,68551
2018-01-19,9.62,9.74,9.6,9.62,51048
2018-01-22,9.63,9.63,9.42,9.5,61485
2018-01-23,9.6,9.7,9.49,9.5,44452
2018-01-24,9.57,9.6,9.45,9.46,23161
2018-01-25,9.53,9.57,9.45,9.46,9025
2018-01-26,9.46,9.64,9.46,9.53,17421
2018-01-29,9.6,9.61,9.42,9.55,17823
2018-01-30,9.54,9.55,9.44,9.55,8976
2018-01-31,9.47,9.56,9.45,9.46,5408
2018-02-01,9.47,9.56,9.05,9.14,34972
2018-02-02,9.14,9.4,9.14,9.31,6109
2018-02-05,9.31,9.31,9.14,9.16,8948
2018-02-06,9,9,8.63,8.86,52401
2018-02-07,8.92,9.19,8.9,9.02,21133
2018-02-08,9.1,9.1,8.95,8.96,14260
2018-02-09,8.71,9.07,8.71,9.07,10992
2018-02-12,9.02,9.08,8.92,9.08,7653
2018-02-13,9.23,9.23,9.05,9.05,6655
2018-02-14,9.05,9.05,8.91,8.92,8464
2018-02-15,8.93,9.03,8.88,8.98,4063
2018-02-16,8.93,9,8.82,9,15700
2018-02-19,9,9.03,8.93,8.95,9047
2018-02-20,8.94,9.04,8.84,9.03,8423
2018-02-21,8.86,9,8.86,8.86,3860
2018-02-22,8.98,8.98,8.85,8.87,2844
2018-02-23,8.93,8.99,8.86,8.99,4343
2018-02-26,8.99,9,8.85,8.85,10907
2018-02-27,8.9,8.98,8.8,8.8,13491
2018-02-28,8.81,8.88,8.72,8.73,6861
2018-03-01,8.74,8.75,8.5,8.66,11241
2018-03-02,8.64,8.8,8.57,8.61,7145
2018-03-05,8.6,8.78,8.55,8.75,14035
2018-03-06,8.78,8.79,8.62,8.7,3146
2018-03-07,8.62,8.75,8.51,8.73,6108
2018-03-08,8.72,8.93,8.67,8.91,6539
2018-03-09,8.95,8.95,8.75,8.89,9065
2018-03-12,9.07,9.08,8.93,9.07,9296
2018-03-13,9.07,9.08,8.91,8.91,7236
2018-03-14,8.91,9,8.79,8.9,5004
2018-03-15,8.9,8.92,8.62,8.64,7372
2018-03-16,8.71,8.99,8.71,8.8,10597
2018-03-19,8.94,8.94,8.72,8.8,10019
2018-03-20,9,9,8.72,8.74,9661
2018-03-21,8.85,9,8.75,8.86,6150
2018-03-22,8.98,9.05,8.87,8.88,17979
2018-03-23,9.05,9.14,8.9,9.05,31430
2018-03-26,9.07,9.3,9.07,9.24,16356
2018-03-27,9.27,9.27,9.01,9.19,5728
2018-03-28,9.15,9.15,8.9,9.04,2693
2018-03-29,8.96,9.1,8.75,8.93,5889
2018-04-03,8.75,9.09,8.75,8.99,13396
2018-04-04,8.85,9.09,8.83,8.83,1491
2018-04-05,9,9,8.84,9,2084
2018-04-06,8.99,8.99,8.86,8.86,3738
2018-04-09,8.8,8.94,8.75,8.78,3469
2018-04-10,8.85,8.98,8.69,8.85,10421
2018-04-11,9.1,9.1,8.88,8.9,5594
2018-04-12,8.82,8.95,8.76,8.81,7160
2018-04-13,8.81,8.95,8.81,8.86,1890
2018-04-16,8.86,8.86,8.65,8.65,20940
2018-04-17,8.8,8.8,8.62,8.65,10283
2018-04-18,8.65,8.88,8.55,8.88,5257
2018-04-19,8.8,8.98,8.8,8.9,6534
2018-04-20,8.69,9,8.67,8.97,12152
2018-04-23,8.66,8.88,8.66,8.8,6249
2018-04-24,8.7,9,8.58,9,27128
2018-04-25,9,9.49,8.87,9.48,48341
2018-04-26,9.44,9.55,9.36,9.55,34356
2018-04-27,9.55,9.61,9.27,9.53,33401
2018-04-30,9.5,9.66,9.3,9.66,19799
2018-05-02,9.61,9.66,9.48,9.48,3246
2018-05-04,9.34,9.5,9.31,9.31,5924
2018-05-07,9.27,9.28,8.94,8.96,10698
2018-05-08,8.97,9.1,8.96,9.04,7044
2018-05-09,9.15,9.18,9,9.18,3580
2018-05-10,9.01,9.24,8.99,9.24,6389
2018-05-11,9.11,9.2,9.01,9.06,4645
2018-05-14,9,9.14,9,9.04,7959
2018-05-15,9.1,9.14,8.98,9.11,2445
2018-05-16,9.1,9.1,8.92,9.06,9964
2018-05-17,9,9.09,8.86,8.91,10252
2018-05-18,8.86,8.86,8.73,8.74,3558
2018-05-21,8.74,8.83,8.7,8.75,8839
2018-05-22,8.76,8.85,8.67,8.73,5989
2018-05-23,8.75,8.8,8.51,8.79,16191
2018-05-24,8.6,8.65,8.46,8.47,7244
2018-05-25,8.47,8.63,8.47,8.63,3373
2018-05-28,8.63,8.65,8.46,8.59,3763
2018-05-29,8.5,8.83,8.45,8.76,3022
2018-05-30,8.67,8.75,8.35,8.7,9675
2018-06-01,8.4,8.6,8.39,8.6,3367
2018-06-04,8.41,8.7,8.41,8.52,3469
2018-06-05,8.43,8.65,8.41,8.6,14137
2018-06-06,8.52,8.64,8.52,8.64,21
2018-06-07,8.65,8.68,8.5,8.68,21183
2018-06-08,8.54,8.69,8.23,8.23,19437
2018-06-11,8.23,8.51,8.23,8.5,17262
2018-06-12,8.38,8.4,8.23,8.4,3646
2018-06-13,8.49,8.5,8.4,8.44,8425
2018-06-14,8.4,8.6,8.4,8.55,6816
2018-06-15,8.56,8.7,8.4,8.5,10468
2018-06-18,8.39,8.5,8.31,8.45,2151
2018-06-19,8.3,8.4,8.11,8.19,7957
2018-06-20,8.19,8.31,7.85,7.98,51714
2018-06-21,8.34,8.34,7.98,7.98,7309
2018-06-22,8,8,7.81,7.85,8069
2018-06-25,7.95,7.98,7.8,7.98,1566
2018-06-26,7.99,7.99,7.68,7.7,15989
2018-06-27,7.7,7.71,7.5,7.6,7013
2018-06-28,7.5,7.85,7.5,7.85,9660
2018-06-29,7.99,7.99,7.7,7.81,4978
2018-07-02,7.7,7.86,7.62,7.79,4154
2018-07-03,7.8,7.8,7.53,7.79,7974
2018-07-04,7.77,7.77,7.59,7.65,16047
2018-07-05,7.77,7.83,7.58,7.65,20150
2018-07-06,7.65,7.65,7.3,7.61,20218
2018-07-09,7.52,7.61,7.15,7.3,20733
2018-07-10,7.35,7.45,7.35,7.4,8705
2018-07-11,7.55,7.74,7.48,7.59,10147
2018-07-12,7.66,7.77,7.51,7.55,10753
2018-07-13,7.55,7.7,7.55,7.68,3031
2018-07-16,7.65,7.65,7.38,7.52,11014
2018-07-17,7.52,7.52,7.4,7.49,3551
2018-07-18,7.6,7.64,7.44,7.44,5561
2018-07-19,7.43,7.5,7.41,7.49,1021
2018-07-20,7.42,7.43,7.2,7.41,11384
2018-07-23,7.49,7.59,7.39,7.59,9039
2018-07-24,7.64,7.7,7.52,7.6,7161
2018-07-25,7.61,7.93,7.6,7.88,7878
2018-07-26,7.88,7.99,7.88,7.9,15171
2018-07-27,7.99,8,7.84,7.84,14125
2018-07-30,7.83,7.83,7.57,7.64,20487
2018-07-31,7.61,7.74,7.6,7.6,8458
2018-08-01,7.6,7.73,7.6,7.72,10223
2018-08-02,7.62,7.7,7.48,7.7,7097
2018-08-03,7.7,8.47,7.68,8.44,28481
2018-08-06,8.57,8.57,8.29,8.5,20762
2018-08-07,8.4,8.48,8.2,8.48,3713
2018-08-08,8.42,8.48,8.23,8.23,8201
2018-08-09,8.24,8.42,8.23,8.37,3234
2018-08-10,8.4,8.4,8.25,8.25,4051
2018-08-13,8.5,8.5,8.07,8.15,8493
2018-08-14,8.2,8.54,8.2,8.34,9535
2018-08-16,8.34,8.4,8.14,8.17,2894
2018-08-17,8.23,8.23,7.85,8.09,6320
2018-08-20,8.09,8.23,8.07,8.18,1236
2018-08-21,8.1,8.1,7.58,7.79,15839
2018-08-22,7.8,7.84,7.58,7.7,9574
2018-08-23,7.78,7.78,7.66,7.75,1562
2018-08-24,7.77,7.87,7.75,7.87,2113
2018-08-27,7.7,7.88,7.7,7.85,10124
2018-08-28,7.8,7.83,7.63,7.7,7812
2018-08-29,7.8,7.8,7.63,7.7,4653
2018-08-30,7.77,7.77,7.63,7.76,2995
2018-08-31,7.64,7.8,7.63,7.66,15601
2018-09-03,7.77,7.77,7.66,7.66,6379
2018-09-04,7.66,7.66,7.6,7.66,3434
2018-09-05,7.68,7.74,7.5,7.66,8501
2018-09-06,7.62,8,7.51,7.7,8829
2018-09-07,7.6,7.64,7.36,7.64,8644
2018-09-10,7.63,7.63,7.47,7.47,3049
2018-09-11,7.49,7.6,7.36,7.36,3053
2018-09-12,7.39,7.59,7.39,7.59,2597
2018-09-13,7.45,7.54,7.45,7.54,461
2018-09-14,7.45,7.55,7.4,7.55,18659
2018-09-17,7.58,7.58,7.3,7.54,7244
2018-09-18,7.54,7.54,7.4,7.45,6088
2018-09-19,7.41,7.49,7.4,7.45,14475
2018-09-20,7.45,7.5,7.45,7.5,977
2018-09-21,7.43,7.49,7.4,7.4,4249
2018-09-24,7.43,7.5,7.4,7.5,6920
2018-09-25,7.5,7.55,7.5,7.52,7313
2018-09-26,7.45,7.51,7.42,7.42,1524
2018-09-27,7.5,7.54,7.39,7.53,16567
2018-09-28,7.51,7.51,7.31,7.45,20196
2018-10-01,7.4,7.42,7.26,7.41,2651
2018-10-02,7.36,7.36,6.85,7,35155
2018-10-03,7.09,7.09,6.9,6.9,25754
2018-10-04,6.9,6.92,6.73,6.89,43556
2018-10-05,6.9,6.94,6.78,6.81,6436
2018-10-08,6.9,6.9,6.71,6.76,9705
2018-10-09,6.88,6.88,6.59,6.73,17261
2018-10-10,6.73,6.75,6.58,6.59,42651
2018-10-11,6.56,6.68,6.55,6.55,2649
2018-10-12,6.52,6.66,6.45,6.66,3600
2018-10-15,6.66,6.68,6.6,6.68,26925
2018-10-16,6.78,6.78,6.61,6.73,5395
2018-10-17,6.61,6.75,6.6,6.7,3653
2018-10-18,6.7,6.85,6.6,6.72,9951
2018-10-19,6.73,6.75,6.6,6.7,7195
2018-10-22,6.7,6.7,6.45,6.46,32803
2018-10-23,6.46,6.5,6.44,6.5,1445
2018-10-24,6.5,6.58,6.49,6.58,2954
2018-10-25,6.64,6.64,6.5,6.6,2294
2018-10-26,6.63,6.67,6.53,6.6,4151
2018-10-29,6.52,6.59,6.5,6.58,1983
2018-10-30,6.5,6.53,6.5,6.53,623
2018-10-31,6.55,6.7,6.55,6.7,9152
2018-11-02,6.7,6.7,6.57,6.7,15631
2018-11-05,6.7,6.72,6.6,6.72,4717
2018-11-06,6.7,6.74,6.63,6.7,9124
2018-11-07,6.7,6.71,6.55,6.71,14893
2018-11-08,6.6,6.71,6.6,6.71,18037
2018-11-09,6.74,7.2,6.74,6.95,58588
2018-11-13,7.14,7.25,7,7.25,12750
2018-11-14,7.2,7.25,6.98,7.04,4640
2018-11-15,6.9,7.18,6.9,6.96,33218
2018-11-16,7.06,7.06,6.88,6.88,11665
2018-11-19,6.88,7,6.71,6.95,6985
2018-11-20,6.98,6.98,6.75,6.75,3465
2018-11-21,6.93,6.93,6.71,6.9,22005
2018-11-22,6.9,6.97,6.85,6.97,5787
2018-11-23,6.97,7.15,6.97,7.13,20998
2018-11-26,7.13,7.49,7,7.38,31316
2018-11-27,7.34,7.48,7.31,7.31,2119
2018-11-28,7.13,7.5,7.13,7.44,5467
2018-11-29,7.44,7.93,7.35,7.93,50048
2018-11-30,7.99,8.2,7.9,8,16250
2018-12-03,8,8.3,7.7,7.75,33615
2018-12-04,7.81,7.85,7.67,7.8,7192
2018-12-05,7.8,7.95,7.6,7.83,16915
2018-12-06,7.9,7.9,7.6,7.82,7382
2018-12-07,7.73,8.05,7.73,7.9,19180
2018-12-10,7.92,7.92,7.73,7.73,10754
2018-12-11,7.79,7.86,7.3,7.71,32903
2018-12-12,7.7,7.83,7.55,7.83,11982
2018-12-13,7.7,7.88,7.66,7.85,3065
2018-12-14,7.75,7.87,7.74,7.84,3851
2018-12-17,7.8,7.8,7.58,7.7,9419
2018-12-18,7.64,7.7,7.63,7.65,15717
2018-12-19,7.65,7.74,7.58,7.74,4956
2018-12-20,7.75,7.75,7.46,7.46,9405
2018-12-21,7.46,7.46,7.01,7.26,53606
2018-12-27,7.26,7.45,7.26,7.35,6179
2018-12-28,7.3,7.35,7.22,7.35,7314
2019-01-02,7.46,7.5,7.4,7.5,5452
2019-01-03,7.5,7.5,7.4,7.4,2575
2019-01-04,7.45,7.5,7.32,7.5,4281
2019-01-07,7.48,7.68,7.48,7.68,8795
2019-01-08,7.68,7.68,7.5,7.62,5566
2019-01-09,7.64,7.68,7.5,7.55,4529
2019-01-10,7.57,7.57,7.47,7.5,6157
2019-01-11,7.5,7.5,7.45,7.5,16579
2019-01-14,7.46,7.46,7.32,7.4,10559
2019-01-15,7.35,7.49,7.25,7.34,18358
2019-01-16,7.34,7.34,7.19,7.28,38932
2019-01-17,7.26,7.35,7.2,7.2,13660
2019-01-18,7.25,7.3,7.25,7.25,12686
2019-01-21,7.27,7.3,7.14,7.14,22037
2019-01-22,7.16,7.19,7.03,7.05,17510
2019-01-23,7.13,7.13,7,7.02,14454
2019-01-24,7.06,7.06,6.97,7,27964
2019-01-25,7.11,7.11,6.83,6.91,33154
2019-01-28,7.04,7.04,6.88,6.94,27984
2019-01-29,6.99,6.99,6.84,6.86,83257
2019-01-30,6.93,6.98,6.84,6.93,32673
2019-01-31,6.94,7.05,6.92,7.04,20540
2019-02-01,7.1,7.1,7.04,7.09,37622
2019-02-04,7.09,7.09,6.98,6.98,61306
2019-02-05,7.05,7.05,6.93,6.93,30130
2019-02-06,7.02,7.02,6.89,6.89,52451
2019-02-07,6.9,7.05,6.9,7.04,108828
2019-02-08,7.05,7.99,6.95,7.98,402748
2019-02-11,8.15,9.13,8.13,8.32,356737
2019-02-12,8.32,8.38,8.02,8.37,126475
2019-02-13,8.36,8.65,8.25,8.6,65664
2019-02-14,8.65,8.65,8.17,8.3,53969
2019-02-15,8.2,8.43,8.15,8.26,21654
2019-02-18,8.15,8.39,8.15,8.38,21569
2019-02-19,8.23,8.37,8.1,8.1,45751
2019-02-20,8.12,8.8,8.03,8.77,102262
2019-02-21,8.82,9.35,8.77,9,301440
2019-02-22,9.1,9.56,8.87,9.11,100523
2019-02-25,9.16,9.3,8.87,9.12,93776
2019-02-26,9.14,9.22,8.97,9.22,31539
2019-02-27,9.05,9.22,8.97,9.09,17076
2019-02-28,9.05,9.05,8.94,9,24545
2019-03-01,9.05,9.05,8.95,8.95,5272
2019-03-04,8.92,9.21,8.92,9.16,20163
2019-03-05,9.16,9.16,8.94,9.1,20747
2019-03-06,9.1,9.14,8.96,8.98,10703
2019-03-07,9,9.09,8.62,8.71,55119
2019-03-08,8.7,8.87,8.65,8.87,11364
2019-03-11,8.87,8.98,8.8,8.98,11493
2019-03-12,8.97,9.11,8.9,9.04,23648
2019-03-13,9.04,9.11,8.98,9.06,14468
2019-03-14,8.72,8.8,8.37,8.54,104599
2019-03-15,8.5,8.5,8.28,8.46,23367
2019-03-18,8.46,8.5,8.4,8.4,22808
2019-03-19,8.4,8.55,8.35,8.5,8810
2019-03-20,8.48,8.48,8.23,8.38,11031
2019-03-21,8.46,8.52,8.37,8.52,16443
2019-03-22,8.47,8.54,8.33,8.42,14371
2019-03-25,8.49,8.49,8.25,8.41,20352
2019-03-26,8.44,8.44,8.3,8.31,5458
2019-03-27,8.35,8.35,8.19,8.2,13450
2019-03-28,8.27,8.27,8.07,8.27,9535
2019-03-29,8.1,8.2,8.1,8.12,7606
2019-04-01,8.58,8.58,8.2,8.4,9780
2019-04-02,8.42,8.42,8.28,8.4,3520
2019-04-03,8.36,8.38,8.22,8.36,10910
2019-04-04,8.36,8.36,8.22,8.32,5851
2019-04-05,8.34,8.34,8.18,8.24,2999
2019-04-08,8.3,8.34,8.12,8.24,4601
2019-04-09,8.24,8.34,8.2,8.3,7514
2019-04-10,8.3,8.3,8.16,8.28,3465
2019-04-11,8.28,8.34,8.24,8.3,9835
2019-04-12,8.3,8.3,7.96,8.02,32353
2019-04-15,8,8.1,7.4,7.5,81696
2019-04-16,7.5,7.64,7.24,7.48,70078
2019-04-17,7.42,7.56,7.1,7.2,77850
2019-04-18,7.32,7.38,7.12,7.36,18342
2019-04-23,7.48,7.6,7.36,7.5,35577
2019-04-24,7.5,7.6,7.3,7.42,10547
2019-04-25,7.38,7.46,7.2,7.22,9669
2019-04-26,7.26,7.4,7.24,7.36,11400
2019-04-29,7.3,7.36,7.2,7.3,7315
2019-04-30,7.36,7.36,6.96,7.12,30654
2019-05-02,7.16,7.16,7.06,7.1,7896
2019-05-06,7.12,7.12,6.96,7,7264
2019-05-07,7.1,7.1,6.94,7,11146
2019-05-08,7.04,7.04,6.92,7,3201
2019-05-09,7,7.1,7,7.1,8298
2019-05-10,7.1,7.3,7.1,7.3,9584
2019-05-13,7.3,7.3,6.94,7.12,4022
2019-05-14,7.14,7.2,7.1,7.12,8712
2019-05-15,7.26,7.56,7.26,7.46,26011
2019-05-16,7.46,7.58,7.2,7.34,13806
2019-05-17,7.38,7.38,7.12,7.28,6153
2019-05-20,7.16,7.28,7.14,7.2,4538
2019-05-21,7.14,7.14,7.04,7.1,11453
2019-05-22,7.08,7.12,6.88,7.08,21592
2019-05-23,7.12,7.2,7.06,7.2,3546
2019-05-24,7.18,7.26,7.04,7.22,4176
2019-05-27,7.2,7.22,6.96,7,12623
2019-05-28,7.04,7.46,6.98,7.44,26699
2019-05-29,7.22,7.34,7.2,7.24,8583
2019-05-30,7.38,7.38,7.3,7.32,2482
2019-05-31,7.22,7.26,7.16,7.2,13795
2019-06-03,7.18,7.28,7.06,7.06,17808
2019-06-04,7.06,7.1,6.96,7.02,31894
2019-06-05,7.1,7.1,6.98,7,23588
2019-06-06,7,7.1,6.78,6.98,35072
2019-06-07,6.98,7.14,6.98,6.98,4987
2019-06-10,6.96,7.08,6.92,6.98,5103
2019-06-11,6.98,7.14,6.94,7.14,7131
2019-06-12,7.12,7.12,7.02,7.12,3088
2019-06-13,7.12,7.16,7,7.12,5282
2019-06-14,7.14,7.3,7.06,7.3,11924
2019-06-17,7.3,7.42,7.16,7.26,11384
2019-06-18,7.4,7.4,7.2,7.32,7253
2019-06-19,7.34,7.42,7.34,7.42,2292
2019-06-21,7.42,7.46,7.34,7.34,15006
2019-06-24,7.36,7.44,7.34,7.44,5540
2019-06-25,7.44,7.44,7.36,7.42,571
2019-06-26,7.42,7.58,7.42,7.56,14882
2019-06-27,7.56,7.8,7.56,7.78,38685
2019-06-28,7.8,7.88,7.68,7.78,17807
2019-07-01,7.84,7.84,7.42,7.46,19495
2019-07-02,7.58,7.6,7.46,7.58,15518
2019-07-03,7.58,7.58,7.36,7.54,18082
2019-07-04,7.54,7.78,7.54,7.7,28940
2019-07-05,7.54,7.82,7.54,7.76,13682
2019-07-08,7.74,7.74,7.52,7.68,5407
2019-07-09,7.68,7.68,7.58,7.66,2865
2019-07-10,7.68,7.98,7.56,7.98,14939
2019-07-11,7.98,8.16,7.94,8.06,20831
2019-07-12,8.14,8.18,7.92,7.98,9644
2019-07-15,7.98,8.08,7.86,7.96,7615
2019-07-16,8,8.04,7.86,7.98,11166
2019-07-17,8.02,8.02,7.8,7.9,7099
2019-07-18,7.88,7.88,7.7,7.86,7071
2019-07-19,7.9,7.9,7.7,7.86,3103
2019-07-22,7.86,8.18,7.86,8.04,19427
2019-07-23,8.02,8.12,7.8,8,14080
2019-07-24,7.86,8.14,7.86,8,7026
2019-07-25,8.06,8.1,7.9,8.02,12205
2019-07-26,8.02,8.1,7.96,8.04,8827
2019-07-29,8.06,8.06,7.82,7.88,7209
2019-07-30,7.86,7.9,7.4,7.5,24810
2019-07-31,7.5,7.72,7.46,7.7,9590
2019-08-01,7.7,7.7,7.4,7.6,4236
2019-08-02,7.6,7.6,7.36,7.5,3487
2019-08-05,7.32,7.56,7.22,7.54,9378
2019-08-06,7.5,7.5,7.34,7.34,1239
2019-08-07,7.38,7.48,7.28,7.44,2108
2019-08-08,7.32,7.42,7.16,7.38,10107
2019-08-09,7.4,7.78,7.3,7.6,10006
2019-08-12,7.64,7.74,7.42,7.74,10576
2019-08-13,7.92,8.3,7.68,8.22,141587
2019-08-14,8.3,8.46,8.08,8.18,43775
2019-08-16,8.18,8.3,7.9,8,33624
2019-08-19,8.06,8.18,8.02,8.16,16281
2019-08-20,8.1,8.16,7.9,8,8972
2019-08-21,8.08,8.1,7.9,7.98,6710
2019-08-22,7.98,8.06,7.84,7.88,4379
2019-08-23,7.98,8.06,7.8,8.02,6976
2019-08-26,8.02,8.02,7.78,7.9,2393
2019-08-27,7.8,8.04,7.8,8,8010
2019-08-28,8,8,7.72,7.72,15982
2019-08-29,7.66,7.68,7.32,7.5,22469
2019-08-30,7.58,7.58,7.1,7.46,25162
2019-09-02,7.46,7.54,7.36,7.5,3832
2019-09-03,7.36,7.5,7.3,7.46,6981
2019-09-04,7.46,7.46,7.22,7.26,15806
2019-09-05,7.16,7.38,7.16,7.36,19646
2019-09-06,7.36,7.38,7.26,7.32,4316
2019-09-09,7.26,7.4,7.26,7.4,7027
2019-09-10,7.38,7.46,7.06,7.2,18040
2019-09-11,7.28,7.38,7.2,7.38,4824
2019-09-12,7.36,7.36,7.16,7.34,22061
2019-09-13,7.36,7.46,7.24,7.44,11850
2019-09-16,7.44,7.44,7.28,7.4,19333
2019-09-17,7.4,7.4,7.24,7.34,10584
2019-09-18,7.36,7.46,7.3,7.42,14138
2019-09-19,7.4,7.4,7.22,7.34,10078
2019-09-20,7.32,7.32,7.18,7.3,10420
2019-09-23,7.3,7.3,7.04,7.1,11358
2019-09-24,7.1,7.1,7.02,7.02,8138
2019-09-25,7.16,7.18,6.96,7.08,10985
2019-09-26,7.08,7.12,6.94,7.06,5424
2019-09-27,7.06,7.1,6.94,7.1,4753
2019-09-30,7.1,7.1,6.8,6.82,10084
2019-10-01,6.8,6.96,6.38,6.46,70498
2019-10-02,6.4,6.76,6.3,6.66,26658
2019-10-03,6.6,6.88,6.5,6.82,21931
2019-10-04,6.86,6.86,6.66,6.72,3807
2019-10-07,6.8,7.22,6.66,6.9,15442
2019-10-08,6.9,6.9,6.68,6.76,2298
2019-10-09,6.86,7.1,6.86,7.08,10321
2019-10-10,7.08,7.08,6.98,7.02,1091
2019-10-11,7.02,7.02,6.8,6.96,7742
2019-10-14,6.86,6.96,6.86,6.96,2318
2019-10-15,6.96,6.98,6.82,6.96,1455
2019-10-16,6.96,6.96,6.86,6.96,809
2019-10-17,6.84,6.96,6.84,6.9,3231
2019-10-18,6.94,6.94,6.86,6.94,1397
2019-10-21,6.9,7.06,6.84,7,4400
2019-10-22,7.04,7.08,6.92,7.02,5307
2019-10-23,7.02,7.04,6.96,6.96,471
2019-10-24,6.96,7.3,6.96,7.2,11845
2019-10-25,7.28,7.28,6.84,7,23915
2019-10-28,6.98,7,6.84,6.9,2380
2019-10-29,7,7.02,6.94,6.94,2538
2019-10-30,7.06,7.06,6.94,6.94,1696
2019-10-31,7.06,7.06,6.84,6.98,3889
2019-11-04,6.98,7.18,6.88,7.18,9311
2019-11-05,7.18,7.18,6.9,7.1,5654
2019-11-06,7.08,7.16,7,7.1,3734
2019-11-07,7.08,7.1,7,7.02,4355
2019-11-08,7.02,7.1,6.98,7.06,3277
2019-11-12,7.06,7.12,7,7.1,9139
2019-11-13,7.12,7.12,7,7.06,3915
2019-11-14,7.1,7.14,7,7.04,12925
2019-11-15,7.02,7.14,7,7.08,8577
2019-11-18,7.08,7.08,7,7.06,5195
2019-11-19,7.1,7.1,6.96,7.1,4914
2019-11-20,7.1,7.1,7,7.1,840
2019-11-21,7.12,7.12,7,7.04,1603
2019-11-22,7.04,7.06,6.94,7.06,5797
2019-11-25,7.06,7.06,6.96,6.96,4702
2019-11-26,7.06,7.06,7,7.04,1404
2019-11-27,7,7.06,6.9,7.06,1881
2019-11-28,7.04,7.04,6.92,7,5281
2019-11-29,7,7,6.8,6.92,18263
2019-12-02,6.78,6.92,6.72,6.92,14808
2019-12-03,6.9,6.9,6.78,6.88,12854
2019-12-04,6.9,6.9,6.8,6.9,3625
2019-12-05,6.8,6.88,6.74,6.84,4357
2019-12-06,6.84,6.84,6.68,6.7,30019
2019-12-09,6.8,6.82,6.62,6.8,2374
2019-12-10,6.66,6.8,6.66,6.8,3068
2019-12-11,6.8,6.84,6.4,6.8,11658
2019-12-12,6.88,6.88,6.8,6.84,3572
2019-12-13,6.88,6.88,6.7,6.86,3644
2019-12-16,6.86,6.9,6.7,6.88,3643
2019-12-17,6.76,6.88,6.74,6.84,4468
2019-12-18,6.86,6.86,6.8,6.84,979
2019-12-19,6.86,6.88,6.78,6.88,3794
2019-12-20,6.88,6.92,6.8,6.9,9924
2019-12-23,6.9,6.9,6.74,6.76,13531
2019-12-27,6.76,6.9,6.76,6.9,5803
2019-12-30,6.9,7.18,6.9,7.12,19720
2020-01-02,7.12,7.12,6.96,7,9685
2020-01-03,6.98,7.08,6.92,6.92,6027
2020-01-07,7.02,7.02,6.9,6.92,13814
2020-01-08,6.92,6.98,6.82,6.9,8655
2020-01-09,6.9,6.96,6.86,6.92,2034
2020-01-10,6.92,6.96,6.84,6.94,5806
2020-01-13,6.94,6.94,6.52,6.8,52314
2020-01-14,6.8,7.14,6.62,7.1,73157
2020-01-15,7.1,7.18,7,7,7674
2020-01-16,7.12,7.16,7,7.1,7141
2020-01-17,7.1,7.16,7,7,6076
2020-01-20,7.14,7.14,6.92,6.92,13237
2020-01-21,7.06,7.06,6.9,6.94,6854
2020-01-22,6.94,7,6.72,6.8,13434
2020-01-23,6.62,6.8,6.62,6.78,7043
2020-01-24,6.78,6.94,6.74,6.9,4959
2020-01-27,6.88,6.88,6.62,6.7,5678
2020-01-28,6.72,6.8,6.46,6.8,17324
2020-01-29,6.8,6.8,6.7,6.8,1037
2020-01-30,6.66,6.74,6.62,6.72,2776
2020-01-31,6.64,6.7,6.54,6.7,3730
2020-02-03,6.68,6.68,6.38,6.6,17365
2020-02-04,6.62,6.68,6.44,6.66,7625
2020-02-05,6.68,6.88,6.66,6.76,13581
2020-02-06,6.72,6.86,6.7,6.8,1402
2020-02-07,6.7,6.86,6.7,6.86,1352
2020-02-10,6.84,6.84,6.66,6.8,18029
2020-02-11,6.78,6.8,6.58,6.78,16782
2020-02-12,6.8,7,6.72,6.9,33809
2020-02-13,6.94,7,6.88,7,32448
2020-02-14,7.02,7.04,6.94,7,4971
2020-02-17,6.9,7.06,6.9,7,478
2020-02-18,7,7,6.84,6.9,4344
2020-02-19,6.96,6.96,6.48,6.62,15789
2020-02-20,6.74,6.74,6.62,6.7,1016
2020-02-21,6.7,6.74,6.44,6.66,5690
2020-02-24,6.46,6.76,6.26,6.36,12426
2020-02-25,6.14,6.38,6.06,6.34,16484
2020-02-26,6.06,6.32,6.04,6.24,12181
2020-02-27,6.22,6.24,5.9,5.9,13705
2020-02-28,5.84,5.9,5.5,5.8,44289
2020-03-02,5.86,5.98,5.7,5.8,12693
2020-03-03,5.98,5.98,5.6,5.86,45109
2020-03-04,5.86,5.86,5.72,5.82,6642
2020-03-05,5.88,5.94,5.7,5.9,16706
2020-03-06,5.88,5.88,5.52,5.7,22664
2020-03-09,5.5,5.68,5,5.02,37073
2020-03-10,5.04,5.2,5.02,5.04,9026
2020-03-11,5,5.12,4.37,4.37,41321
2020-03-12,4.35,4.52,3.8,3.9,57830
2020-03-13,3.98,4.4,3.98,4.22,55192
2020-03-16,4.19,4.2,3.86,4.2,45038
2020-03-17,4.37,4.48,4.1,4.38,38184
2020-03-18,4.42,4.42,4.15,4.3,25307
2020-03-19,4.28,4.42,4.2,4.42,36606
2020-03-20,4.42,4.76,4.36,4.45,61470
2020-03-23,4.38,4.38,4.25,4.34,25885
2020-03-24,4.39,4.5,4.25,4.38,17489
2020-03-25,4.5,4.5,4.27,4.27,13934
2020-03-26,4.36,4.39,4.25,4.3,25708
2020-03-27,4.36,4.38,4.18,4.33,26500
2020-03-30,4.33,4.33,4.17,4.3,17457
2020-03-31,4.33,4.39,4.24,4.33,28688
2020-04-01,4.37,4.37,4.2,4.31,12258
2020-04-02,4.16,4.32,4.16,4.29,15076
2020-04-03,4.29,4.29,4.15,4.27,10184
2020-04-06,4.29,4.37,4.2,4.3,34424
2020-04-07,4.4,4.81,4.3,4.66,118363
2020-04-08,4.76,4.76,4.35,4.4,49797
2020-04-09,4.5,4.64,4.41,4.64,24815
2020-04-14,4.63,4.9,4.55,4.81,44438
2020-04-15,4.81,4.94,4.62,4.7,15480
2020-04-16,4.74,4.76,4.59,4.66,5131
2020-04-17,4.75,4.92,4.65,4.86,18062
2020-04-20,4.86,4.9,4.6,4.77,26498
2020-04-21,4.76,4.76,4.31,4.53,26632
2020-04-22,4.54,4.59,4.4,4.58,10862
2020-04-23,4.58,4.59,4.48,4.59,4140
2020-04-24,4.59,4.6,4.5,4.5,9786
2020-04-27,4.54,4.63,4.5,4.58,20156
2020-04-28,4.59,4.87,4.5,4.74,39992
2020-04-29,4.66,4.79,4.59,4.75,29473
2020-04-30,4.84,4.84,4.75,4.8,13880
2020-05-04,4.8,4.84,4.7,4.8,13582
2020-05-05,4.81,4.81,4.68,4.68,7182
2020-05-06,4.77,4.77,4.59,4.59,13100
2020-05-07,4.59,4.64,4.53,4.59,7823
2020-05-08,4.63,4.63,4.53,4.62,6239
2020-05-11,4.65,5.16,4.61,5.04,50794
2020-05-12,5.02,5.46,4.97,5.24,77610
2020-05-13,5.54,5.66,5.22,5.38,60262
2020-05-14,5.38,5.38,5.06,5.1,25687
2020-05-15,5.24,5.24,5.04,5.16,7751
2020-05-18,5.18,5.3,5.14,5.16,7319
2020-05-19,5.3,5.36,5.2,5.3,18889
2020-05-20,5.3,5.44,5.14,5.4,17259
2020-05-21,5.4,5.4,5.3,5.3,2079
2020-05-22,5.28,5.34,5.22,5.34,4222
2020-05-25,5.36,5.6,5.24,5.46,29317
2020-05-26,5.36,5.6,5.36,5.52,53167
2020-05-27,5.6,5.88,5.54,5.58,94836
2020-05-28,5.7,6.1,5.16,5.36,128276
2020-05-29,5.3,5.3,5.18,5.26,21055
2020-06-01,5.38,5.54,5.38,5.46,15406
2020-06-02,5.4,5.56,5.34,5.48,15147
2020-06-03,5.36,5.76,5.36,5.72,40184
2020-06-04,5.78,5.84,5.52,5.84,47401
2020-06-05,5.86,6.32,5.84,6.18,74943
2020-06-08,6.3,7.12,6.2,7.06,249063
2020-06-09,7.1,7.66,7.06,7.2,156849
2020-06-10,7.08,7.18,6.4,6.94,89976
2020-06-12,6.42,6.74,6.34,6.62,74311
2020-06-15,6.62,6.88,6.24,6.48,32640
2020-06-16,6.8,6.96,6.5,6.6,74967
2020-06-17,6.7,6.72,6.4,6.64,42630
2020-06-18,6.64,6.92,6.5,6.74,47485
2020-06-19,6.9,6.94,6.7,6.7,25649
2020-06-22,6.7,6.8,6.54,6.7,13763
2020-06-23,6.7,7.28,6.5,6.98,92750
2020-06-24,7.1,7.16,6.6,6.8,35782
2020-06-25,6.8,6.82,6.54,6.62,14826
2020-06-26,6.7,6.82,6.58,6.6,11083
2020-06-29,6.68,6.68,6.58,6.6,6111
2020-06-30,6.66,6.66,6.36,6.36,21595
2020-07-01,6.5,6.52,6.22,6.52,22760
2020-07-02,6.56,6.78,6.56,6.66,10124
2020-07-03,6.76,6.76,6.52,6.7,3529
2020-07-06,6.72,6.78,6.5,6.68,25200
2020-07-07,6.7,6.7,6.56,6.58,8728
2020-07-08,6.68,6.68,6.4,6.48,15066
2020-07-09,6.48,6.54,6.4,6.4,24267
2020-07-10,6.46,6.46,5.96,6.26,51299
2020-07-13,6.34,6.64,6.34,6.42,23432
2020-07-14,6.5,6.5,6.3,6.3,3800
2020-07-15,6.48,6.48,6.3,6.44,5313
2020-07-16,6.5,6.5,6.32,6.4,8236
2020-07-17,6.44,6.44,6.3,6.38,7295
2020-07-20,6.34,6.38,6.12,6.3,42642
2020-07-21,6.38,6.68,6.26,6.6,44146
2020-07-22,6.62,6.66,6.42,6.42,13414
2020-07-23,6.48,6.56,6.3,6.3,21000
2020-07-24,6.3,6.5,6.3,6.32,6486
2020-07-27,6.48,6.48,6.34,6.34,10858
2020-07-28,6.44,6.48,6.34,6.38,17781
2020-07-29,6.46,6.48,6.36,6.36,8248
2020-07-30,6.46,6.46,5.9,6,32443
2020-07-31,5.72,6.1,5.72,5.96,9580
2020-08-03,6,6.1,5.8,6.06,25916
2020-08-04,6,6.2,5.9,6,10016
2020-08-05,6,6.3,5.9,6.1,19353
2020-08-06,6.1,6.24,5.94,6,11881
2020-08-07,6,6,5.9,6,8582
2020-08-10,5.9,6.18,5.9,6.18,31015
2020-08-11,6.16,6.46,6.16,6.3,25746
2020-08-12,6.28,6.36,6.1,6.14,30994
2020-08-13,6.1,6.34,6.1,6.34,13855
2020-08-14,6.4,6.4,6.14,6.28,13204
2020-08-17,6.28,6.36,6.18,6.32,8403
2020-08-18,6.32,6.32,6.2,6.3,4747
2020-08-19,6.3,6.3,5.94,6.2,11552
2020-08-20,6.26,6.26,6.18,6.18,1404
2020-08-21,6.1,6.18,6.02,6.14,3765
2020-08-24,6.04,6.14,6.04,6.12,2456
2020-08-25,6.16,6.16,6.04,6.1,5665
2020-08-26,6.16,6.16,5.98,6.1,12945
2020-08-27,6.12,6.12,5.8,6.12,19735
2020-08-28,6,6.14,6,6,4056
2020-08-31,6,6,5.9,5.9,7390
2020-09-01,5.9,5.9,5.52,5.64,28338
2020-09-02,5.7,5.7,5.5,5.7,13368
2020-09-03,5.7,5.74,5.58,5.72,2792
2020-09-04,5.64,5.7,5.6,5.7,2806
2020-09-07,5.7,5.74,5.62,5.74,1330
2020-09-08,5.74,5.74,5.5,5.62,8461
2020-09-09,5.66,5.86,5.66,5.86,3477
2020-09-10,5.84,5.84,5.62,5.8,2395
2020-09-11,5.8,5.82,5.48,5.7,13443
2020-09-14,5.62,5.86,5.62,5.84,8609
2020-09-15,5.82,5.82,5.62,5.8,2596
2020-09-16,5.8,5.8,5.8,5.8,1717
2020-09-17,5.78,5.8,5.64,5.8,1138
2020-09-18,5.8,5.8,5.76,5.78,2022
2020-09-21,5.64,5.66,5.5,5.62,8663
2020-09-22,5.52,5.7,5.52,5.64,3566
2020-09-23,5.7,5.76,5.46,5.46,11199
2020-09-24,5.5,5.5,5.12,5.28,14733
2020-09-25,5.32,5.4,5.14,5.2,7661
2020-09-28,5.3,5.36,5.2,5.3,9390
2020-09-29,5.4,5.4,5.24,5.3,3109
2020-09-30,5.4,5.4,5.2,5.3,3968
2020-10-01,5.3,5.34,5.28,5.3,1787
2020-10-02,5.32,5.32,5.26,5.32,1475
2020-10-05,5.34,5.82,5.3,5.7,14395
2020-10-06,5.66,5.8,5.5,5.62,8433
2020-10-07,5.8,5.8,5.62,5.74,2810
2020-10-08,5.8,5.8,5.6,5.62,6189
2020-10-09,5.7,5.7,5.18,5.5,17340
2020-10-12,5.54,5.6,5.5,5.5,5101
2020-10-13,5.32,5.5,5.32,5.44,3522
2020-10-14,5.44,5.44,5.24,5.42,2037
2020-10-15,5.42,5.42,5.14,5.36,4325
2020-10-16,5.34,5.34,5.1,5.28,6970
2020-10-19,5.32,5.32,5.18,5.32,906
2020-10-20,5.32,5.36,5,5.2,4167
2020-10-21,5.2,5.2,5.1,5.16,5361
2020-10-22,5.08,5.16,5.06,5.14,1053
2020-10-23,5.14,5.18,5,5.14,5194
2020-10-26,5.1,5.16,5,5.1,1965
2020-10-27,5.14,5.14,4.85,5,9258
2020-10-28,5,5.04,4.62,4.65,15877
2020-10-29,4.98,4.98,4.6,4.65,6789
2020-10-30,4.7,4.7,4.6,4.62,3038
2020-11-02,4.6,4.8,4.6,4.64,4909
2020-11-03,4.74,4.9,4.7,4.85,5787
2020-11-04,4.85,4.95,4.78,4.84,6102
2020-11-05,4.84,4.98,4.84,4.98,12210
2020-11-06,5,5,4.86,4.97,6351
2020-11-09,4.97,5.52,4.97,5.36,33593
2020-11-10,5.5,5.74,5.34,5.54,30031
2020-11-12,5.7,5.7,5.48,5.6,10082
2020-11-13,5.62,5.62,5.2,5.4,48438
2020-11-16,5.4,5.7,5.4,5.7,27936
2020-11-17,5.74,5.86,5.6,5.7,30502
2020-11-18,5.8,5.8,5.4,5.64,25038
2020-11-19,5.64,5.64,5.4,5.52,7484
2020-11-20,5.44,5.6,5.44,5.58,2487
2020-11-23,5.5,5.78,5.5,5.74,20985
2020-11-24,5.82,5.92,5.68,5.74,14927
2020-11-25,5.8,5.88,5.76,5.78,12384
2020-11-26,5.78,5.82,5.78,5.8,6130
2020-11-27,5.8,5.8,5.72,5.78,5298
2020-11-30,5.78,5.9,5.66,5.66,11232
2020-12-01,5.8,5.8,5.58,5.7,4050
2020-12-02,5.7,5.76,5.6,5.76,21005
2020-12-03,5.76,5.84,5.7,5.8,16616
2020-12-04,5.8,6.14,5.66,6.14,44987
2020-12-07,6.14,6.14,5.86,6.04,40675
2020-12-08,6.04,6.04,5.92,6,7698
2020-12-09,6.1,6.16,6.02,6.14,25637
2020-12-10,6.14,6.14,5.98,6.06,21943
2020-12-11,6.06,6.12,6,6.1,14497
2020-12-14,6.12,6.12,5.9,6.1,14090
2020-12-15,5.96,6.08,5.96,6.04,3984
2020-12-16,6,6.1,5.92,6.06,17794
2020-12-17,6.06,6.1,5.9,5.96,14326
2020-12-18,5.9,5.9,5.74,5.86,17310
2020-12-21,5.84,5.84,5.26,5.7,39916
2020-12-22,5.68,5.7,5.5,5.66,9390
2020-12-23,5.64,5.7,5.52,5.56,29523
2020-12-28,5.6,5.98,5.54,5.94,84572
2020-12-29,5.98,6.08,5.92,6.06,23555
2020-12-30,6,6.1,5.9,6,23168
2021-01-04,6,6.1,5.82,6.1,14828
2021-01-05,6.1,6.14,5.9,6,28622
2021-01-07,6.02,6.3,5.9,6.26,37867
2021-01-08,6.28,6.56,6.24,6.4,69208
2021-01-11,6.36,6.68,6.36,6.46,46049
2021-01-12,6.48,6.6,6.36,6.48,26345
2021-01-13,6.46,6.48,6.32,6.48,21385
2021-01-14,6.48,6.5,6.36,6.5,6742
2021-01-15,6.56,6.56,6.38,6.48,7268
2021-01-18,6.46,6.64,6.38,6.54,16600
2021-01-19,6.58,6.72,6.38,6.48,14410
2021-01-20,6.4,6.5,6.38,6.42,6201
2021-01-21,6.4,6.4,6.28,6.28,9709
2021-01-22,6.32,6.38,6.22,6.34,7522
2021-01-25,6.28,6.32,6.1,6.28,18715
2021-01-26,6.1,6.3,6.1,6.28,7231
2021-01-27,6.28,6.3,6,6.04,12948
2021-01-28,6,6.24,5.98,6.24,10830
2021-01-29,6.2,6.2,6.2,6.2,1565
2021-02-01,6.12,6.26,6.08,6.22,8032
2021-02-02,6.2,6.28,6.08,6.28,2766
2021-02-03,6.3,6.3,6.1,6.2,3077
2021-02-04,6.22,6.22,6.08,6.1,2605
2021-02-05,6.14,6.32,6.14,6.3,31700
2021-02-08,6.26,6.66,6.26,6.42,32680
2021-02-09,6.5,6.54,6.4,6.54,2298
2021-02-10,6.48,6.6,6.44,6.48,9343
2021-02-11,6.46,6.54,6.46,6.46,4090
2021-02-12,6.58,7.04,6.56,6.74,105653
2021-02-15,7.1,7.1,6.86,6.94,36805
2021-02-16,6.92,7.2,6.9,7.04,73648
2021-02-17,7,7.22,6.92,6.98,32839
2021-02-18,7.02,7.54,6.94,7.36,81246
2021-02-19,7.4,8.2,7.3,7.98,170210
2021-02-22,8.08,8.22,7.92,8.06,83613
2021-02-23,8.06,8.2,7.52,7.76,111122
2021-02-24,7.76,8.1,7.7,8.06,46844
2021-02-25,8.08,8.58,8.08,8.38,99435
2021-02-26,8.18,8.34,7.92,8.16,84678
2021-03-01,8.26,9.02,8.26,8.84,135367
2021-03-02,9,9.28,8.8,8.9,148140
2021-03-03,8.9,9.18,8.1,8.4,146223
2021-03-04,8.36,8.38,8,8.3,39439
2021-03-05,8.34,8.38,8.12,8.26,19799
2021-03-08,8.26,8.56,8.26,8.5,30775
2021-03-09,8.54,8.78,8.5,8.7,29876
2021-03-10,8.98,8.98,8.24,8.5,18868
2021-03-11,8.48,8.48,8.2,8.32,22594
2021-03-12,8.38,8.42,8.24,8.3,8492
2021-03-15,8.12,8.4,8.08,8.38,25112
2021-03-16,8.52,8.52,8.02,8.1,22846
2021-03-17,8,8,7.7,7.82,57134
2021-03-18,7.72,7.92,7.62,7.66,24721
2021-03-19,7.66,7.76,7.46,7.54,26496
2021-03-22,7.6,7.76,7.5,7.74,27177
2021-03-23,7.74,7.98,7.66,7.9,17891
2021-03-24,7.98,8,7.68,7.94,8824
2021-03-25,7.94,7.94,7.64,7.78,12081
2021-03-26,7.64,7.92,7.64,7.8,4235
2021-03-29,7.9,7.9,7.66,7.78,18169
2021-03-30,7.72,7.76,7.62,7.72,6343
2021-03-31,7.78,7.78,7.56,7.7,8981
2021-04-01,7.6,7.8,7.26,7.66,60420
2021-04-06,7.74,8.42,7.66,8.3,73277
2021-04-07,8.4,8.5,8.12,8.24,23914
2021-04-08,8.36,8.36,7.8,8.2,20056
2021-04-09,8.26,8.34,8.12,8.28,18214
2021-04-12,8.38,8.4,8.16,8.38,11277
2021-04-13,8.38,8.38,8,8.3,10208
2021-04-14,8.3,8.3,8.18,8.28,11941
2021-04-15,8.1,8.4,8.1,8.22,16072
2021-04-16,8.36,8.36,8,8.2,15237
2021-04-19,8.14,8.18,8.02,8.18,10827
2021-04-20,8.14,8.14,7.86,7.98,18078
2021-04-21,7.82,7.88,7.74,7.86,8583
2021-04-22,8.02,8.1,7.9,8,4421
2021-04-23,8.3,8.3,7.82,8,25028
2021-04-26,8.1,8.1,7.76,7.9,14423
2021-04-27,7.8,7.9,7.7,7.74,12873
2021-04-28,7.7,8.18,7.7,8,18391
2021-04-29,8,8.44,7.96,8.26,82738
2021-04-30,8.14,8.76,8.14,8.48,132322
2021-05-04,8.48,8.76,8.02,8.04,47202
2021-05-05,8.22,8.36,8.2,8.2,10237
2021-05-06,8.3,8.54,8.3,8.4,23641
2021-05-07,8.4,8.66,8.24,8.44,29358
2021-05-10,8.58,8.66,8.34,8.58,43557
2021-05-11,8.48,8.5,8.26,8.48,20072
2021-05-12,8.3,8.3,7.84,8.16,57033
2021-05-13,8.14,8.14,7.82,7.98,17334
2021-05-14,8,8.12,7.9,8.08,4554
2021-05-17,8.1,8.3,8.1,8.3,17115
2021-05-18,8.3,8.3,8.2,8.28,10605
2021-05-19,8.28,8.28,8.04,8.1,13565
2021-05-20,8.1,8.2,8.1,8.12,7792
2021-05-21,8.12,8.24,8.04,8.1,17713
2021-05-24,8.18,8.44,8.1,8.34,49363
2021-05-25,8.34,8.48,8.34,8.38,28552
2021-05-26,8.42,8.5,8.3,8.38,15942
2021-05-27,8.38,8.6,8.3,8.54,55701
2021-05-28,8.58,8.6,8.22,8.5,41982
2021-05-31,8.56,8.56,8.38,8.48,22604
2021-06-01,8.5,8.7,8.22,8.44,33615
2021-06-02,8.46,8.46,8.22,8.32,40151
2021-06-04,8.24,8.32,8.18,8.2,38569
2021-06-07,8.22,8.34,8.12,8.16,40227
2021-06-08,8.2,8.26,8.1,8.14,23590
2021-06-09,8.04,8.18,8,8.02,45606
2021-06-10,8.02,8.18,8,8.16,16414
2021-06-11,8.16,8.16,8.04,8.08,5946
2021-06-14,8.14,8.2,8.02,8.2,6384
2021-06-15,8.2,8.26,8.04,8.14,7241
2021-06-16,8.14,8.18,8.08,8.14,2287
2021-06-17,8.18,8.18,8,8.14,8136
2021-06-18,8.16,8.16,8,8,5265
2021-06-21,8,8.1,7.86,8.1,16770
2021-06-22,8.1,8.1,7.9,8.06,4297
2021-06-23,8,8.1,7.94,8.02,4243
2021-06-24,8.1,8.1,7.94,8.06,19006
2021-06-25,8.1,8.1,7.98,8.02,17577
2021-06-28,8.08,8.08,7.96,7.96,7046
2021-06-29,7.96,7.98,7.84,7.94,18602
2021-06-30,7.96,7.96,7.42,7.7,75458
2021-07-01,7.7,7.9,7.5,7.9,31943
2021-07-02,7.86,7.86,7.6,7.78,13709
2021-07-05,7.78,7.78,7.5,7.68,16293
2021-07-06,7.52,7.84,7.52,7.8,7147
2021-07-07,7.62,7.8,7.62,7.8,4110
2021-07-08,7.66,7.86,7.5,7.66,3541
2021-07-09,7.64,7.66,7.52,7.64,4329
2021-07-12,7.52,7.7,7.5,7.58,10214
2021-07-13,7.62,7.66,7.5,7.6,5878
2021-07-14,7.64,7.64,7.54,7.64,2757
2021-07-15,7.64,7.7,7.52,7.68,3292
2021-07-16,7.52,7.68,7.5,7.64,12864
2021-07-19,7.64,7.64,7.4,7.46,17062
2021-07-20,7.44,7.46,7.34,7.46,5443
2021-07-21,7.46,7.6,7.46,7.6,7152
2021-07-22,7.6,7.66,7.48,7.6,3877
2021-07-23,7.6,7.6,7.5,7.6,1427
2021-07-26,7.6,7.6,7.46,7.46,1869
2021-07-27,7.6,7.6,7.4,7.58,4501
2021-07-28,7.4,7.6,7.4,7.58,1852
2021-07-29,7.58,7.78,7.46,7.78,14999
2021-07-30,7.82,7.82,7.52,7.8,3248
2021-08-02,7.8,7.82,7.62,7.82,7155
2021-08-03,7.86,8.16,7.68,7.9,48614
2021-08-04,8.06,8.12,7.84,8.04,9833
2021-08-05,8.06,8.12,8,8.06,10051
2021-08-06,8.08,8.08,7.9,8.08,17573
2021-08-09,8.08,8.08,7.86,8.04,12289
2021-08-10,7.88,8.06,7.88,8.04,7538
2021-08-11,7.98,8,7.72,7.82,45235
2021-08-12,7.94,7.94,7.78,7.92,3261
2021-08-13,7.96,8.46,7.96,8.46,105199
2021-08-16,8.46,8.7,8.26,8.56,45774
2021-08-17,8.56,8.6,8.3,8.5,32349
2021-08-18,8.4,8.58,8.3,8.42,3326
2021-08-19,8.3,8.4,7.82,8.24,43938
2021-08-20,8.18,8.18,8,8.14,20101
2021-08-23,8.18,8.26,8.16,8.24,6204
2021-08-24,8.26,8.26,8.06,8.26,5675
2021-08-25,8.26,8.28,8.2,8.28,4378
2021-08-26,8.26,8.26,8.02,8.1,11240
2021-08-27,8.1,8.22,8.06,8.2,2596
2021-08-30,8.2,8.28,8.1,8.2,12083
2021-08-31,8.26,8.26,8.1,8.2,11543
2021-09-01,8.24,8.46,8.1,8.36,38977
2021-09-02,8.44,8.46,8.14,8.46,19973
2021-09-03,8.4,8.48,8.28,8.46,15317
2021-09-06,8.44,8.78,8.4,8.78,80502
2021-09-07,8.8,10.45,8.78,10.4,514345
2021-09-08,10.5,11.35,10,10.9,302626
2021-09-09,10.85,11.2,10.5,10.7,111791
2021-09-10,10.75,11.7,10.4,10.55,260061
2021-09-13,10.7,11.1,10.4,10.85,99203
2021-09-14,10.95,11.4,10.6,11.2,128673
2021-09-15,11.4,11.4,10.5,11.15,84222
2021-09-16,11.1,11.15,10.8,10.95,63154
2021-09-17,11,11.05,10.7,10.8,59721
2021-09-20,10.85,10.85,9.54,9.6,236893
2021-09-21,9.64,10.2,9.54,9.86,63814
2021-09-22,9.86,10.5,9.86,10.45,58739
2021-09-23,10.45,10.5,10.2,10.3,15982
2021-09-24,10.45,10.45,9.8,10.2,15797
2021-09-27,10.35,10.5,10.05,10.3,19492
2021-09-28,10.2,10.4,9.9,10.1,24087
2021-09-29,10,10.2,9.8,9.94,26314
2021-09-30,9.98,9.98,9.4,9.64,76546
2021-10-01,9.68,11.25,9.4,10.9,161415
2021-10-04,10.9,11.8,10.65,11.2,232444
2021-10-05,11.2,11.55,10.75,11,114092
2021-10-06,10.9,11.85,10.7,11.8,213369
2021-10-07,11.85,12.5,11.8,12,198828
2021-10-08,12.2,12.35,11.55,12,126223
2021-10-11,12,12.3,11.7,11.9,94976
2021-10-12,11.9,12,11.4,11.65,117202
2021-10-13,11.7,11.85,11.4,11.45,34964
2021-10-14,11.5,11.55,11.1,11.3,60343
2021-10-15,11.3,11.5,11.15,11.4,34263
2021-10-18,11.4,11.9,11.4,11.65,51241
2021-10-19,11.7,11.9,11.15,11.45,62384
2021-10-20,11.35,11.4,10.65,11.2,100633
2021-10-21,11.2,11.2,10.6,10.8,97969
2021-10-22,10.6,11,10.5,10.6,50494
2021-10-25,10.8,10.95,10.5,10.7,50763
2021-10-26,10.7,11.3,10.65,11.25,71077
2021-10-27,11.4,12.1,11.3,11.6,163902
2021-10-28,11.8,11.95,11.4,11.7,66675
2021-10-29,11.55,12.65,11.55,12.05,263128
2021-11-02,12.5,12.7,12.3,12.6,300982
2021-11-03,12.7,12.85,11.6,11.75,278853
2021-11-04,11.75,12.3,11.6,12.15,106861
2021-11-05,12.05,12.5,11.45,12.2,111972
2021-11-08,12.3,12.65,12,12.35,119347
2021-11-09,12.4,12.4,11.65,12,71018
2021-11-10,11.9,12.4,11.35,11.65,89834
2021-11-12,11.5,11.8,11.2,11.6,84110
2021-11-15,11.55,12.05,11.25,11.35,39905
2021-11-16,11.35,11.9,11.35,11.45,33467
2021-11-17,11.45,11.85,11.3,11.5,35774
2021-11-18,11.5,11.6,10.7,10.95,102581
2021-11-19,10.9,11.05,10,10.35,158915
2021-11-22,10.25,10.6,9.74,10.6,78349
2021-11-23,10.45,10.55,10.05,10.4,35449
2021-11-24,10.35,10.7,10.35,10.35,32958
2021-11-25,10.35,10.75,10.3,10.5,19665
2021-11-26,10.4,10.4,9.78,9.78,88871
2021-11-29,9.8,9.9,9.4,9.8,87183
2021-11-30,9.52,10.15,9.5,9.96,64599
2021-12-01,10,10.4,9.94,10.15,60895
2021-12-02,10.15,10.3,10,10.25,29057
2021-12-03,10.3,10.5,9.8,10.1,34981
2021-12-06,10.1,10.15,9.1,9.94,35839
2021-12-07,10.15,10.25,9.9,10,39755
2021-12-08,10,10.2,9.8,9.94,27615
2021-12-09,10.1,10.1,9.48,9.68,46016
2021-12-10,9.56,9.76,9.48,9.54,21197
2021-12-13,9.52,9.6,9.14,9.2,48659
2021-12-14,9.2,9.24,8.6,8.86,132551
2021-12-15,8.96,9.04,8.6,8.64,30270
2021-12-16,8.66,9,8.4,8.86,96336
2021-12-17,8.84,8.88,8.62,8.66,44339
2021-12-20,8.4,8.64,7.84,8.3,181164
2021-12-21,8.44,8.56,8.3,8.4,103755
2021-12-22,8.34,8.4,8.2,8.3,45809
2021-12-23,8.22,8.56,8.22,8.3,56932
2021-12-27,8.46,8.46,7.92,8,164263
2021-12-28,8.1,8.5,8,8.3,160452
2021-12-29,8.3,9.1,8.3,8.98,51184
2021-12-30,8.98,9.2,8.98,9.1,28575
2022-01-03,9.1,9.88,9.1,9.64,78703
2022-01-04,9.8,10,9.62,9.72,82760
2022-01-05,9.7,9.7,9.3,9.7,28765
2022-01-07,9.7,9.7,9.32,9.48,36306
2022-01-10,9.66,9.8,9.46,9.66,28726
2022-01-11,9.66,10.1,9.54,9.86,61213
2022-01-12,10,10.1,9.7,9.98,70520
2022-01-13,10.15,10.15,9.76,9.82,29309
2022-01-14,9.88,9.88,9.34,9.52,33666
2022-01-17,9.5,9.64,9.4,9.64,14271
2022-01-18,9.6,9.6,9.3,9.48,23917
2022-01-19,9.28,9.48,9.02,9.38,40356
2022-01-20,9.14,9.36,9.04,9.22,13932
2022-01-21,9.12,9.12,8.66,8.82,39776
2022-01-24,8.8,8.92,7.92,8.02,148912
2022-01-25,8.08,8.48,8.04,8.28,63908
2022-01-26,8.4,8.76,8.4,8.7,51702
2022-01-27,8.5,8.9,8.32,8.8,44807
2022-01-28,8.94,8.94,8.48,8.62,18072
2022-01-31,8.64,8.9,8.52,8.72,12157
2022-02-01,8.72,8.96,8.7,8.96,43662
2022-02-02,9,9.48,8.9,9.3,34841
2022-02-03,9.4,9.44,8.9,9.3,32505
2022-02-04,9.4,9.4,8.92,9.08,32514
2022-02-07,9,9.14,8.72,8.72,27278
2022-02-08,8.84,8.98,8.6,8.84,31203
2022-02-09,8.78,8.8,8.64,8.78,17233
2022-02-10,8.8,8.94,8.72,8.88,38446
2022-02-11,8.88,8.88,8.6,8.74,31968
2022-02-14,8.6,8.6,8.1,8.2,93419
2022-02-15,8.32,8.6,8.32,8.48,27920
2022-02-16,8.54,8.74,8.44,8.48,34624
2022-02-17,8.5,8.76,8.2,8.26,18499
2022-02-18,8.26,8.38,8.2,8.24,13120
2022-02-21,8.22,8.28,7.54,8,68498
2022-02-22,7.7,8.12,7.6,7.98,27995
2022-02-23,8.06,8.3,7.9,8.1,24525
2022-02-24,7.38,7.7,6.82,6.96,154781
2022-02-25,7.2,7.52,7.14,7.46,164650
2022-02-28,7.36,7.66,6.92,7.4,40660
2022-03-01,7.66,7.82,7.36,7.42,67235
2022-03-02,7.3,7.88,7.2,7.88,55233
2022-03-03,7.72,7.86,7.4,7.8,26405
2022-03-04,7.6,7.6,7.02,7.3,37922
2022-03-07,7.02,7.4,6.82,7.34,79445
2022-03-08,7.38,7.86,7.24,7.78,84051
2022-03-09,7.86,8.06,7.66,8.06,69098
2022-03-10,8.18,8.18,7.7,7.84,33070
2022-03-11,7.98,8.06,7.9,8.04,31339
2022-03-14,8.06,8.1,7.86,7.94,17827
2022-03-15,8.08,8.08,7.76,8.06,13663
2022-03-16,8,8.4,8,8.4,31124
2022-03-17,8.42,8.46,8.24,8.4,34927
2022-03-18,8.4,8.6,8.28,8.44,28988
2022-03-21,8.56,8.6,8.26,8.52,34255
2022-03-22,8.38,8.64,8.38,8.64,10199
2022-03-23,8.64,8.86,8.56,8.68,33192
2022-03-24,8.62,8.62,8.4,8.6,16140
2022-03-25,8.6,8.6,8.36,8.42,30555
2022-03-28,8.6,8.78,8.52,8.7,24276
2022-03-29,8.7,9.08,8.56,8.86,71093
2022-03-30,8.98,8.98,8.72,8.8,18876
2022-03-31,9.6,9.6,9.1,9.18,110434
2022-04-01,8.96,9.36,8.96,9.28,28006
2022-04-04,9.32,9.8,9.3,9.74,81431
2022-04-05,9.78,9.86,9.4,9.44,53130
2022-04-06,9.5,9.5,9.2,9.28,24045
2022-04-07,9.3,9.34,9,9,28750
2022-04-08,9.12,9.24,9,9.24,20204
2022-04-11,8.98,9.18,8.96,9.18,16812
2022-04-12,9.18,9.18,8.92,9.1,6948
2022-04-13,9.18,9.18,8.82,9.06,14576
2022-04-14,9.06,9.06,8.85,8.98,5100
2022-04-19,8.88,8.96,8.55,8.6,43478
2022-04-20,8.6,8.74,8.55,8.62,17250
2022-04-21,8.7,9,8.6,8.9,24537
2022-04-22,8.8,8.95,8.61,8.84,23177
2022-04-25,8.65,8.74,8.15,8.41,46932
2022-04-26,8.38,9.2,8.38,8.74,49893
2022-04-27,8.72,8.72,8.3,8.56,22497
2022-04-28,8.66,8.76,8.56,8.72,10380
2022-04-29,8.78,8.78,8.6,8.6,6419
2022-05-02,8.74,8.75,8.44,8.44,10179
2022-05-04,8.46,8.7,8.46,8.66,4975
2022-05-05,8.61,8.78,7.8,7.8,94255
2022-05-06,7.94,8.4,7.88,8.36,59786
2022-05-09,8.36,8.7,8.34,8.67,44517
2022-05-10,8.67,8.67,8.3,8.5,24142
2022-05-11,8.49,8.88,8.26,8.4,20100
2022-05-12,8.32,8.36,8.1,8.12,9860
2022-05-13,8.12,8.38,8.12,8.2,37714
2022-05-16,8.35,8.42,8.24,8.42,26583
2022-05-17,8.45,8.86,8.45,8.7,16712
2022-05-18,8.7,8.72,8.47,8.47,8504
2022-05-19,8.45,8.45,8.2,8.38,21552
2022-05-20,8.4,8.49,8.12,8.35,12883
2022-05-23,8.36,8.49,8.24,8.41,15535
2022-05-24,8.49,8.49,8.28,8.3,5606
2022-05-25,8.36,8.5,8.24,8.39,10356
2022-05-26,8.6,8.66,8.5,8.52,15858
2022-05-27,8.78,8.78,8.53,8.53,10865
2022-05-30,8.68,8.68,8.53,8.55,3783
2022-05-31,8.63,8.63,8.49,8.51,5388
2022-06-01,8.59,8.59,8.32,8.38,9769
2022-06-02,8.52,8.52,8.22,8.32,4088
2022-06-03,8.4,8.54,8.29,8.3,3974
2022-06-06,8.3,8.38,8.21,8.29,26226
2022-06-07,8.3,8.35,8.19,8.22,5350
2022-06-08,8.29,8.29,8.06,8.28,10090
2022-06-09,8.3,8.3,8.1,8.2,5069
2022-06-10,8.2,8.2,7.99,7.99,14808
2022-06-13,8,8,7.56,7.7,27886
2022-06-14,7.66,7.84,7.61,7.83,8652
2022-06-15,7.83,7.83,7.63,7.8,2234
2022-06-17,7.6,7.83,7.6,7.67,9273
2022-06-20,7.68,7.75,7.62,7.67,6392
2022-06-21,7.75,7.84,7.68,7.8,6944
2022-06-22,7.84,7.98,7.75,7.75,5840
2022-06-23,7.84,7.92,7.69,7.92,1854
2022-06-24,8,8.1,7.82,8.08,4883
2022-06-27,8.1,8.1,7.87,7.87,1624
2022-06-28,7.86,8.08,7.86,7.97,3687
2022-06-29,8.07,8.08,7.88,8.08,4180
2022-06-30,8.08,8.1,7.92,7.93,3226
2022-07-01,8.04,8.04,7.8,7.81,6681
2022-07-04,7.81,7.81,7.63,7.71,5333
2022-07-05,7.71,7.76,7.46,7.51,13149
2022-07-06,7.59,7.77,7.42,7.42,14306
2022-07-07,7.4,7.73,7.4,7.72,7533
2022-07-08,7.76,7.83,7.53,7.77,5648
2022-07-11,7.88,7.88,7.61,7.82,2145
2022-07-12,7.79,7.79,7.42,7.46,8916
2022-07-13,7.57,7.57,7.3,7.38,19514
2022-07-14,7.49,7.57,7.38,7.56,8273
2022-07-15,7.5,7.55,7.38,7.4,12495
2022-07-18,7.55,7.63,7.44,7.57,1361
2022-07-19,7.47,7.6,7.4,7.53,4706
2022-07-20,7.5,7.63,7.5,7.63,7021
2022-07-21,7.64,7.67,7.46,7.62,3574
2022-07-22,7.62,7.62,7.5,7.55,2911
2022-07-25,7.5,7.6,7.44,7.44,12280
2022-07-26,7.44,7.58,7.43,7.5,2855
2022-07-27,7.5,7.5,7.41,7.5,1513
2022-07-28,7.52,7.74,7.44,7.66,9108
2022-07-29,7.66,7.85,7.59,7.66,6173
2022-08-01,7.65,7.85,7.6,7.75,8038
2022-08-02,7.83,7.83,7.7,7.7,1317
2022-08-03,7.77,7.77,7.5,7.5,14791
2022-08-04,7.61,7.61,7.36,7.36,17244
2022-08-05,7.49,7.58,7.34,7.58,7436
2022-08-08,7.58,7.74,7.58,7.74,11828
2022-08-09,7.8,7.8,7.54,7.58,9840
2022-08-10,7.85,8.3,7.84,8.05,58117
2022-08-11,8.06,8.25,8.05,8.1,16904
2022-08-12,8.2,8.57,8.15,8.53,23041
2022-08-16,8.68,8.94,8.53,8.68,27483
2022-08-17,8.65,8.65,8,8.37,35708
2022-08-18,8.3,8.4,8.1,8.4,2073
2022-08-19,8.46,8.46,8,8.13,15234
2022-08-22,8.25,8.25,8.1,8.1,2914
2022-08-23,8.19,8.2,8.03,8.03,6172
2022-08-24,8.15,8.15,8.02,8.1,3080
2022-08-25,8.14,8.21,8.01,8.11,16150
2022-08-26,8.11,8.19,7.8,7.92,5342
2022-08-29,7.76,7.76,7.55,7.67,14772
2022-08-30,7.55,7.96,7.5,7.5,7606
2022-08-31,7.58,7.72,7.43,7.72,9791
2022-09-01,7.72,7.72,7.24,7.24,21108
2022-09-02,7.3,7.48,7.3,7.32,8197
2022-09-05,7.63,7.63,7.04,7.13,15438
2022-09-06,7.13,7.15,6.7,6.73,38246
2022-09-07,6.7,6.87,6.56,6.68,16556
2022-09-08,6.73,6.88,6.52,6.6,17709
2022-09-09,6.75,7.19,6.75,6.98,24835
2022-09-12,7.1,7.18,6.86,7.15,9734
2022-09-13,7.22,7.22,6.8,6.86,12551
2022-09-14,6.98,6.98,6.7,6.75,10108
2022-09-15,6.79,6.98,6.78,6.93,11497
2022-09-16,6.81,6.93,6.78,6.9,6570
2022-09-19,6.91,6.91,6.81,6.89,2706
2022-09-20,6.95,6.96,6.68,6.7,11812
2022-09-21,6.66,6.83,6.66,6.73,3405
2022-09-22,6.75,6.8,6.7,6.74,9169
2022-09-23,6.85,6.86,6.7,6.7,5837
2022-09-26,6.75,6.75,6.48,6.49,7813
2022-09-27,6.53,6.78,6.53,6.69,4582
2022-09-28,6.6,6.72,6.48,6.56,13957
2022-09-29,6.67,6.67,6.34,6.34,5245
2022-09-30,6.51,6.64,6.51,6.61,18236
2022-10-03,6.62,6.75,6.51,6.75,13886
2022-10-04,6.85,6.94,6.73,6.8,5733
2022-10-05,6.9,6.9,6.7,6.72,3392
2022-10-06,6.81,6.81,6.54,6.54,24924
2022-10-07,6.65,6.68,6.46,6.5,4986
2022-10-10,6.54,6.58,6.3,6.37,26527
2022-10-11,6.49,6.49,6.28,6.31,22367
2022-10-12,6.46,6.46,6.3,6.37,20180
2022-10-13,6.58,6.58,6.26,6.38,5195
2022-10-14,6.3,6.56,6.3,6.47,9720
2022-10-17,6.56,6.56,6.34,6.5,9238
2022-10-18,6.55,6.66,6.5,6.59,4956
2022-10-19,6.55,6.62,6.38,6.43,8951
2022-10-20,6.39,6.54,6.36,6.54,5190
2022-10-21,6.53,6.61,6.46,6.55,7628
2022-10-24,6.62,6.79,6.55,6.76,17812
2022-10-25,6.76,7.15,6.76,7.06,19448
2022-10-26,7.06,7.34,7.06,7.24,15428
2022-10-27,7.15,7.23,7.02,7.23,13654
2022-10-28,7.24,7.3,7.08,7.15,6548
2022-10-31,7.28,7.68,7.16,7.68,33989
2022-11-02,7.68,7.78,7.41,7.5,13521
2022-11-03,7.25,7.42,7.2,7.37,11768
2022-11-04,7.4,7.68,7.35,7.68,43541
2022-11-07,7.68,7.8,7.51,7.65,23492
2022-11-08,7.67,7.7,7.47,7.7,15619
2022-11-09,7.94,8.4,7.94,8.22,74643
2022-11-10,8.24,8.64,7.98,8.6,34928
2022-11-14,8.79,9,8.4,8.68,54601
2022-11-15,8.77,8.77,8.48,8.68,9828
2022-11-16,8.67,8.67,8.28,8.43,16589
2022-11-17,8.46,8.5,8.06,8.08,15493
2022-11-18,8.55,8.55,8.12,8.22,14845
2022-11-21,8.28,8.29,8.15,8.16,7280
2022-11-22,8.1,8.28,7.92,8.11,14074
2022-11-23,8.11,8.19,8.05,8.11,8992
2022-11-24,8.11,8.24,7.95,8.24,22785
2022-11-25,8.24,8.24,8.03,8.06,15989
2022-11-28,8.05,8.18,8.01,8.03,9235
2022-11-29,8.14,8.14,7.92,7.95,11019
2022-11-30,8.06,8.14,8,8.13,8022
2022-12-01,8.15,8.3,8,8.03,17665
2022-12-02,8.22,8.23,8.06,8.13,10280
2022-12-05,8.17,8.5,8.15,8.5,49611
2022-12-06,8.6,8.74,8.1,8.57,47403
2022-12-07,8.57,8.67,8.44,8.66,12870
2022-12-08,8.66,8.66,8.41,8.58,15294
2022-12-09,8.58,8.58,8.42,8.5,4524
2022-12-12,8.55,8.88,8.5,8.8,29548
2022-12-13,8.8,8.88,8.67,8.68,16826
2022-12-14,8.8,8.8,8.68,8.7,9033
2022-12-15,8.7,8.7,8.5,8.57,4570
2022-12-16,8.57,8.57,8.2,8.38,13530
2022-12-19,8.19,8.52,8.19,8.41,10098
2022-12-20,8.39,8.4,8.31,8.36,1931
2022-12-21,8.36,8.54,8.36,8.43,6949
2022-12-22,8.48,8.52,8.33,8.48,14017
2022-12-23,8.53,8.53,8.33,8.4,8922
2022-12-27,8.4,8.54,8.27,8.28,12145
2022-12-28,8.36,8.37,8.12,8.2,14141
2022-12-29,8.37,8.45,8.36,8.45,7208
2022-12-30,8.33,8.45,8.33,8.44,6112
2023-01-02,8.53,8.53,8.1,8.51,15173
2023-01-03,8.51,9.36,8.31,9.09,110656
2023-01-04,9.24,9.48,8.84,9.4,60730
2023-01-05,9.44,9.68,9.25,9.39,83623
2023-01-09,9.5,9.78,9.4,9.48,35037
2023-01-10,9.49,9.6,9.3,9.45,18541
2023-01-11,9.55,9.68,8.87,8.95,97394
2023-01-12,9,9.26,8.82,9.12,35864
2023-01-13,9.12,9.24,8.91,9.09,16661
2023-01-16,9.04,9.09,8.78,9.04,22755
2023-01-17,9.04,9.08,8.8,9.07,8748
2023-01-18,8.92,9.07,8.79,9.05,17609
2023-01-19,9,9,8.64,8.8,25471
2023-01-20,8.89,8.94,8.68,8.85,8573
2023-01-23,8.88,8.99,8.79,8.99,5756
2023-01-24,8.99,9.06,8.82,8.95,10291
2023-01-25,8.84,8.84,8.45,8.5,69474
2023-01-26,8.63,9,8.58,8.65,11395
2023-01-27,8.7,8.76,8.42,8.68,11566
2023-01-30,8.69,8.8,8.52,8.7,8835
2023-01-31,8.78,8.97,8.71,8.93,8110
2023-02-01,8.9,8.9,8.76,8.79,28331
2023-02-02,8.99,9.08,8.72,9.06,26246
2023-02-03,9.09,9.14,8.82,8.85,20299
2023-02-06,8.94,8.94,8.53,8.6,25670
2023-02-07,8.56,8.85,8.53,8.68,6618
2023-02-08,8.68,8.95,8.68,8.8,14010
2023-02-09,8.89,8.98,8.75,8.9,10144
2023-02-10,8.73,8.99,8.65,8.79,8790
2023-02-13,8.78,8.78,8.66,8.7,3718
2023-02-14,8.78,8.88,8.76,8.76,3168
2023-02-15,8.88,8.88,8.73,8.74,1906
2023-02-16,8.8,8.99,8.5,8.96,29641
2023-02-17,8.91,8.91,8.67,8.67,11532
2023-02-20,8.67,8.83,8.62,8.83,6149
2023-02-21,8.84,8.84,8.63,8.84,8017
2023-02-22,8.84,8.84,8.62,8.72,4244
2023-02-23,8.7,8.78,8.5,8.66,22616
2023-02-24,8.62,8.71,8.58,8.69,6576
2023-02-27,8.71,8.71,8.13,8.67,19093
2023-02-28,8.5,8.74,8.5,8.7,9047
2023-03-01,8.72,8.75,8.61,8.73,3147
2023-03-02,8.64,8.65,8.52,8.64,5002
2023-03-03,8.64,8.78,8.64,8.78,15672
2023-03-06,8.78,8.96,8.63,8.96,24203
2023-03-07,8.96,9.3,8.89,9.1,51872
2023-03-08,9.09,9.22,9.03,9.2,13803
2023-03-09,9.25,9.36,9.18,9.36,42683
2023-03-10,9.24,9.3,9,9.2,26395
2023-03-13,9.2,9.2,8.78,9.1,27096
2023-03-14,9.13,9.13,8.91,9.06,6189
2023-03-15,9.12,9.12,8.82,8.82,26472
2023-03-16,8.8,8.98,8.46,8.8,19029
2023-03-17,8.8,9.03,8.73,8.8,11154
2023-03-20,8.85,8.85,8.26,8.64,41351
2023-03-21,8.8,9.04,8.65,9.03,30579
2023-03-22,9.3,9.3,8.93,9.1,27671
2023-03-23,8.83,9.29,8.72,9.15,84698
2023-03-24,9.12,9.12,8.8,8.82,12097
2023-03-27,8.8,8.9,8.7,8.88,7781
2023-03-28,8.88,9.16,8.88,9.08,35883
2023-03-29,9,9.07,8.7,8.93,24707
2023-03-30,9.01,9.07,8.7,9.06,13726
2023-03-31,9.11,9.23,8.92,9.11,14623
2023-04-03,9.1,9.33,9.03,9.29,35410
2023-04-04,9.28,9.29,9.16,9.28,8513
2023-04-05,9.28,9.29,9.11,9.24,8960
2023-04-06,9.23,10.22,9.11,9.9,124674
2023-04-11,9.9,10.16,9.85,10.12,25804
2023-04-12,10,10.2,9.86,10,30921
2023-04-13,10.02,10.18,9.93,10.14,25537
2023-04-14,10.16,10.48,9.85,10.08,46466
2023-04-17,10.14,10.14,9.8,9.98,17335
2023-04-18,9.99,10.12,9.81,9.9,19302
2023-04-19,9.99,9.99,9.6,9.84,16942
2023-04-20,9.95,10.88,9.82,10.3,69342
2023-04-21,10.28,10.44,10.02,10.36,13995
2023-04-24,10.4,10.4,9.86,9.91,19744
2023-04-25,9.91,10.06,9.82,9.85,7480
2023-04-26,9.87,9.88,9.73,9.76,3730
2023-04-27,9.8,9.9,9.74,9.9,3384
2023-04-28,9.9,9.96,9.6,9.86,5630
2023-05-02,9.82,9.85,9.65,9.7,2605
2023-05-04,9.61,9.7,9.04,9.3,18850
2023-05-05,9.3,9.78,9.2,9.67,23672
2023-05-08,9.67,9.84,9.55,9.65,12659
2023-05-09,9.57,9.86,9.56,9.79,5815
2023-05-10,9.88,9.98,9.8,9.87,11887
2023-05-11,9.86,9.97,9.82,9.84,7305
2023-05-12,9.82,9.98,9.72,9.8,11138
2023-05-15,9.8,9.8,9.64,9.78,5084
2023-05-16,9.83,9.83,9.65,9.66,732
2023-05-17,9.78,9.78,9.68,9.68,1241
2023-05-18,9.5,9.78,9.5,9.76,2683
2023-05-19,9.7,9.85,9.6,9.65,13085
2023-05-22,9.75,9.75,9.2,9.6,15981
2023-05-23,9.6,9.61,9.45,9.5,10139
2023-05-24,9.57,9.57,9.46,9.54,1454
2023-05-25,9.54,9.54,9.31,9.35,5960
2023-05-26,9.35,9.5,9.29,9.4,11395
2023-05-29,9.43,9.43,9.25,9.4,5277
2023-05-30,9.44,9.44,9.28,9.3,1904
2023-05-31,9.25,9.35,9.12,9.29,9132
2023-06-01,9.29,9.3,9.14,9.28,5859
2023-06-02,9.2,9.48,9.2,9.47,16306
2023-06-05,9.49,9.78,9.31,9.31,18940
2023-06-06,9.44,9.66,9.3,9.6,11325
2023-06-07,9.56,9.61,9.36,9.5,2070
2023-06-09,9.4,9.52,9.3,9.35,6873
2023-06-12,9.75,9.75,9.45,9.56,11953
2023-06-13,9.6,9.6,8.67,9.14,34003
2023-06-14,9.18,9.46,9.01,9.43,11213
2023-06-15,9.25,9.39,9.1,9.24,9447
2023-06-16,9.3,9.4,9.1,9.26,11577
2023-06-19,9.35,9.35,9.15,9.21,7921
2023-06-20,9.21,9.4,9.2,9.21,7797
2023-06-21,9.3,9.33,9.2,9.33,31268
2023-06-22,9.29,9.42,9.2,9.3,4718
2023-06-23,9.35,9.35,9.2,9.25,1629
2023-06-26,9.2,9.3,8.98,9.29,15549
2023-06-27,9.29,9.8,9.16,9.49,34415
2023-06-28,9.56,9.75,9.3,9.37,17129
2023-06-29,9.4,9.68,9.37,9.54,18284
2023-06-30,9.56,9.59,9.41,9.52,3095
2023-07-03,9.55,9.67,9.4,9.5,7082
2023-07-04,9.48,9.58,9.4,9.4,4214
2023-07-05,9.4,9.42,9.11,9.19,13973
2023-07-06,9.2,9.29,9.14,9.29,7223
2023-07-07,9.2,9.31,9.11,9.11,4924
2023-07-10,9.1,9.29,9.1,9.26,4452
2023-07-11,9.28,9.56,9.24,9.42,9706
2023-07-12,9.42,9.55,9.3,9.49,17121
2023-07-13,9.55,9.78,9.5,9.58,8945
2023-07-14,9.57,9.79,9.52,9.71,16585
2023-07-17,9.65,10,9.52,9.8,15936
2023-07-18,9.8,10.04,9.8,9.85,27369
2023-07-19,9.97,10.02,9.8,9.93,12728
2023-07-20,9.8,9.88,9.8,9.86,1871
2023-07-21,9.85,9.85,9.62,9.8,13874
2023-07-24,9.67,9.79,9.66,9.75,1931
2023-07-25,9.79,9.79,9.66,9.69,837
2023-07-26,9.69,9.75,9.6,9.7,3419
2023-07-27,9.73,9.73,9.6,9.68,5355
2023-07-28,9.68,9.78,9.65,9.72,4949
2023-07-31,9.76,9.76,9.52,9.57,10993
2023-08-01,9.57,9.57,9.42,9.48,5821
2023-08-02,9.53,9.53,9.23,9.45,26522
2023-08-03,9.33,9.54,9.33,9.54,1786
2023-08-04,9.57,9.57,9.45,9.47,8757
2023-08-07,9.35,9.58,9.35,9.35,7785
2023-08-08,9.47,9.5,9.4,9.42,5649
2023-08-09,9.26,9.6,9.2,9.25,16986
2023-08-10,9.36,9.36,9.19,9.21,10670
2023-08-11,9.29,9.35,9.2,9.25,2959
2023-08-14,9.22,9.35,9.2,9.25,5613
2023-08-16,9.26,9.26,9.08,9.19,5483
2023-08-17,9.1,9.38,9.08,9.25,7776
2023-08-18,9.27,9.27,9.12,9.2,4210
2023-08-21,9.21,9.25,9.12,9.12,3342
2023-08-22,9.2,9.25,9.11,9.14,4379
2023-08-23,9.17,9.18,8.56,8.88,18739
2023-08-24,9,9,8.73,8.73,15904
2023-08-25,8.72,8.88,8.68,8.88,4274
2023-08-28,8.78,8.96,8.78,8.8,7111
2023-08-29,8.7,8.9,8.65,8.65,12457
2023-08-30,8.58,8.79,8.58,8.75,2903
2023-08-31,8.66,8.8,8.66,8.7,10455
2023-09-01,8.57,8.78,8.57,8.68,10445
2023-09-04,8.65,8.93,8.65,8.7,7838
2023-09-05,8.71,8.84,8.7,8.74,2427
2023-09-06,8.84,8.84,8.12,8.39,30543
2023-09-07,8.12,8.39,8.12,8.26,7986
2023-09-08,8.3,8.68,8.3,8.68,5477
2023-09-11,8.75,8.8,8.39,8.51,223333
2023-09-12,8.5,8.67,8.5,8.52,1938
2023-09-13,8.74,8.74,8.53,8.61,1461
2023-09-14,8.71,8.71,8.54,8.61,905
2023-09-15,8.9,8.9,8.73,8.76,1721
2023-09-18,8.87,8.87,8.7,8.7,2687
2023-09-19,8.65,8.68,8.58,8.58,1766
2023-09-20,8.71,8.76,8.6,8.72,2055
2023-09-21,8.79,8.79,8.63,8.75,365
2023-09-22,8.77,8.77,8.55,8.56,3000
2023-09-25,8.55,8.6,8.39,8.6,3493
2023-09-26,8.66,8.66,8.17,8.39,3833
2023-09-27,8.55,8.55,7.9,8.07,11555
2023-09-28,8.07,8.24,8.07,8.16,6354
2023-09-29,8.16,8.35,8.07,8.3,7553
2023-10-02,8.3,8.3,8.12,8.28,3512
2023-10-03,8.2,8.28,8.2,8.2,848
2023-10-04,8.29,8.45,8.2,8.44,6000
2023-10-05,8.54,9.09,8.54,8.92,20015
2023-10-06,8.88,8.95,8.61,8.75,17444
2023-10-09,8.7,9.13,8.48,9.05,9526
2023-10-10,9.05,9.28,8.94,9.24,9096
2023-10-11,9.15,9.2,9.04,9.14,6652
2023-10-12,9.1,9.14,8.6,8.71,18607
2023-10-13,8.7,8.88,8.66,8.7,6331
2023-10-16,8.66,9.1,8.66,9.05,15526
2023-10-17,9.21,9.42,9,9.3,32141
2023-10-18,9.4,9.4,8.92,9.18,7609
2023-10-19,9.18,9.18,8.9,8.9,2928
2023-10-20,8.9,8.9,8.72,8.79,8688
2023-10-23,8.87,9.1,8.81,8.99,11938
2023-10-24,9.1,9.15,8.76,9.12,10211
2023-10-25,8.91,9.15,8.91,9.06,3349
2023-10-26,9.2,9.2,8.99,9.12,3937
2023-10-27,9.12,9.58,9.04,9.17,30132
2023-10-30,9.19,9.28,9.1,9.27,6744
2023-10-31,9.26,9.28,9.15,9.27,2757
2023-11-02,9.28,9.64,9.28,9.47,12262
2023-11-03,9.4,9.6,9.4,9.45,9337
2023-11-06,9.55,9.74,9.5,9.5,14911
2023-11-07,9.45,9.5,9.3,9.33,5017
2023-11-08,9.35,9.45,9.21,9.45,7515
2023-11-09,9.55,9.55,9.34,9.45,5326
2023-11-10,9.49,9.49,9.34,9.4,6192
2023-11-13,9.51,9.51,9.32,9.4,5220
2023-11-14,9.44,9.5,9.27,9.5,9151
2023-11-15,9.5,9.5,9.3,9.44,5745
2023-11-16,9.44,9.52,9.3,9.3,15314
2023-11-17,9.3,9.5,9.26,9.32,8764
2023-11-20,9.43,9.55,9.32,9.42,16582
2023-11-21,9.42,9.49,9.3,9.3,6731
2023-11-22,9.31,9.39,9.23,9.23,4471
2023-11-23,9.23,9.41,9.23,9.3,6626
2023-11-24,9.35,9.38,8.7,9.04,28279
2023-11-27,9.03,9.05,8.96,8.96,3639
2023-11-28,9.07,9.15,9,9.13,8450
2023-11-29,9.04,9.16,8.92,9.1,15348
2023-11-30,9.15,9.3,9,9.15,6351
2023-12-01,9.31,9.31,9.12,9.15,7684
2023-12-04,9.12,9.28,9,9.12,5827
2023-12-05,9.12,9.2,9.06,9.1,10038
2023-12-06,9.16,9.29,9.14,9.29,11004
2023-12-07,9.29,9.29,9.2,9.2,3579
2023-12-08,9.25,9.35,9.19,9.35,9533
2023-12-11,9.35,9.45,9.27,9.42,10230
2023-12-12,9.41,9.42,9.36,9.37,18884
2023-12-13,9.37,9.41,9.31,9.38,3126
2023-12-14,9.41,9.74,9.41,9.69,34533
2023-12-15,9.76,9.8,9.52,9.69,25553
2023-12-18,9.71,10.1,9.71,10.08,70084
2023-12-19,10.1,11,10.1,10.9,104649
2023-12-20,11.04,11.68,11.02,11.52,97894
2023-12-21,11.48,11.66,11.36,11.58,64140
2023-12-22,11.58,11.66,11.3,11.54,35715
2023-12-27,11.54,11.6,11.2,11.48,38247
2023-12-28,11.58,11.8,11.32,11.46,15513
2023-12-29,11.46,11.46,11.22,11.24,14021
2024-01-02,11.1,11.36,10.32,10.88,42773
2024-01-03,11.2,11.26,10.58,10.8,20882
2024-01-04,10.76,11.2,10.7,10.96,21394
2024-01-05,10.84,10.88,10.5,10.8,8888
2024-01-08,10.52,11.1,10.4,10.8,20457
2024-01-09,10.84,11.04,10.76,10.8,6326
2024-01-10,10.8,10.92,10.7,10.8,7792
2024-01-11,10.88,10.88,10.54,10.8,9308
2024-01-12,10.74,10.74,10.58,10.7,4811
2024-01-15,10.52,10.7,10,10.46,18420
2024-01-16,10.4,10.5,10.2,10.22,11088
2024-01-17,10.22,10.22,9.8,9.92,16347
2024-01-18,9.9,10.18,9.9,10.12,14090
2024-01-19,10.12,10.34,10.12,10.12,4614
2024-01-22,10.16,10.34,9.93,10.18,7725
2024-01-23,10.18,10.32,10.02,10.2,9551
2024-01-24,10.2,10.4,10.06,10.28,23474
2024-01-25,10.28,10.3,10.2,10.2,4951
2024-01-26,10.28,10.3,10.12,10.28,3972
2024-01-29,10.28,10.6,10.2,10.6,26616
2024-01-30,10.64,11.16,10.64,10.8,17865
2024-01-31,10.94,11.1,10.92,11.1,18717
2024-02-01,11.1,11.9,11.04,11.8,71172
2024-02-02,12,12.3,11.44,11.94,56919
2024-02-05,11.94,11.94,11.52,11.76,20677
2024-02-06,11.8,11.92,10.92,10.92,39090
2024-02-07,11.24,11.66,11.14,11.58,34067
2024-02-08,11.5,11.66,11.22,11.3,10600
2024-02-09,11.52,11.66,11.3,11.5,9394
2024-02-12,11.42,11.6,11.14,11.4,21873
2024-02-13,11.28,11.66,11.28,11.44,11767
2024-02-14,11.28,11.74,11.28,11.7,15734
2024-02-15,11.7,11.7,11.36,11.54,11113
2024-02-16,11.54,12.02,11.54,11.96,31959
2024-02-19,12.06,12.9,11.9,12.8,133288
2024-02-20,12.8,14.1,12.8,14,194428
2024-02-21,14.4,15.08,13.9,14.92,272486
2024-02-22,15.24,16.9,15,16.7,357993
2024-02-23,17,18.2,16.1,16.52,537366
2024-02-26,16.4,17.76,16.04,17.02,138920
2024-02-27,17.12,17.82,17,17.3,83984
2024-02-28,17.16,17.5,17.14,17.38,50029
2024-02-29,17.26,17.7,17.26,17.5,70349
2024-03-01,17.4,17.6,17.14,17.54,68304
2024-03-04,17.54,17.54,16.5,17.22,86288
2024-03-05,17.2,17.4,17.02,17.16,36143
2024-03-06,16.96,17.2,16.86,16.88,29369
2024-03-07,16.8,17,15.4,16.1,134826
2024-03-08,16.08,16.08,13.82,14,231103
2024-03-11,13.8,14.44,13.36,14.44,130939
2024-03-12,14.64,16.88,14.52,16.5,152058
2024-03-13,16.88,17.92,16.88,17.4,115540
2024-03-14,17.4,17.4,16.46,16.7,55784
2024-03-15,16.5,16.68,15.76,15.8,49622
2024-03-18,15.8,16,14.62,14.96,41476
2024-03-19,15.12,16.04,15.12,15.42,52633
2024-03-20,15.42,16,15.42,15.86,21285
2024-03-21,16,16.78,16,16.68,41687
2024-03-22,16.68,17,15.88,16.26,56549
2024-03-25,16,16.48,15.54,16.18,7435
2024-03-26,16.3,16.56,15.92,16.04,11285
2024-03-27,16.06,16.28,15.62,15.88,10079
2024-03-28,15.8,16.26,15.64,16.1,11051
2024-04-02,16.3,17.25,16.1,16.6,25932
2024-04-03,16.5,16.8,16.05,16.7,8206
2024-04-04,16.7,16.7,16.2,16.45,13306
2024-04-05,16.45,16.45,16.05,16.4,11180
2024-04-08,16.5,17.25,16.4,17.1,45036
2024-04-09,17.3,17.8,16.6,16.6,86833
2024-04-10,16.85,17.25,16.65,17,14928
2024-04-11,16.6,17.1,16.15,16.5,36256
2024-04-12,16.4,16.5,15.6,15.7,46082
2024-04-15,15.5,16,15.35,15.9,25983
2024-04-16,15.45,15.8,15.1,15.35,12449
2024-04-17,15.35,15.9,15.35,15.6,14646
2024-04-18,15.5,15.7,15.35,15.55,14618
2024-04-19,15.6,15.6,15.25,15.6,6112
2024-04-22,15.6,16.05,15.5,16.05,13425
2024-04-23,16.1,16.25,15.9,16.25,8058
2024-04-24,16.15,16.6,16.15,16.4,15181
2024-04-25,16.05,16.25,15.65,15.85,11862
2024-04-26,15.65,16,15.65,15.7,4344
2024-04-29,15.85,16.15,15.7,15.8,5820
2024-04-30,15.6,15.9,15.6,15.9,3808
2024-05-02,15.8,16,15.7,15.9,4772
2024-05-06,15.75,16,15.6,15.8,11190
2024-05-07,15.6,15.9,15.5,15.7,9057
2024-05-08,15.85,15.85,15.4,15.65,11638
2024-05-09,15.65,15.65,15.15,15.4,18741
2024-05-10,15.1,15.65,14.6,14.75,40549
2024-05-13,14.85,15,14.8,14.95,10209
2024-05-14,14.95,15.35,14.6,15.1,32360
2024-05-15,15.15,15.25,14.6,14.65,18451
2024-05-16,14.6,15.05,14.6,14.8,20623
2024-05-17,14.95,15,14.4,14.75,15971
2024-05-20,14.6,14.7,14,14.35,73515
2024-05-21,14.15,14.7,14.1,14.15,10252
2024-05-22,14.3,14.5,14.1,14.4,9226
2024-05-23,14.4,14.5,14.25,14.5,13628
2024-05-24,14.5,14.75,14,14.35,8748
2024-05-27,14.4,14.4,13.85,14.1,22009
2024-05-28,14.1,14.2,13.75,13.9,17830
2024-05-29,13.9,13.9,13.55,13.65,6265
2024-05-31,13.75,13.9,13.25,13.8,8017
2024-06-03,13.7,14.1,13.55,14,7025
2024-06-04,14,14,13.55,13.6,4777
2024-06-05,13.5,14,13.5,13.85,5425
2024-06-06,13.85,13.9,13.6,13.8,1861
2024-06-07,13.9,13.9,13.35,13.65,10722
2024-06-10,13.35,13.5,13.3,13.35,8008
2024-06-11,13.4,13.4,13.2,13.2,4112
2024-06-12,13.2,13.3,13.05,13.15,8744
2024-06-13,13.3,13.3,12.9,13,8026
2024-06-14,12.9,13,12.85,12.9,3807
2024-06-17,12.85,13.7,12.75,13,13305
2024-06-18,13.1,13.9,13.1,13.5,17236
2024-06-19,13.85,14,13.3,13.9,25369
2024-06-20,13.85,13.9,13.6,13.85,4010
2024-06-21,13.9,13.9,13.6,13.9,9942
2024-06-24,13.9,14.4,13.8,14.15,39812
2024-06-25,14.2,14.7,14.15,14.6,27956
2024-06-26,14.6,14.8,14.1,14.3,10874
2024-06-27,14.3,14.6,14.15,14.5,6658
2024-06-28,14.6,14.6,14.25,14.5,3480
2024-07-01,14.25,14.45,14.05,14.1,12705
2024-07-02,14.5,14.5,13.95,14.05,4679
2024-07-03,14.05,14.35,14.05,14.1,3392
2024-07-04,14.15,14.2,13.8,14.05,12025
2024-07-05,14,14.1,13.95,14.05,3181
2024-07-08,14,14.25,13.9,14.25,5414
2024-07-09,14.2,14.2,13.9,14,6080
2024-07-10,14,14,13.75,13.95,1767
2024-07-11,13.9,14.05,13.75,13.75,2942
2024-07-12,13.75,13.95,13.65,13.7,7908
2024-07-15,13.6,13.95,13.5,13.7,3806
2024-07-16,13.6,13.85,13.5,13.6,4967
2024-07-17,13.85,13.95,13.35,13.35,8498
2024-07-18,13.35,13.8,13.35,13.5,3717
2024-07-19,13.75,13.75,13.35,13.35,2411
2024-07-22,13.45,13.75,13.45,13.6,2231
2024-07-23,13.7,13.7,13.3,13.4,1254
2024-07-24,13.4,13.8,13.3,13.4,6293
2024-07-25,13.35,13.4,13.3,13.35,4734
2024-07-26,13.45,13.5,13.3,13.3,2870
2024-07-29,13.45,13.55,13.2,13.25,6621
2024-07-30,13.3,13.5,13.25,13.5,1259
2024-07-31,13.5,13.5,13.25,13.3,987
2024-08-01,13.3,13.5,13.25,13.25,1976
2024-08-02,13,13.35,12.85,12.95,10841
2024-08-05,12.5,12.5,11.9,12.15,54559
2024-08-06,12.2,12.9,12.2,12.25,9917
2024-08-07,12.25,12.7,12.2,12.2,7334
2024-08-08,12.2,12.45,11.9,12.05,7091
2024-08-09,12.45,12.5,12.1,12.35,5166
2024-08-12,12.3,12.5,12.2,12.35,7027
2024-08-13,12.3,13.25,12.3,13.1,17341
2024-08-14,13.25,13.25,12.5,13.05,14935
2024-08-16,13,13.15,12.8,13.1,9108
2024-08-19,13.05,13.2,12.85,13,7200
2024-08-20,13,13,12.85,13,1780
2024-08-21,12.95,12.95,12.55,12.7,3615
2024-08-22,12.8,12.8,12.4,12.4,3165
2024-08-23,12.3,12.65,12.3,12.35,4928
2024-08-26,12.5,12.6,12.2,12.55,6255
2024-08-27,12.65,13.2,12.6,13.05,8944
2024-08-28,13.05,13.4,12.55,12.7,8254
2024-08-29,12.65,13,12.65,13,3272
2024-08-30,12.9,12.9,12.25,12.8,19344
2024-09-02,12.8,12.85,12.5,12.6,6269
2024-09-03,12.8,12.8,12.35,12.4,15060
2024-09-04,12.4,12.75,12.2,12.75,7433
2024-09-05,12.75,12.8,12.4,12.8,1700
2024-09-06,12.85,12.85,12.35,12.7,3425
2024-09-09,12.55,12.6,12.3,12.3,2841
2024-09-10,12.15,12.5,12.15,12.15,2190
2024-09-11,12.1,12.35,12.1,12.1,6622
2024-09-12,12.05,12.5,12.05,12.4,6208
2024-09-13,12.5,12.7,12.3,12.55,5086
2024-09-16,12.55,12.55,12.25,12.3,981
2024-09-17,12.3,12.75,12.3,12.4,12685
2024-09-18,12.75,12.9,12.7,12.8,6682
2024-09-19,12.85,12.95,12.45,12.85,5614
2024-09-20,12.85,12.85,12.2,12.2,7200
2024-09-23,12.8,12.8,12.1,12.2,3213
2024-09-24,12.25,12.55,12.25,12.4,31383
2024-09-25,12.7,12.7,12.2,12.25,16122
2024-09-26,12.5,12.5,12.1,12.2,8155
2024-09-27,12.4,12.45,12.1,12.15,3219
2024-09-30,12.45,12.45,12.2,12.25,600
2024-10-01,12.4,12.4,12.15,12.25,4357
2024-10-02,12.4,12.4,11.95,12.05,7813
2024-10-03,12.1,12.2,11.95,12,2874
2024-10-04,12,12.25,11.65,11.7,13631
2024-10-07,11.65,11.9,11.5,11.55,5532
2024-10-08,11.6,11.65,11.25,11.35,4441
2024-10-09,11.3,11.5,11,11.05,9868
2024-10-10,11.05,11.6,11.05,11.5,12102
2024-10-11,11.5,11.9,11.35,11.7,2357
2024-10-14,11.65,11.9,11.6,11.6,1506
2024-10-15,11.7,11.8,11.7,11.8,426
2024-10-16,11.8,11.9,11.65,11.85,1947
2024-10-17,11.7,12,11.7,11.7,7481
2024-10-18,11.7,11.85,11.65,11.65,1542
2024-10-21,11.7,11.7,11.4,11.6,4018
2024-10-22,11.6,11.6,11.3,11.4,3172
2024-10-23,11.4,11.5,11.3,11.3,603
2024-10-24,11.6,11.6,11.3,11.4,2955
2024-10-25,11.6,11.6,11.2,11.3,3571
2024-10-28,11.3,11.45,11.2,11.4,1998
2024-10-29,11.4,11.95,11.4,11.5,10325
2024-10-30,11.65,11.65,11,11,6598
2024-10-31,10.9,11.15,10.9,11,3300
2024-11-04,11.25,11.45,11.05,11.3,2597
2024-11-05,11.4,11.45,11.3,11.4,339
2024-11-06,11.3,12,11.3,11.75,7342
2024-11-07,11.75,12.55,11.55,12.4,26728
2024-11-08,12.6,12.6,12.2,12.45,6491
2024-11-12,12.25,12.5,12.05,12.4,3078
2024-11-13,12.4,12.4,11.7,12.2,14527
2024-11-14,12.2,12.2,11.6,11.8,5798
2024-11-15,11.1,11.6,11.1,11.3,7799
2024-11-18,11.15,11.3,10.4,10.75,25026
2024-11-19,11.1,11.1,10.05,10.3,16411
2024-11-20,10.45,10.55,10.25,10.45,3282
2024-11-21,10.5,10.55,10.35,10.55,1609
2024-11-22,10.6,10.7,10.2,10.7,9387
2024-11-25,10.7,10.7,10.5,10.7,987
2024-11-26,10.65,10.7,10.5,10.55,5593
2024-11-27,10.6,10.7,10.5,10.6,2254
2024-11-28,10.5,10.8,10.5,10.5,2319
2024-11-29,10.5,10.5,9.7,10.25,16015
2024-12-02,10.1,10.4,10.05,10.2,8872
2024-12-03,10.25,10.25,9.84,10.1,10349
2024-12-04,10.15,10.5,10.1,10.2,8031
2024-12-05,10.2,10.3,10.1,10.2,4375
2024-12-06,10.2,10.8,10.1,10.6,21637
2024-12-09,10.65,10.75,10.35,10.5,5800
2024-12-10,10.5,10.75,10.35,10.75,3248
2024-12-11,10.6,10.6,10.4,10.4,4804
2024-12-12,10.4,10.4,10,10.2,24472
2024-12-13,10.1,10.2,9.8,10.2,9163
2024-12-16,10.2,10.25,10.05,10.25,3956
2024-12-17,10.2,10.2,9.94,10,16991
2024-12-18,10.05,10.1,9.98,10,12375
2024-12-19,10,10.1,9.5,9.8,39635
2024-12-20,9.9,9.9,9.42,9.8,28918
2024-12-23,9.82,9.82,9.5,9.7,16718
2024-12-27,9.46,9.66,9.46,9.66,17199
2024-12-30,9.66,9.86,9.48,9.82,5005
2025-01-02,9.78,9.9,9.66,9.86,9402
2025-01-03,9.86,10.45,9.84,10.15,23956
2025-01-07,10.15,10.35,10.05,10.35,11157
2025-01-08,10.35,10.45,10.2,10.35,3037
2025-01-09,10.25,10.35,10.25,10.35,3007
2025-01-10,10.4,10.75,10.35,10.75,18053
2025-01-13,10.7,10.7,10.4,10.45,5251
2025-01-14,10.5,11,10.45,11,24049
2025-01-15,11.2,11.5,10.85,11.4,12489
2025-01-16,11.7,11.7,11.4,11.6,12485
2025-01-17,11.65,11.7,11.15,11.6,5729
2025-01-20,12.65,12.65,11.9,12.2,42484
2025-01-21,12.25,12.25,11.85,12.05,6873
2025-01-22,12.2,12.25,12.05,12.25,11521
2025-01-23,12.25,12.25,11.9,12.1,4991
2025-01-24,12,12.2,11.95,12.1,2495
2025-01-27,12.1,12.1,11.85,12,1573
2025-01-28,11.9,12,11.75,12,5343
2025-01-29,12,12.2,11.9,12.15,6915
2025-01-30,11.8,12.45,11.8,12.1,21978
2025-01-31,12.15,12.15,11.95,12.1,4728
2025-02-03,11.9,12.05,11,11.95,6678
2025-02-04,12,12.1,11.5,11.75,4867
2025-02-05,11.6,11.6,11.35,11.5,11674
2025-02-06,11.5,11.8,11.5,11.8,6717
2025-02-07,11.85,11.9,11.5,11.8,4864
2025-02-10,11.8,12,11.7,11.85,8035
2025-02-11,11.9,11.9,11.65,11.7,12964
2025-02-12,11.65,11.8,11.35,11.6,25133
2025-02-13,11.6,11.95,11.6,11.85,17917
2025-02-14,11.95,11.95,11.6,11.85,6617
2025-02-17,11.9,11.9,11.5,11.65,12954
2025-02-18,11.7,12.45,11.7,12.4,37541
2025-02-19,12.6,12.6,11.85,11.95,21064
2025-02-20,12,12.15,11.65,12.05,6847
2025-02-21,12.05,12.2,11.85,12,6023
2025-02-24,12,12,11.8,11.8,7431
2025-02-25,11.75,12.1,11.5,12,9870
2025-02-26,12.1,12.4,11.85,12.4,17661
2025-02-27,12.35,13.8,12.15,13.55,111860
2025-02-28,13.5,13.5,13.05,13.4,21660
2025-03-03,13.4,13.5,13,13.5,6736
2025-03-04,13.5,13.5,12.55,12.95,15485
2025-03-05,13,13.5,12.95,13.2,16987
2025-03-06,13.3,13.55,13.2,13.55,9619
2025-03-07,13.45,13.45,13,13.15,6606
2025-03-10,13.35,13.35,12.6,13,5022
2025-03-11,12.85,13.05,12.8,12.95,6597
2025-03-12,12.95,13.05,12.8,13.05,8248
2025-03-13,13.05,13.2,12.6,13.1,14554
2025-03-14,13.2,13.7,13.1,13.7,35685
2025-03-17,13.7,14.05,13.5,13.9,40566
2025-03-18,13.95,14.05,13.6,14,29588
2025-03-19,13.95,14.15,13.45,14,15765
2025-03-20,14.05,14.15,13.7,14,15075
2025-03-21,13.75,14.05,13.7,14,12215
2025-03-24,14,14,13.7,14,15059
2025-03-25,13.95,14,13.6,13.75,15198
2025-03-26,13.7,13.7,12.95,13.35,37608
2025-03-27,13.35,13.35,12.8,12.95,19151
2025-03-28,12.9,13,12.7,12.8,8568
2025-03-31,12.8,12.8,12,12,25604
2025-04-01,12.12,12.76,12.12,12.3,8915
2025-04-02,12.44,12.56,11.9,12,12463
2025-04-03,11.94,12.06,11.12,11.44,58433
2025-04-04,11.48,11.5,10.4,10.9,35396
2025-04-07,10.68,10.9,9.82,10.68,49682
2025-04-08,10.6,10.98,10.5,10.86,39173
2025-04-09,10.7,11.08,10.5,10.6,9043
2025-04-10,11.6,11.86,11,11.24,18199
2025-04-11,11.42,11.42,10.7,11,14235
2025-04-14,11.26,11.48,10.84,11,20506
2025-04-15,11,11,10.9,10.98,31223
2025-04-16,10.98,10.98,10.84,10.98,3507
2025-04-17,10.96,11,10.84,10.98,10767
2025-04-22,11.18,11.18,10.92,10.98,19340
2025-04-23,10.96,11.3,10.9,11,33928
2025-04-24,11,11.2,10.94,11,30117
2025-04-25,11,11.5,10.94,11.02,33105
2025-04-28,11.02,11.26,11.02,11.22,12614
2025-04-29,11.22,11.34,11.2,11.24,4032
2025-04-30,11.24,11.24,11.02,11.16,9026
2025-05-02,11.2,11.3,11.02,11.2,5878
2025-05-05,11.3,11.3,11.04,11.14,8824
2025-05-06,11.16,11.2,10.8,10.94,17553
2025-05-07,10.94,11,10.88,11,10779
2025-05-08,11,11.14,10.82,10.92,13777
2025-05-09,10.98,11,10.7,10.7,51985
2025-05-12,10.74,11.08,10.5,10.6,117867
2025-05-13,10.7,10.82,10.48,10.72,30433
2025-05-14,10.78,10.96,10.5,10.8,52061
2025-05-15,10.6,10.74,10.5,10.7,12096
2025-05-16,10.76,10.76,10.6,10.64,13536
2025-05-19,10.64,10.72,10.44,10.44,20276
2025-05-20,10.5,10.62,10.44,10.58,7825
2025-05-21,10.58,10.6,10.3,10.6,16318
2025-05-22,10.44,10.58,10.28,10.32,8372
2025-05-23,10.4,10.4,10.26,10.38,5887
