Date,Open,High,Low,Close,Volume
1994-01-25,42.3759,42.3759,42.3759,42.3759,517309.52237744
1994-01-27,42.3759,42.3759,42.3759,42.3759,712609.33043666
1994-01-31,38.1382,38.1382,38.1382,38.1382,0
1994-02-01,34.3398,34.3398,34.3398,34.3398,0
1994-02-03,30.9177,30.9177,30.9177,30.9177,285712.95443223
1994-02-07,28.2509,28.2509,28.2509,28.2509,916003.64350832
1994-02-08,31.0766,31.0766,31.0766,31.0766,335525.6608063
1994-02-10,31.0766,31.0766,31.0766,31.0766,902289.24954838
1994-02-14,29.5057,29.5057,29.5057,29.5057,791257.88903422
1994-02-15,28.8783,28.8783,28.8783,28.8783,761336.5530489
1994-02-17,28.8783,28.8783,28.8783,28.8783,1122970.0110737
1994-02-21,26.368,26.368,26.368,26.368,1110307.6278081
1994-02-22,29.0037,29.0037,29.0037,29.0037,294435.07946115
1994-02-24,31.8913,31.8913,31.8913,31.8913,757212.19294065
1994-02-28,33.9014,33.9014,33.9014,33.9014,786804.77558401
1994-03-01,33.8697,33.8697,33.8697,33.8697,263845.47759162
1994-03-03,33.5877,33.5877,33.5877,33.5877,391082.58466445
1994-03-07,31.8913,31.8913,31.8913,31.8913,600026.25414843
1994-03-08,31.3894,31.3894,31.3894,31.3894,584774.4900148
1994-03-10,31.3584,31.3584,31.3584,31.3584,598987.39358784
1994-03-14,30.1339,30.1339,30.1339,30.1339,588375.23570931
1994-03-15,29.8185,29.8185,29.8185,29.8185,511034.51767941
1994-03-17,30.7629,30.7629,30.7629,30.7629,692930.75312017
1994-03-21,29.8185,29.8185,29.8185,29.8185,439243.15606182
1994-03-22,26.869,26.869,26.869,26.869,404229.13194283
1994-03-24,28.5336,28.5336,28.5336,28.5336,562082.14115254
1994-03-28,26.7134,26.7134,26.7134,26.7134,389957.65050159
1994-03-29,24.0442,24.0442,24.0442,24.0442,335525.6608063
1994-03-31,22.0993,22.0993,22.0993,22.0993,653223.32674466
1994-04-05,23.8559,23.8559,23.8559,23.8559,481598.54117349
1994-04-07,24.7986,24.7986,24.7986,24.7986,474556.04685532
1994-04-08,23.2286,23.2286,23.2286,23.2286,251783.21860837
1994-04-11,20.9065,20.9065,20.9065,20.9065,310057.43827117
1994-04-12,18.8336,18.8336,18.8336,18.8336,0
1994-04-14,18.8336,18.8336,18.8336,18.8336,370212.12705001
1994-04-18,20.0892,20.0892,20.0892,20.0892,469576.92805796
1994-04-19,20.7174,20.7174,20.7174,20.7174,517678.92158714
1994-04-21,24.8606,24.8606,24.8606,24.8606,547827.39624508
1994-04-25,24.7986,24.7986,24.7986,24.7986,479692.96725681
1994-04-26,22.3185,22.3185,22.3185,22.3185,0
1994-04-28,20.0892,20.0892,20.0892,20.0892,280821.10470383
1994-05-05,21.6585,21.6585,21.6585,21.6585,523794.92921432
1994-05-06,19.4929,19.4929,19.4929,19.4929,476974.47598546
1994-05-09,19.7755,19.7755,19.7755,19.7755,419381.67234053
1994-05-10,19.4618,19.4618,19.4618,19.4618,341029.58948408
1994-05-12,19.8383,19.8383,19.8383,19.8383,548366.55172589
1994-05-16,20.7501,20.7501,20.7501,20.7501,414556.76874722
1994-05-17,20.7501,20.7501,20.7501,20.7501,465009.04980474
1994-05-19,20.6538,20.6538,20.6538,20.6538,343493.44634875
1994-05-23,20.7174,20.7174,20.7174,20.7174,420377.4961
1994-05-24,20.7174,20.7174,20.7174,20.7174,493079.80334149
1994-05-26,20.341,20.341,20.341,20.341,643419.30435401
1994-05-30,18.3318,18.3318,18.3318,18.3318,588346.54450855
1994-05-31,18.6772,18.6772,18.6772,18.6772,431233.52918493
1994-06-01,17.2644,17.2644,17.2644,17.2644,265509.5672353
1994-06-06,16.3233,16.3233,16.3233,16.3233,421941.16654104
1994-06-07,14.6905,14.6905,14.6905,14.6905,452046.60439786
1994-06-09,13.8105,13.8105,13.8105,13.8105,658232.33220946
1994-06-13,12.4311,12.4311,12.4311,12.4311,471298.40010314
1994-06-14,11.2056,11.2056,11.2056,11.2056,973725.55755665
1994-06-16,12.3049,12.3049,12.3049,12.3049,1077128.6450706
1994-06-20,11.332,11.332,11.332,11.332,739326.81567123
1994-06-21,10.4218,10.4218,10.4218,10.4218,453756.12177606
1994-06-23,10.1081,10.1081,10.1081,10.1081,807633.39186401
1994-06-27,11.1103,11.1103,11.1103,11.1103,312775.92954252
1994-06-28,11.6131,11.6131,11.6131,11.6131,344345.81410445
1994-06-30,11.3002,11.3002,11.3002,11.3002,405282.33810381
1994-07-04,11.332,11.332,11.332,11.332,175096.42086229
1994-07-05,11.9284,11.9284,11.9284,11.9284,243161.51278208
1994-07-06,11.9284,11.9284,11.9284,11.9284,139970.02287369
1994-07-07,12.5558,12.5558,12.5558,12.5558,423849.13139112
1994-07-11,13.4985,13.4985,13.4985,13.4985,538066.41065556
1994-07-12,14.8486,14.8486,14.8486,14.8486,314597.82079035
1994-07-13,16.3233,16.3233,16.3233,16.3233,710771.89812177
1994-07-14,15.0042,15.0042,15.0042,15.0042,336876.53817507
1994-07-18,14.7532,14.7532,14.7532,14.7532,327983.46140834
1994-07-19,15.6951,15.6951,15.6951,15.6951,396475.33493933
1994-07-20,14.125,14.125,14.125,14.125,465066.43220624
1994-07-21,13.4985,13.4985,13.4985,13.4985,339508.95584417
1994-07-25,12.524,12.524,12.524,12.524,449445.26886292
1994-07-26,12.493,12.493,12.493,12.493,201813.90609686
1994-07-27,12.5875,12.5875,12.5875,12.5875,137662.77214646
1994-07-28,12.7448,12.7448,12.7448,12.7448,176093.44008846
1994-08-01,12.7448,12.7448,12.7448,12.7448,148947.97777599
1994-08-02,12.5558,12.5558,12.5558,12.5558,165678.53421511
1994-08-03,12.5558,12.5558,12.5558,12.5558,231339.54260513
1994-08-04,13.1832,13.1832,13.1832,13.1832,414118.03246904
1994-08-08,13.373,13.373,13.373,13.373,268798.29612161
1994-08-09,13.373,13.373,13.373,13.373,228079.50491956
1994-08-10,12.8376,12.8376,12.8376,12.8376,243316.92345282
1994-08-11,13.1832,13.1832,13.1832,13.1832,343691.89382063
1994-08-16,12.8711,12.8711,12.8711,12.8711,204363.83656379
1994-08-17,13.1832,13.1832,13.1832,13.1832,317585.29206875
1994-08-18,13.8105,13.8105,13.8105,13.8105,462135.14786265
1994-08-22,14.7532,14.7532,14.7532,14.7532,565239.36870208
1994-08-23,15.0042,15.0042,15.0042,15.0042,362641.2364513
1994-08-24,15.0042,15.0042,15.0042,15.0042,439656.78753934
1994-08-25,14.6905,14.6905,14.6905,14.6905,341372.68842642
1994-08-29,14.0949,14.0949,14.0949,14.0949,233598.97466443
1994-08-30,14.3476,14.3476,14.3476,14.3476,138518.72630226
1994-08-31,14.3476,14.3476,14.3476,14.3476,206483.39901942
1994-09-01,12.9331,12.9331,12.9331,12.9331,284848.63200954
1994-09-05,13.1832,13.1832,13.1832,13.1832,214818.19283817
1994-09-06,12.6503,12.6503,12.6503,12.6503,258498.15505128
1994-09-07,11.6131,11.6131,11.6131,11.6131,348443.87394534
1994-09-08,12.7758,12.7758,12.7758,12.7758,182894.45013363
1994-09-12,12.7448,12.7448,12.7448,12.7448,209314.26416038
1994-09-13,12.1149,12.1149,12.1149,12.1149,172377.92959094
1994-09-14,12.1785,12.1785,12.1785,12.1785,124817.48247599
1994-09-15,12.2429,12.2429,12.2429,12.2429,137279.02733639
1994-09-19,12.5558,12.5558,12.5558,12.5558,211974.17756353
1994-09-20,11.9284,11.9284,11.9284,11.9284,146256.9822387
1994-09-21,11.3621,11.3621,11.3621,11.3621,189750.4516469
1994-09-22,11.3956,11.3956,11.3956,11.3956,151037.65356418
1994-09-26,10.9857,10.9857,10.9857,10.9857,116222.07691706
1994-09-27,10.7983,10.7983,10.7983,10.7983,141490.6565136
1994-09-28,10.6729,10.6729,10.6729,10.6729,183462.29681519
1994-09-29,11.1755,11.1755,11.1755,11.1755,134577.27259882
1994-10-03,11.552,11.552,11.552,11.552,147993.99535096
1994-10-04,11.4884,11.4884,11.4884,11.4884,96630.768669529
1994-10-05,11.6131,11.6131,11.6131,11.6131,147053.1630596
1994-10-06,11.3002,11.3002,11.3002,11.3002,288005.85955907
1994-10-07,11.3002,11.3002,11.3002,11.3002,138461.34390076
1994-10-10,10.1701,10.1701,10.1701,10.1701,415356.53596822
1994-10-11,10.7347,10.7347,10.7347,10.7347,277902.97049391
1994-10-12,10.4846,10.4846,10.4846,10.4846,177556.69132687
1994-10-13,10.5465,10.5465,10.5465,10.5465,138148.13162587
1994-10-14,10.4537,10.4537,10.4537,10.4537,110562.73756852
1994-10-17,10.3583,10.3583,10.3583,10.3583,167129.83078653
1994-10-18,10.6093,10.6093,10.6093,10.6093,200577.79353109
1994-10-19,10.0455,10.0455,10.0455,10.0455,185653.58727271
1994-10-20,10.1081,10.1081,10.1081,10.1081,162576.29813368
1994-10-21,10.0128,10.0128,10.0128,10.0128,161752.62157874
1994-10-24,9.35286,9.35286,9.35286,9.35286,221051.35620176
1994-10-25,8.44523,8.44523,8.44523,8.44523,483930.89670137
1994-10-26,8.09809,8.09809,8.09809,8.09809,489524.48538151
1994-10-27,7.53371,7.53371,7.53371,7.53371,589570.70240736
1994-10-28,6.77986,6.77986,6.77986,6.77986,571742.70753944
1994-11-02,7.4391,7.4391,7.4391,7.4391,459830.28806882
1994-11-03,7.91022,7.91022,7.91022,7.91022,555765.29512009
1994-11-04,7.91022,7.91022,7.91022,7.91022,532062.77689798
1994-11-07,7.53371,7.53371,7.53371,7.53371,180704.35514281
1994-11-08,7.53371,7.53371,7.53371,7.53371,221889.3783571
1994-11-09,7.21927,7.21927,7.21927,7.21927,165876.98168698
1994-11-10,7.21927,7.21927,7.21927,7.21927,285644.81283044
1994-11-14,7.03181,7.03181,7.03181,7.03181,193561.59948027
1994-11-15,6.90559,6.90559,6.90559,6.90559,536061.61300294
1994-11-16,6.46618,6.46618,6.46618,6.46618,328937.44383337
1994-11-17,7.0943,7.0943,7.0943,7.0943,341700.24630168
1994-11-18,7.21927,7.21927,7.21927,7.21927,322932.6146091
1994-11-21,6.59199,6.59199,6.59199,6.59199,197775.61959086
1994-11-22,7.03181,7.03181,7.03181,7.03181,321680.96097625
1994-11-23,7.03181,7.03181,7.03181,7.03181,163188.37708309
1994-11-24,7.53371,7.53371,7.53371,7.53371,361419.4694859
1994-11-25,7.21927,7.21927,7.21927,7.21927,89649.243152956
1994-11-28,7.345,7.345,7.345,7.345,70071.085039103
1994-11-29,7.81711,7.81711,7.81711,7.81711,245082.62776583
1994-11-30,8.25536,8.25536,8.25536,8.25536,330544.15107554
1994-12-01,8.91451,8.91451,8.91451,8.91451,382334.15936817
1994-12-02,8.47535,8.47535,8.47535,8.47535,284136.1338575
1994-12-05,8.66356,8.66356,8.66356,8.66356,226073.51180025
1994-12-06,8.47535,8.47535,8.47535,8.47535,190348.18499592
1994-12-07,8.22356,8.22356,8.22356,8.22356,314710.19465996
1994-12-08,7.40883,7.40883,7.40883,7.40883,245466.3725759
1994-12-09,6.96841,6.96841,6.96841,6.96841,195470.75979704
1994-12-12,7.65893,7.65893,7.65893,7.65893,124974.08861343
1994-12-13,7.21927,7.21927,7.21927,7.21927,132984.91095702
1994-12-14,7.53371,7.53371,7.53371,7.53371,98938.019396752
1994-12-15,7.53371,7.53371,7.53371,7.53371,177245.86998538
1994-12-16,7.53371,7.53371,7.53371,7.53371,76016.140928472
1994-12-19,7.53371,7.53371,7.53371,7.53371,363665.75141153
1994-12-20,7.4391,7.4391,7.4391,7.4391,155063.98540318
1994-12-21,7.21927,7.21927,7.21927,7.21927,100958.35811644
1994-12-22,7.25147,7.25147,7.25147,7.25147,65246.181445801
1994-12-23,7.21927,7.21927,7.21927,7.21927,85932.53718874
1994-12-27,7.21927,7.21927,7.21927,7.21927,42681.747520236
1994-12-28,7.0943,7.0943,7.0943,7.0943,209256.88175888
1994-12-29,7.0943,7.0943,7.0943,7.0943,148576.1876329
1995-01-02,7.4391,7.4391,7.4391,7.4391,78763.323400575
1995-01-03,7.47156,7.47156,7.47156,7.47156,125088.85341645
1995-01-04,7.37636,7.37636,7.37636,7.37636,98482.546584797
1995-01-05,7.50151,7.50151,7.50151,7.50151,98893.787128924
1995-01-06,7.28293,7.28293,7.28293,7.28293,77169.766292084
1995-01-09,7.21927,7.21927,7.21927,7.21927,39750.463176634
1995-01-10,7.0943,7.0943,7.0943,7.0943,143499.04056631
1995-01-11,7.21927,7.21927,7.21927,7.21927,159133.35404332
1995-01-12,7.03181,7.03181,7.03181,7.03181,81480.619205227
1995-01-13,7.15729,7.15729,7.15729,7.15729,91012.075188726
1995-01-16,7.28293,7.28293,7.28293,7.28293,211462.51781676
1995-01-17,7.12575,7.12575,7.12575,7.12575,80769.316519892
1995-01-18,7.0943,7.0943,7.0943,7.0943,79645.577823731
1995-01-19,7.0943,7.0943,7.0943,7.0943,82249.304292069
1995-01-20,7.0943,7.0943,7.0943,7.0943,77383.754831033
1995-01-23,6.40319,6.40319,6.40319,6.40319,68930.60980917
1995-01-24,6.46618,6.46618,6.46618,6.46618,145972.46116456
1995-01-25,6.21532,6.21532,6.21532,6.21532,75945.608393287
1995-01-26,5.83864,5.83864,5.83864,5.83864,128359.6503023
1995-01-27,5.71291,5.71291,5.71291,5.71291,195071.4739199
1995-01-30,5.39915,5.39915,5.39915,5.39915,136313.09024437
1995-01-31,5.08538,5.08538,5.08538,5.08538,307952.22141592
1995-02-01,5.27334,5.27334,5.27334,5.27334,195498.2555311
1995-02-02,5.1794,5.1794,5.1794,5.1794,185438.40326706
1995-02-03,5.08538,5.08538,5.08538,5.08538,121827.62026418
1995-02-06,5.39915,5.39915,5.39915,5.39915,78890.042870568
1995-02-07,5.93257,5.93257,5.93257,5.93257,375618.02745857
1995-02-08,5.71291,5.71291,5.71291,5.71291,142472.13467269
1995-02-09,5.61889,5.61889,5.61889,5.61889,149316.18151899
1995-02-10,5.52495,5.52495,5.52495,5.52495,183890.2738931
1995-02-13,5.52495,5.52495,5.52495,5.52495,100886.63011456
1995-02-14,5.64993,5.64993,5.64993,5.64993,115299.17662617
1995-02-15,5.77573,5.77573,5.77573,5.77573,127776.26255365
1995-02-16,5.64993,5.64993,5.64993,5.64993,81126.761062607
1995-02-17,5.71291,5.71291,5.71291,5.71291,76827.862816443
1995-02-20,5.39915,5.39915,5.39915,5.39915,28981.699160661
1995-02-21,5.08538,5.08538,5.08538,5.08538,102435.95495523
1995-02-22,5.08538,5.08538,5.08538,5.08538,83572.685926803
1995-02-23,5.21052,5.21052,5.21052,5.21052,47774.4356539
1995-02-24,5.71291,5.71291,5.71291,5.71291,194801.29844614
1995-02-27,5.33624,5.33624,5.33624,5.33624,86386.814533997
1995-02-28,5.21052,5.21052,5.21052,5.21052,62372.279503705
1995-03-01,5.21052,5.21052,5.21052,5.21052,41645.277893032
1995-03-02,5.33624,5.33624,5.33624,5.33624,63708.811272117
1995-03-03,5.33624,5.33624,5.33624,5.33624,77310.831362453
1995-03-06,5.58711,5.58711,5.58711,5.58711,81053.837594026
1995-03-07,5.49308,5.49308,5.49308,5.49308,46679.388158492
1995-03-08,5.46213,5.46213,5.46213,5.46213,34586.047041087
1995-03-09,5.39915,5.39915,5.39915,5.39915,41954.903767826
1995-03-10,5.33624,5.33624,5.33624,5.33624,56696.203621396
1995-03-13,5.21052,5.21052,5.21052,5.21052,89517.741816172
1995-03-14,5.14761,5.14761,5.14761,5.14761,65260.527046177
1995-03-15,5.08538,5.08538,5.08538,5.08538,52284.931505617
1995-03-16,5.08538,5.08538,5.08538,5.08538,108144.30843839
1995-03-17,5.02256,5.02256,5.02256,5.02256,66412.956943091
1995-03-20,4.95965,4.95965,4.95965,4.95965,52810.936852756
1995-03-21,4.86563,4.86563,4.86563,4.86563,93417.354185189
1995-03-22,4.70879,4.70879,4.70879,4.70879,110419.28156476
1995-03-23,4.61418,4.61418,4.61418,4.61418,162863.21014121
1995-03-24,4.70879,4.70879,4.70879,4.70879,192397.21491638
1995-03-27,4.70879,4.70879,4.70879,4.70879,95123.285163296
1995-03-28,4.58298,4.58298,4.58298,4.58298,101569.24159914
1995-03-29,4.58298,4.58298,4.58298,4.58298,94585.325149177
1995-03-30,4.70879,4.70879,4.70879,4.70879,154608.51259123
1995-03-31,4.83385,4.83385,4.83385,4.83385,164356.34804707
1995-04-03,4.83385,4.83385,4.83385,4.83385,81908.596283127
1995-04-04,4.83385,4.83385,4.83385,4.83385,97841.776434646
1995-04-05,4.99069,4.99069,4.99069,4.99069,177103.60944831
1995-04-06,5.2423,5.2423,5.2423,5.2423,149941.41060206
1995-04-07,5.39915,5.39915,5.39915,5.39915,221990.99302643
1995-04-10,5.58711,5.58711,5.58711,5.58711,610399.31868735
1995-04-11,5.64993,5.64993,5.64993,5.64993,563875.34119961
1995-04-12,5.64993,5.64993,5.64993,5.64993,768535.65350452
1995-04-13,5.83864,5.83864,5.83864,5.83864,546188.41140207
1995-04-14,6.27822,6.27822,6.27822,6.27822,349952.55291828
1995-04-18,6.90559,6.90559,6.90559,6.90559,211718.34769014
1995-04-19,7.59594,7.59594,7.59594,7.59594,206353.09314933
1995-04-20,8.35071,8.35071,8.35071,8.35071,1136441.725294
1995-04-21,8.15999,8.15999,8.15999,8.15999,711697.18934605
1995-04-24,8.97725,8.97725,8.97725,8.97725,289611.37133454
1995-04-25,9.85639,9.85639,9.85639,9.85639,764411.29339626
1995-04-26,8.91451,8.91451,8.91451,8.91451,512728.49399053
1995-04-27,9.41812,9.41812,9.41812,9.41812,506167.77275167
1995-04-28,9.69829,9.69829,9.69829,9.69829,374765.65970286
1995-05-04,9.41812,9.41812,9.41812,9.41812,336892.07924215
1995-05-05,9.10272,9.10272,9.10272,9.10272,280394.32309263
1995-05-09,9.41812,9.41812,9.41812,9.41812,352653.11218916
1995-05-10,9.35286,9.35286,9.35286,9.35286,151523.01304357
1995-05-11,9.35286,9.35286,9.35286,9.35286,241881.16794848
1995-05-12,9.60546,9.60546,9.60546,9.60546,350222.72839204
1995-05-15,9.60546,9.60546,9.60546,9.60546,290978.98523711
1995-05-16,9.35286,9.35286,9.35286,9.35286,302631.19914294
1995-05-17,8.44523,8.44523,8.44523,8.44523,165863.8315533
1995-05-18,8.41178,8.41178,8.41178,8.41178,267746.28542733
1995-05-19,8.41178,8.41178,8.41178,8.41178,133667.52244161
1995-05-22,7.59594,7.59594,7.59594,7.59594,105183.13742733
1995-05-23,7.28293,7.28293,7.28293,7.28293,371022.65347128
1995-05-24,8.00524,8.00524,8.00524,8.00524,159459.71645189
1995-05-25,8.66356,8.66356,8.66356,8.66356,288035.74622652
1995-05-26,7.81711,7.81711,7.81711,7.81711,227653.91877506
1995-05-29,8.19429,8.19429,8.19429,8.19429,157026.94172137
1995-05-30,7.53371,7.53371,7.53371,7.53371,286127.78137645
1995-05-31,7.53371,7.53371,7.53371,7.53371,102067.75121223
1995-06-01,7.21927,7.21927,7.21927,7.21927,87131.590286877
1995-06-02,6.96841,6.96841,6.96841,6.96841,165166.87446834
1995-06-05,7.65893,7.65893,7.65893,7.65893,231864.35248557
1995-06-06,7.84731,7.84731,7.84731,7.84731,174939.81472485
1995-06-07,8.00524,8.00524,8.00524,8.00524,91000.120521745
1995-06-08,7.97346,7.97346,7.97346,7.97346,142957.4941521
1995-06-09,7.84731,7.84731,7.84731,7.84731,89135.192472798
1995-06-12,7.65893,7.65893,7.65893,7.65893,68289.839659019
1995-06-13,7.65893,7.65893,7.65893,7.65893,98113.147375102
1995-06-14,7.84731,7.84731,7.84731,7.84731,101667.26986838
1995-06-16,7.53371,7.53371,7.53371,7.53371,72006.545623235
1995-06-19,7.53371,7.53371,7.53371,7.53371,71806.902684662
1995-06-20,7.40883,7.40883,7.40883,7.40883,47648.911650605
1995-06-21,7.72142,7.72142,7.72142,7.72142,81210.44373147
1995-06-22,7.69013,7.69013,7.69013,7.69013,61050.093335669
1995-06-23,7.84731,7.84731,7.84731,7.84731,142885.76615022
1995-06-26,8.15999,8.15999,8.15999,8.15999,319293.61398026
1995-06-27,8.31893,8.31893,8.31893,8.31893,206824.10702836
1995-06-28,8.28547,8.28547,8.28547,8.28547,286767.3560599
1995-06-29,8.47535,8.47535,8.47535,8.47535,284192.32079231
1995-06-30,8.7882,8.7882,8.7882,8.7882,272953.73836401
1995-07-03,8.7882,8.7882,8.7882,8.7882,196890.97423431
1995-07-04,8.7882,8.7882,8.7882,8.7882,584262.83026805
1995-07-05,8.35071,8.35071,8.35071,8.35071,247300.2184907
1995-07-06,8.44523,8.44523,8.44523,8.44523,515885.72154006
1995-07-07,8.47535,8.47535,8.47535,8.47535,238096.32038247
1995-07-10,8.50714,8.50714,8.50714,8.50714,217423.11477321
1995-07-11,8.41178,8.41178,8.41178,8.41178,133253.89096408
1995-07-12,8.35071,8.35071,8.35071,8.35071,223955.14481131
1995-07-13,8.47535,8.47535,8.47535,8.47535,289540.83879936
1995-07-14,8.47535,8.47535,8.47535,8.47535,184413.88830684
1995-07-17,8.66356,8.66356,8.66356,8.66356,163843.49283361
1995-07-18,8.66356,8.66356,8.66356,8.66356,113976.99045813
1995-07-19,8.59999,8.59999,8.59999,8.59999,181597.36876624
1995-07-20,8.7882,8.7882,8.7882,8.7882,480032.47979905
1995-07-21,8.66356,8.66356,8.66356,8.66356,62787.106447926
1995-07-24,8.59999,8.59999,8.59999,8.59999,139941.33167294
1995-07-25,8.59999,8.59999,8.59999,8.59999,136495.99664917
1995-07-26,8.59999,8.59999,8.59999,8.59999,86075.993192505
1995-07-27,8.66356,8.66356,8.66356,8.66356,94752.690486903
1995-07-28,8.59999,8.59999,8.59999,8.59999,192924.41573021
1995-07-31,8.59999,8.59999,8.59999,8.59999,197192.23184222
1995-08-01,8.56904,8.56904,8.56904,8.56904,165806.4491518
1995-08-02,8.66356,8.66356,8.66356,8.66356,95223.704365932
1995-08-03,8.72797,8.72797,8.72797,8.72797,160997.08662557
1995-08-04,8.59999,8.59999,8.59999,8.59999,65117.071042412
1995-08-07,8.66356,8.66356,8.66356,8.66356,125343.48782313
1995-08-08,8.72797,8.72797,8.72797,8.72797,124333.31846328
1995-08-09,8.69535,8.69535,8.69535,8.69535,115382.85929503
1995-08-10,8.72797,8.72797,8.72797,8.72797,172978.05387335
1995-08-11,8.7882,8.7882,8.7882,8.7882,280335.74522443
1995-08-16,8.7882,8.7882,8.7882,8.7882,241595.45140764
1995-08-17,8.7882,8.7882,8.7882,8.7882,249107.76413814
1995-08-18,8.66356,8.66356,8.66356,8.66356,283709.3522463
1995-08-21,8.66356,8.66356,8.66356,8.66356,194559.81417313
1995-08-22,8.66356,8.66356,8.66356,8.66356,161766.96717911
1995-08-23,8.66356,8.66356,8.66356,8.66356,139770.37993511
1995-08-24,8.72797,8.72797,8.72797,8.72797,210394.96605541
1995-08-25,8.7882,8.7882,8.7882,8.7882,98226.716711416
1995-08-28,8.7882,8.7882,8.7882,8.7882,117688.91455556
1995-08-29,8.7882,8.7882,8.7882,8.7882,142488.87120646
1995-08-30,8.75808,8.75808,8.75808,8.75808,151224.14636906
1995-08-31,8.7882,8.7882,8.7882,8.7882,145445.26035072
1995-09-01,8.7882,8.7882,8.7882,8.7882,119681.7575412
1995-09-04,8.7882,8.7882,8.7882,8.7882,190673.35193779
1995-09-05,8.91451,8.91451,8.91451,8.91451,190233.42019292
1995-09-06,9.10272,9.10272,9.10272,9.10272,319660.62225656
1995-09-07,9.32269,9.32269,9.32269,9.32269,484131.73510664
1995-09-08,9.60546,9.60546,9.60546,9.60546,348600.48008279
1995-09-11,10.0455,10.0455,10.0455,10.0455,367751.85658544
1995-09-12,10.4846,10.4846,10.4846,10.4846,416438.43332994
1995-09-13,10.2964,10.2964,10.2964,10.2964,356979.50616937
1995-09-14,10.2964,10.2964,10.2964,10.2964,236558.95020879
1995-09-15,9.29094,9.29094,9.29094,9.29094,225846.37312762
1995-09-18,9.26002,9.26002,9.26002,9.26002,217010.67876238
1995-09-19,8.7882,8.7882,8.7882,8.7882,226401.06967551
1995-09-20,8.97725,8.97725,8.97725,8.97725,261146.11378744
1995-09-21,9.16546,9.16546,9.16546,9.16546,214151.12242067
1995-09-22,9.16546,9.16546,9.16546,9.16546,139159.49645242
1995-09-25,9.19641,9.19641,9.19641,9.19641,201375.16981868
1995-09-26,9.10272,9.10272,9.10272,9.10272,151436.93944132
1995-09-27,9.22819,9.22819,9.22819,9.22819,174683.98485147
1995-09-28,9.22819,9.22819,9.22819,9.22819,141562.38451548
1995-09-29,9.22819,9.22819,9.22819,9.22819,155976.12649379
1995-10-02,9.29094,9.29094,9.29094,9.29094,55515.082523729
1995-10-03,9.26002,9.26002,9.26002,9.26002,158864.37403626
1995-10-04,8.91451,8.91451,8.91451,8.91451,43222.098467751
1995-10-05,8.7882,8.7882,8.7882,8.7882,61448.183746118
1995-10-06,8.7882,8.7882,8.7882,8.7882,57207.863368159
1995-10-09,8.53809,8.53809,8.53809,8.53809,69329.895686316
1995-10-10,8.12988,8.12988,8.12988,8.12988,72913.90484705
1995-10-11,8.03535,8.03535,8.03535,8.03535,88976.195401958
1995-10-12,8.19429,8.19429,8.19429,8.19429,61021.402134916
1995-10-13,8.09809,8.09809,8.09809,8.09809,36122.221748073
1995-10-16,8.15999,8.15999,8.15999,8.15999,42324.302977521
1995-10-17,8.47535,8.47535,8.47535,8.47535,74324.555550741
1995-10-18,8.28547,8.28547,8.28547,8.28547,110530.45996767
1995-10-19,8.25536,8.25536,8.25536,8.25536,59271.238888981
1995-10-20,8.28547,8.28547,8.28547,8.28547,100914.12584862
1995-10-23,8.35071,8.35071,8.35071,8.35071,68677.170869185
1995-10-24,8.35071,8.35071,8.35071,8.35071,95394.656103752
1995-10-25,8.15999,8.15999,8.15999,8.15999,189978.78578623
1995-10-26,8.35071,8.35071,8.35071,8.35071,51077.510140593
1995-10-27,8.28547,8.28547,8.28547,8.28547,118486.29084316
1995-10-30,8.28547,8.28547,8.28547,8.28547,94855.500622934
1995-10-31,8.35071,8.35071,8.35071,8.35071,64735.717165736
1995-11-02,9.16546,9.16546,9.16546,9.16546,205712.32299918
1995-11-03,9.10272,9.10272,9.10272,9.10272,148180.48815585
1995-11-06,9.29094,9.29094,9.29094,9.29094,201800.75596317
1995-11-07,9.16546,9.16546,9.16546,9.16546,90856.66451798
1995-11-08,9.10272,9.10272,9.10272,9.10272,141762.02745406
1995-11-09,9.10272,9.10272,9.10272,9.10272,180446.13433604
1995-11-10,9.10272,9.10272,9.10272,9.10272,212712.97598292
1995-11-13,9.10272,9.10272,9.10272,9.10272,102666.68002795
1995-11-14,9.29094,9.29094,9.29094,9.29094,207621.48331595
1995-11-15,9.29094,9.29094,9.29094,9.29094,163658.19549542
1995-11-16,9.29094,9.29094,9.29094,9.29094,80713.129585084
1995-11-17,9.10272,9.10272,9.10272,9.10272,77653.930304791
1995-11-20,8.97725,8.97725,8.97725,8.97725,157568.48813559
1995-11-21,8.85177,8.85177,8.85177,8.85177,157795.6268082
1995-11-22,9.10272,9.10272,9.10272,9.10272,154537.98005604
1995-11-23,9.10272,9.10272,9.10272,9.10272,81877.514148978
1995-11-24,9.07177,9.07177,9.07177,9.07177,40235.822656039
1995-11-27,9.00903,9.00903,9.00903,9.00903,57707.568447941
1995-11-28,8.97725,8.97725,8.97725,8.97725,97458.031624574
1995-11-29,8.97725,8.97725,8.97725,8.97725,92165.700552337
1995-11-30,9.10272,9.10272,9.10272,9.10272,169776.594056
1995-12-01,9.10272,9.10272,9.10272,9.10272,132246.11253763
1995-12-04,8.97725,8.97725,8.97725,8.97725,43536.506209337
1995-12-05,9.04082,9.04082,9.04082,9.04082,219059.70868283
1995-12-06,8.97725,8.97725,8.97725,8.97725,170358.78633794
1995-12-07,8.97725,8.97725,8.97725,8.97725,265042.13975636
1995-12-08,9.04082,9.04082,9.04082,9.04082,231010.78926317
1995-12-11,9.10272,9.10272,9.10272,9.10272,165207.52033608
1995-12-12,9.04082,9.04082,9.04082,9.04082,75205.614507199
1995-12-13,9.10272,9.10272,9.10272,9.10272,173005.54960741
1995-12-14,9.04082,9.04082,9.04082,9.04082,119893.35514675
1995-12-15,9.04082,9.04082,9.04082,9.04082,73939.615273971
1995-12-18,9.04082,9.04082,9.04082,9.04082,59669.329299429
1995-12-19,9.10272,9.10272,9.10272,9.10272,224267.1616195
1995-12-20,9.10272,9.10272,9.10272,9.10272,192696.08159089
1995-12-21,9.10272,9.10272,9.10272,9.10272,205629.83579701
1995-12-22,9.10272,9.10272,9.10272,9.10272,132203.0757365
1995-12-27,9.10272,9.10272,9.10272,9.10272,76784.826015314
1995-12-28,8.97725,8.97725,8.97725,8.97725,130053.62661342
1995-12-29,9.00903,9.00903,9.00903,9.00903,154282.15018266
1996-01-02,9.10272,9.10272,9.10272,9.10272,64050.714747758
1996-01-03,9.22819,9.22819,9.22819,9.22819,82845.842174393
1996-01-04,9.22819,9.22819,9.22819,9.22819,41216.105348435
1996-01-05,9.41812,9.41812,9.41812,9.41812,124020.1061884
1996-01-08,9.85639,9.85639,9.85639,9.85639,152632.40613936
1996-01-09,10.0455,10.0455,10.0455,10.0455,269737.93294627
1996-01-10,10.0455,10.0455,10.0455,10.0455,428073.910702
1996-01-11,10.2629,10.2629,10.2629,10.2629,266793.49846899
1996-01-12,10.4218,10.4218,10.4218,10.4218,460597.77768896
1996-01-15,10.1081,10.1081,10.1081,10.1081,105311.05236402
1996-01-16,10.1081,10.1081,10.1081,10.1081,134348.93845949
1996-01-17,10.0455,10.0455,10.0455,10.0455,181430.00342853
1996-01-18,10.0455,10.0455,10.0455,10.0455,308264.23822411
1996-01-19,10.0455,10.0455,10.0455,10.0455,184759.37818257
1996-01-22,10.4218,10.4218,10.4218,10.4218,244325.89734597
1996-01-23,10.6729,10.6729,10.6729,10.6729,386658.16241499
1996-01-24,10.9857,10.9857,10.9857,10.9857,477001.97171952
1996-01-25,11.6131,11.6131,11.6131,11.6131,322877.62314099
1996-01-26,12.2429,12.2429,12.2429,12.2429,554728.82549288
1996-01-29,12.8711,12.8711,12.8711,12.8711,869081.57561013
1996-01-30,12.8711,12.8711,12.8711,12.8711,466802.24985181
1996-01-31,13.1832,13.1832,13.1832,13.1832,442472.11161323
1996-02-01,11.8657,11.8657,11.8657,11.8657,130849.80743431
1996-02-02,12.0547,12.0547,12.0547,12.0547,273265.7551722
1996-02-05,12.0547,12.0547,12.0547,12.0547,190251.35219338
1996-02-06,12.2429,12.2429,12.2429,12.2429,110775.53064078
1996-02-07,12.0547,12.0547,12.0547,12.0547,59059.641283427
1996-02-08,12.0547,12.0547,12.0547,12.0547,308407.69422788
1996-02-09,12.5558,12.5558,12.5558,12.5558,185895.07154572
1996-02-12,12.2429,12.2429,12.2429,12.2429,191303.36288766
1996-02-13,12.1785,12.1785,12.1785,12.1785,232107.03222527
1996-02-14,12.0547,12.0547,12.0547,12.0547,451974.87639598
1996-02-15,11.3002,11.3002,11.3002,11.3002,58360.293265072
1996-02-16,11.6131,11.6131,11.6131,11.6131,295347.22055176
1996-02-19,11.8657,11.8657,11.8657,11.8657,206396.12995046
1996-02-20,11.3621,11.3621,11.3621,11.3621,25796.975877074
1996-02-21,11.3002,11.3002,11.3002,11.3002,125044.62114862
1996-02-22,11.4256,11.4256,11.4256,11.4256,160683.87435068
1996-02-23,11.3621,11.3621,11.3621,11.3621,157041.28732174
1996-02-26,11.4256,11.4256,11.4256,11.4256,83059.830713342
1996-02-27,11.6131,11.6131,11.6131,11.6131,159845.85219535
1996-02-28,11.6131,11.6131,11.6131,11.6131,112837.7106949
1996-02-29,12.1149,12.1149,12.1149,12.1149,245180.65603508
1996-03-01,12.2429,12.2429,12.2429,12.2429,201587.96289093
1996-03-04,12.5558,12.5558,12.5558,12.5558,280492.35136187
1996-03-05,12.5558,12.5558,12.5558,12.5558,261429.43939487
1996-03-06,12.5558,12.5558,12.5558,12.5558,272071.48394086
1996-03-07,12.8711,12.8711,12.8711,12.8711,218062.68945666
1996-03-08,12.5558,12.5558,12.5558,12.5558,422071.47241113
1996-03-11,11.9284,11.9284,11.9284,11.9284,328040.84380984
1996-03-12,11.6131,11.6131,11.6131,11.6131,129142.68098951
1996-03-13,11.6131,11.6131,11.6131,11.6131,193421.7298766
1996-03-14,11.9284,11.9284,11.9284,11.9284,198061.3361317
1996-03-15,11.8021,11.8021,11.8021,11.8021,80684.438384331
1996-03-18,11.9284,11.9284,11.9284,11.9284,155803.97928927
1996-03-19,12.1785,12.1785,12.1785,12.1785,229631.22069362
1996-03-20,11.8338,11.8338,11.8338,11.8338,62913.825917919
1996-03-21,11.9284,11.9284,11.9284,11.9284,118289.03883797
1996-03-22,11.6131,11.6131,11.6131,11.6131,57078.75296477
1996-03-25,11.6131,11.6131,11.6131,11.6131,63708.811272117
1996-03-26,11.8338,11.8338,11.8338,11.8338,90385.650638951
1996-03-27,11.6131,11.6131,11.6131,11.6131,40933.975207697
1996-03-28,11.6131,11.6131,11.6131,11.6131,76827.862816443
1996-03-29,11.4884,11.4884,11.4884,11.4884,115240.59875796
1996-04-01,11.552,11.552,11.552,11.552,39424.100768068
1996-04-02,11.552,11.552,11.552,11.552,87554.785497985
1996-04-03,11.6131,11.6131,11.6131,11.6131,164369.49818075
1996-04-04,11.6783,11.6783,11.6783,11.6783,40620.762932809
1996-04-05,11.9903,11.9903,11.9903,11.9903,97640.938029375
1996-04-09,11.9903,11.9903,11.9903,11.9903,77625.239104038
1996-04-10,12.1785,12.1785,12.1785,12.1785,57877.324719063
1996-04-11,12.1785,12.1785,12.1785,12.1785,88579.300458208
1996-04-12,12.0547,12.0547,12.0547,12.0547,77908.564711474
1996-04-15,11.9602,11.9602,11.9602,11.9602,27175.348979918
1996-04-16,12.0547,12.0547,12.0547,12.0547,119253.78046329
1996-04-17,11.9284,11.9284,11.9284,11.9284,50720.065597878
1996-04-18,11.9284,11.9284,11.9284,11.9284,81838.063747942
1996-04-19,12.0547,12.0547,12.0547,12.0547,68904.309541813
1996-04-22,12.2429,12.2429,12.2429,12.2429,84411.903548829
1996-04-23,12.4311,12.4311,12.4311,12.4311,114188.58806368
1996-04-24,12.2429,12.2429,12.2429,12.2429,128359.6503023
1996-04-25,12.2429,12.2429,12.2429,12.2429,81680.262143801
1996-04-26,12.3049,12.3049,12.3049,12.3049,134449.35766213
1996-04-29,12.493,12.493,12.493,12.493,188698.44095262
1996-04-30,12.493,12.493,12.493,12.493,150639.56315373
1996-05-06,12.8711,12.8711,12.8711,12.8711,255210.62163166
1996-05-07,13.7478,13.7478,13.7478,13.7478,484514.28445002
1996-05-08,14.0623,14.0623,14.0623,14.0623,362484.63031386
1996-05-09,14.0004,14.0004,14.0004,14.0004,216171.46114036
1996-05-10,13.9359,13.9359,13.9359,13.9359,284848.63200954
1996-05-13,14.0623,14.0623,14.0623,14.0623,199240.06629597
1996-05-14,14.0004,14.0004,14.0004,14.0004,201274.75061604
1996-05-15,13.9359,13.9359,13.9359,13.9359,87771.164970331
1996-05-16,14.0004,14.0004,14.0004,14.0004,90200.353300754
1996-05-17,14.125,14.125,14.125,14.125,120464.78822841
1996-05-20,14.125,14.125,14.125,14.125,106934.49613996
1996-05-21,14.0004,14.0004,14.0004,14.0004,136567.72465105
1996-05-22,13.8733,13.8733,13.8733,13.8733,160968.39542482
1996-05-23,12.5558,12.5558,12.5558,12.5558,118556.82337834
1996-05-24,11.9903,11.9903,11.9903,11.9903,176747.36037228
1996-05-27,12.2429,12.2429,12.2429,12.2429,189665.57351134
1996-05-28,12.2429,12.2429,12.2429,12.2429,164424.48964886
1996-05-29,12.3358,12.3358,12.3358,12.3358,164766.3931245
1996-05-30,12.3358,12.3358,12.3358,12.3358,125940.02570545
1996-05-31,12.3358,12.3358,12.3358,12.3358,141490.6565136
1996-06-03,12.3358,12.3358,12.3358,12.3358,158095.68894942
1996-06-04,12.3684,12.3684,12.3684,12.3684,169719.2116545
1996-06-05,13.5905,13.5905,13.5905,13.5905,242605.62076748
1996-06-07,14.9406,14.9406,14.9406,14.9406,335964.39708448
1996-06-10,14.9406,14.9406,14.9406,14.9406,298646.70863836
1996-06-11,14.7532,14.7532,14.7532,14.7532,312790.2751429
1996-06-12,14.4396,14.4396,14.4396,14.4396,187944.10146616
1996-06-13,13.8105,13.8105,13.8105,13.8105,252324.76502257
1996-06-14,13.8105,13.8105,13.8105,13.8105,141448.81517916
1996-06-17,13.8105,13.8105,13.8105,13.8105,33292.552073805
1996-06-18,13.8105,13.8105,13.8105,13.8105,130562.89542679
1996-06-19,13.8105,13.8105,13.8105,13.8105,242460.96929702
1996-06-20,13.8105,13.8105,13.8105,13.8105,170815.4546166
1996-06-21,13.8105,13.8105,13.8105,13.8105,220426.12711869
1996-06-24,14.1568,14.1568,14.1568,14.1568,114942.92755016
1996-06-25,14.3132,14.3132,14.3132,14.3132,197219.72757628
1996-06-26,14.4396,14.4396,14.4396,14.4396,417604.01336054
1996-06-27,14.6905,14.6905,14.6905,14.6905,193919.04402299
1996-06-28,14.4396,14.4396,14.4396,14.4396,154895.42459876
1996-07-01,14.4396,14.4396,14.4396,14.4396,108683.4639192
1996-07-02,14.4396,14.4396,14.4396,14.4396,72573.196838108
1996-07-03,14.6269,14.6269,14.6269,14.6269,67466.163104067
1996-07-04,16.0724,16.0724,16.0724,16.0724,544853.07510035
1996-07-05,15.6951,15.6951,15.6951,15.6951,164740.09285714
1996-07-08,15.1297,15.1297,15.1297,15.1297,119397.23646706
1996-07-09,15.1297,15.1297,15.1297,15.1297,63369.298729873
1996-07-10,14.8152,14.8152,14.8152,14.8152,56867.155359216
1996-07-11,13.8105,13.8105,13.8105,13.8105,400573.39478021
1996-07-12,14.1568,14.1568,14.1568,14.1568,61120.625870854
1996-07-15,14.4396,14.4396,14.4396,14.4396,83328.810720402
1996-07-16,14.4396,14.4396,14.4396,14.4396,62387.82057078
1996-07-17,14.3776,14.3776,14.3776,14.3776,70268.33704428
1996-07-18,14.125,14.125,14.125,14.125,147539.7180057
1996-07-19,14.125,14.125,14.125,14.125,179378.58257468
1996-07-22,14.125,14.125,14.125,14.125,123052.97362968
1996-07-23,14.125,14.125,14.125,14.125,49440.916230972
1996-07-24,14.4396,14.4396,14.4396,14.4396,45969.280939855
1996-07-25,14.7532,14.7532,14.7532,14.7532,232134.52795933
1996-07-26,14.8152,14.8152,14.8152,14.8152,144707.65739803
1996-07-29,15.0669,15.0669,15.0669,15.0669,167456.1931951
1996-07-30,15.0669,15.0669,15.0669,15.0669,146811.67878659
1996-07-31,14.9406,14.9406,14.9406,14.9406,58532.44046959
1996-08-01,14.8152,14.8152,14.8152,14.8152,61690.86348582
1996-08-02,14.7532,14.7532,14.7532,14.7532,45969.280939855
1996-08-05,15.3814,15.3814,15.3814,15.3814,85037.132631906
1996-08-06,15.0042,15.0042,15.0042,15.0042,39382.259433637
1996-08-07,14.2505,14.2505,14.2505,14.2505,108540.00791544
1996-08-08,14.7532,14.7532,14.7532,14.7532,25708.511341419
1996-08-09,15.0669,15.0669,15.0669,15.0669,28938.662359531
1996-08-12,14.7532,14.7532,14.7532,14.7532,40050.525317843
1996-08-13,14.6269,14.6269,14.6269,14.6269,19219.51810444
1996-08-14,14.6269,14.6269,14.6269,14.6269,25553.100670673
1996-08-16,14.6269,14.6269,14.6269,14.6269,72801.530977434
1996-08-19,14.7532,14.7532,14.7532,14.7532,67123.064161729
1996-08-20,15.0669,15.0669,15.0669,15.0669,82190.726423865
1996-08-21,14.9406,14.9406,14.9406,14.9406,113833.53445437
1996-08-22,15.0669,15.0669,15.0669,15.0669,84824.339559654
1996-08-23,15.3179,15.3179,15.3179,15.3179,121985.42186833
1996-08-26,15.3488,15.3488,15.3488,15.3488,135433.22675462
1996-08-27,15.3814,15.3814,15.3814,15.3814,125827.65183584
1996-08-28,15.5705,15.5705,15.5705,15.5705,55855.790532672
1996-08-29,15.3814,15.3814,15.3814,15.3814,73869.082738786
1996-08-30,15.6625,15.6625,15.6625,15.6625,44687.740639552
1996-09-02,15.6625,15.6625,15.6625,15.6625,59143.32395229
1996-09-03,15.5705,15.5705,15.5705,15.5705,57692.027380866
1996-09-04,15.3814,15.3814,15.3814,15.3814,77240.298827268
1996-09-05,15.0669,15.0669,15.0669,15.0669,60196.530113266
1996-09-06,15.0669,15.0669,15.0669,15.0669,43634.534478576
1996-09-09,15.1297,15.1297,15.1297,15.1297,43933.401153087
1996-09-10,15.6951,15.6951,15.6951,15.6951,102608.10215974
1996-09-11,15.8206,15.8206,15.8206,15.8206,163530.28055873
1996-09-12,16.0088,16.0088,16.0088,16.0088,284406.30933126
1996-09-13,17.5781,17.5781,17.5781,17.5781,179991.85699078
1996-09-16,17.8926,18.2063,17.8926,18.2063,249803.52575641
1996-09-17,17.8926,17.8926,17.8926,17.8926,229161.4022813
1996-09-18,17.8926,17.8926,17.8926,17.8926,472393.44759855
1996-09-19,17.8926,17.8926,17.8926,17.8926,172209.36878652
1996-09-20,17.2644,17.2644,17.2644,17.2644,52954.392856521
1996-09-23,17.5781,17.5781,17.5781,17.5781,125600.51316321
1996-09-24,17.5781,17.5781,17.5781,17.5781,116082.20731339
1996-09-25,17.5781,17.5781,17.5781,17.5781,87912.2300407
1996-09-26,17.5781,17.5781,17.5781,17.5781,123096.01043081
1996-09-27,17.5781,17.5781,17.5781,17.5781,153513.46509582
1996-09-30,17.2644,17.2644,17.2644,17.2644,121758.2831957
1996-10-01,17.8926,17.8926,17.8926,17.8926,156288.14330198
1996-10-02,17.6408,17.6408,17.6408,17.6408,42825.203524001
1996-10-03,17.5781,17.5781,17.5781,17.5781,114047.52299332
1996-10-04,17.2644,17.2644,17.2644,17.2644,126040.44490809
1996-10-07,17.5781,17.5781,17.5781,17.5781,43607.038744521
1996-10-08,17.9243,17.9243,17.9243,17.9243,88226.637782285
1996-10-09,17.9545,17.9545,17.9545,17.9545,101185.49678907
1996-10-10,17.9545,17.9545,17.9545,17.9545,161622.31570865
1996-10-11,17.9545,17.9545,17.9545,17.9545,111629.09386318
1996-10-14,17.8926,17.8926,17.8926,17.8926,145560.02515374
1996-10-15,18.1419,18.1419,17.8926,17.8926,96061.72652126
1996-10-16,18.0808,18.0808,18.0808,18.0808,43977.633420915
1996-10-17,17.9545,17.9545,17.9545,17.9545,26163.984153373
1996-10-18,17.5781,17.5781,17.5781,17.5781,78477.606859743
1996-10-21,17.2644,17.2644,17.2644,17.2644,61205.504006415
1996-10-22,16.6989,16.6989,16.6989,16.6989,146884.60225517
1996-10-23,16.9499,16.9499,16.9499,16.9499,102921.31443463
1996-10-24,16.6362,16.6362,16.6362,16.6362,147097.39532742
1996-10-25,16.3233,16.3233,16.3233,16.3233,139970.02287369
1996-10-28,16.0088,16.0088,16.0088,16.0088,144038.19604713
1996-10-29,15.6951,15.6951,15.6951,15.6951,269850.30681589
1996-10-30,16.5107,16.5107,16.5107,16.5107,53822.3016793
1996-10-31,16.3233,16.3233,16.3233,16.3233,152745.97547567
1996-11-04,16.0088,16.0088,16.0088,16.0088,135515.71395677
1996-11-05,16.0088,16.0088,15.6951,15.6951,197122.89477374
1996-11-06,16.4488,16.4488,16.3233,16.3233,57749.409782372
1996-11-07,16.5107,16.5107,16.5107,16.5107,47291.46710789
1996-11-08,16.3853,16.3853,16.3853,16.3853,81282.171733352
1996-11-12,16.2597,16.2597,16.2597,16.2597,91754.46000821
1996-11-13,15.7587,15.7587,15.7587,15.7587,157568.48813559
1996-11-14,15.6951,15.6951,15.6951,15.6951,301905.55085723
1996-11-15,15.7587,15.7587,15.7587,15.7587,288490.02357178
1996-11-18,16.0088,16.0088,16.0088,16.0088,190776.16207383
1996-11-19,16.0088,16.0088,16.0088,16.0088,36122.221748073
1996-11-20,16.0724,16.0724,16.0724,16.0724,72176.301894357
1996-11-21,16.228,16.228,16.228,16.228,111430.6463913
1996-11-22,16.5107,16.5107,16.5107,16.5107,74379.547018851
1996-11-25,16.9499,16.9499,16.9499,16.9499,137622.12627873
1996-11-26,16.9499,16.9499,16.9499,16.9499,175068.92512823
1996-11-27,17.2644,17.2644,17.2644,17.2644,98468.200984421
1996-11-28,17.8926,17.8926,17.8926,17.8926,103050.42483802
1996-11-29,17.3907,17.3907,17.3907,17.3907,80597.169315373
1996-12-02,17.2016,17.2016,17.2016,17.2016,133651.98137453
1996-12-03,17.2644,17.2644,17.2644,17.2644,86303.131865134
1996-12-04,17.2644,17.2644,17.2644,17.2644,50734.411198255
1996-12-05,17.4509,17.4509,17.4509,17.4509,46552.6686885
1996-12-06,17.4509,17.5781,17.4509,17.5781,106775.49906912
1996-12-09,17.2644,17.2644,17.2644,17.2644,81749.599212287
1996-12-10,17.4509,17.4509,17.4509,17.4509,152844.00374492
1996-12-11,19.1792,19.1792,17.829,17.829,360252.69398862
1996-12-12,18.4874,18.4874,18.4874,18.4874,66073.444400847
1996-12-13,18.4564,18.4564,18.4564,18.4564,45457.621193092
1996-12-16,18.3936,18.3936,18.3936,18.3936,33733.679285383
1996-12-17,18.3936,18.3936,18.3936,18.3936,88566.150324529
1996-12-18,18.4564,18.4564,18.4564,18.4564,73839.196071335
1996-12-19,18.3318,18.3318,18.3318,18.3318,66399.806809413
1996-12-20,18.3318,18.3318,18.3318,18.3318,93986.396333457
1996-12-23,18.3318,18.3318,18.3318,18.3318,30845.43174291
1996-12-24,18.3318,18.3318,18.3318,18.3318,19877.024788364
1996-12-30,18.3318,18.3318,18.3318,18.3318,28739.019420958
1996-12-31,18.3318,18.3318,18.3318,18.3318,94184.843805332
1997-01-02,18.3318,18.3318,18.3318,18.3318,133482.22510341
1997-01-03,18.52,18.8336,18.52,18.8336,77540.360968477
1997-01-06,18.3936,18.3936,18.3936,18.3936,17641.502063023
1997-01-07,18.8972,19.0227,18.8972,19.0227,130562.89542679
1997-01-08,19.7755,20.0892,19.7755,20.0892,147795.54787908
1997-01-09,19.7755,20.0892,19.7755,20.0892,161354.53116829
1997-01-10,20.152,20.152,20.152,20.152,226044.82059949
1997-01-13,20.0273,20.0273,20.0273,20.0273,101158.00105502
1997-01-14,19.901,19.901,19.901,19.901,83472.266724167
1997-01-15,19.7755,19.7755,19.7755,19.7755,354220.36903029
1997-01-16,19.7755,20.4037,19.7755,20.2775,383627.65433546
1997-01-17,20.0892,20.8421,20.0892,20.8421,140908.46423166
1997-01-20,20.5292,20.7793,20.5292,20.7793,100474.19410374
1997-01-21,22.5686,22.5686,20.8421,21.973,215816.40753104
1997-01-22,21.973,22.2248,21.973,22.2248,239560.76708757
1997-01-23,21.6585,21.973,21.4084,21.973,347177.87471212
1997-01-24,21.3439,21.973,21.3439,21.973,350434.32599759
1997-01-27,21.6585,21.6585,21.282,21.3439,99948.188756598
1997-01-28,20.4657,20.4657,20.4037,20.4037,106320.02625717
1997-01-29,20.0892,20.0892,20.0892,20.0892,143112.90482284
1997-01-30,20.0273,20.0273,19.963,19.963,101667.26986838
1997-01-31,20.0273,20.0273,20.0273,20.0273,94953.528892174
1997-02-03,20.6538,20.9065,20.6538,20.9065,42098.359771591
1997-02-04,21.282,21.4703,21.282,21.4703,141918.6335915
1997-02-05,21.282,21.564,21.282,21.564,274843.77121361
1997-02-06,22.3486,22.7878,22.3486,22.7878,186707.98890038
1997-02-07,22.9132,22.9132,22.8522,22.8831,232291.13409677
1997-02-10,22.3486,22.3486,22.3486,22.3486,132786.46348514
1997-02-11,21.973,22.2875,21.973,22.2875,81779.485879738
1997-02-12,21.973,21.973,21.973,21.973,132357.29094055
1997-02-13,21.973,22.5075,21.973,22.5075,347789.95366151
1997-02-14,21.973,22.2875,21.973,22.1922,238251.73105322
1997-02-17,22.2875,23.2286,22.2875,22.4758,97342.071354864
1997-02-18,22.602,22.6639,22.602,22.602,242293.6039593
1997-02-19,22.602,22.602,22.2875,22.3185,201587.96289093
1997-02-20,22.4122,22.4122,22.4122,22.4122,103519.04778365
1997-02-21,22.2875,22.3486,22.2875,22.3486,130792.42503281
1997-02-24,22.5385,22.5385,22.5385,22.5385,87455.561762047
1997-02-25,22.4758,23.5422,22.4758,23.5422,144337.06272164
1997-02-26,22.2875,22.2875,22.2875,22.2875,95793.941980898
1997-02-27,22.2875,22.2875,21.973,21.973,133196.50856257
1997-02-28,22.0993,22.0993,22.0993,22.0993,132215.03040348
1997-03-03,21.6585,21.6585,21.6585,21.6585,126238.89237996
1997-03-04,20.9065,21.4703,20.9065,21.4703,136441.00518107
1997-03-05,20.7174,20.7793,20.5912,20.7793,138688.48257339
1997-03-06,20.7174,21.4084,20.7174,21.4084,215800.86646397
1997-03-07,20.9065,20.9065,20.4037,20.4657,179806.55965258
1997-03-10,20.4657,20.4657,20.4657,20.4657,157341.34946296
1997-03-11,20.2775,20.6538,20.2775,20.4037,144578.54699465
1997-03-12,20.2775,20.2775,20.0273,20.0892,259551.36121225
1997-03-13,19.8383,19.8383,19.4929,19.5865,171910.50211201
1997-03-14,18.8972,19.2092,18.8972,19.2092,148205.59295651
1997-03-17,18.8972,19.1482,18.8972,19.1164,71377.730140064
1997-03-18,19.1482,19.1482,18.8972,19.0227,199198.22496154
1997-03-19,18.7091,18.7091,18.4263,18.4263,111471.29225904
1997-03-20,18.3936,18.3936,18.0808,18.3936,54790.629704715
1997-03-21,17.8926,18.0808,17.8926,17.9871,136840.29105821
1997-03-24,18.6446,18.6446,18.52,18.52,95493.87983969
1997-03-25,18.52,18.52,18.3936,18.52,108269.83244168
1997-03-26,18.2063,18.6772,18.2063,18.6772,124133.67552471
1997-03-27,18.2063,18.5835,18.2063,18.52,224038.82748018
1997-04-01,17.3907,17.3907,16.9499,17.3907,118983.60498954
1997-04-02,17.3271,17.3271,17.2644,17.2644,139983.17300736
1997-04-03,16.9499,16.9499,16.6362,16.9499,127408.05881065
1997-04-04,17.0754,17.2644,17.0754,17.1071,125459.44809284
1997-04-07,16.9499,17.138,16.9499,17.138,163329.44215345
1997-04-08,17.4509,17.4509,17.138,17.2016,104670.28221387
1997-04-09,17.5781,17.5781,17.3907,17.4509,237853.64064277
1997-04-10,17.2644,17.2644,17.2644,17.2644,182138.91518046
1997-04-11,17.2644,17.2644,17.0754,17.2016,175508.85687312
1997-04-14,16.5751,16.5751,16.4488,16.4488,380583.99612224
1997-04-15,16.6989,16.6989,16.5107,16.5107,221334.6818092
1997-04-16,16.8871,16.8871,16.8871,16.8871,88778.943396781
1997-04-17,16.8871,16.8871,16.6989,16.6989,76203.829200065
1997-04-18,16.8871,16.9499,16.8252,16.8871,136781.71319001
1997-04-21,16.6989,16.6989,16.3853,16.5751,171113.12582441
1997-04-22,16.6989,16.7617,16.6362,16.7617,94400.02781098
1997-04-23,16.8252,16.8252,16.6989,16.8252,128941.84258424
1997-04-24,16.8252,16.8252,16.6989,16.6989,114786.32141271
1997-04-25,16.9499,17.138,16.9499,16.9499,333505.32208659
1997-04-28,16.857,16.857,16.857,16.857,205516.2664607
1997-04-29,16.857,16.857,16.6362,16.6362,104372.61100606
1997-04-30,16.857,16.857,16.4488,16.4488,162760.40000518
1997-05-05,16.857,16.857,16.6362,16.6362,92549.445362409
1997-05-06,16.6989,16.6989,16.0088,16.0088,111713.97199874
1997-05-07,16.5751,16.5751,16.5751,16.5751,78890.042870568
1997-05-08,16.5751,16.5751,15.8206,16.0088,87000.088950093
1997-05-09,16.4488,16.4488,15.507,16.0724,121930.43040021
1997-05-12,16.1978,16.1978,16.1978,16.1978,106834.07693733
1997-05-13,16.0088,16.7299,16.0088,16.0724,86857.828413026
1997-05-14,16.0088,16.7934,16.0088,16.3233,132486.40134394
1997-05-15,16.4806,16.5408,16.3233,16.3233,142272.49173412
1997-05-16,16.1978,16.3853,16.1978,16.3534,169634.33351893
1997-05-19,16.6989,16.6989,16.4488,16.4488,99890.806355092
1997-05-20,16.4488,16.4488,16.0389,16.0389,37531.676985066
1997-05-21,16.1978,16.3233,16.1978,16.3233,36221.44548401
1997-05-22,16.3534,16.3534,16.3233,16.3534,150938.42982824
1997-05-23,16.0088,16.0088,16.0088,16.0088,60978.365333787
1997-05-26,15.6951,15.6951,15.6951,15.6951,67822.412180084
1997-05-27,15.6951,15.6951,15.6951,15.6951,53622.658740727
1997-05-28,15.8524,15.8524,15.507,15.5998,60752.422127857
1997-05-30,15.6951,16.1352,15.6951,16.0088,73414.80539353
1997-06-02,16.0088,16.1352,15.9461,15.9461,85278.616904911
1997-06-03,15.6951,15.6951,15.6951,15.6951,178525.01935227
1997-06-04,15.0669,15.0669,14.9406,14.9406,84653.387821834
1997-06-05,14.2505,14.565,14.2505,14.3776,101467.62692981
1997-06-06,14.4396,14.6269,14.4396,14.6269,224337.69415469
1997-06-09,14.7532,14.7842,14.7532,14.7842,175410.82860388
1997-06-10,15.0669,15.3179,15.0669,15.1923,20131.659195047
1997-06-11,15.3814,15.8825,15.3814,15.8825,56241.92627614
1997-06-12,15.3814,15.5705,15.3179,15.3179,154138.6941789
1997-06-13,16.0088,16.0088,16.0088,16.0088,109493.99034047
1997-06-16,16.0724,16.0724,16.0724,16.0724,109423.45780529
1997-06-17,16.1978,16.1978,16.1978,16.1978,156017.96782822
1997-06-18,16.3233,16.3233,16.3233,16.3233,183063.01093805
1997-06-19,16.3233,16.4488,16.3233,16.4488,127250.25720651
1997-06-20,16.0088,16.0088,15.6951,15.8206,82660.544836196
1997-06-23,16.3233,16.3233,16.3233,16.3233,91138.794658718
1997-06-24,16.3233,16.3233,16.3233,16.3233,240428.67591035
1997-06-25,16.1978,16.1978,15.8206,16.0088,499580.75124546
1997-06-26,15.0669,15.6951,15.0669,15.6951,12804.643802741
1997-06-27,15.0669,15.6951,15.0669,15.6951,231055.021531
1997-06-30,14.7532,14.7532,14.7532,14.7532,87185.386288289
1997-07-01,15.0669,15.0669,15.0669,15.0669,221775.80902078
1997-07-02,14.8787,14.8787,14.8787,14.8787,72249.225362938
1997-07-03,15.0669,15.6315,15.0669,15.6315,271374.5268559
1997-07-04,15.0669,15.0669,15.0669,15.0669,9419.0821138822
1997-07-07,15.0669,15.0669,15.0669,15.0669,11040.134956429
1997-07-08,15.0669,15.0669,15.0669,15.0669,76615.069744192
1997-07-09,15.0669,15.4434,15.0669,15.4434,96817.261474423
1997-07-10,15.0669,15.3814,15.0669,15.3814,120393.06022653
1997-07-11,15.0669,15.0669,15.0669,15.0669,221151.77540441
1997-07-14,13.5604,13.8105,13.5604,13.5905,172522.5810614
1997-07-15,13.4985,13.4985,13.3102,13.373,223427.94399748
1997-07-16,13.4985,13.4985,12.8376,13.4349,304836.83520082
1997-07-17,13.373,13.4985,13.373,13.4349,166504.60170345
1997-07-18,13.2476,13.2476,12.7122,12.7122,150370.58314666
1997-07-21,13.1832,13.1832,12.9957,13.0585,113393.60270949
1997-07-22,13.0585,13.0585,12.9331,12.9331,115911.25557557
1997-07-23,13.0585,13.0585,13.0585,13.0585,347974.05553301
1997-07-24,13.0585,13.0585,13.0585,13.0585,104753.96488273
1997-07-25,12.7122,12.7122,12.7122,12.7122,28596.758883891
1997-07-28,12.4311,12.4311,12.4311,12.4311,19749.109851673
1997-07-29,12.1785,12.1785,12.1785,12.1785,124220.94459367
1997-07-30,12.1785,12.3049,12.1785,12.3049,101513.05466434
1997-07-31,12.4311,12.4311,12.4311,12.4311,291020.82657154
1997-08-01,12.3049,12.3049,12.2429,12.2429,76998.814554263
1997-08-04,11.0794,11.4256,11.0794,11.4256,139671.15619918
1997-08-05,12.1785,12.1785,11.9284,12.0547,336138.93522238
1997-08-06,12.1785,12.1785,12.1785,12.1785,356496.53762336
1997-08-07,13.373,13.9359,13.373,13.9359,422127.65934593
1997-08-08,14.6905,15.6315,14.6905,15.6315,199140.84256003
1997-08-11,16.1352,16.1352,15.3814,15.5705,547654.05357387
1997-08-12,16.7617,17.2016,16.6362,17.138,387199.70882921
1997-08-13,16.9499,16.9499,16.9499,16.9499,628724.62770166
1997-08-14,16.7617,16.7617,16.3853,16.3853,195512.60113147
1997-08-18,16.3233,16.3233,16.0088,16.1352,153499.11949544
1997-08-19,16.3853,16.3853,16.3233,16.3233,95951.74358504
1997-08-20,16.3853,16.3853,16.3853,16.3853,137422.48334016
1997-08-21,16.3853,16.3853,16.0724,16.0724,63311.916328367
1997-08-22,16.3233,16.3233,16.0088,16.0088,131133.13304176
1997-08-25,16.0088,16.0088,16.0088,16.0088,33208.869404942
1997-08-26,16.0088,16.0088,16.0088,16.0088,50051.799713672
1997-08-27,16.3233,16.3233,16.3233,16.3233,146029.84356607
1997-08-28,16.3233,16.3233,16.1978,16.1978,85108.860633788
1997-08-29,16.1352,16.1352,16.1352,16.1352,49298.655693905
1997-09-01,16.0088,16.0088,16.0088,16.0088,35226.817191239
1997-09-02,16.0088,16.0088,15.7587,15.7587,218250.37772826
1997-09-03,16.7617,16.7617,16.6989,16.6989,208374.62733572
1997-09-04,16.6362,16.6362,16.6362,16.6362,85976.769456568
1997-09-05,16.5107,16.5107,16.3233,16.3233,118970.45485586
1997-09-08,16.5107,16.6362,16.5107,16.5751,145445.26035072
1997-09-09,16.5107,16.5107,16.3233,16.5107,274488.7176043
1997-09-10,16.5751,16.5751,16.5107,16.5107,230013.770037
1997-09-11,16.5751,16.8252,16.5751,16.6053,202029.09010251
1997-09-12,16.9499,16.9499,16.6989,16.6989,143595.87336885
1997-09-15,18.6446,18.6446,18.2999,18.3619,134720.72860258
1997-09-16,18.3318,18.4263,18.3318,18.4263,212800.24505188
1997-09-17,18.3318,18.3318,18.3318,18.3318,96590.122801795
1997-09-18,18.2063,18.2063,18.2063,18.2063,151750.1517162
1997-09-19,18.2063,18.2063,18.2063,18.2063,339666.75744832
1997-09-22,18.2063,18.2063,18.2063,18.2063,568244.77198096
1997-09-23,17.5781,17.5781,17.5781,17.5781,94896.146490668
1997-09-24,17.3271,17.3271,16.9499,16.9499,54662.714768025
1997-09-25,17.2644,17.2644,17.2644,17.2644,32181.963511323
1997-09-26,16.6362,16.6362,16.6362,16.6362,102692.98029531
1997-09-29,16.3233,16.3233,16.3233,16.3233,26349.28149157
1997-09-30,16.1978,16.1978,16.0088,16.0088,45841.366003164
1997-10-01,16.1978,16.1978,16.1978,16.1978,71818.857351642
1997-10-02,16.6362,16.6362,16.6362,16.6362,91809.45147632
1997-10-03,16.7617,16.7617,16.7617,16.7617,124660.87633854
1997-10-06,16.3233,16.3233,15.8206,15.8206,61463.724813192
1997-10-07,16.3233,16.3233,15.9151,15.9151,33873.548889054
1997-10-08,16.3233,16.3233,16.3233,16.3233,81536.806140035
1997-10-09,15.6951,15.726,15.6951,15.726,46765.461760751
1997-10-10,16.0088,16.0088,15.8825,15.8825,94655.857684361
1997-10-13,16.1352,16.1352,16.1352,16.1352,158864.37403626
1997-10-14,16.3853,16.4806,16.3853,16.3853,23062.943538649
1997-10-15,16.6362,17.6408,16.6362,17.6408,25511.259336242
1997-10-16,16.3853,16.3853,16.3853,16.3853,80881.690389508
1997-10-17,15.3814,16.0724,15.3814,16.0724,66157.12706971
1997-10-20,15.3814,15.507,15.3814,15.507,172735.37413366
1997-10-21,15.3179,15.6315,15.0669,15.0669,65174.453443918
1997-10-22,15.0669,15.0669,14.7532,14.8486,103190.29444169
1997-10-23,14.9406,14.9406,14.1878,14.1878,66497.835078652
1997-10-24,13.9359,14.565,13.9359,14.5023,201346.47861792
1997-10-27,14.0004,14.0004,13.4349,13.4349,189922.59885143
1997-10-28,12.6194,12.6194,11.8338,11.8966,87171.040687913
1997-10-29,13.1832,14.4396,13.1832,13.6859,329635.59638503
1997-10-30,12.7448,12.7448,12.6812,12.7448,238067.62918172
1997-10-31,12.7448,13.3102,12.7448,13.1832,410547.17344199
1997-11-03,12.9957,13.3102,12.9957,13.3102,352526.39271916
1997-11-04,13.1832,13.3102,13.1832,13.3102,251370.78259754
1997-11-05,13.1832,13.1832,12.9957,13.0585,248212.35958131
1997-11-06,13.3102,13.3102,13.2476,13.3102,256392.93819602
1997-11-07,13.1832,14.4396,13.1832,14.4396,100459.84850336
1997-11-12,12.7448,12.7448,12.3684,12.5558,382348.50496855
1997-11-13,12.2429,12.2429,12.1475,12.2429,376600.70108435
1997-11-14,12.1149,12.1149,11.9284,12.0547,390102.30197205
1997-11-17,11.9284,12.0848,11.9284,12.0848,347234.06164693
1997-11-18,11.9903,12.1149,11.9284,11.9284,255594.36644173
1997-11-19,11.0794,12.1475,11.0794,11.8657,156559.51424243
1997-11-20,11.0183,11.4256,11.0183,11.1755,187858.02786391
1997-11-21,11.4256,11.8657,11.4256,11.8657,95338.469168944
1997-11-24,11.3002,11.3002,10.9857,10.9857,323231.48128361
1997-11-25,11.1755,11.2692,11.1755,11.2383,206527.63128725
1997-11-26,11.1755,11.2383,11.1103,11.1103,259735.46308375
1997-11-27,11.3002,11.4575,11.3002,11.4575,251895.59247798
1997-11-28,11.3002,11.5211,11.3002,11.5211,533029.9094567
1997-12-01,11.3002,11.8657,11.3002,11.8021,524165.52389071
1997-12-02,11.6783,12.1149,11.6783,12.0848,548238.6367892
1997-12-03,12.0547,12.1785,11.8966,12.1785,183803.00482414
1997-12-04,12.6194,13.0267,12.6194,12.8711,295845.73016484
1997-12-05,12.8711,12.8711,12.6812,12.7758,285259.87255366
1997-12-08,12.5558,12.5558,12.3049,12.3358,315664.177085
1997-12-09,12.5558,12.5558,12.3049,12.3684,231793.81995038
1997-12-10,12.2429,12.2429,12.0547,12.1149,144920.45047028
1997-12-11,11.0183,11.332,11.0183,11.2056,158436.39695836
1997-12-12,11.4884,11.5211,11.2692,11.5211,171982.23011389
1997-12-15,11.4884,11.552,11.4256,11.4575,270548.45936755
1997-12-16,11.552,11.5829,11.552,11.5829,280438.55536045
1997-12-17,11.4884,11.4884,11.2692,11.3002,224280.31175319
1997-12-18,11.4884,11.552,11.4575,11.4884,138277.24202925
1997-12-19,11.4884,11.4884,11.1755,11.1755,144437.48192427
1997-12-22,11.3002,11.3002,11.1103,11.1438,153200.25282093
1997-12-23,11.2383,11.4575,11.2383,11.4256,146927.6390563
1997-12-29,11.4884,12.0547,11.4884,12.0547,388068.81311868
1997-12-30,11.9284,12.1785,11.9284,12.1785,210693.83272992
1997-12-31,12.2429,12.8711,12.2429,12.7758,81480.619205227
1998-01-05,12.7448,12.9331,12.7122,12.8711,122114.53227171
1998-01-06,12.6812,12.6812,12.2429,12.2739,332679.25459825
1998-01-07,11.9903,11.9903,11.9903,11.9903,147298.23373269
1998-01-08,11.9903,12.1149,11.772,11.9284,242819.60930644
1998-01-09,11.7393,11.7393,11.6783,11.7084,232689.22450722
1998-01-12,10.7983,11.0484,10.7983,10.861,218375.90173155
1998-01-13,11.3002,11.332,11.1438,11.332,74352.051284796
1998-01-14,11.7393,11.8021,11.4256,11.4575,123706.89391351
1998-01-15,11.4256,11.4256,11.3002,11.3002,61745.85495393
1998-01-16,11.7393,12.0848,11.7393,12.0848,173988.22323321
1998-01-19,12.2429,12.2429,11.9602,11.9602,152987.45974868
1998-01-20,11.9903,11.9903,11.9903,11.9903,125172.53608531
1998-01-21,11.9284,11.9284,11.7393,11.7393,34927.950516728
1998-01-22,11.9903,12.1785,11.9903,11.9903,197745.73292342
1998-01-23,12.3684,12.5558,12.3684,12.5558,74451.275020733
1998-01-26,12.1785,12.1785,12.0547,12.0547,62188.177632206
1998-01-27,12.3049,12.4612,12.3049,12.4311,373738.75380924
1998-01-28,12.5558,12.9331,12.5558,12.9331,370710.6366631
1998-01-29,12.9331,13.4349,12.9331,13.2476,219913.27190523
1998-01-30,13.8105,13.8105,13.4985,13.6859,556363.02846911
1998-02-02,14.6269,14.8152,14.4713,14.8152,306956.39765645
1998-02-03,14.1878,14.4396,14.0004,14.0623,370341.2374534
1998-02-04,14.4396,14.4396,14.0623,14.0949,247258.37715627
1998-02-05,14.1878,14.7532,14.1878,14.6905,229076.52414573
1998-02-06,14.4396,14.6269,14.2195,14.2195,192283.64558006
1998-02-09,15.5705,15.5998,15.2242,15.2559,414202.9106046
1998-02-10,15.6951,15.6951,15.3179,15.3179,385078.95090688
1998-02-11,15.6951,15.9151,15.5705,15.5705,328083.88061097
1998-02-12,15.6951,15.6951,15.2242,15.3814,412879.52896987
1998-02-13,15.6951,16.1352,15.6951,16.0088,682660.49871727
1998-02-16,15.6951,15.9461,15.6951,15.9461,381267.80307351
1998-02-17,15.6951,15.8206,15.6951,15.8206,203480.38667393
1998-02-18,15.7587,16.0088,15.7587,15.8825,148308.40309254
1998-02-19,16.3853,16.9499,16.3853,16.5751,291507.38151764
1998-02-20,17.2644,17.6098,17.1716,17.3907,331427.6009654
1998-02-23,17.2016,17.2016,16.8252,17.138,490207.0968661
1998-02-24,16.6362,16.6362,16.1352,16.1352,153399.8957595
1998-02-25,16.3233,16.3233,16.1652,16.3233,370098.5577137
1998-02-26,16.3233,16.3233,15.9461,16.1033,196722.41342989
1998-02-27,16.3233,16.4488,16.0088,16.3233,163843.49283361
1998-03-02,16.3233,18.3318,16.3233,18.1419,880592.72444559
1998-03-03,17.8926,17.8926,17.138,17.548,400686.96411653
1998-03-04,17.3271,17.3271,16.6362,16.8252,156985.10038694
1998-03-05,16.7617,16.7617,16.3233,16.4488,156671.88811204
1998-03-06,16.3233,16.8252,16.3233,16.7617,97969.691371337
1998-03-09,17.2326,17.7671,17.2326,17.7671,68904.309541813
1998-03-10,18.1419,18.4564,18.1419,18.3318,224294.65735356
1998-03-11,18.8336,18.8336,18.2372,18.3936,375162.55464661
1998-03-12,18.8336,19.0537,18.8336,19.0537,746824.78280135
1998-03-13,18.8336,18.8336,18.3936,18.52,368247.97526513
1998-03-16,17.0444,18.2063,17.0444,17.9545,100544.72663892
1998-03-17,17.5781,17.5781,17.3271,17.3271,303583.98610128
1998-03-18,17.7671,18.52,17.7671,18.52,259238.14893736
1998-03-19,17.7044,17.7671,17.7044,17.7345,112054.68000768
1998-03-20,17.5781,17.7671,17.5781,17.7671,18381.495949112
1998-03-23,17.548,17.548,17.1716,17.1716,47946.582858418
1998-03-24,17.5781,17.5781,17.2644,17.2644,147281.49719892
1998-03-25,17.3271,17.5781,17.3271,17.548,37403.762048375
1998-03-26,17.2644,17.2644,17.0754,17.0754,205911.96593775
1998-03-27,15.6315,16.5107,15.6315,16.1978,131148.67410883
1998-03-30,16.0088,16.0088,15.7587,15.7896,62672.341644914
1998-03-31,15.6951,16.1652,15.6951,16.1652,80058.013834556
1998-04-01,16.1652,16.1652,15.8825,15.8825,102467.03708938
1998-04-02,16.4162,16.4488,16.3853,16.3853,134848.64353927
1998-04-06,17.2644,17.2644,17.2644,17.2644,166832.15957872
1998-04-07,17.5781,17.5781,17.5781,17.5781,52512.070178245
1998-04-08,17.5781,17.5781,17.5781,17.5781,61533.061881679
1998-04-09,16.7299,17.0754,16.7299,17.0118,67892.944715269
1998-04-14,17.5781,17.8926,17.5781,17.8926,36039.734545908
1998-04-15,17.5781,17.8926,17.4852,17.6408,172449.65759282
1998-04-16,17.5781,17.7044,17.3271,17.3581,136354.93157881
1998-04-17,16.9499,17.0754,16.857,16.9499,85945.687322419
1998-04-20,17.0118,17.0118,16.8252,16.8252,65815.223594069
1998-04-21,17.0118,17.138,16.8871,17.138,121717.63732797
1998-04-22,17.0118,17.3271,17.0118,17.2016,104443.14354124
1998-04-23,17.5781,17.9545,17.5781,17.829,151124.92263312
1998-04-24,17.6408,18.0164,17.6408,18.0164,146982.63052441
1998-04-27,17.8926,17.8926,17.5781,17.6098,149857.7279332
1998-04-28,17.8608,17.8926,17.6098,17.829,204176.1482922
1998-04-29,17.9243,18.8336,17.9243,18.4874,115752.25850473
1998-04-30,18.269,18.52,18.269,18.52,143213.32402548
1998-05-04,18.7091,18.7091,18.52,18.6446,125998.60357366
1998-05-05,18.7717,18.7717,18.4874,18.52,204918.53311168
1998-05-06,18.6446,18.6446,18.6145,18.6446,218704.65507352
1998-05-07,18.6446,18.6446,18.6446,18.6446,443684.31484505
1998-05-08,18.6446,18.7717,18.6446,18.6446,467811.22374495
1998-05-11,18.8336,18.8336,18.4564,18.6145,161480.05517158
1998-05-12,18.52,18.52,17.9545,17.9545,215048.91791089
1998-05-13,17.5781,18.2372,17.3907,17.829,109820.35274904
1998-05-14,17.3907,17.8926,17.3907,17.5781,164810.62539233
1998-05-15,17.7044,17.7044,17.7044,17.7044,70384.29731399
1998-05-18,16.6362,17.2644,16.4488,16.4488,37347.575113567
1998-05-19,16.6362,17.2644,16.4806,17.2644,134505.54459693
1998-05-20,16.5107,16.5107,16.3233,16.3233,98537.538052907
1998-05-21,17.138,17.5781,17.138,17.5153,241540.45993953
1998-05-22,17.2016,17.2016,16.9499,16.9499,99008.551931936
1998-05-25,17.2644,17.2644,17.2644,17.2644,148620.41990073
1998-05-26,17.2644,17.2644,16.9499,16.9499,77411.250565088
1998-05-27,17.138,17.138,16.1978,16.3233,116379.8785212
1998-05-28,16.9499,16.9499,16.919,16.919,197788.76972455
1998-05-29,16.4488,16.6362,16.1978,16.6362,90757.440782042
1998-06-01,14.8152,15.0669,14.7842,14.8152,95850.128915706
1998-06-02,14.125,14.3776,14.0949,14.125,188271.65934142
1998-06-03,14.565,15.0669,14.565,14.9406,178966.14656385
1998-06-04,15.3179,15.5705,15.3179,15.5705,82020.970152743
1998-06-05,16.2597,16.6362,15.8206,16.2597,30289.53972832
1998-06-08,16.8252,16.8252,16.8252,16.8252,25053.395590891
1998-06-09,15.9461,15.9461,15.3179,15.3179,22623.011793769
1998-06-10,15.6951,17.2644,15.6951,17.2644,19804.101319783
1998-06-15,15.6951,15.6951,15.6951,15.6951,66699.868950621
1998-06-16,15.0042,15.6951,15.0042,15.6315,50608.88719496
1998-06-17,15.3814,16.1033,15.3814,15.6951,121388.883986
1998-06-18,16.2924,16.2924,15.6315,15.6951,31300.904554865
1998-06-19,15.726,15.9461,15.726,15.9461,71022.676530746
1998-06-22,15.6951,15.6951,15.0669,15.0669,132840.25948656
1998-06-23,15.5705,15.5705,14.9406,14.9406,50806.139200137
1998-06-24,14.9733,14.9733,14.9105,14.9406,382135.71189629
1998-06-25,14.565,15.1923,14.565,15.1297,478226.12961831
1998-06-26,14.6905,14.7532,14.4396,14.7532,535007.21137527
1998-06-29,14.6905,15.2559,14.6905,14.724,83328.810720402
1998-06-30,14.6905,15.1297,14.6905,14.8787,312333.60686426
1998-07-01,14.7842,15.1297,14.7842,15.0669,328326.56035068
1998-07-02,15.5705,15.8825,15.3179,15.7587,74708.300360813
1998-07-03,15.6951,16.3233,15.6951,16.3233,171384.49676487
1998-07-06,16.5107,16.5107,16.2597,16.4488,537939.69118557
1998-07-07,16.5107,16.5107,16.3233,16.4488,267703.24862621
1998-07-08,16.5107,16.5107,16.0088,16.0724,115982.98357745
1998-07-09,16.0088,16.0088,16.0088,16.0088,98397.668449236
1998-07-10,15.6315,15.7896,15.5705,15.7896,148335.8988266
1998-07-13,16.1978,16.8252,16.1978,16.8252,33873.548889054
1998-07-14,17.0118,17.3271,17.0118,17.2644,425896.96584486
1998-07-15,17.5781,17.5781,17.2644,17.4509,493293.79188044
1998-07-16,16.3233,17.2016,16.3233,17.0754,162078.98398729
1998-07-17,17.5781,17.6098,17.2644,17.5781,395251.17704053
1998-07-20,17.5781,18.2063,17.5781,18.0164,253559.68212165
1998-07-21,17.5781,17.5781,17.2644,17.3271,318978.01077198
1998-07-22,17.3271,17.3271,17.0118,17.0118,225504.46965198
1998-07-23,17.0754,17.4509,17.0754,17.3907,36138.958281845
1998-07-24,17.2644,17.3907,17.2644,17.3907,34772.539845982
1998-07-27,17.2961,17.2961,17.138,17.138,57136.135366276
1998-07-28,17.2644,17.2644,17.2644,17.2644,171696.51357306
1998-07-29,17.0754,17.1716,16.7617,16.7617,162389.80532879
1998-07-30,16.8871,16.9499,16.8871,16.9499,100303.24236592
1998-07-31,16.4162,16.4162,15.8206,16.0389,253162.78717791
1998-08-03,16.0724,16.0724,16.0088,16.0088,93632.538190836
1998-08-04,15.8825,16.3853,15.8825,16.228,388905.63980731
1998-08-05,16.0088,16.1033,15.7896,16.1033,61178.00827236
1998-08-06,16.3233,16.3233,15.9461,16.1352,55357.280919588
1998-08-07,16.0088,17.6098,16.0088,16.5408,124958.54754636
1998-08-10,15.7587,15.7587,15.6951,15.6951,79816.529561551
1998-08-11,15.5705,15.5705,14.5023,14.565,183447.95121482
1998-08-12,15.1923,15.1923,15.0995,15.1923,83998.272071306
1998-08-13,14.7532,14.7532,14.6269,14.6269,205428.99739174
1998-08-14,14.8486,15.1923,14.8486,15.0669,90939.151720145
1998-08-17,14.125,14.8486,14.125,14.125,201958.55756732
1998-08-18,14.125,14.6596,14.125,14.6269,377340.69497045
1998-08-19,15.0669,15.8825,15.0669,15.7587,150468.61141591
1998-08-20,14.7532,14.7532,14.4396,14.5023,53523.435004789
1998-08-21,14.125,14.125,13.8105,14.0623,218576.74013682
1998-08-24,13.8105,13.8105,13.2476,13.5604,129938.86181041
1998-08-25,13.8105,13.8105,13.7169,13.7478,109308.69300228
1998-08-26,13.8105,13.8105,13.1832,13.3102,220552.84658868
1998-08-27,12.7448,12.7448,12.1149,12.1149,119040.98739105
1998-08-28,11.4884,12.5558,11.4884,12.2429,7967.7855424578
1998-08-31,11.2692,11.8338,11.2692,11.6131,223554.66346748
1998-09-01,10.1701,10.3583,9.76272,9.95089,352769.07245887
1998-09-02,10.4846,10.9857,10.4846,10.9229,506467.83489288
1998-09-03,11.0183,11.6131,10.4846,10.6729,339865.20492019
1998-09-04,10.7983,10.9555,10.7983,10.9555,337189.75044997
1998-09-07,11.0484,11.6131,11.0484,11.4256,327770.66833608
1998-09-08,12.1475,12.8711,11.8657,12.6812,177144.25531604
1998-09-09,11.9284,12.1785,11.9284,11.9284,173886.60856388
1998-09-10,11.3621,11.4884,11.2383,11.3956,118002.12683044
1998-09-11,10.7983,10.9857,10.7347,10.9229,152888.23601274
1998-09-14,11.1103,11.4256,11.1103,11.3621,134505.54459693
1998-09-15,11.4256,11.4256,11.1103,11.1103,112352.3512155
1998-09-16,11.3621,11.4256,11.1755,11.2056,82305.491226877
1998-09-17,11.2383,11.2383,10.9229,11.0183,168624.16415909
1998-09-18,10.5465,10.7983,10.3583,10.6729,230852.98765902
1998-09-21,10.3583,10.3583,10.0455,10.0455,88579.300458208
1998-09-22,10.2337,10.6729,10.2337,10.6729,156473.44064018
1998-09-23,10.9857,11.2383,10.9229,10.9229,90345.004771218
1998-09-24,11.772,11.772,11.4575,11.4884,215105.1048457
1998-09-25,11.1103,11.1103,10.9229,11.1103,89746.075955498
1998-09-28,11.4884,11.4884,11.2383,11.2383,82020.970152743
1998-09-29,11.2056,11.2056,10.9555,11.0484,61148.121604909
1998-09-30,10.9857,10.9857,10.4218,10.7983,296199.58830746
1998-10-01,9.88656,9.95089,9.73097,9.95089,156118.38703086
1998-10-02,9.13367,9.73097,9.04082,9.73097,214905.46190713
1998-10-05,9.29094,9.29094,9.16546,9.16546,94667.812351342
1998-10-06,8.41178,8.72797,8.28547,8.66356,213751.83654352
1998-10-07,8.7882,8.7882,8.19429,8.19429,161752.62157874
1998-10-08,8.59999,8.59999,8.15999,8.22356,341017.6348171
1998-10-09,7.75338,8.15999,7.75338,8.12988,260318.85083239
1998-10-12,8.06715,8.44523,8.06715,8.41178,418328.46617956
1998-10-13,8.53809,8.53809,8.35071,8.44523,291875.58526064
1998-10-14,8.15999,8.22356,8.12988,8.12988,286682.47792434
1998-10-15,8.28547,8.28547,8.09809,8.15999,372530.13697752
1998-10-16,8.41178,8.50714,8.25536,8.50714,425586.14450337
1998-10-19,8.28547,8.41178,8.25536,8.31893,305490.75548465
1998-10-20,8.28547,8.85177,8.28547,8.69535,348898.1512906
1998-10-21,9.10272,9.32269,9.10272,9.22819,512158.25637557
1998-10-22,9.69829,10.1081,9.69829,9.85639,319731.15479174
1998-10-23,9.85639,10.2964,9.85639,10.1701,249605.07828453
1998-10-26,10.2337,10.5465,10.2337,10.4846,224379.53548913
1998-10-27,10.1081,10.4846,9.85639,9.85639,273080.457834
1998-10-28,10.0455,10.0455,9.88656,9.95089,468039.55788429
1998-10-29,10.2964,10.6093,10.2964,10.5465,217279.65876944
1998-10-30,10.7983,11.0794,10.7983,11.0484,373242.63512955
1998-11-02,11.3621,12.0848,11.3621,12.0547,215133.79604645
1998-11-03,11.9284,12.0547,11.7393,11.9284,486862.18104497
1998-11-04,11.9284,12.3358,11.9284,12.3358,166417.3326345
1998-11-05,12.5558,12.8711,12.5558,12.8067,410347.53050342
1998-11-06,13.1212,13.1212,12.5558,12.7448,281702.1636603
1998-11-09,12.7122,13.0585,12.5558,12.7448,105111.40942545
1998-11-10,12.5558,12.5558,12.0848,12.2429,544696.4689629
1998-11-12,12.0547,12.2103,11.9903,12.0547,181357.07995994
1998-11-13,12.0547,13.2476,12.0547,12.493,201318.98288387
1998-11-16,12.7448,13.3102,12.7448,12.7758,184373.24243911
1998-11-17,12.5558,12.6194,12.5558,12.6194,162933.7426764
1998-11-18,12.5558,12.6812,12.493,12.5558,467854.26054609
1998-11-19,12.4311,12.4311,11.9284,12.2429,264389.41493923
1998-11-20,12.3049,12.3049,12.0547,12.1149,160300.12954061
1998-11-23,11.9903,11.9903,11.8021,11.8021,51645.356822164
1998-11-24,11.9284,11.9284,11.3621,11.6131,127408.05881065
1998-11-25,11.7393,11.7393,11.552,11.6783,112112.06240918
1998-11-26,11.6131,11.6131,11.5211,11.6131,65503.20678588
1998-11-27,11.3002,11.3002,11.0484,11.1438,47234.084706384
1998-11-30,10.1701,10.5465,10.1701,10.4537,198643.52841365
1998-12-01,10.1701,10.2337,10.1081,10.1081,172163.94105199
1998-12-02,10.2337,10.6093,10.2337,10.5465,148520.0006981
1998-12-03,10.5465,11.1755,10.3583,10.8301,71506.840543453
1998-12-04,10.7347,11.1103,10.7347,11.1103,109921.96741838
1998-12-07,11.7393,11.7393,11.2056,11.332,69358.586887069
1998-12-08,11.4256,11.6131,11.332,11.6131,58558.740736947
1998-12-09,11.332,11.552,11.332,11.4575,214662.78216742
1998-12-10,11.3002,11.552,11.3002,11.332,98695.339657049
1998-12-11,10.7983,10.9229,10.7983,10.8928,171724.00930711
1998-12-14,10.5465,10.7347,10.5465,10.6093,99334.914340502
1998-12-15,10.6729,10.6729,10.5791,10.6093,83259.473651916
1998-12-16,10.6093,10.6093,10.5148,10.6093,138617.9500382
1998-12-17,10.5465,10.7347,10.4218,10.5148,87099.31268603
1998-12-18,10.6729,10.861,10.6729,10.8301,236218.24219984
1998-12-21,10.7983,10.9857,10.7983,10.9229,92848.31203692
1998-12-22,10.9857,11.3956,10.9857,11.3002,166261.92196375
1998-12-23,11.332,11.4575,11.3002,11.3002,625777.80229099
1998-12-28,11.5211,11.8657,11.5211,11.772,334015.78636667
1998-12-29,11.772,11.772,11.4256,11.4256,341343.99722567
1998-12-30,11.4256,11.4256,11.2692,11.3621,107574.07082342
1998-12-31,11.4256,11.4575,11.3002,11.3621,84440.594749582
1999-01-04,11.3621,11.6783,11.3621,11.6465,628822.65597091
1999-01-05,11.4884,11.4884,11.2383,11.2692,343010.47780274
1999-01-06,11.4884,11.8338,11.4256,11.8021,999333.64969543
1999-01-07,11.9903,11.9903,11.4575,11.6783,793904.65230369
1999-01-08,11.9284,12.4311,11.772,12.3684,775621.18462382
1999-01-11,12.3684,12.3684,11.9602,12.0547,678502.66554148
1999-01-12,11.9903,12.2103,11.6783,11.772,320074.25373408
1999-01-13,11.4884,11.4884,10.5148,10.6729,483759.94496356
1999-01-14,10.6729,10.9857,10.5465,10.5465,404214.78634246
1999-01-15,10.2337,10.5465,10.0764,10.4537,364149.91542424
1999-01-18,10.3583,10.641,10.2019,10.6093,2635060.8459605
1999-01-19,10.7983,10.7983,10.3893,10.6729,540001.87123969
1999-01-20,10.7665,10.7665,10.5148,10.5465,608876.29411405
1999-01-21,11.3002,11.3002,10.9229,10.9555,1355175.0715683
1999-01-22,10.9857,10.9857,10.6729,10.7665,953251.99488596
1999-01-25,10.3583,10.6093,10.3583,10.4846,184985.32138851
1999-01-26,10.6093,10.7347,10.4537,10.6729,325707.29281527
1999-01-27,10.7983,10.9229,10.7347,10.8928,426509.04479427
1999-01-28,10.9857,11.3621,10.9857,11.3621,626248.81617002
1999-01-29,11.3621,11.3621,11.1438,11.2692,1163661.3065418
1999-02-01,11.4884,11.4884,11.1755,11.3621,1786110.9295454
1999-02-02,11.1438,11.2056,10.8928,10.9229,191543.65169396
1999-02-03,11.1103,11.2383,10.9857,11.2383,230667.69032083
1999-02-04,11.2056,11.2056,10.9857,11.0183,196239.44488388
1999-02-05,11.1103,11.1103,10.861,10.9229,257160.42781616
1999-02-08,10.7983,10.9857,10.7983,10.9555,258414.47238242
1999-02-09,10.7983,10.7983,10.641,10.6729,226671.24514927
1999-02-10,10.3583,10.6093,10.3282,10.3282,350875.45320917
1999-02-11,10.4846,10.9229,10.4846,10.6729,426081.06771636
1999-02-12,10.9857,10.9857,10.6729,10.8301,657732.62712968
1999-02-15,10.9229,10.9857,10.9229,10.9857,663396.74834501
1999-02-16,10.9857,10.9857,10.861,10.9229,714869.95796265
1999-02-17,10.9229,10.9229,10.861,10.861,1026293.8146697
1999-02-18,10.7983,10.861,10.7665,10.7665,368418.92700295
1999-02-19,10.7983,10.7983,10.7347,10.7665,584605.92921038
1999-02-22,10.7983,10.861,10.7983,10.8301,856433.53794483
1999-02-23,10.7983,10.8301,10.7347,10.7347,580450.48696798
1999-02-24,10.7983,10.861,10.7347,10.7665,382831.47351456
1999-02-25,10.7983,10.8301,10.7029,10.7983,847202.14410255
1999-02-26,10.7983,10.9229,10.7983,10.8928,550272.12564258
1999-03-01,10.7983,10.8301,10.7029,10.7029,684764.52010583
1999-03-02,10.5465,10.7665,10.5465,10.7029,82660.544836196
1999-03-03,10.6729,10.7347,10.5791,10.6093,163484.8528242
1999-03-04,10.6729,10.6729,10.5465,10.5465,326491.51896917
1999-03-05,10.5465,10.7983,10.5465,10.7983,205216.20431949
1999-03-08,10.861,10.9229,10.7665,10.7983,371833.17989256
1999-03-09,10.9229,10.9857,10.861,10.8928,328667.26835961
1999-03-10,10.9229,10.9229,10.7029,10.7665,210893.47566849
1999-03-11,10.7983,10.7983,10.6729,10.6729,116424.11078903
1999-03-12,10.7347,10.9229,10.7347,10.9229,143582.72323518
1999-03-15,10.9229,11.0794,10.9229,10.9555,554286.50281461
1999-03-16,10.9857,10.9857,10.7665,10.9229,204446.32376594
1999-03-17,10.9229,11.0183,10.9229,10.9229,212215.66183653
1999-03-18,10.9229,10.9555,10.8928,10.9229,189864.02098322
1999-03-19,10.9857,11.2383,10.9857,11.2056,108712.15511995
1999-03-22,11.0794,11.552,11.0794,11.4256,463971.38471085
1999-03-23,11.4256,11.4256,11.0183,11.0183,552807.71050913
1999-03-24,10.6729,11.0484,10.6729,10.861,683998.22595239
1999-03-25,10.7983,10.9857,10.6729,10.7983,261883.71674013
1999-03-26,10.9857,10.9857,10.6729,10.7029,138761.40604197
1999-03-29,10.6093,10.6729,10.5465,10.6729,259907.61028826
1999-03-30,10.6093,10.7665,10.6093,10.641,149985.6428699
1999-03-31,10.4846,10.7983,10.4846,10.7983,275485.73683047
1999-04-01,10.8301,11.2383,10.8301,11.1438,268995.54812679
1999-04-06,11.3002,11.3956,11.1438,11.3002,826215.7262184
1999-04-07,11.3621,11.6131,11.2383,11.3621,909943.82281595
1999-04-08,11.2383,11.2383,11.0484,11.0484,227141.06356161
1999-04-09,11.3002,11.3002,11.0484,11.1103,101612.27840027
1999-04-12,11.1755,11.1755,10.8928,10.9229,215017.83577674
1999-04-13,11.2383,11.2383,10.9229,11.0484,113464.13524468
1999-04-14,10.9229,11.0183,10.861,10.9857,200761.89540258
1999-04-15,10.8928,10.9555,10.8301,10.9229,155319.81527656
1999-04-16,10.9857,11.1103,10.861,11.0484,128444.52843785
1999-04-19,11.3002,11.3956,11.2692,11.3002,598987.39358784
1999-04-20,11.1103,11.1103,10.9555,10.9555,115680.53050285
1999-04-21,11.0484,11.0794,11.0183,11.0183,58647.205272603
1999-04-22,11.1103,11.1755,11.0183,11.0484,114303.3528667
1999-04-23,11.0484,11.0484,10.9229,10.9857,154099.24377786
1999-04-26,11.1755,11.332,11.0484,11.2692,485965.58102144
1999-04-27,11.3002,11.3002,11.0794,11.0794,144707.65739803
1999-04-28,11.2383,11.2383,10.9857,11.0183,156259.45210122
1999-04-29,11.0484,11.2692,11.0484,11.2692,189552.00417503
1999-04-30,11.2383,11.3002,11.2383,11.2692,115583.6977003
1999-05-04,11.3002,11.3002,11.1755,11.1755,181872.32610679
1999-05-05,11.2383,11.2692,11.2383,11.2383,246376.12273312
1999-05-06,11.3002,11.332,11.2056,11.2056,163359.32882091
1999-05-07,11.3002,11.4256,11.2383,11.2692,155776.48355522
1999-05-10,11.2383,11.2383,11.1438,11.1438,104486.18034237
1999-05-11,11.2692,11.2692,11.1438,11.2383,124376.35526441
1999-05-12,11.3002,11.9903,11.3002,11.6131,1461639.7492959
1999-05-13,11.8021,11.8021,11.6783,11.7393,443710.6151124
1999-05-14,11.7393,11.8021,11.2692,11.332,272397.84634943
1999-05-17,11.332,11.4884,11.332,11.3956,212614.94771368
1999-05-18,11.5211,11.8338,11.5211,11.8338,297610.23901116
1999-05-19,11.8657,12.1149,11.8657,12.0547,469788.52566351
1999-05-20,12.0547,12.8711,12.0547,12.5558,399234.47207841
1999-05-21,12.3977,12.7448,12.3684,12.6503,365913.22880385
1999-05-24,12.5558,12.6812,12.493,12.5558,196111.52994719
1999-05-25,12.2103,12.2103,12.0547,12.1475,259935.10602232
1999-05-26,11.9903,12.2103,11.9903,12.0848,156344.33023678
1999-05-27,12.1785,12.2103,11.9284,12.0221,195342.84486035
1999-05-28,11.9284,11.9284,11.772,11.8021,98096.41084133
1999-05-31,11.8021,11.8021,11.7084,11.7393,76159.596932237
1999-06-01,11.7393,11.9284,11.7393,11.8338,91865.638411128
1999-06-02,11.8657,11.9903,11.8021,11.8657,53295.100865463
1999-06-07,11.8966,11.8966,11.6783,11.7084,112012.83867325
1999-06-08,11.7084,11.7084,11.6131,11.6131,122015.30853577
1999-06-09,11.7084,11.8021,11.7084,11.7084,319050.93424055
1999-06-10,11.9284,12.1149,11.8021,11.8021,171242.2362278
1999-06-11,12.1149,12.3977,12.1149,12.3977,379858.34783653
1999-06-14,12.4311,12.6812,12.3358,12.4311,422226.88308187
1999-06-15,12.4311,12.4612,12.3049,12.3358,400857.91585434
1999-06-16,12.3358,12.3358,12.2429,12.2429,143226.47415915
1999-06-17,12.1149,12.2429,11.9903,12.0221,191286.62635389
1999-06-18,12.0848,12.2103,12.0848,12.1785,151820.68425139
1999-06-21,12.2429,12.2429,12.0547,12.1149,129512.08019921
1999-06-22,12.1475,12.2103,12.0547,12.1149,244584.11815275
1999-06-23,12.1475,12.1785,12.0547,12.0547,358801.39741719
1999-06-24,12.0547,12.1149,11.9903,11.9903,64520.533160089
1999-06-25,12.0547,12.0547,11.9284,11.9602,112196.94054475
1999-06-28,11.9284,11.9284,11.8657,11.8657,85591.829179798
1999-06-29,11.9284,11.9284,11.8021,11.8657,57378.815105979
1999-06-30,12.0547,12.4311,12.0547,12.2739,467413.1333345
1999-07-01,12.5558,13.0895,12.5558,13.0585,623758.65903799
1999-07-02,12.8711,12.964,12.6194,12.8067,343278.2623431
1999-07-05,12.8376,13.0895,12.8067,13.0585,249974.47749423
1999-07-06,13.0267,13.1212,12.9331,12.9331,338468.89981687
1999-07-07,12.9957,13.0585,12.8711,13.0585,362514.51698131
1999-07-08,13.1832,13.8733,13.1832,13.6859,361831.90549673
1999-07-09,13.8105,14.3776,13.8105,14.2823,355414.64026164
1999-07-12,14.3776,14.3776,14.0004,14.0004,566805.43007652
1999-07-13,13.8105,13.8105,13.4985,13.4985,245393.44910732
1999-07-14,13.5604,13.7478,13.5604,13.7478,219782.96603514
1999-07-15,13.7169,13.9359,13.7169,13.7478,155703.56008663
1999-07-16,13.8105,14.0314,13.8105,14.0004,379628.8182305
1999-07-19,14.0004,14.0004,13.8105,13.9359,356241.90321668
1999-07-20,13.8105,14.0004,13.8105,13.9059,134478.04886288
1999-07-21,13.8105,13.8733,13.7478,13.8105,559238.12587791
1999-07-22,13.9359,13.9686,13.8105,13.9359,372032.82283113
1999-07-23,13.9359,14.0623,13.8105,13.8105,85648.016114606
1999-07-26,14.0004,14.0004,13.5604,13.6239,191116.87008276
1999-07-27,13.7169,13.7478,13.6239,13.6859,175807.72354763
1999-07-28,13.8105,13.8105,13.6859,13.6859,179294.89990582
1999-07-29,13.8105,13.8105,13.6859,13.6859,92763.433901359
1999-07-30,13.8105,14.2195,13.8105,14.0949,215744.67952916
1999-08-02,14.0949,14.125,14.0623,14.125,212159.47490172
1999-08-03,14.125,14.125,14.0004,14.0623,107487.99722116
1999-08-04,14.0623,14.0623,14.0004,14.0004,85549.987845366
1999-08-05,14.0623,14.125,14.0623,14.0623,67480.508704444
1999-08-06,14.0623,14.125,14.0623,14.0623,199096.61029221
1999-08-09,14.7532,14.7532,14.4396,14.4713,781284.11037245
1999-08-10,14.6269,14.6269,14.125,14.3776,342227.44711552
1999-08-11,14.4396,14.4396,14.2505,14.2505,359001.04035577
1999-08-12,14.4396,14.5023,14.4396,14.5023,317072.4368553
1999-08-13,14.7532,14.7532,14.565,14.7532,375633.56852564
1999-08-16,14.8787,15.0669,14.8787,15.0669,315707.21388613
1999-08-17,15.0669,15.2559,15.0669,15.1297,236617.52807699
1999-08-18,15.1923,15.5705,15.1923,15.5705,185795.84780978
1999-08-19,15.3814,15.5705,15.3814,15.4751,257245.30595172
1999-08-20,15.4751,15.5705,15.4751,15.5705,223285.68346041
1999-08-23,15.6951,15.9461,15.6951,15.9461,152589.36933823
1999-08-24,16.3233,16.6362,16.3233,16.5107,182381.59492016
1999-08-25,16.6989,16.6989,16.3233,16.3853,193933.38962336
1999-08-26,16.3233,16.4488,16.3233,16.3853,158023.96094754
1999-08-27,16.3233,16.6362,16.3233,16.6053,200607.68019853
1999-08-30,16.5107,16.6989,16.5107,16.5408,51929.877896298
1999-08-31,16.5107,16.5408,16.5107,16.5408,355032.09091827
1999-09-01,16.5107,16.5107,16.5107,16.5107,263547.80638381
1999-09-02,16.5107,16.5107,16.0088,16.0088,106363.0630583
1999-09-03,16.5107,16.5107,16.3233,16.5107,369513.97449836
1999-09-06,16.5107,16.6362,16.5107,16.5751,69173.289548873
1999-09-07,16.5751,16.5751,16.4488,16.5107,170187.83460012
1999-09-08,16.3233,16.3233,15.7587,15.8206,90814.823183549
1999-09-09,15.507,15.6951,15.3814,15.4124,54177.355288619
1999-09-10,15.6951,16.0088,15.6951,15.9779,130538.98609282
1999-09-13,15.507,15.507,14.9406,15.1297,51758.926158478
1999-09-14,15.0669,15.0669,14.6596,14.6596,56127.161473127
1999-09-15,14.5023,14.5332,14.4069,14.5023,178695.97109009
1999-09-16,14.5023,14.5023,14.3776,14.4396,193010.48933247
1999-09-17,14.4396,15.5705,14.4396,15.5705,279198.85639459
1999-09-20,15.1297,15.1297,14.4396,14.4396,42368.535245348
1999-09-21,14.7532,14.7532,14.125,14.125,38515.546077555
1999-09-22,14.4396,14.4396,13.9359,14.0004,85777.126517995
1999-09-23,13.6239,13.7804,13.6239,13.6859,235805.80618902
1999-09-24,13.3102,13.3102,13.0585,13.1212,246518.38327018
1999-09-27,12.9957,12.9957,12.9331,12.9957,182623.07919317
1999-09-28,13.1832,13.1832,13.1212,13.1832,327088.0568515
1999-09-29,13.1832,13.1832,12.8711,12.8711,147240.85133119
1999-09-30,12.8711,12.8711,12.7122,12.8711,108526.85778176
1999-10-01,12.9331,13.1832,12.7448,12.7448,308347.92089297
1999-10-04,14.2195,14.2195,13.6859,13.7478,46283.68868144
1999-10-05,14.125,14.1878,13.8733,14.0623,97656.47909645
1999-10-06,14.0004,14.3776,14.0004,14.3776,67879.79458159
1999-10-07,14.3776,14.4396,14.2505,14.2505,20602.673074076
1999-10-08,14.0623,14.0623,14.0004,14.0623,92877.003237673
1999-10-11,13.8733,14.2505,13.7478,13.8105,44075.661690154
1999-10-12,13.6859,13.8105,13.4349,13.4349,44574.171303238
1999-10-13,13.373,13.6239,13.373,13.6239,71806.902684662
1999-10-14,13.3102,13.7478,13.3102,13.6859,92888.957904653
1999-10-15,13.7478,13.8105,13.5604,13.5604,54293.315558329
1999-10-18,13.6859,14.1568,13.6239,13.6239,55201.870248842
1999-10-19,13.8105,13.8105,13.8105,13.8105,33504.149679358
1999-10-20,14.0004,14.3132,14.0004,14.2195,51345.294680955
1999-10-21,14.3132,14.4396,14.3132,14.4396,62787.106447926
1999-10-22,14.3776,14.4396,14.3776,14.4396,137936.53402032
1999-10-25,14.2823,14.2823,14.2823,14.2823,5945.0558893688
1999-10-26,14.0004,14.0314,14.0004,14.0314,7796.8338046376
1999-10-27,13.9359,13.9359,13.9359,13.9359,86373.664400318
1999-10-28,13.9359,13.9359,13.8733,13.9359,77710.117239599
1999-10-29,14.4396,14.4396,14.2195,14.2505,50166.564516684
1999-11-02,14.3776,14.3776,14.2505,14.2505,106492.17346169
1999-11-03,14.2823,14.4396,14.2505,14.4396,34858.613448241
1999-11-04,14.4713,14.4713,14.3132,14.4396,225218.75311115
1999-11-05,13.9359,13.9359,13.6859,13.8105,123465.4096405
1999-11-08,13.6239,13.6239,13.6239,13.6239,68434.491129482
1999-11-09,13.5278,13.6239,13.5278,13.6239,93872.826997143
1999-11-10,13.6859,13.6859,13.6859,13.6859,51974.110164125
1999-11-15,13.7478,14.1878,13.7478,14.1878,46168.923878428
1999-11-16,14.1878,14.5023,14.1878,14.3776,188143.74440473
1999-11-17,14.4396,14.8152,14.4396,14.5023,101569.24159914
1999-11-18,14.4396,15.0669,14.4396,15.0669,150711.29115561
1999-11-19,15.0995,15.3814,15.0995,15.2861,119351.80873254
1999-11-22,15.7587,15.7587,15.5705,15.5705,72929.445914124
1999-11-23,15.3814,15.3814,15.0669,15.1297,57078.75296477
1999-11-24,15.2242,15.5705,15.2242,15.4434,34387.599569212
1999-11-25,15.6951,15.6951,15.6315,15.6315,111074.39731529
1999-11-26,15.6315,15.8825,15.6315,15.6951,47890.39592361
1999-11-29,15.2559,15.3179,15.1923,15.2559,114885.54514864
1999-11-30,15.1923,15.6315,15.1923,15.507,113861.03018842
1999-12-01,15.1923,15.6315,15.1923,15.5705,292529.50554447
1999-12-02,15.1923,15.3488,15.1923,15.2559,32778.501393646
1999-12-03,15.0995,15.3179,15.0669,15.3179,46082.850276169
1999-12-06,15.3814,15.507,15.3814,15.4434,80970.154925163
1999-12-07,15.6315,16.0088,15.6315,15.8825,103833.45552524
1999-12-08,16.0088,16.5751,16.0088,16.5751,189040.34442826
1999-12-09,16.3853,16.5751,16.2597,16.4488,219913.27190523
1999-12-10,16.5751,16.6989,16.1978,16.2924,321242.22469807
1999-12-13,16.3233,16.6989,16.3233,16.5751,141490.6565136
1999-12-14,16.1978,16.3853,15.9461,15.9461,130763.73383206
1999-12-15,16.0088,16.0088,15.6625,15.726,328924.2936997
1999-12-16,16.0088,16.2597,16.0088,16.2597,55872.527066444
1999-12-17,16.3534,16.5408,16.3534,16.5408,76329.353203359
1999-12-20,16.6989,17.2644,16.6989,16.8252,94070.07900232
1999-12-21,17.0754,17.5153,17.0754,17.3907,139883.94927143
1999-12-22,17.4509,17.7671,17.4509,17.7044,149032.85591155
1999-12-23,17.5781,18.0164,17.5781,17.9545,94243.421673536
1999-12-27,17.9545,18.269,17.7044,17.7671,247728.1955686
1999-12-28,17.5781,17.8926,17.5781,17.7044,82946.261377028
1999-12-29,17.6408,18.269,17.6408,17.829,102168.17041486
2000-01-03,18.269,18.7091,18.0808,18.1419,77510.474301026
2000-01-04,18.0164,18.0164,17.6098,17.7044,139241.98365457
2000-01-05,17.2644,18.8336,17.2644,18.8336,346265.73362151
2000-01-06,18.52,18.8336,18.1419,18.8336,464241.56018461
2000-01-07,18.9608,19.7755,18.9608,19.3999,205614.29472994
2000-01-10,19.8383,21.973,19.8383,20.7501,270933.39964432
2000-01-11,20.4037,21.2194,20.4037,20.6538,312278.61539615
2000-01-12,19.3373,19.7755,19.3373,19.6501,160416.08981032
2000-01-13,19.3999,19.8383,19.3999,19.7755,189096.53136307
2000-01-14,19.4618,19.4929,18.8336,19.3665,142102.73546299
2000-01-17,19.0854,19.2418,19.0227,19.1792,198031.44946425
2000-01-18,19.2737,19.4301,18.8336,18.8336,112852.05629528
2000-01-19,18.8336,18.9273,18.8336,18.8336,157880.50494377
2000-01-20,18.8336,19.0227,18.7717,19.0227,293769.20451034
2000-01-21,19.0227,19.3999,19.0227,19.2737,129539.57593326
2000-01-24,19.4618,19.5865,19.0854,19.5865,189268.6785676
2000-01-25,18.8336,18.8336,18.2063,18.52,140211.5071467
2000-01-26,18.7717,19.0227,18.7091,18.7717,39027.205824318
2000-01-27,18.8336,18.8336,18.52,18.7391,141746.48638698
2000-01-28,18.52,18.7091,18.52,18.7091,63524.709400619
2000-01-31,18.1419,18.1419,17.7671,17.7671,24556.081444505
2000-02-01,18.1419,18.269,17.8926,17.8926,269252.57346687
2000-02-02,17.7044,17.829,17.5781,17.5781,78206.235919287
2000-02-03,17.6098,18.7091,17.6098,18.1109,279027.90465676
2000-02-04,19.2092,19.2092,18.269,18.5835,149360.41378682
2000-02-07,18.3318,18.3936,17.8926,18.3318,326646.92963992
2000-02-08,18.1419,18.3318,18.0498,18.1419,115142.57048873
2000-02-09,17.9545,18.1419,17.138,17.3907,105213.02409478
2000-02-10,17.5781,17.5781,17.2644,17.5153,170828.60475028
2000-02-11,17.8926,17.9545,17.2644,17.9545,233728.08506782
2000-02-14,17.6408,17.6408,17.5153,17.5781,66442.843610542
2000-02-15,17.7044,18.0164,17.5781,18.0164,151850.57091885
2000-02-16,18.3318,18.4874,17.8926,17.8926,163244.56401789
2000-02-17,18.2063,18.4564,18.1745,18.4263,132571.2794795
2000-02-18,18.2063,18.2063,17.829,17.8926,371578.54548588
2000-02-21,17.0444,17.4216,16.9825,17.0118,413250.12364626
2000-02-22,17.0754,18.1745,17.0754,17.9545,170259.56260201
2000-02-23,18.3318,18.6145,18.0164,18.3936,310272.62227682
2000-02-24,18.0808,18.0808,17.5153,17.548,152473.40906852
2000-02-25,17.0754,17.0754,16.5751,16.5751,187261.48998158
2000-02-28,16.0724,16.3233,15.0995,15.726,158622.88976325
2000-02-29,16.2597,16.2597,16.0724,16.1978,204631.62110415
2000-03-01,16.1352,16.1352,15.726,15.9461,57648.990579736
2000-03-02,15.6951,16.3233,15.6951,16.2597,122042.80426983
2000-03-03,16.6362,16.857,16.3233,16.857,30760.553607349
2000-03-06,17.138,17.2644,17.0754,17.0754,48515.625006687
2000-03-07,17.6408,17.6408,17.2644,17.6408,158818.94630173
2000-03-08,17.2644,17.3271,17.2326,17.2326,51047.623473142
2000-03-09,17.2644,18.269,17.2644,18.0808,130108.61808154
2000-03-10,17.7671,17.7671,17.5781,17.5781,156671.88811204
2000-03-13,17.0444,17.0444,16.1978,16.3853,62629.304843784
2000-03-14,16.3233,16.9499,16.3233,16.8871,58775.120209293
2000-03-15,16.3853,16.5751,16.3853,16.4806,49197.041024571
2000-03-16,16.5751,16.5751,15.6951,16.3853,104655.93661349
2000-03-17,16.6989,16.6989,15.6951,16.0088,249932.63615979
2000-03-20,16.228,16.228,15.8524,16.0724,296427.92244679
2000-03-21,16.0724,16.1352,15.8825,16.0088,144124.26964939
2000-03-22,16.0389,16.3233,15.8825,16.1652,307782.4651448
2000-03-23,16.5107,16.9825,16.5107,16.9825,168795.11589691
2000-03-24,17.0754,18.4874,17.0754,18.4564,277746.36435647
2000-03-27,18.5509,18.5509,17.6098,17.8926,223355.02052889
2000-03-28,17.9545,18.3936,17.9545,18.1419,129073.34392103
2000-03-29,17.2644,17.4509,17.138,17.2644,195855.70007382
2000-03-30,17.2644,17.2644,16.9499,17.0754,116780.35986505
2000-03-31,17.2016,17.2016,17.0754,17.138,29108.418630653
2000-04-03,17.5153,18.0164,17.2644,17.7671,300484.14095325
2000-04-04,16.8871,17.3581,16.8871,17.2961,78564.8759287
2000-04-05,17.0754,17.0754,16.8871,16.9499,365929.96533762
2000-04-06,16.9499,17.2644,16.9499,17.2326,211403.93994856
2000-04-07,18.4564,18.4564,17.8926,18.2063,276638.16672738
2000-04-10,18.1419,18.1419,17.7671,17.7981,36122.221748073
2000-04-11,17.5781,18.1745,17.5781,17.6408,56382.991346509
2000-04-12,17.8926,18.0498,17.8926,17.9545,37661.982855152
2000-04-13,17.9545,17.9545,17.829,17.9545,81267.826132976
2000-04-14,18.2063,18.2063,17.8926,17.8926,35610.56200131
2000-04-17,16.919,17.0754,16.3853,17.0754,124376.35526441
2000-04-18,17.2644,17.2644,16.8252,16.9825,72774.035243379
2000-04-19,17.0118,17.0118,16.6362,16.6362,114388.23100227
2000-04-20,16.6989,16.7617,16.6362,16.7617,321554.24150626
2000-04-25,16.6362,16.6362,16.5107,16.5408,482067.16411912
2000-04-26,16.6362,16.8871,16.6362,16.6362,627798.14101068
2000-04-27,16.7617,16.8252,16.4488,16.8252,144235.44805231
2000-04-28,16.9499,16.9825,16.8871,16.9499,151024.50343049
2000-05-04,16.9499,16.9825,16.6989,16.919,354604.11384036
2000-05-05,16.9499,16.9825,16.9499,16.9825,148163.75162207
2000-05-08,16.9499,17.0444,16.9499,16.9499,541038.34086689
2000-05-09,16.9499,17.1071,16.9499,16.9499,101467.62692981
2000-05-10,17.0118,17.2644,17.0118,17.0118,40021.83411709
2000-05-11,17.0754,17.0754,16.919,16.9499,125712.88703282
2000-05-12,16.7617,16.7617,16.1978,16.3233,186778.52143557
2000-05-15,16.0724,16.0724,15.7587,15.9461,206527.63128725
2000-05-16,16.0724,16.9499,15.9461,16.7299,208717.72627805
2000-05-17,16.6679,16.6679,16.0389,16.3853,60978.365333787
2000-05-18,16.3233,16.3233,16.1352,16.1352,176605.09983522
2000-05-19,15.9461,15.9461,15.2861,15.537,170926.63301952
2000-05-22,15.5705,15.5705,15.3179,15.3179,58245.52846206
2000-05-23,15.4434,15.4434,15.1923,15.1923,60623.311724468
2000-05-24,15.0042,15.1297,15.0042,15.1297,88310.320451148
2000-05-25,15.0669,15.1297,14.7532,14.8152,184813.17418398
2000-05-26,14.5023,14.5023,14.0623,14.2505,173958.33656575
2000-05-29,14.3132,14.565,14.3132,14.565,150355.04207959
2000-05-30,14.6269,14.8152,14.6269,14.6905,190306.34366149
2000-05-31,14.8152,15.0669,14.8152,15.0042,155078.33100356
2000-06-01,15.2559,15.4434,15.2559,15.4434,155887.66195814
2000-06-02,15.2559,15.2559,15.0042,15.1606,56952.033494777
2000-06-05,15.2559,15.2559,15.1606,15.1606,60752.422127857
2000-06-06,15.0669,15.0669,14.7532,14.7532,42681.747520236
2000-06-07,14.6269,15.0042,14.6269,15.0042,37546.022585442
2000-06-08,15.0669,15.2559,14.9406,15.0669,113606.39578174
2000-06-09,14.7532,14.9105,14.7532,14.7532,143342.43442886
2000-06-12,14.7532,14.7532,14.6905,14.724,232434.59010054
2000-06-13,14.724,14.724,14.565,14.565,217323.89103727
2000-06-14,16.1352,16.1352,15.2559,15.3814,69430.314888952
2000-06-15,15.3179,15.3814,15.2559,15.3814,31500.547493438
2000-06-16,15.3179,15.3814,15.2242,15.2559,45344.051856778
2000-06-19,15.0669,15.0669,14.8152,14.8152,54105.627286736
2000-06-20,15.0669,15.0669,14.9406,14.9406,241824.98101367
2000-06-21,15.0042,15.0042,14.8787,15.0042,47403.840977506
2000-06-23,15.0042,15.0042,14.8152,14.8152,33804.211820567
2000-06-26,14.9406,14.9406,14.565,14.7532,109550.17727528
2000-06-27,15.0669,15.2559,15.0669,15.2559,66371.11560866
2000-06-28,14.8787,14.8787,14.8787,14.8787,122754.10695517
2000-06-29,14.8787,14.8787,14.6596,14.6596,71974.268022388
2000-06-30,14.724,14.8486,14.6596,14.6905,55272.402784027
2000-07-03,14.6596,14.8486,14.6269,14.6905,100828.05224636
2000-07-04,14.7532,14.8787,14.7532,14.8486,42027.827236406
2000-07-05,15.0042,15.1297,14.7532,15.0995,151309.02450463
2000-07-06,14.8152,14.8152,14.6905,14.6905,191684.71676434
2000-07-07,14.7532,14.9105,14.6905,14.7532,187345.17265044
2000-07-10,14.7532,14.7532,14.6269,14.6269,137351.95080497
2000-07-11,14.7532,14.8787,14.7532,14.7842,260162.24469495
2000-07-12,14.7532,14.8152,14.6905,14.7532,132186.33920273
2000-07-13,14.8152,14.8152,14.7532,14.7532,14596.648383107
2000-07-14,14.9105,14.9406,14.8486,14.8486,12362.321124465
2000-07-17,14.9733,15.0042,14.8486,14.8486,17172.87911739
2000-07-18,15.0995,15.2559,15.0669,15.0669,62928.171518295
2000-07-19,15.0995,15.0995,14.9733,15.0042,56696.203621396
2000-07-20,15.0042,15.0042,14.8152,14.9406,23602.099019467
2000-07-21,15.0042,15.0042,14.8787,15.0042,91382.669865119
2000-07-24,14.8152,14.9406,14.8152,14.8152,98397.668449236
2000-07-25,15.0669,15.0669,14.9105,15.0669,41842.529898209
2000-07-26,15.0669,15.0669,14.9105,14.9406,28540.571949083
2000-07-27,14.6905,14.6905,14.2505,14.4396,179878.28765446
2000-07-28,14.1878,14.1878,13.9359,13.9359,211161.26020886
2000-07-31,13.0585,13.4658,13.0585,13.2132,153983.28350815
2000-08-01,13.373,13.373,13.0895,13.1832,177642.76492912
2000-08-02,13.5604,13.8733,13.5604,13.8105,257517.87235888
2000-08-03,13.8105,13.8733,13.5604,13.5604,257686.4331633
2000-08-04,13.6859,13.6859,13.2476,13.4985,83272.623785594
2000-08-07,13.5604,13.6239,13.5604,13.6239,32792.846994023
2000-08-08,13.6239,13.7169,13.6239,13.6859,60196.530113266
2000-08-09,13.6859,13.6859,13.5604,13.5604,281745.20046142
2000-08-10,13.4985,13.5604,13.4349,13.4985,105667.30144004
2000-08-11,13.4349,13.4349,13.373,13.4032,57621.494845681
2000-08-14,13.4349,13.4349,13.4349,13.4349,186222.62942098
2000-08-16,13.3102,13.3102,13.2476,13.2476,108782.68765514
2000-08-17,13.1832,13.1832,13.1212,13.1832,122297.43867651
2000-08-18,13.1212,13.1212,12.8711,12.8711,72660.465907065
2000-08-21,12.7448,12.7448,12.493,12.5558,188556.18041556
2000-08-22,12.493,12.493,12.3684,12.4311,240955.87672418
2000-08-23,12.3684,12.5558,12.2429,12.3358,188156.89453842
2000-08-24,12.3684,12.8711,12.3684,12.8711,421087.60331864
2000-08-25,12.8711,12.8711,12.7448,12.7448,334458.10904494
2000-08-28,12.8067,12.8067,12.6812,12.7122,130562.89542679
2000-08-29,12.6194,12.6812,12.5558,12.6194,83160.249915978
2000-08-30,12.6194,12.9957,12.6194,12.8067,67437.471903314
2000-08-31,12.9957,13.1212,12.9957,13.0585,50393.703189312
2000-09-01,13.1832,13.1832,12.9012,12.9957,119482.11460263
2000-09-04,12.9957,12.9957,12.9331,12.9331,22764.076864138
2000-09-05,12.8711,12.9012,12.8067,12.8067,33789.866220191
2000-09-06,12.7758,12.7758,12.493,12.493,31898.637903886
2000-09-07,12.7448,12.7448,12.6812,12.7448,12920.604072451
2000-09-08,12.7448,12.7448,12.524,12.5558,84965.404630023
2000-09-11,12.5558,12.5558,12.493,12.5558,387129.17629402
2000-09-12,12.6194,12.8711,12.6194,12.8376,21881.822440982
2000-09-13,12.7758,12.8376,12.7758,12.8067,13871.000097395
2000-09-14,13.0267,13.0267,12.9331,12.964,80142.891970117
2000-09-15,13.2476,13.6859,13.2476,13.6558,194559.81417313
2000-09-18,13.4032,13.4985,13.373,13.373,118230.46096978
2000-09-19,13.373,13.4658,13.1832,13.3102,137834.91935098
2000-09-20,13.6558,13.6558,13.4349,13.5604,98567.424720359
2000-09-21,13.5278,13.5278,13.2132,13.2785,123721.23951389
2000-09-22,12.964,13.3102,12.964,12.9957,80084.314101913
2000-09-25,13.1832,13.3404,13.1832,13.3404,50037.454113296
2000-09-26,13.2132,13.2476,12.9957,12.9957,57336.973771547
2000-09-27,12.9331,13.153,12.9331,13.0895,126554.49558825
2000-09-28,13.0895,13.0895,12.8067,12.8067,212316.08103916
2000-09-29,12.8067,12.8067,12.493,12.5558,741803.82266957
2000-10-02,12.5558,12.7448,12.493,12.493,360422.45025973
2000-10-03,12.5558,12.6812,12.5558,12.6812,55800.799064562
2000-10-04,12.5558,12.5558,12.493,12.5558,38270.475404456
2000-10-05,12.6194,12.6503,12.5558,12.5558,164883.54886091
2000-10-06,12.5558,12.6194,12.4612,12.5558,89417.322613536
2000-10-09,12.3049,12.3684,12.2429,12.2739,103405.47844734
2000-10-10,12.3684,12.3684,12.2429,12.2429,78194.281252307
2000-10-11,12.1785,12.1785,11.8657,12.0547,105438.96730071
2000-10-12,11.9903,12.1785,11.9903,11.9903,36366.096954474
2000-10-13,11.6131,11.8021,11.4256,11.7393,35939.315343272
2000-10-16,12.0547,12.3049,11.7393,12.3049,124844.97821005
2000-10-17,12.2429,12.5875,12.2429,12.5875,64350.776888967
2000-10-18,12.0547,12.1475,11.9284,11.9284,52997.42965765
2000-10-19,12.2739,12.493,12.2739,12.2739,13217.079813565
2000-10-20,12.5558,12.6812,12.3684,12.5558,74636.57235893
2000-10-23,12.5558,12.5558,12.3684,12.3977,94499.251546918
2000-10-24,12.5558,12.5558,12.4311,12.4311,35157.480122752
2000-10-25,12.3049,12.3049,12.2103,12.2103,6417.2652350958
2000-10-26,12.1149,12.1149,11.9284,12.0221,6914.5793814818
2000-10-27,11.9284,12.1475,11.9284,12.0547,25195.656127958
2000-10-30,11.552,11.9284,11.552,11.8021,28013.371135246
2000-10-31,11.6465,11.9284,11.6131,11.7393,51617.861088109
2000-11-02,11.7393,12.1149,11.7393,11.9903,142657.43201089
2000-11-03,12.1149,12.6812,12.1149,12.493,453385.52709967
2000-11-06,12.6812,13.1212,12.6812,13.0585,247057.538751
2000-11-07,12.9957,13.0585,12.8376,12.8376,187531.66545534
2000-11-08,12.9957,13.4349,12.9331,13.4032,159092.70817559
2000-11-09,13.0585,13.1212,12.8376,12.9012,161452.55943752
2000-11-10,13.0585,13.0895,12.8711,12.9331,264302.14587027
2000-11-13,12.8711,12.9957,12.6812,12.9331,278911.94438705
2000-11-14,13.6239,13.6239,13.2476,13.3404,178667.27988934
2000-11-15,13.6859,13.9359,13.5604,13.8105,410830.49904943
2000-11-16,13.6859,13.8105,13.4985,13.4985,177530.39105951
2000-11-17,13.4349,13.5604,13.373,13.4349,31186.139751853
2000-11-20,13.4349,13.8105,13.4349,13.5905,258456.31371684
2000-11-21,13.4985,13.8733,13.4985,13.7478,136056.06490429
2000-11-22,13.6239,13.8733,13.4032,13.8733,66855.279621367
2000-11-23,13.7478,13.8733,13.6239,13.8733,197960.91692907
2000-11-24,13.8733,14.3476,13.8105,14.2823,165293.59393834
2000-11-27,14.3776,14.565,14.0314,14.2823,141848.10105632
2000-11-28,13.9686,14.2505,13.7804,14.2505,105183.13742733
2000-11-29,14.125,14.3776,14.0623,14.1568,90129.82076557
2000-11-30,14.1878,14.1878,13.9686,14.125,72190.647494734
2000-12-01,13.9686,14.0949,13.9359,14.0623,101100.61865351
2000-12-04,13.8105,14.0004,13.5604,13.7804,41075.040278066
2000-12-05,13.4985,13.8105,13.4658,13.7804,32338.569648766
2000-12-06,13.8733,14.0004,13.7478,14.0004,97002.55881262
2000-12-07,13.8105,14.0004,13.8105,13.8733,47974.078592473
2000-12-08,13.8733,13.9059,13.8105,13.8105,51601.124554336
2000-12-11,13.5278,14.125,13.5278,13.9359,80670.092783954
2000-12-12,13.8105,13.9359,13.8105,13.9059,13529.096621755
2000-12-13,13.8733,14.0004,13.7169,14.0004,125755.92383395
2000-12-14,14.125,14.5332,13.6859,14.5332,215714.7928617
2000-12-15,14.1878,15.1297,14.1878,14.7842,237369.47663005
2000-12-18,14.5023,15.0669,14.4396,15.0669,78833.85593576
2000-12-19,14.9733,15.3814,14.9733,15.2559,161564.93330714
2000-12-20,14.9406,15.0669,14.565,14.8152,43208.948334073
2000-12-21,14.4396,14.9406,14.4396,14.8152,43651.271012349
2000-12-22,14.7532,14.9406,14.6269,14.9406,47604.679382778
2000-12-27,14.8152,14.8787,14.6269,14.8486,58033.930856506
2000-12-28,15.0042,15.3179,14.7532,15.3179,35710.981203946
2000-12-29,14.8787,15.2559,14.7532,14.7532,55629.847326742
2001-01-02,14.8152,15.0995,14.0623,14.7842,89261.91194279
2001-01-03,14.8152,14.8152,14.1878,14.6905,16731.751905812
2001-01-04,15.0669,15.2559,15.0042,15.1297,170332.48607059
2001-01-05,15.0995,15.1923,15.0042,15.0669,84354.521147323
2001-01-08,14.7532,14.9406,14.6905,14.6905,75591.750250667
2001-01-09,14.6905,14.9105,14.6905,14.9105,45642.918531289
2001-01-10,14.0314,15.0669,14.0314,15.0042,215957.47260141
2001-01-11,14.6596,14.7532,14.6596,14.7532,52897.010455015
2001-01-12,14.7532,15.0669,14.6905,15.0669,55160.028914411
2001-01-15,15.0995,15.1606,15.0359,15.1606,91665.995472555
2001-01-16,15.0042,15.2242,15.0042,15.1297,52085.288567043
2001-01-17,15.1297,15.3179,15.1297,15.2559,79757.951693347
2001-01-18,15.1923,15.4124,15.1923,15.3814,48301.636467737
2001-01-19,15.3814,16.3233,15.3814,16.0724,120351.2188921
2001-01-22,15.9151,16.2924,15.9151,16.1352,48017.115393603
2001-01-23,16.0088,16.2597,16.0088,16.1978,67296.406832945
2001-01-24,16.1978,16.4488,16.1978,16.3853,98412.014049613
2001-01-25,16.1978,16.6362,16.1978,16.6362,139228.8335209
2001-01-26,16.5751,16.8252,16.4488,16.5107,207136.12383654
2001-01-29,16.1352,16.5751,16.1352,16.4806,73157.780053451
2001-01-30,16.3233,17.2644,16.0389,17.0118,182338.55811904
2001-01-31,17.0754,17.2644,16.9499,16.9499,60366.286384389
2001-02-01,16.9499,17.0754,16.9499,16.9499,367097.93630162
2001-02-02,16.7299,17.2644,16.7299,17.2644,24201.027835186
2001-02-05,16.9499,17.2644,16.6362,16.6362,50777.447999384
2001-02-06,16.6679,16.9499,16.3233,16.857,170699.49434689
2001-02-07,16.6362,16.6989,16.3233,16.5751,127803.7582877
2001-02-08,15.7587,16.3853,15.7587,16.1978,105566.8822374
2001-02-09,16.0724,16.0724,15.726,15.9461,36307.51908627
2001-02-12,15.4434,15.7587,15.4434,15.7587,67680.151643017
2001-02-13,15.5705,15.8206,15.5705,15.6951,14126.829970776
2001-02-14,15.4434,15.4434,14.8152,15.3814,162747.2498715
2001-02-15,15.0669,15.4434,14.9406,15.4434,133041.09789183
2001-02-16,14.8152,15.1606,14.8152,15.0359,58943.681013717
2001-02-19,14.8152,14.9105,14.7532,14.8486,37005.671637927
2001-02-20,14.8152,14.9406,14.8152,14.8787,12675.533399352
2001-02-21,14.3476,14.8787,14.3132,14.565,354632.80504111
2001-02-22,14.565,14.8787,14.4396,14.6269,169321.12124405
2001-02-23,14.565,14.9105,14.565,14.8152,69572.575426019
2001-02-26,14.6905,14.8787,14.6905,14.8152,26391.122826001
2001-02-27,14.8152,14.8152,14.3132,14.3132,36593.235627102
2001-02-28,13.9359,14.0623,13.4985,14.0004,184715.14591475
2001-03-01,13.8105,13.8105,13.3102,13.4349,117048.14440541
2001-03-02,13.1832,13.7478,13.1212,13.7478,188828.74682271
2001-03-05,13.0585,13.8105,13.0585,13.4985,38358.939940112
2001-03-06,13.4032,13.6859,13.373,13.5604,120222.10848871
2001-03-07,13.8105,14.4396,13.7478,14.3132,229986.27430295
2001-03-09,16.3853,16.4488,16.3534,16.3853,886538.97580165
2001-03-12,16.4162,16.4162,16.3853,16.3853,411798.82707484
2001-03-13,16.3853,16.5751,16.3853,16.5751,482350.48972656
2001-03-14,16.4488,16.4806,16.4162,16.4806,1232206.9760741
2001-03-15,16.4806,16.6053,16.4488,16.5408,878528.15345807
2001-03-16,16.5408,16.6053,16.5408,16.6053,803607.06002501
2001-03-19,16.6362,16.8252,16.5408,16.5408,213965.82508246
2001-03-20,16.4806,16.5408,16.4806,16.4806,46424.753751809
2001-03-21,16.4806,16.5107,16.4806,16.4806,34158.069963188
2001-03-22,16.4806,16.4806,16.4488,16.4488,198997.38655627
2001-03-23,16.4806,16.5107,16.4488,16.4806,687554.73937907
2001-03-26,16.4806,16.5107,16.4806,16.4806,138518.72630226
2001-03-27,16.4806,16.5107,16.4806,16.4806,754977.865682
2001-03-28,16.4806,16.5408,16.4806,16.5107,44118.698491284
2001-03-29,16.3853,16.4162,16.3534,16.3853,438403.9384398
2001-03-30,16.3853,16.4162,16.3853,16.3853,26036.069216683
2001-04-02,16.3853,16.4488,16.3853,16.4162,18053.938073848
2001-04-03,16.4162,16.4488,16.4162,16.4488,17300.794054081
2001-04-04,16.4488,16.4806,16.4162,16.4488,205730.25499965
2001-04-05,16.4488,16.4806,16.4488,16.4488,296386.08111236
2001-04-06,16.4488,16.4806,16.4488,16.4488,60752.422127857
2001-04-09,16.4488,16.4806,16.4488,16.4806,64066.255814832
2001-04-10,16.4806,16.4806,16.4806,16.4806,26689.989500512
2001-04-11,16.5107,16.5408,16.5107,16.5107,206111.60887632
2001-04-12,16.5107,16.5751,16.5107,16.5408,17884.181802726
2001-04-17,16.5107,16.5107,16.5107,16.5107,297466.78300739
2001-04-18,16.5408,16.6989,16.5408,16.6053,1056455.4394613
2001-04-19,16.2597,16.3233,16.0088,16.3233,17654.652196702
2001-04-20,16.0088,16.3233,15.3814,16.3233,21966.700576544
2001-04-23,15.9151,16.1033,15.726,16.1033,21669.029368731
2001-04-24,15.8206,16.6362,15.8206,16.6362,67935.981516398
2001-04-25,16.3853,16.9499,16.1652,16.8871,16932.590311084
2001-04-26,16.4488,16.9499,16.4488,16.8871,16405.389497247
2001-04-27,16.6362,16.9499,16.4488,16.9499,122183.8693402
2001-04-30,16.6362,16.9499,16.6362,16.6362,26192.675354126
2001-05-02,16.6362,16.7617,16.6362,16.7617,13671.357158822
2001-05-04,16.6362,16.7934,16.6362,16.7934,8167.428481031
2001-05-07,16.6679,16.7934,16.6679,16.7934,37787.506858447
2001-05-08,16.6989,16.7934,16.6989,16.7617,61333.418943106
2001-05-09,16.6989,16.7934,16.6989,16.7617,42440.263247231
2001-05-10,16.7617,16.8871,16.7617,16.8871,27201.649247275
2001-05-11,16.7934,16.9825,16.7934,16.857,45344.051856778
2001-05-14,16.6362,17.0754,16.6362,16.9499,26662.493766457
2001-05-15,16.6679,17.5781,16.6679,17.548,115543.05183257
2001-05-16,17.3581,17.6098,17.2016,17.5781,54233.542223427
2001-05-17,17.5781,17.6098,17.4509,17.5781,22921.87846828
2001-05-18,17.5781,17.6408,17.5781,17.5781,19578.158113853
2001-05-21,17.5781,17.7044,17.5781,17.5781,17884.181802726
2001-05-22,17.5781,17.8608,17.5781,17.6098,16573.950301671
2001-05-23,17.5781,17.8926,17.5781,17.8926,37445.603382807
2001-05-24,17.5781,17.5781,16.9499,17.5153,69927.629035338
2001-05-25,17.0118,17.2644,16.9825,17.2644,46581.359889253
2001-05-28,16.9499,17.138,16.8252,16.9499,57222.208968535
2001-05-29,16.8871,17.2016,16.5107,17.2016,48814.491681197
2001-05-30,16.7617,17.2644,16.5751,17.2644,19193.217837083
2001-05-31,16.7617,17.3907,16.7617,17.2961,27303.263916608
2001-06-01,17.2961,17.4216,16.9499,16.9499,238807.6230678
2001-06-04,16.9825,16.9825,16.5408,16.5408,7156.0636544865
2001-06-05,16.4806,16.4806,16.0724,16.3233,8508.1364899733
2001-06-06,16.3233,16.8871,16.1652,16.8871,143499.04056631
2001-06-07,16.6362,16.6362,16.1978,16.3233,6315.6505657621
2001-06-08,15.8825,16.1978,15.6951,16.1978,43365.554471516
2001-06-11,15.7587,16.0724,15.7587,16.0724,43263.939802183
2001-06-12,15.7896,16.1978,15.7896,16.0724,76844.599350216
2001-06-13,15.8206,16.1033,15.7896,15.9151,69486.50182376
2001-06-15,15.7587,16.0724,15.4124,16.0724,65347.796115135
2001-06-18,15.8825,16.3233,15.8825,16.3233,745901.88251046
2001-06-19,15.8825,16.6362,15.8825,16.6362,7680.8735349275
2001-06-20,16.1978,16.9499,16.0088,16.9499,310243.93107607
2001-06-21,16.3853,16.9825,16.3853,16.9825,94768.231553977
2001-06-22,16.9499,16.9499,16.5107,16.6679,320160.32733635
2001-06-25,16.4806,16.9499,16.3853,16.4488,10173.421600347
2001-06-26,16.4162,16.8871,16.4162,16.8871,4740.0254577412
2001-06-27,16.6679,16.8871,16.6679,16.8871,7752.60153681
2001-06-28,16.6679,16.8871,16.6679,16.8871,7099.8767196785
2001-06-29,16.6989,16.9499,16.6989,16.9499,57891.670319439
2001-07-02,16.9499,16.9499,16.3534,16.5751,6885.8881807287
2001-07-03,16.3233,16.9499,16.0088,16.8871,169960.69592749
2001-07-04,16.4488,16.8871,16.3534,16.8871,9518.3058498198
2001-07-05,16.4806,16.9499,16.4806,16.9499,83414.884322661
2001-07-06,16.9499,16.9499,16.5107,16.919,44517.98436843
2001-07-09,16.6053,16.9499,16.5408,16.9499,25523.214003222
2001-07-10,16.6053,16.919,16.6053,16.919,12150.723518911
2001-07-11,16.6679,16.8252,16.5751,16.7617,46351.830283228
2001-07-12,16.5751,16.8252,16.5751,16.8252,116195.7766497
2001-07-13,16.5751,16.8252,16.5751,16.8252,17086.805515131
2001-07-16,16.5751,17.0118,16.5751,16.9499,183634.44401972
2001-07-17,16.6679,16.857,16.5408,16.5408,14027.606234839
2001-07-18,16.3233,16.5751,15.8524,16.4162,14325.277442651
2001-07-19,16.1033,16.5408,16.1033,16.3233,53879.684080806
2001-07-20,16.0389,16.4488,15.9779,16.1978,19319.937307076
2001-07-23,16.0389,16.2597,15.8825,15.8825,33392.97127644
2001-07-24,15.5705,16.0724,15.5705,16.0724,8893.0767667432
2001-07-25,15.726,15.8524,15.726,15.726,8848.8444989156
2001-07-26,15.5705,15.8524,15.2559,15.8524,13017.436874992
2001-07-27,15.1297,16.2924,15.1297,16.2924,12192.564853342
2001-07-30,16.0088,16.3853,15.8825,15.9461,26633.802565704
2001-07-31,15.5705,16.1978,15.2559,16.0088,9844.6682583856
2001-08-01,15.7587,16.8252,15.6951,16.0088,11174298.59755
2001-08-02,16.3233,16.7299,16.0088,16.3233,8492.5954228988
2001-08-03,16.228,16.8252,16.0088,16.8252,10797.455216726
2001-08-06,16.2597,16.8252,16.2597,16.8252,47078.674035639
2001-08-07,16.5751,16.8252,16.4488,16.6362,18566.793287309
2001-08-08,16.5107,17.138,16.5107,17.138,24810.715851188
2001-08-09,16.6053,17.1071,16.6053,17.1071,5323.4132063863
2001-08-10,16.6362,17.138,16.6362,17.0444,27856.764997802
2001-08-13,16.7299,17.8926,16.7299,17.138,20174.695996177
2001-08-14,17.138,17.7671,17.138,17.3581,32167.617910946
2001-08-16,17.2644,17.2644,16.6362,17.2016,7996.4767432109
2001-08-17,16.9499,17.2016,16.9499,17.2016,9844.6682583856
2001-08-20,16.9499,17.2016,16.5751,16.6679,39310.531431754
2001-08-21,16.4488,16.5751,16.1033,16.1978,29920.140518625
2001-08-22,16.1978,16.1978,15.7587,16.1352,69245.017550755
2001-08-23,15.8206,16.1978,15.8206,16.1978,7953.4399420813
2001-08-24,15.9461,16.1352,15.8825,16.1352,11024.593889354
2001-08-27,15.8825,16.0088,15.7587,16.0088,20203.38719693
2001-08-28,15.7896,15.7896,15.5705,15.5705,50051.799713672
2001-08-29,15.4434,15.9461,14.9406,15.9461,323076.07061287
2001-08-30,15.9461,16.1033,15.4751,15.5705,11921.193912887
2001-08-31,15.3814,15.6951,15.0042,15.3179,43437.282473399
2001-09-03,15.0359,15.6951,14.9406,15.3814,221521.1746141
2001-09-04,15.1923,15.5998,15.0359,15.0359,56751.195089506
2001-09-05,14.9406,15.4434,14.7532,15.4434,22749.731263762
2001-09-06,15.1923,15.5998,15.1923,15.3488,25952.386547819
2001-09-07,15.2559,15.5998,15.2559,15.3179,35810.204939884
2001-09-10,15.3179,15.507,15.0669,15.3179,6173.390028695
2001-09-11,15.0669,15.4434,15.0669,15.1923,8735.2751626015
2001-09-12,14.1568,15.1923,14.125,15.1923,20628.973341433
2001-09-13,15.0669,15.3814,15.0669,15.2559,4099.2553075901
2001-09-14,15.1923,15.4434,15.1923,15.2559,31883.096836812
2001-09-17,15.0995,15.2559,14.5332,15.2559,17101.151115508
2001-09-18,14.8787,15.2559,14.8787,15.1297,12306.134189657
2001-09-19,14.8787,15.1923,14.7532,15.1297,29339.143703376
2001-09-20,14.9105,15.1606,14.8787,15.1606,11139.358692366
2001-09-21,14.9105,15.1923,14.8787,15.1923,9092.7197053165
2001-09-24,15.0669,15.4124,14.9406,15.4124,15720.387079268
2001-09-25,15.1297,15.4124,15.0669,15.4124,18096.974874978
2001-09-26,15.1923,15.4434,15.0995,15.4434,86246.944930326
2001-09-27,15.1923,15.4434,15.1923,15.4434,9232.5893089875
2001-09-28,15.2861,15.507,15.2559,15.507,23219.549676093
2001-10-01,15.2559,15.507,15.2559,15.507,10086.15253139
2001-10-02,15.3179,15.3814,15.1297,15.3814,102991.84696982
2001-10-03,15.1606,15.4751,15.1297,15.1923,11639.063772148
2001-10-04,14.9406,15.4434,14.9406,15.0359,1593.5571084916
2001-10-05,15.0359,15.0359,14.8152,14.8152,18140.011676107
2001-10-08,14.0623,15.0669,14.0623,14.4396,87896.688973625
2001-10-09,14.0004,14.5332,14.0004,14.4396,50764.297865706
2001-10-10,14.2505,15.3179,14.2505,15.3179,93473.541119997
2001-10-11,15.3179,15.6951,15.1297,15.3814,44532.329968807
2001-10-12,15.3814,15.5705,15.0669,15.5705,14255.940374165
2001-10-15,15.1297,15.6625,15.1297,15.6625,13061.66914282
2001-10-16,15.4434,16.3233,15.3814,16.2597,46765.461760751
2001-10-17,16.3233,16.8871,16.1352,16.8871,22165.148048419
2001-10-18,16.3233,16.8871,16.3233,16.8871,31782.677634176
2001-10-19,16.5107,16.9499,16.3233,16.9499,45369.156657437
2001-10-22,16.4488,17.0754,16.4488,17.0754,47791.172187672
2001-10-23,17.1071,17.5781,16.6362,17.2644,132700.38988289
2001-10-24,16.8871,17.3907,16.857,17.3581,107346.93215079
2001-10-25,17.2644,17.5781,17.2644,17.548,96175.295857574
2001-10-26,17.1071,17.548,16.9825,17.548,242109.5020878
2001-10-29,17.4509,17.7044,16.9825,17.0118,178840.62256057
2001-10-30,16.7617,16.857,16.4488,16.5107,67437.471903314
2001-10-31,16.6362,17.2016,16.5107,17.2016,20972.072283772
2001-11-02,16.9499,17.2016,16.6362,17.138,249150.80093928
2001-11-05,16.8252,17.2961,16.7617,17.138,112779.1328267
2001-11-06,17.0118,17.2644,16.8871,17.138,25921.30441367
2001-11-07,16.7934,17.138,16.7934,17.138,23446.688348721
2001-11-08,16.9499,17.2644,16.8871,17.2644,167740.71426923
2001-11-09,16.9825,17.2644,16.9825,17.2644,13175.238479134
2001-11-12,17.0444,17.3271,17.0118,17.3271,15593.667609275
2001-11-13,17.0444,17.9545,17.0444,17.9545,83900.243802067
2001-11-14,18.2063,18.9608,17.6734,18.9608,48002.769793226
2001-11-15,18.5835,18.8336,18.3936,18.8336,26591.961231273
2001-11-16,18.269,18.8336,18.269,18.8336,18780.781826258
2001-11-19,18.7091,18.8336,18.6145,18.8336,8722.1250289231
2001-11-20,18.52,18.8027,18.3936,18.8027,8410.1082207338
2001-11-21,18.6145,18.7717,18.6145,18.7717,12064.649916652
2001-11-22,18.6446,18.8027,18.269,18.269,47719.44418579
2001-11-23,18.5835,18.6446,17.9871,18.3936,17257.757252951
2001-11-26,18.269,18.8336,18.0164,18.8336,12320.479790033
2001-11-27,18.5835,18.9608,18.5835,18.8336,35014.024118987
2001-11-28,18.6145,18.9608,18.6145,18.9608,33434.812610872
2001-11-29,18.6772,18.9608,18.6446,18.9608,16461.576432055
2001-11-30,18.7391,18.8972,18.7391,18.8336,27119.16204511
2001-12-03,18.4564,19.2092,18.4564,19.2092,19604.45838121
2001-12-04,19.0227,19.4618,18.9273,19.2092,17884.181802726
2001-12-05,19.4618,19.7755,19.0854,19.2737,16689.910571381
2001-12-06,19.1482,19.2737,19.0854,19.2737,11423.879766501
2001-12-07,19.0854,19.2737,19.0537,19.2737,8237.9610162156
2001-12-10,18.9608,19.2737,18.9608,19.2737,12634.887531618
2001-12-11,18.9608,19.4301,18.9608,19.3999,11680.90510658
2001-12-12,19.1792,19.3999,19.0854,19.3999,10130.384799218
2001-12-13,19.0854,19.2092,19.0227,19.0854,27642.776458853
2001-12-14,18.8972,19.2737,18.8972,19.2737,27089.275377659
2001-12-17,19.0227,19.3373,19.0227,19.2092,17300.794054081
2001-12-18,19.0227,19.3999,19.0227,19.3999,10229.608535156
2001-12-19,19.1482,19.5865,19.0854,19.5865,13560.178755904
2001-12-20,19.2737,19.6501,19.2737,19.6501,14325.277442651
2001-12-21,19.3999,19.7119,19.3999,19.7119,10756.809348993
2001-12-27,19.4929,19.7755,19.4929,19.7755,10983.948021621
2001-12-28,19.5246,19.963,19.5246,19.963,13943.923565976
2001-12-31,19.7438,20.0273,19.7438,20.0273,17300.794054081
2002-01-02,19.7755,20.2147,19.7755,20.2147,8976.7594356063
2002-01-03,20.2147,20.7174,20.0892,20.7174,5023.3510651775
2002-01-04,20.4657,21.6276,20.4657,21.0955,41300.983483996
2002-01-07,21.2194,21.5965,20.8119,21.1558,7454.9303289973
2002-01-08,21.1558,21.3439,20.0892,21.1558,106720.50760101
2002-01-09,20.7174,21.282,20.6538,21.282,8821.3487648607
2002-01-10,21.0311,21.1558,20.7793,21.1558,10840.492017856
2002-01-11,20.2465,21.0311,20.2465,20.8747,19761.064518654
2002-01-14,20.6538,21.0311,20.3092,20.9065,11596.026971019
2002-01-15,20.341,21.0311,20.341,21.0311,11878.157111757
2002-01-16,20.7793,20.9675,20.7174,20.9675,36507.162024843
2002-01-17,20.7501,21.0311,20.6237,20.7793,75291.688109458
2002-01-18,20.5292,20.8421,20.2465,20.8421,33292.552073805
2002-01-21,20.341,20.8421,20.341,20.8421,10386.214672599
2002-01-22,20.4657,20.8421,20.4657,20.7793,25796.975877074
2002-01-23,20.5292,21.0311,20.5292,20.9065,15608.013209652
2002-01-24,20.4974,21.1558,20.4974,21.1558,15790.919614452
2002-01-25,20.7793,21.1558,20.7174,21.1558,6728.086576587
2002-01-28,20.7174,21.1558,20.7174,21.1558,8763.9663633546
2002-01-29,20.7174,21.282,20.7174,21.282,22337.295252937
2002-01-30,20.8421,21.3439,20.8421,21.282,14894.31959092
2002-01-31,20.9675,21.6585,20.9675,21.6585,18809.473027011
2002-02-01,21.4385,21.9112,21.4385,21.4703,10255.908802512
2002-02-04,21.0955,21.3439,21.0311,21.3439,4964.7731969733
2002-02-05,20.9675,21.3439,20.8421,21.0955,8535.6322240283
2002-02-06,20.8119,21.0955,20.8119,21.0621,9590.0338517024
2002-02-07,20.7793,21.0002,20.7793,20.9358,6074.1662927574
2002-02-08,20.6237,20.9065,20.5912,20.7174,6260.6590976522
2002-02-11,20.4356,20.7174,20.2465,20.4974,10584.662144474
2002-02-12,20.4974,20.5292,20.1211,20.5292,7680.8735349275
2002-02-13,20.4037,20.8421,20.2775,20.8421,6471.0612365078
2002-02-14,20.4657,20.7174,20.4657,20.7174,5762.1494845681
2002-02-15,20.4974,20.7174,20.4356,20.7174,4139.9011753235
2002-02-18,20.5602,20.5602,20.2775,20.4657,12336.020857108
2002-02-19,20.2147,20.2147,19.7438,20.2147,84908.022228517
2002-02-20,19.932,20.5292,19.7755,20.4657,29207.642366591
2002-02-21,20.2147,20.6538,20.2147,20.6538,5349.7134737432
2002-02-22,20.6538,20.7174,20.4974,20.7174,5562.5065459949
2002-02-25,20.7174,20.9065,20.4657,20.5292,5933.1012223883
2002-02-26,20.4974,20.5912,20.2465,20.5912,15194.381732129
2002-02-27,20.2465,20.5912,20.2465,20.5912,28526.226348706
2002-02-28,20.3092,20.6538,20.2465,20.6538,17411.972456999
2002-03-01,20.3728,21.0311,20.3728,21.0311,9146.5157067284
2002-03-04,21.0955,21.2194,20.7501,21.2194,12377.862191539
2002-03-05,21.0621,21.3439,21.0311,21.3439,7184.7548552395
2002-03-06,21.3439,21.3439,21.0955,21.3439,6559.525772163
2002-03-07,21.2194,21.3439,21.2194,21.3439,5789.6452186231
2002-03-08,21.1558,21.4703,21.1558,21.3439,11823.165643647
2002-03-11,21.1884,21.2194,21.1558,21.2194,8038.3180776424
2002-03-12,21.0311,21.0955,20.9065,21.0955,7738.2559364335
2002-03-13,20.7793,21.3122,20.7793,20.9675,10430.446940427
2002-03-14,20.9065,21.282,20.9065,21.2194,3671.2782296906
2002-03-15,20.9065,21.4703,20.9065,21.4703,10600.203211549
2002-03-18,21.0311,21.3439,21.0311,21.3439,7071.1855189254
2002-03-19,21.0621,21.7848,21.0311,21.7848,16502.222299788
2002-03-20,21.533,21.7848,21.533,21.7848,7071.1855189254
2002-03-21,21.5965,21.7848,21.3439,21.7848,10613.353345227
2002-03-22,21.6276,22.1621,21.5965,22.1621,15720.387079268
2002-03-25,21.8785,22.602,21.8157,22.1621,6502.1433706569
2002-03-26,21.9112,22.2875,21.9112,22.2875,8777.1164970331
2002-03-27,22.1621,22.5075,22.1302,22.5075,13629.51582439
2002-03-28,22.3486,22.602,22.3486,22.5686,24471.203308944
2002-04-02,22.3486,22.602,22.3486,22.602,6772.3188444146
2002-04-03,22.3486,22.602,22.3486,22.602,4395.7310487048
2002-04-04,22.4758,22.602,22.4758,22.602,6688.6361755516
2002-04-05,22.5385,22.8212,22.5385,22.7568,13486.059820625
2002-04-08,22.7259,22.7568,22.5686,22.7568,4609.7195876545
2002-04-09,22.6314,22.8522,22.602,22.694,12320.479790033
2002-04-10,22.6314,22.7878,22.6314,22.7259,5178.7617359231
2002-04-11,22.694,22.7568,22.694,22.7568,6102.8574935105
2002-04-12,22.7259,22.8831,22.7259,22.8831,4269.0115787122
2002-04-15,22.6639,23.6995,22.6639,23.6995,8620.5103595894
2002-04-16,23.6058,24.0442,23.5422,24.0442,10756.809348993
2002-04-17,23.6995,25.1123,23.6995,24.3587,7711.9556690766
2002-04-18,24.2006,24.9869,24.2006,24.6105,3558.9043600746
2002-04-19,24.6105,25.1123,23.9195,24.4825,15350.987869573
2002-04-22,24.0442,24.6105,24.0442,24.2634,6161.4353617146
2002-04-23,24.014,24.2634,23.9806,24.1696,46380.521483981
2002-04-24,24.0768,24.1696,23.9195,24.1696,5520.6652115634
2002-04-25,24.3587,24.4215,24.014,24.3587,27915.342866006
2002-04-26,24.1069,24.3587,24.014,24.1387,20958.922150093
2002-04-29,24.0442,24.1387,23.8242,24.0442,18993.57489851
2002-04-30,23.8242,24.1696,23.6995,24.1696,7144.1089875061
2002-05-02,23.9195,23.9195,23.6995,23.8559,9075.9831715439
2002-05-06,23.6677,24.0442,23.4477,24.0442,5006.6145314049
2002-05-07,23.6677,24.0442,23.6058,24.0442,10086.15253139
2002-05-08,23.7305,24.1696,23.7305,24.1696,9603.1839853809
2002-05-09,24.1696,24.2951,23.8559,24.2951,6016.7838912513
2002-05-10,24.014,24.2634,23.9514,24.2634,7184.7548552395
2002-05-13,23.9514,24.4215,23.9514,24.4215,8137.54181358
2002-05-14,24.1696,24.3587,24.1387,24.1696,25511.259336242
2002-05-15,24.0442,24.2951,23.8242,24.1696,19648.690649038
2002-05-16,23.8886,24.2634,23.8886,24.1696,28171.172739388
2002-05-17,25.1433,25.1433,24.1069,24.4825,53407.474735079
2002-05-20,24.234,24.546,24.1696,24.4825,14826.177989132
2002-05-21,24.3269,24.6105,24.3269,24.4825,62900.67578424
2002-05-22,24.2951,24.4215,24.234,24.4215,6016.7838912513
2002-05-23,24.1696,24.4215,24.1696,24.4215,3260.0376855638
2002-05-24,24.3587,24.4215,24.234,24.3888,5592.393213446
2002-05-27,24.1387,24.4532,24.0442,24.4215,4339.5441138968
2002-05-28,24.1696,24.3587,24.1069,24.3587,7769.3380705827
2002-05-29,24.1696,24.4215,23.9514,24.4215,17926.023137158
2002-05-31,24.1069,24.4825,24.0442,24.4825,11567.335770266
2002-06-03,24.1696,24.4215,24.1696,24.4215,4651.560922086
2002-06-04,24.234,24.736,24.234,24.736,5178.7617359231
2002-06-05,24.4825,24.736,24.4825,24.736,5762.1494845681
2002-06-06,24.5151,24.7986,24.5151,24.7986,214606.59523262
2002-06-07,24.546,24.7986,24.4215,24.7986,9617.5295857574
2002-06-10,24.5151,24.7986,24.5151,24.7986,9275.6261101171
2002-06-11,24.5787,24.6724,24.5787,24.6724,7696.414602002
2002-06-12,24.3587,24.7986,24.3587,24.7986,13586.479023261
2002-06-13,24.4825,24.7986,24.2951,24.736,15678.545744836
2002-06-14,24.546,25.017,24.546,24.736,6871.5425803522
2002-06-17,24.5787,24.736,24.546,24.736,5933.1012223883
2002-06-18,24.546,24.6405,24.546,24.546,4651.560922086
2002-06-19,24.3587,24.736,24.3587,24.736,5789.6452186231
2002-06-20,24.5151,25.0806,24.4532,25.0806,23548.303018055
2002-06-21,24.736,24.9869,24.6405,24.9869,12634.887531618
2002-06-24,24.7033,24.9233,24.7033,24.9233,8620.5103595894
2002-06-25,24.7033,24.9869,24.6724,24.9869,5762.1494845681
2002-06-26,24.7033,25.017,24.7033,25.017,11508.757902062
2002-06-27,24.736,25.017,24.736,24.8907,12505.77712823
2002-06-28,24.736,24.8907,23.9195,23.9195,19720.41865092
2002-07-01,24.0768,24.6724,24.0768,24.6724,2548.7350002281
2002-07-02,24.2951,24.4215,23.3541,24.1696,19219.51810444
2002-07-03,23.8559,24.546,23.8559,24.546,2433.9701972159
2002-07-04,24.3269,24.6105,24.2951,24.6105,5619.888947501
2002-07-05,24.3269,24.4825,24.1387,24.3587,5647.384681556
2002-07-08,24.1069,24.3587,24.1069,24.3587,2632.4176690911
2002-07-09,24.1696,24.4825,24.1069,24.4825,4382.5809150263
2002-07-10,24.234,24.2634,23.8559,23.8559,11211.086694249
2002-07-11,23.4796,23.8559,23.2596,23.8559,3770.5019656282
2002-07-12,23.8886,24.2006,23.6368,24.1069,3841.0345008128
2002-07-15,23.3858,23.8559,23.3858,23.8559,8067.0092783954
2002-07-16,23.4796,23.7305,23.4796,23.7305,3185.9187502851
2002-07-17,23.5749,24.014,23.5749,24.014,2987.4712784099
2002-07-18,23.6677,23.8559,23.6677,23.7305,1833.8459147982
2002-07-19,23.2905,23.4477,22.9132,22.9132,24768.874516757
2002-07-22,21.7848,22.9132,21.7848,22.9132,5448.9372096808
2002-07-23,22.9132,23.7305,22.5385,23.7305,7086.726586
2002-07-24,23.1031,23.8559,23.1031,23.1031,30874.122943663
2002-07-25,22.9132,23.6677,22.602,22.602,20827.420813308
2002-07-26,22.3803,23.416,22.3486,23.416,2505.6981990985
2002-07-29,23.0404,23.5422,23.0086,23.5422,6701.7863092301
2002-07-30,23.2286,23.5422,23.1651,23.5422,5065.192399609
2002-07-31,23.2905,23.8559,23.2905,23.8559,10386.214672599
2002-08-01,23.8559,24.1696,23.8559,24.1069,18253.581012421
2002-08-02,23.7924,24.1696,23.7924,24.1696,11410.729632822
2002-08-05,24.1696,24.1696,23.2596,23.2905,9049.6829041869
2002-08-06,22.8522,23.4796,22.7259,23.2286,38257.325270778
2002-08-07,23.2286,23.416,23.2286,23.2286,2916.9387432254
2002-08-08,23.2905,23.324,23.2286,23.2286,1833.8459147982
2002-08-09,23.2286,23.4796,22.9132,23.4796,2973.1256780334
2002-08-12,23.1651,23.2286,23.1031,23.2286,1876.8827159278
2002-08-13,22.9768,23.5422,22.9467,23.5422,2176.9448571366
2002-08-14,23.0713,23.6058,23.0713,23.6058,2306.0552605253
2002-08-16,23.3541,23.7305,23.2596,23.7305,6814.1601788461
2002-08-19,23.5422,23.7924,23.4796,23.7924,5037.696665554
2002-08-20,23.6058,23.7924,23.4796,23.7924,10600.203211549
2002-08-21,23.6058,23.8559,23.5422,23.8559,22805.91819857
2002-08-22,23.6368,24.1069,23.6368,23.8559,2530.8029997574
2002-08-23,23.6368,24.1069,23.6368,24.1069,6585.8260395199
2002-08-26,23.7623,24.1696,23.7623,24.1696,2875.0974087939
2002-08-27,23.9806,24.1696,23.6677,24.1696,18367.150348735
2002-08-28,23.8559,24.1696,23.8242,24.1696,3200.2643506616
2002-08-29,23.8886,24.1696,23.8559,24.1696,4838.0537269808
2002-08-30,23.9806,24.4825,23.9806,24.4825,7269.6329908006
2002-09-02,24.2951,24.4215,24.1069,24.3587,6173.390028695
2002-09-03,24.1069,24.1696,24.014,24.1069,9673.7165205654
2002-09-04,23.9195,24.2951,23.8559,24.0442,4027.5273057075
2002-09-05,23.9195,24.1069,23.8886,24.1069,4624.065188031
2002-09-06,23.8559,24.1696,23.8559,24.1069,5662.9257486306
2002-09-09,23.9195,24.234,23.9195,24.1069,2163.7947234582
2002-09-10,23.9514,24.4215,23.9514,24.4215,4027.5273057075
2002-09-11,24.234,24.234,24.0768,24.1696,11994.117381467
2002-09-12,24.014,24.1387,23.7924,24.1069,2675.4544702206
2002-09-13,23.8559,24.1069,23.8559,24.0768,2789.0238065347
2002-09-16,23.8559,24.4215,23.8559,24.1696,4467.4590505874
2002-09-17,23.9806,24.4532,23.9806,24.4532,3671.2782296906
2002-09-18,24.0442,24.4215,24.0442,24.1069,12350.366457484
2002-09-19,23.9195,24.0442,23.6677,23.9806,3116.5816817986
2002-09-20,23.8559,24.1696,23.7623,24.1696,10542.820810043
2002-09-23,23.8886,24.3587,23.8559,24.0442,4339.5441138968
2002-09-24,23.8559,23.9806,23.8242,23.9806,1921.1149837554
2002-09-25,23.7924,24.0442,23.7623,24.0442,8393.3716869612
2002-09-26,23.8242,24.0442,23.8242,24.0442,3515.867558945
2002-09-27,23.8242,24.0442,23.8242,23.9806,4740.0254577412
2002-09-30,23.6677,23.8559,23.6368,23.8559,4011.9862386329
2002-10-01,23.7305,23.8559,23.6995,23.8559,3315.0291536737
2002-10-02,23.9806,23.9806,23.7623,23.8559,4567.878253223
2002-10-03,23.7305,23.9806,23.3858,23.9806,4425.6177161559
2002-10-04,23.7305,23.8559,23.6677,23.8559,10156.685066575
2002-10-07,23.8559,23.8559,23.6058,23.6058,3470.4398244194
2002-10-08,23.5422,23.6058,23.416,23.6058,5207.4529366761
2002-10-09,23.4477,24.0442,23.3858,24.0442,5647.384681556
2002-10-10,23.6058,23.9806,23.6058,23.8559,3558.9043600746
2002-10-11,23.6058,24.1387,23.6058,23.8559,6585.8260395199
2002-10-14,23.7623,23.8559,23.7623,23.8559,4780.6713254747
2002-10-15,23.7623,24.1069,23.7623,24.0442,5576.8521463715
2002-10-16,23.8242,24.0442,23.8242,24.0442,5478.8238771319
2002-10-17,23.8886,24.0442,23.8559,23.9806,9176.4023741795
2002-10-18,23.9195,24.0442,23.7623,24.0442,5392.7502748728
2002-10-21,23.8886,23.9806,23.8242,23.9195,5520.6652115634
2002-10-22,23.7623,24.1696,23.6995,24.0442,14967.243059501
2002-10-23,23.8559,23.9806,23.7924,23.9806,8123.1962132034
2002-10-24,23.7623,24.0442,23.7305,24.0442,7144.1089875061
2002-10-25,23.8242,24.2951,23.7924,24.2951,8808.1986311822
2002-10-28,24.0442,24.2951,24.014,24.2951,15037.775594685
2002-10-29,23.9806,24.4825,23.9806,24.4825,17784.958066788
2002-10-30,24.2006,24.9233,24.2006,24.8606,19619.999448285
2002-10-31,24.7986,24.7986,24.1696,24.1696,35254.312925293
2002-11-04,24.1696,24.234,23.6995,24.0442,221121.88873695
2002-11-05,23.8559,24.0442,23.7623,24.0442,6728.086576587
2002-11-06,23.8886,24.1696,23.6995,23.9806,7569.6951320094
2002-11-07,23.7623,23.9806,23.6995,23.9806,7385.5932605108
2002-11-08,23.8559,23.9195,23.7305,23.8559,46552.6686885
2002-11-12,23.8242,23.8559,23.6368,23.8559,4751.9801247217
2002-11-13,23.6995,23.8559,23.6368,23.8559,5690.4214826856
2002-11-14,23.7305,23.8559,23.7305,23.8559,5207.4529366761
2002-11-15,23.7305,23.8559,23.6677,23.8559,3372.4115551798
2002-11-18,23.7305,23.8559,23.6368,23.8559,7014.9985841174
2002-11-19,23.6677,23.9195,23.6677,23.8886,293029.21062425
2002-11-20,23.7305,24.4532,23.7305,24.2951,1919277.5514405
2002-11-21,24.1696,24.7986,24.0442,24.4825,283965.18211969
2002-11-22,24.234,24.7986,24.1696,24.7986,13684.5072925
2002-11-25,24.3587,24.8606,24.2951,24.4825,23318.77341203
2002-11-26,24.2951,24.4825,24.2634,24.4825,11794.474442894
2002-11-27,24.2951,24.4825,24.0442,24.1696,12248.75178815
2002-11-28,24.234,24.234,24.014,24.234,4410.0766490813
2002-11-29,24.1069,24.3587,24.0768,24.3587,4224.7793108846
2002-12-02,24.1696,24.4825,24.1069,24.4825,5435.7870760024
2002-12-03,24.2951,24.4532,24.1696,24.4532,6602.5625732925
2002-12-04,24.1696,24.4215,24.1387,24.234,7014.9985841174
2002-12-05,24.1387,24.2634,24.1387,24.234,6161.4353617146
2002-12-06,24.1696,24.234,23.9806,24.234,5562.5065459949
2002-12-09,23.9514,24.2006,23.9514,24.1387,4099.2553075901
2002-12-10,23.9195,24.0768,23.9195,24.0768,7144.1089875061
2002-12-11,23.5422,24.0768,23.5422,23.9195,8934.9181011748
2002-12-12,23.8559,23.9195,23.8559,23.9195,6970.7663162898
2002-12-13,23.7305,23.9195,23.7305,23.9195,5234.9486707311
2002-12-16,23.8242,24.1696,23.7924,24.1696,5207.4529366761
2002-12-17,23.9514,24.1696,23.9514,24.1696,4197.2835768296
2002-12-18,23.9514,23.9806,23.9195,23.9514,3342.5248877287
2002-12-19,23.7924,23.9195,23.7924,23.9195,4864.3539943377
2002-12-20,23.7305,24.1069,23.7305,24.1069,5292.3310722372
2002-12-23,23.9195,24.1069,23.9195,24.1069,4425.6177161559
2002-12-27,23.9514,24.0442,23.8886,24.0442,5194.3028029976
2002-12-30,23.8559,24.1069,23.7924,24.1069,6374.2284339663
2002-12-31,23.8886,24.1696,23.8886,24.0442,13502.796354398
2003-01-02,23.9195,24.1696,23.8559,24.1696,1864.9280489474
2003-01-03,24.0768,24.4825,23.8886,24.4825,12448.394726724
2003-01-06,24.1696,24.8606,24.1387,24.8606,3983.2950378799
2003-01-07,24.6105,25.1742,24.546,25.1742,5719.1126834386
2003-01-08,24.8907,25.0806,24.8288,25.0806,3260.0376855638
2003-01-09,24.4825,24.7986,24.4825,24.4825,6772.3188444146
2003-01-10,24.4825,24.4825,24.2951,24.3269,1652.1349766957
2003-01-13,24.3269,24.3269,23.8559,23.8559,3899.6123690169
2003-01-14,23.8559,23.8559,23.416,23.4796,5349.7134737432
2003-01-15,23.2905,23.4796,23.0404,23.4796,29591.387176663
2003-01-16,23.1976,23.2596,23.134,23.1651,5945.0558893688
2003-01-17,23.1651,23.1651,22.4431,22.9132,4467.4590505874
2003-01-20,22.602,22.9132,22.4758,22.8831,1892.4237830024
2003-01-21,22.602,22.6314,21.564,22.0993,7909.2076742537
2003-01-22,21.6585,21.6585,21.1558,21.533,4410.0766490813
2003-01-23,21.3439,21.7221,21.0311,21.0311,4240.3203779592
2003-01-24,21.3439,21.3439,20.4037,20.6538,14270.285974541
2003-01-27,20.2147,20.2465,19.4618,20.0892,6118.398560585
2003-01-28,19.6501,19.7755,19.3373,19.5865,7398.7433941893
2003-01-29,18.9608,19.3373,18.9608,19.1482,4682.6430562352
2003-01-30,19.5865,19.5865,19.0854,19.1482,4425.6177161559
2003-01-31,19.1482,19.3373,18.9273,19.3373,2218.7861915681
2003-02-03,19.1482,19.3999,19.1482,19.3373,3185.9187502851
2003-02-04,19.1482,19.2737,18.9273,19.2737,4382.5809150263
2003-02-05,19.1482,19.2737,18.9273,19.2737,2973.1256780334
2003-02-06,19.0227,19.2737,18.9909,19.1792,3102.2360814221
2003-02-07,18.9608,19.2418,18.8972,19.2418,2548.7350002281
2003-02-10,19.0227,19.1792,18.9608,19.0227,2020.338719693
2003-02-11,19.0227,19.2092,19.0227,19.1792,2530.8029997574
2003-02-12,19.0227,19.2092,19.0227,19.0537,1211.0077651177
2003-02-13,19.1482,19.1482,18.9608,18.9608,4552.3371861484
2003-02-14,18.9608,19.1482,18.9608,19.0227,1038.8605605995
2003-02-17,19.0227,19.1482,18.9608,19.0854,1876.8827159278
2003-02-18,19.0227,19.0537,18.9909,18.9909,1520.6336399109
2003-02-19,18.9909,19.1792,18.9909,19.0854,1949.8061845084
2003-02-20,19.0854,19.2737,19.0854,19.1792,2135.1035227051
2003-02-21,19.0227,19.7119,19.0227,19.7119,4624.065188031
2003-02-24,19.6501,21.973,19.6191,20.1845,3358.0659548033
2003-02-25,21.3439,21.3439,20.0892,20.152,2745.9870054052
2003-02-26,20.4037,20.6538,20.0273,20.4657,3684.4283633691
2003-02-27,20.341,21.5965,20.341,21.1884,1921.1149837554
2003-02-28,21.0311,21.2511,20.8421,21.0311,2390.9333960864
2003-03-03,20.7174,20.7174,20.4657,20.7174,1465.6421718009
2003-03-04,20.4037,20.6237,20.0892,20.4657,1864.9280489474
2003-03-05,20.1211,20.4037,19.8074,20.4037,2076.525654501
2003-03-06,20.0575,20.2775,20.0575,20.2775,4153.051309002
2003-03-07,20.0892,20.341,19.963,20.1845,1977.3019185634
2003-03-10,19.901,19.9955,19.7755,19.963,2374.1968623138
2003-03-11,19.7755,20.0273,19.5246,20.0273,2261.8229926977
2003-03-12,20.0273,20.0575,19.963,20.0273,2274.9731263762
2003-03-13,19.7119,20.4037,19.7119,20.4037,1977.3019185634
2003-03-14,20.4037,20.6865,20.0892,20.3092,2433.9701972159
2003-03-17,20.1211,20.2775,19.8074,19.8074,1195.4666980432
2003-03-18,19.4929,20.1211,19.4618,20.1211,2149.4491230816
2003-03-19,19.8383,20.6538,19.7119,20.6538,2804.5648736093
2003-03-20,20.341,20.6538,20.2147,20.4037,10032.356529978
2003-03-21,20.2775,20.5292,20.152,20.5292,1750.1632459352
2003-03-24,20.4037,20.4037,20.0575,20.3728,25653.519873309
2003-03-25,20.0892,20.0892,19.7755,19.8074,5704.7670830621
2003-03-26,19.8383,20.2465,19.6191,20.0892,6004.8292242709
2003-03-27,19.6819,20.7174,19.6501,20.7174,3142.8819491555
2003-03-28,20.9065,20.9065,20.152,20.7174,8535.6322240283
2003-03-31,20.3092,20.5292,20.2465,20.5292,3442.9440903644
2003-04-01,20.2775,20.341,20.0892,20.2775,2548.7350002281
2003-04-02,19.8383,20.152,19.8383,20.152,2118.3669889325
2003-04-03,19.901,20.2147,19.901,20.2147,1038.8605605995
2003-04-04,19.963,20.2147,19.901,20.1845,2462.661397969
2003-04-07,19.9955,20.2147,19.963,20.2147,2560.6896672085
2003-04-08,20.0273,20.1845,19.932,20.1845,2118.3669889325
2003-04-09,19.963,20.4974,19.901,20.4974,1678.4352440526
2003-04-10,20.1845,20.4037,20.0892,20.2465,2433.9701972159
2003-04-11,20.0273,20.0273,19.901,20.0273,1621.0528425466
2003-04-14,19.6501,19.932,19.5246,19.901,1851.7779152689
2003-04-15,19.5555,19.901,19.5555,19.901,3185.9187502851
2003-04-16,19.6501,19.9955,19.6501,19.9955,1251.6536328512
2003-04-17,19.7438,20.0892,19.7438,20.0892,981.47815909345
2003-04-22,19.8074,20.0273,18.9608,19.4618,7410.6980611697
2003-04-23,18.9909,19.4618,18.9608,19.1482,4353.8897142733
2003-04-24,18.9608,19.1482,18.9608,19.1482,4936.0819962203
2003-04-25,18.9608,18.9608,17.9545,17.9545,20542.899739174
2003-04-28,18.1419,18.1419,17.7671,17.9243,14468.733446417
2003-04-29,17.829,17.829,17.2644,17.5153,4838.0537269808
2003-04-30,16.7617,17.4852,16.7617,17.4852,5178.7617359231
2003-05-02,16.9825,18.2063,16.9825,18.0808,1294.6904339808
2003-05-05,18.3936,18.3936,17.7345,18.1419,2745.9870054052
2003-05-06,17.5781,18.269,17.5781,18.1419,10130.384799218
2003-05-07,18.3936,18.3936,17.3907,17.9545,36138.958281845
2003-05-08,17.6098,18.0808,17.6098,18.0808,796.18082089676
2003-05-09,17.7671,18.0808,17.5781,18.0808,2932.4798102999
2003-05-12,17.8926,18.4564,17.8926,18.4564,4651.560922086
2003-05-13,18.2063,18.6446,17.9871,18.6446,13274.462215072
2003-05-14,18.7091,18.7091,18.2999,18.6772,9249.3258427601
2003-05-15,18.4874,18.4874,17.8926,18.0164,10726.922681541
2003-05-16,17.9243,18.6446,17.0118,18.6446,12718.570200481
2003-05-19,17.9871,18.2063,17.8926,17.8926,20615.823207755
2003-05-20,17.6734,17.9545,17.6734,17.8926,8350.3348858316
2003-05-21,17.7345,18.1745,17.7345,17.8926,3741.8107648752
2003-05-22,17.7345,18.0808,17.7345,18.0808,33804.211820567
2003-05-23,17.9243,18.52,17.9243,18.52,36307.51908627
2003-05-26,18.3619,18.7091,18.2999,18.5835,11610.372571395
2003-05-27,18.3936,18.5509,18.3318,18.5509,8877.5356996687
2003-05-28,18.3318,18.7091,18.269,18.7091,5746.6084174936
2003-05-29,18.4874,19.1482,18.4874,18.8336,9049.6829041869
2003-05-30,18.5509,19.2737,18.5509,19.2737,20288.265332491
2003-06-02,19.1792,19.6191,19.1792,19.1792,85193.738769349
2003-06-03,18.8972,19.3999,18.8972,19.2092,285.71654083232
2003-06-04,19.2092,19.3373,18.8972,19.3373,6173.390028695
2003-06-05,18.9909,19.3373,18.9909,19.3373,1337.7272351103
2003-06-06,19.0854,19.3373,19.0854,19.3373,2973.1256780334
2003-06-09,19.0854,19.2737,18.8972,19.2737,4667.1019891606
2003-06-10,18.9909,19.2418,18.8027,19.2418,3799.1931663812
2003-06-11,18.8972,19.2737,18.7717,19.2737,6743.6276436616
2003-06-12,18.9909,19.4618,18.9909,19.4618,2204.4405911916
2003-06-13,19.2092,19.4301,19.1482,19.4301,5162.0252021505
2003-06-16,19.0854,19.4618,19.0854,19.4301,2745.9870054052
2003-06-17,19.1792,19.7119,19.1792,19.7119,13770.580894759
2003-06-18,19.4301,19.7438,19.3665,19.7438,4211.6291772061
2003-06-20,19.5865,19.7438,19.4929,19.7438,3043.6582132179
2003-06-23,19.5865,19.7755,19.4929,19.7119,2944.4344772804
2003-06-24,19.4929,19.7438,19.4618,19.7438,3215.8054177362
2003-06-25,19.5246,19.963,19.5246,19.963,8735.2751626015
2003-06-26,19.8074,20.0892,19.5555,20.0892,6688.6361755516
2003-06-27,19.8383,20.4037,19.8383,20.4037,4438.7678498343
2003-06-30,20.2147,20.7793,20.2147,20.7793,7283.9785911771
2003-07-01,20.341,20.5912,20.2775,20.4037,4751.9801247217
2003-07-02,20.2775,20.6538,20.2775,20.6538,2135.1035227051
2003-07-03,20.4037,20.7174,20.4037,20.7174,4637.2153217095
2003-07-04,20.6865,21.0311,20.4657,21.0311,30319.426395771
2003-07-07,20.6865,21.6585,20.6237,21.6585,9075.9831715439
2003-07-08,21.3439,21.6585,21.2194,21.6585,4280.9662456926
2003-07-09,21.282,21.6585,21.1256,21.6585,13886.54116447
2003-07-10,21.3758,21.8785,21.2194,21.8476,7497.9671301268
2003-07-11,21.5965,21.973,21.533,21.973,8123.1962132034
2003-07-14,21.6585,22.8522,21.6585,22.2875,4740.0254577412
2003-07-15,22.2875,22.5075,22.1621,22.5075,8508.1364899733
2003-07-16,22.1302,22.5385,22.1302,22.5385,7086.726586
2003-07-17,22.3486,22.7259,22.3486,22.7259,3529.0176926235
2003-07-18,22.602,22.9132,22.602,22.9132,3215.8054177362
2003-07-21,22.7878,23.0404,22.694,23.0404,4480.6091842659
2003-07-22,22.8212,23.0404,22.602,22.7568,9688.062120942
2003-07-23,22.694,22.7568,22.1621,22.2875,3056.8083468964
2003-07-24,22.0357,22.2875,21.6585,22.1922,8722.1250289231
2003-07-25,21.8476,22.1302,21.8476,22.1302,2390.9333960864
2003-07-28,22.4431,22.4431,22.0993,22.2248,3074.7403473671
2003-07-29,22.2248,22.5686,22.2248,22.5686,2548.7350002281
2003-07-30,22.5686,22.602,22.3185,22.5686,2987.4712784099
2003-07-31,22.5686,22.5686,22.1922,22.5686,5789.6452186231
2003-08-01,22.5686,22.5686,22.2875,22.2875,3899.6123690169
2003-08-04,22.2875,22.2875,22.0357,22.2875,3358.0659548033
2003-08-05,21.7848,22.2875,21.7848,22.2549,3570.859027055
2003-08-06,21.973,22.2248,21.8157,21.8476,4695.7931899136
2003-08-07,21.8476,22.2875,21.8476,21.973,1095.0474954076
2003-08-08,22.004,22.2248,21.973,22.0993,2374.1968623138
2003-08-11,21.973,22.3803,21.7538,22.3803,2346.7011282588
2003-08-12,22.3803,22.4758,22.1302,22.2875,4624.065188031
2003-08-13,22.0993,22.4758,21.9112,22.4122,5818.3364193762
2003-08-14,22.1621,22.3185,21.973,21.973,2589.3808679615
2003-08-18,22.004,22.0993,21.7221,21.9412,9844.6682583856
2003-08-19,21.2194,21.7221,21.2194,21.7221,10173.421600347
2003-08-20,21.7221,21.8785,21.533,21.8785,2020.338719693
2003-08-21,21.8785,21.9412,21.6585,21.8785,4410.0766490813
2003-08-22,21.8785,21.973,21.8785,21.9412,3273.1878192422
2003-08-25,21.9412,21.9412,21.4084,21.6585,7611.536466441
2003-08-26,21.533,21.8476,21.4385,21.8157,7953.4399420813
2003-08-27,21.8785,21.973,21.564,21.973,7283.9785911771
2003-08-28,21.564,21.9412,21.564,21.9412,9857.8183920641
2003-08-29,21.5965,21.973,21.5965,21.8476,21724.020836841
2003-09-01,22.2875,22.2875,19.6819,21.6585,11721.550974313
2003-09-02,21.4385,21.8785,21.4084,21.8785,6772.3188444146
2003-09-03,21.6585,21.9412,21.4703,21.9412,6315.6505657621
2003-09-04,21.533,21.6903,21.4703,21.6903,4964.7731969733
2003-09-05,21.4385,21.4703,21.4084,21.4084,3399.9072892348
2003-09-08,21.4084,21.564,21.0621,21.564,3372.4115551798
2003-09-09,21.3439,21.6585,21.0955,21.6585,7269.6329908006
2003-09-10,21.1256,21.5965,21.1256,21.5965,9631.8751861339
2003-09-11,21.2511,21.6585,21.2511,21.5965,3658.1280960121
2003-09-12,21.3439,21.564,21.1884,21.1884,10386.214672599
2003-09-15,20.7793,21.3122,20.7793,21.3122,1892.4237830024
2003-09-16,21.0311,21.4385,21.0311,21.0955,1833.8459147982
2003-09-17,21.0311,21.4385,21.0311,21.4385,2218.7861915681
2003-09-18,21.0621,21.3122,21.0002,21.0955,6118.398560585
2003-09-19,20.9675,21.1558,20.9675,21.0955,3485.9808914939
2003-09-22,20.8421,21.0311,20.6538,21.0311,5037.696665554
2003-09-23,20.8421,21.3122,20.6865,21.3122,1994.038452336
2003-09-24,21.0311,21.3122,21.0311,21.3122,2332.3555278823
2003-09-25,21.0311,21.1884,20.9065,21.1884,3540.9723596039
2003-09-26,20.7793,21.1884,20.6865,21.1884,3754.9608985536
2003-09-29,21.0311,21.1558,20.8421,21.1558,5463.2828100574
2003-09-30,21.0311,21.1884,20.8747,21.1884,10970.797887942
2003-10-01,21.1884,21.1884,20.5912,20.8119,22009.737377673
2003-10-02,20.2147,20.8119,20.2147,20.6538,7454.9303289973
2003-10-03,20.4356,20.8119,20.1845,20.8119,18608.63462174
2003-10-06,20.6538,21.282,20.5912,21.282,3754.9608985536
2003-10-07,21.0955,21.282,20.8747,21.1884,6602.5625732925
2003-10-08,20.9675,21.2194,20.9675,21.1884,1434.5600376518
2003-10-09,21.2194,21.3439,21.0311,21.1884,9787.2858568795
2003-10-10,20.9358,21.0311,20.9358,20.9675,2020.338719693
2003-10-13,20.7174,20.7501,20.4974,20.7501,9875.7503925347
2003-10-14,20.5912,20.8421,20.5912,20.5912,1566.0613744366
2003-10-15,20.5912,20.8421,20.341,20.8421,9702.4077213185
2003-10-16,20.5912,20.7793,20.4974,20.7793,5178.7617359231
2003-10-17,20.5912,20.7793,20.341,20.7793,6145.89429464
2003-10-20,20.5292,20.8421,20.5292,20.5912,1579.211508115
2003-10-21,20.341,20.341,19.901,20.152,2163.7947234582
2003-10-22,19.7755,20.0892,19.7119,20.0892,2859.5563417193
2003-10-23,19.7755,19.8684,19.5246,19.8383,3570.859027055
2003-10-24,19.5246,19.8383,19.4929,19.4929,2505.6981990985
2003-10-27,19.5246,19.7755,19.4929,19.4929,2645.5678027696
2003-10-28,19.4929,19.7755,19.4618,19.7755,2374.1968623138
2003-10-29,19.7755,19.901,19.5246,19.901,1520.6336399109
2003-10-30,19.932,20.4037,19.932,20.4037,2462.661397969
2003-10-31,19.932,20.4974,19.932,20.341,4081.3233071194
2003-11-03,20.0892,20.3092,19.932,20.152,3031.7035462375
2003-11-04,19.932,19.9955,19.7755,19.9955,2901.3976761508
2003-11-05,19.7755,20.0575,19.5865,20.0575,3855.3801011893
2003-11-06,19.7119,20.0273,19.7119,19.8684,2218.7861915681
2003-11-07,19.901,19.901,19.5865,19.8383,2576.2307342831
2003-11-10,19.7755,19.8383,19.7755,19.8383,1251.6536328512
2003-11-12,19.8383,20.2147,19.7755,19.932,4153.051309002
2003-11-13,19.8074,20.0273,19.8074,19.963,1153.6253636117
2003-11-14,19.8383,19.963,19.8383,19.963,114816.20808016
2003-11-17,19.7755,19.963,19.5865,19.5865,2176.9448571366
2003-11-18,19.5246,19.7755,19.4618,19.7755,578954.95812873
2003-11-19,19.5865,19.9955,19.4618,19.932,8608.555692609
2003-11-20,19.5865,19.7755,19.5865,19.5865,2261.8229926977
2003-11-21,19.3046,19.6501,19.3046,19.6191,1038.8605605995
2003-11-24,19.5246,19.5246,19.5246,19.5246,1409.4552369929
2003-11-25,19.1482,19.4618,19.1482,19.4618,1067.5517613526
2003-11-26,19.5865,19.8383,19.4618,19.8383,3671.2782296906
2003-11-27,19.5865,19.7438,19.3046,19.5865,5123.7702678131
2003-11-28,19.4618,20.0575,19.4618,19.8074,2704.1456709737
2003-12-01,19.3373,19.6819,19.1482,19.6501,4864.3539943377
2003-12-02,19.6501,19.7755,19.2737,19.6501,55813.94919824
2003-12-03,19.5246,19.6501,19.2737,19.6501,5933.1012223883
2003-12-04,19.4929,19.6501,19.4929,19.6501,7711.9556690766
2003-12-05,19.4618,19.7119,19.4618,19.7119,4723.2889239686
2003-12-08,19.5865,19.8383,19.5865,19.8383,3684.4283633691
2003-12-09,19.7755,20.7174,19.7755,20.4974,6373811.2160886
2003-12-10,20.8421,22.0357,20.8421,21.8476,96462.207865105
2003-12-11,21.7221,21.973,21.533,21.564,8608.555692609
2003-12-12,21.6585,21.8476,21.4703,21.4703,15692.891345213
2003-12-15,21.2511,21.533,21.1558,21.533,8893.0767667432
2003-12-16,21.0955,21.533,21.0955,21.533,24131.6907667
2003-12-17,21.1884,21.4084,21.1558,21.3439,11495.607768383
2003-12-18,20.9675,21.6585,20.9065,21.4084,9360.5042456781
2003-12-19,21.1558,21.6585,21.1558,21.3439,8848.8444989156
2003-12-22,21.1884,21.6585,21.1256,21.3122,10783.10961635
2003-12-23,21.282,21.6585,21.282,21.533,10783.10961635
2003-12-29,21.1558,21.4703,21.0955,21.4703,10044.311196959
2003-12-30,21.282,21.6585,21.282,21.6585,5503.9286777908
2003-12-31,21.4084,21.6585,21.4084,21.6585,3570.859027055
2004-01-02,21.4703,21.973,21.3758,21.4385,81381.39546929
2004-01-05,21.9412,22.5686,21.4703,22.5686,115498.81956474
2004-01-06,22.1621,23.0086,22.1621,23.0086,68732.162337295
2004-01-07,22.7878,23.0404,22.7878,23.0086,22423.368855196
2004-01-08,23.1031,23.5422,22.9132,23.3541,5802.7953523016
2004-01-09,23.8559,24.1387,23.2286,23.3858,2204.4405911916
2004-01-12,23.134,23.3858,23.134,23.3858,1566.0613744366
2004-01-13,23.0713,23.5422,23.0713,23.3858,3200.2643506616
2004-01-14,23.5422,23.5422,23.2286,23.3541,41075.040278066
2004-01-15,23.3541,24.4825,23.3541,23.8559,164939.73579571
2004-01-16,23.9195,24.4532,23.8559,24.4532,122383.51227878
2004-01-19,24.0768,24.6105,24.0768,24.3587,29064.186362826
2004-01-20,24.4825,24.8606,24.4825,24.4825,115270.48542542
2004-01-21,24.4215,24.8606,24.3269,24.6405,227225.94169716
2004-01-22,24.7986,25.8644,24.7986,25.3006,202753.54292152
2004-01-23,25.1433,25.8644,25.1433,25.7397,107629.06229153
2004-01-26,25.4269,25.7397,25.3633,25.5816,7283.9785911771
2004-01-27,25.3633,25.4269,24.7986,25.2053,88238.592449265
2004-01-28,24.9233,24.9568,24.7986,24.7986,11794.474442894
2004-01-29,24.546,24.7986,24.546,24.736,1422.6053706714
2004-01-30,24.3587,24.9233,24.3587,24.9233,2901.3976761508
2004-02-02,24.6724,24.8907,24.6724,24.8907,967.13255871694
2004-02-03,24.7661,24.7661,24.6724,24.6724,2759.1371390837
2004-02-04,24.6105,24.736,24.6105,24.6105,2675.4544702206
2004-02-05,24.4532,24.736,24.4532,24.736,2261.8229926977
2004-02-06,24.5151,24.6105,24.5151,24.5151,2135.1035227051
2004-02-09,24.5151,24.8606,24.5151,24.8606,3497.9355584744
2004-02-10,24.6724,24.9869,24.6724,24.9869,3927.1081030719
2004-02-11,24.546,24.8606,24.546,24.8606,3260.0376855638
2004-02-12,24.736,25.2378,24.736,25.2378,8821.3487648607
2004-02-13,24.9869,25.1123,24.7661,25.0806,4552.3371861484
2004-02-16,24.6724,24.9233,24.6724,24.9233,1778.8544466883
2004-02-17,24.736,24.7986,24.6724,24.7986,6046.6705587024
2004-02-18,24.546,24.7986,24.546,24.7986,2548.7350002281
2004-02-19,24.6724,24.736,24.6105,24.736,2190.0949908151
2004-02-20,24.5151,24.736,24.4825,24.736,3385.5616888583
2004-02-23,24.6105,24.6724,24.4215,24.6724,2049.029920446
2004-02-24,24.4825,24.4825,24.1069,24.4825,6173.390028695
2004-02-25,24.4825,24.4825,24.4825,24.4825,853.56322240283
2004-02-26,24.1696,24.546,24.014,24.546,3697.5784970476
2004-02-27,24.1696,24.7986,24.1696,24.4825,3855.3801011893
2004-03-01,24.4825,24.9869,24.4825,24.9869,163484.8528242
2004-03-02,24.5151,24.9869,24.5151,24.736,163401.17015533
2004-03-03,24.4825,24.736,24.4825,24.736,2816.5195405897
2004-03-04,24.5787,24.6105,24.5787,24.5787,2176.9448571366
2004-03-05,24.546,24.736,24.546,24.546,1579.211508115
2004-03-08,24.546,24.5787,24.546,24.5787,3841.0345008128
2004-03-09,24.546,24.736,24.546,24.6405,2234.3272586427
2004-03-10,24.546,24.5787,24.546,24.5787,1579.211508115
2004-03-11,24.1696,24.5787,24.1696,24.5787,4723.2889239686
2004-03-12,24.546,24.5787,24.546,24.5787,609.68801600202
2004-03-15,24.4825,24.5787,24.4825,24.5787,1961.7608514889
2004-03-16,24.5787,24.6405,24.4825,24.4825,160912.20849001
2004-03-17,24.4825,24.5151,24.4825,24.4825,1763.3133796137
2004-03-18,24.4825,24.4825,24.4825,24.4825,1465.6421718009
2004-03-19,24.4825,24.4825,24.4825,24.4825,4410.0766490813
2004-03-22,24.4825,24.4825,24.4825,24.4825,967.13255871694
2004-03-23,24.3587,24.6405,24.3587,24.6405,3043.6582132179
2004-03-24,24.3587,24.6405,24.3587,24.4825,1936.65605083
2004-03-25,24.3587,24.6405,24.3587,24.6105,3515.867558945
2004-03-26,24.6105,24.6405,24.4532,24.6105,83998.272071306
2004-03-29,24.3587,24.6405,24.3587,24.6105,4793.8214591532
2004-03-30,24.4825,24.546,24.3587,24.546,13004.286741314
2004-03-31,24.3587,24.5151,24.3587,24.5151,21741.952837311
2004-04-01,24.3587,24.4825,24.234,24.4825,3102.2360814221
2004-04-02,24.3587,24.6105,24.3587,24.6105,3200.2643506616
2004-04-05,24.3888,24.5787,24.3587,24.5787,4609.7195876545
2004-04-06,24.3888,24.7986,24.3888,24.7986,160371.85754249
2004-04-07,24.6105,24.6105,24.4825,24.5787,2530.8029997574
2004-04-08,24.4532,24.9568,24.4532,24.5787,2589.3808679615
2004-04-13,24.5787,24.736,24.5787,24.736,161011.43222595
2004-04-14,24.7986,25.1123,24.6724,24.7986,104443.14354124
2004-04-15,24.6724,25.0497,24.6724,24.736,34158.069963188
2004-04-16,24.5787,24.9869,24.5151,24.6105,5818.3364193762
2004-04-19,24.4215,24.6405,24.4215,24.6405,3497.9355584744
2004-04-20,24.5151,25.1123,24.5151,24.8606,161480.05517158
2004-04-21,24.5151,24.546,24.4825,24.546,3671.2782296906
2004-04-22,24.546,25.1742,24.4532,24.6405,165606.80621323
2004-04-23,24.6105,25.1123,24.546,25.1123,2135.1035227051
2004-04-26,24.6105,24.736,24.6105,24.736,1819.5003144217
2004-04-27,24.736,24.736,24.6405,24.6405,3728.6606311967
2004-04-28,24.7033,25.1123,24.6724,25.1123,209513.90709895
2004-04-29,24.7033,25.1123,24.7033,25.1123,1337.7272351103
2004-04-30,24.7661,25.1123,24.7661,25.0806,2034.6843200695
2004-05-04,24.736,25.1123,24.736,24.9233,7156.0636544865
2004-05-05,24.7661,25.1123,24.6724,25.1123,63867.808342957
2004-05-06,25.1123,25.1123,24.7661,24.7986,37245.960444233
2004-05-07,24.736,24.7986,24.736,24.7986,840.41308872436
2004-05-10,24.7986,24.8606,22.8522,24.6724,37361.920713944
2004-05-11,24.6724,24.6724,24.2951,24.2951,5323.4132063863
2004-05-12,24.2951,24.3269,24.2951,24.3269,609.68801600202
2004-05-13,24.3587,24.4825,24.1696,24.3269,7512.3127305034
2004-05-14,24.1069,24.3587,24.1069,24.3587,2717.2958046522
2004-05-17,24.234,24.234,24.1696,24.234,981.47815909345
2004-05-18,24.1696,24.4825,24.1387,24.1387,1224.1578987962
2004-05-19,24.234,25.1123,24.2006,24.2006,6145.89429464
2004-05-20,24.1696,25.1123,24.1696,25.1123,11508.757902062
2004-05-21,24.7986,24.7986,24.3587,24.3587,4751.9801247217
2004-05-24,24.2634,24.9869,24.234,24.4215,2135.1035227051
2004-05-25,24.234,24.234,24.234,24.234,2462.661397969
2004-05-26,24.3587,24.736,24.234,24.736,1833.8459147982
2004-05-27,24.736,24.7986,24.3888,24.7661,853.56322240283
2004-05-28,24.3888,24.8606,24.3888,24.8606,1166.7754972901
2004-05-31,24.6724,24.7986,24.6105,24.736,1309.0360343573
2004-06-01,24.3888,24.4825,24.234,24.234,1566.0613744366
2004-06-02,24.234,24.4215,24.234,24.2951,18381.495949112
2004-06-03,24.234,24.2951,24.234,24.234,7625.8820668175
2004-06-04,24.1696,24.1696,23.5749,23.6058,12035.958715899
2004-06-07,23.5422,23.8559,23.4477,23.7305,156131.53716454
2004-06-08,23.7305,23.8559,23.5749,23.8559,29207.642366591
2004-06-09,23.416,23.7623,23.416,23.7623,2602.53100164
2004-06-11,23.3541,23.7305,23.3541,23.7305,2505.6981990985
2004-06-14,23.8559,23.8559,23.2905,23.7305,1267.1946999258
2004-06-15,23.4796,23.6368,23.3541,23.6058,2987.4712784099
2004-06-16,23.2905,23.5422,23.2286,23.4796,7071.1855189254
2004-06-17,23.2596,23.3541,22.8831,23.324,18211.73967799
2004-06-18,23.2286,23.7305,22.9768,23.7305,6914.5793814818
2004-06-21,23.5422,23.6995,23.416,23.6677,1495.528839252
2004-06-22,23.4796,23.6677,23.4796,23.6677,1495.528839252
2004-06-23,23.6677,23.6677,23.4477,23.5749,925.29122428542
2004-06-24,23.324,23.9195,23.324,23.5422,1251.6536328512
2004-06-25,23.3541,23.6058,23.2905,23.5422,1864.9280489474
2004-06-28,23.3541,23.5422,23.2905,23.5422,1495.528839252
2004-06-29,23.324,23.8559,23.2286,23.8559,161425.06370347
2004-06-30,23.416,23.9806,23.416,23.7305,4438.7678498343
2004-07-01,23.5749,23.6058,23.2286,23.4796,119809.67247789
2004-07-02,23.2596,23.5422,23.2286,23.4796,2488.9616653259
2004-07-05,23.2596,23.8559,23.2596,23.2905,1366.4184358634
2004-07-06,23.2596,23.8242,23.2596,23.2905,426.78161120142
2004-07-07,23.2905,23.6677,22.8522,23.2286,10983.948021621
2004-07-08,23.0086,23.2286,22.9768,23.2286,383.74481007186
2004-07-09,23.2286,23.2286,23.2286,23.2286,17172.87911739
2004-07-12,23.2286,23.8242,23.1031,23.2286,2488.9616653259
2004-07-13,23.1976,23.2286,22.9768,23.2286,3228.9555514146
2004-07-14,23.1031,23.2286,22.6639,23.2286,4353.8897142733
2004-07-15,23.1031,23.2286,22.9768,22.9768,2076.525654501
2004-07-16,23.0404,23.2286,22.9132,23.1031,1892.4237830024
2004-07-19,22.9768,22.9768,22.9768,22.9768,840.41308872436
2004-07-20,22.8522,23.2286,22.8522,23.2286,3427.4030232898
2004-07-21,22.9132,23.5422,22.9132,23.2286,3458.4851574389
2004-07-22,22.9132,23.2286,22.7878,23.2286,1267.1946999258
2004-07-23,22.9467,23.5422,22.9467,23.2286,143653.25577035
2004-07-26,23.1031,23.5422,23.1031,23.5422,967.13255871694
2004-07-27,23.1031,23.5422,22.7259,23.4796,3954.6038371269
2004-07-28,23.5422,23.5422,23.1031,23.1031,5961.7924231414
2004-07-29,22.8831,23.416,22.5075,23.324,3285.1424862227
2004-07-30,23.1031,23.324,23.1031,23.324,5419.0505422298
2004-08-02,22.9768,23.0713,22.9768,23.0404,285.71654083232
2004-08-03,23.0404,23.0404,23.0404,23.0404,1409.4552369929
2004-08-04,22.9768,23.0404,22.9768,22.9768,1477.5968387814
2004-08-05,23.1031,23.2286,23.0404,23.1031,8350.3348858316
2004-08-06,23.0404,23.2286,22.9768,23.0404,3200.2643506616
2004-08-09,23.0404,23.0404,22.9768,23.0404,1664.0896436761
2004-08-10,22.9768,23.3541,22.9132,22.9768,3102.2360814221
2004-08-11,22.9768,22.9768,22.9132,22.9132,442.32267827598
2004-08-12,22.9132,22.9132,22.8522,22.9132,2789.0238065347
2004-08-13,22.9132,22.9132,22.8522,22.8522,312.01680818927
2004-08-16,22.602,23.1031,22.602,22.9768,1409.4552369929
2004-08-17,22.9768,23.416,22.9132,23.416,2346.7011282588
2004-08-18,23.2286,23.2286,23.0404,23.1031,10014.424529508
2004-08-19,23.134,23.134,23.0713,23.0713,13046.128075745
2004-08-20,22.9132,23.2286,22.9132,23.2286,1507.4835062325
2004-08-23,23.0404,23.0404,22.9132,22.9132,3558.9043600746
2004-08-24,22.9132,22.9132,22.9132,22.9132,485.35947940553
2004-08-25,22.9768,22.9768,22.8522,22.9132,19207.56343746
2004-08-26,22.8522,23.1976,22.8522,22.8522,1081.8973617291
2004-08-27,22.8831,22.9132,22.8831,22.9132,910.94562390891
2004-08-30,22.9132,22.9132,22.8831,22.8831,853.56322240283
2004-08-31,22.8831,22.8831,22.8522,22.8831,9661.761853585
2004-09-01,22.8522,22.9132,22.8522,22.8522,40036.179717466
2004-09-02,22.8522,22.9132,22.7878,22.7878,811.72188797132
2004-09-03,22.8522,22.9132,22.8522,22.8522,652.72481713158
2004-09-06,22.8522,22.9132,22.7878,22.9132,1851.7779152689
2004-09-07,22.8522,22.9132,22.7878,22.9132,1593.5571084916
2004-09-08,22.8831,22.9768,22.8522,22.9768,1067.5517613526
2004-09-09,22.9132,23.1651,22.8522,23.1651,796.18082089676
2004-09-10,22.8522,23.2286,22.7878,23.2286,2218.7861915681
2004-09-13,22.9768,23.2905,22.9132,23.2286,824.8720216498
2004-09-14,23.2286,23.2286,22.9132,22.9132,1921.1149837554
2004-09-15,22.9132,23.2286,22.9132,22.9132,20542.899739174
2004-09-16,22.8522,22.9467,22.8522,22.9132,555.89201459008
2004-09-17,22.9132,23.2286,22.9132,23.2286,967.13255871694
2004-09-20,22.9132,22.9467,22.8522,22.9132,997.01922616802
2004-09-21,22.9132,22.9768,22.9132,22.9467,1011.3648265445
2004-09-22,23.0086,23.0086,22.9467,22.9768,1422.6053706714
2004-09-23,23.0086,23.0404,23.0086,23.0404,539.15548081748
2004-09-24,23.0713,23.0713,22.9132,22.9132,2149.4491230816
2004-09-27,22.9768,23.0404,22.9132,22.9132,2505.6981990985
2004-09-28,22.9768,22.9768,22.9132,22.9132,1393.9141699184
2004-09-29,22.9132,22.9768,22.3486,22.9768,37275.847111685
2004-09-30,22.9132,22.9768,22.7878,22.9768,1621.0528425466
2004-10-01,23.0404,23.0404,22.9132,23.0086,20501.058404743
2004-10-04,22.9132,23.0086,22.8212,23.0086,2319.2053942038
2004-10-05,22.8831,23.5422,22.8831,23.5422,3299.4880865992
2004-10-06,23.0404,23.5422,23.0404,23.5422,1166.7754972901
2004-10-07,23.2286,23.8559,23.2286,23.8559,8535.6322240283
2004-10-08,23.6058,23.9195,23.5422,23.8559,3728.6606311967
2004-10-11,23.5422,23.8559,23.3858,23.8559,2932.4798102999
2004-10-12,23.6058,23.8559,23.5422,23.8559,3102.2360814221
2004-10-13,23.4477,23.8559,23.4477,23.8559,2548.7350002281
2004-10-14,23.5749,23.8559,23.5749,23.8559,8153.0828806545
2004-10-15,23.5422,23.8559,23.5422,23.8559,5733.4582838151
2004-10-18,23.7305,23.8559,23.7305,23.8559,2118.3669889325
2004-10-19,23.6368,23.8559,23.6058,23.8559,4707.7478568941
2004-10-20,23.6368,23.8242,23.6058,23.8242,2290.5141934507
2004-10-21,23.6368,23.7924,23.6058,23.7924,10455.551741086
2004-10-22,23.6058,23.6368,23.6058,23.6368,1550.520307362
2004-10-25,23.6058,23.6368,23.6058,23.6368,1906.7693833789
2004-10-26,23.6368,23.6368,23.6368,23.6368,1566.0613744366
2004-10-27,23.6368,23.8559,23.6368,23.8559,41743.306162272
2004-10-28,23.6677,23.8559,23.6677,23.6677,1621.0528425466
2004-10-29,23.6368,24.4825,23.6368,24.4825,12718.570200481
2004-11-02,24.4825,25.0497,24.4825,24.6105,13757.430761081
2004-11-03,24.546,24.6105,24.234,24.234,1778.8544466883
2004-11-04,24.3587,24.6105,23.8559,23.8559,10856.03308493
2004-11-05,23.7924,23.7924,23.5422,23.7924,2034.6843200695
2004-11-08,24.7986,24.7986,23.7305,23.7305,3485.9808914939
2004-11-09,23.6677,23.6677,23.5422,23.6368,17172.87911739
2004-11-10,23.6677,23.8559,23.6368,23.6677,162760.40000518
2004-11-12,23.6677,24.4825,23.6677,24.0768,97485.527358629
2004-11-15,23.9195,24.0768,23.8559,23.8559,2234.3272586427
2004-11-16,23.8559,24.234,23.8559,23.8559,2717.2958046522
2004-11-17,23.8559,24.0442,23.8559,23.8559,2362.2421953333
2004-11-18,24.1696,24.4215,24.1696,24.3587,3671.2782296906
2004-11-19,24.1696,24.1696,24.1696,24.1696,2659.9134031461
2004-11-22,23.8559,23.8559,23.5422,23.8559,10498.588542215
2004-11-23,23.5422,23.6058,23.2286,23.5422,25225.542795409
2004-11-24,23.2905,23.5422,23.2286,23.5422,5323.4132063863
2004-11-25,23.5422,23.5422,23.324,23.5422,24399.475307061
2004-11-26,23.416,23.9806,23.416,23.8559,2190.0949908151
2004-11-29,23.7305,23.8559,23.7305,23.7305,33574.682214543
2004-11-30,23.7305,23.7305,23.7305,23.7305,1833.8459147982
2004-12-01,23.6677,23.6677,23.6368,23.6368,3074.7403473671
2004-12-02,23.6677,23.9195,23.6677,23.9195,2973.1256780334
2004-12-03,23.8559,23.9195,23.8559,23.9195,1949.8061845084
2004-12-06,23.6677,23.6677,23.6677,23.6677,1819.5003144217
2004-12-07,23.6677,23.7305,23.6677,23.6677,1635.3984429231
2004-12-08,23.6677,23.6677,23.6677,23.6677,4353.8897142733
2004-12-09,23.7305,23.7305,23.6677,23.7305,6615.712706971
2004-12-10,23.7924,23.9195,23.7305,23.9195,4139.9011753235
2004-12-13,23.6058,23.7305,23.3541,23.7305,6089.707359832
2004-12-14,23.8559,23.9195,23.6058,23.7305,7269.6329908006
2004-12-15,23.7623,23.9195,23.7623,23.7924,65219.881178444
2004-12-16,23.8559,24.1069,23.8559,23.9806,89915.83222662
2004-12-17,24.1696,24.1696,24.0442,24.1069,3754.9608985536
2004-12-20,24.1069,24.4825,24.1069,24.3269,7299.5196582517
2004-12-21,24.3269,24.6105,24.3269,24.3888,11752.633108463
2004-12-22,24.2951,24.3587,24.2951,24.3269,3971.3403708995
2004-12-23,24.2634,24.2951,24.2634,24.2951,997.01922616802
2004-12-24,24.4215,24.4825,24.1696,24.4825,1195.4666980432
2004-12-27,24.2634,24.3888,24.2634,24.2951,1393.9141699184
2004-12-28,24.1696,24.3587,24.014,24.0442,1819.5003144217
2004-12-29,24.1069,24.1696,24.0442,24.1069,33902.240089807
2004-12-30,24.1696,24.1696,24.0442,24.1696,48827.641814876
2004-12-31,24.0442,24.4215,24.0442,24.4215,1123.7386961606
2005-01-03,24.0442,24.7986,24.0442,24.4825,2374.1968623138
2005-01-04,24.4825,24.736,24.4825,24.6105,5419.0505422298
2005-01-05,24.6105,25.0497,24.5151,24.5787,94752.690486903
2005-01-06,24.546,24.8606,24.546,24.6105,6545.1801717864
2005-01-07,24.5787,24.6105,24.546,24.546,5234.9486707311
2005-01-10,24.1696,24.1696,23.8559,24.1696,4068.173173441
2005-01-11,24.1696,24.234,24.1696,24.1696,2218.7861915681
2005-01-12,24.1696,24.2006,24.1696,24.1696,2204.4405911916
2005-01-13,24.1696,24.1696,24.1696,24.1696,4609.7195876545
2005-01-14,23.8559,24.1696,23.8559,24.0442,105694.79717409
2005-01-17,24.014,24.0442,24.014,24.0442,1495.528839252
2005-01-18,24.014,24.0442,24.014,24.0442,6559.525772163
2005-01-19,24.014,24.1069,24.014,24.014,81806.981613793
2005-01-20,24.014,24.6105,24.014,24.234,3599.550227808
2005-01-21,24.234,24.2951,24.014,24.0442,1052.010694278
2005-01-24,24.014,24.0442,24.014,24.0442,1280.3448336042
2005-01-25,24.1696,24.234,24.0442,24.0768,2218.7861915681
2005-01-26,24.0442,24.0768,24.0442,24.0768,1038.8605605995
2005-01-27,24.0768,24.4215,24.0768,24.4215,1593.5571084916
2005-01-28,24.1696,24.4215,24.1069,24.4215,4211.6291772061
2005-01-31,24.1069,24.6724,24.1069,24.6724,2049.029920446
2005-02-01,24.1696,24.736,24.1696,24.2951,5848.2230868273
2005-02-02,24.2951,24.9233,24.2006,24.9233,4382.5809150263
2005-02-03,24.7986,25.3332,24.7986,25.3332,14027.606234839
2005-02-04,25.1742,25.2378,24.9869,25.1433,11823.165643647
2005-02-07,24.546,25.677,24.546,25.4888,9419.0821138822
2005-02-08,25.2053,25.7397,25.2053,25.4269,106834.07693733
2005-02-09,25.2378,25.677,25.0497,25.4562,6046.6705587024
2005-02-10,25.7397,25.7397,25.4269,25.4269,4936.0819962203
2005-02-11,25.3006,25.677,25.3006,25.677,5490.7785441123
2005-02-14,25.4269,25.8644,25.4269,25.4888,6004.8292242709
2005-02-15,25.4562,25.7397,25.4269,25.4888,3001.8168787864
2005-02-16,25.5515,25.7397,25.5515,25.7397,11183.590960194
2005-02-17,26.0852,27.3717,26.0852,27.34,24527.390243752
2005-02-18,27.3073,27.6227,27.1199,27.4353,14668.37638499
2005-02-21,26.9945,27.4353,26.9945,27.3717,5250.4897378057
2005-02-22,27.4035,27.8745,27.4035,27.8745,13458.56408657
2005-02-23,26.9945,27.5909,26.9945,27.4655,14740.104386872
2005-02-24,27.1199,27.4972,27.1199,27.4353,17940.368737534
2005-02-25,27.4353,27.8745,27.4353,27.8117,11539.840036211
2005-02-28,27.9381,29.381,27.9381,28.3136,19165.722103028
2005-03-01,28.4074,29.0037,28.3763,28.6591,8877.5356996687
2005-03-02,28.5654,29.0037,28.5654,28.6273,11780.128842518
2005-03-03,28.3136,29.1928,27.9673,29.1928,12206.910453719
2005-03-04,28.8783,29.2555,28.8783,29.1928,4981.5097307459
2005-03-07,30.4484,31.3894,30.4484,30.573,30944.655478848
2005-03-08,30.6366,31.0122,30.6056,30.6993,18140.011676107
2005-03-09,30.7629,31.3894,30.6056,30.8248,84554.164085896
2005-03-10,30.8557,31.3894,30.8557,31.0766,16062.290554908
2005-03-11,30.9829,31.0766,30.5103,30.5103,39310.531431754
2005-03-14,30.1957,30.5103,29.5057,29.8185,16573.950301671
2005-03-15,29.5057,29.5057,29.381,29.5057,11024.593889354
2005-03-16,29.381,29.381,29.0037,29.1928,11909.239245906
2005-03-17,29.1292,29.1928,27.8426,28.2509,19037.807166338
2005-03-18,27.9381,28.3136,27.6846,28.2509,30687.630138769
2005-03-21,27.9673,27.9673,27.749,27.9054,68490.67806429
2005-03-22,27.6846,27.9054,27.3073,27.6227,325182.48293482
2005-03-23,26.7134,26.9945,26.2734,26.2734,405908.76265358
2005-03-24,26.5562,27.749,26.5562,27.749,436469.67332236
2005-03-29,27.4972,27.6227,27.3717,27.6227,433723.68631695
2005-03-30,27.4972,27.5909,27.4972,27.5608,268970.44332614
2005-03-31,27.4972,27.5608,27.3717,27.4972,189422.89377164
2005-04-01,27.5608,27.5608,27.4353,27.4972,191159.9068839
2005-04-04,27.4972,27.4972,26.368,26.368,251767.67754129
2005-04-05,27.2463,27.3717,26.9945,27.34,227454.27583649
2005-04-06,27.3717,27.5608,27.3717,27.5608,65589.280388139
2005-04-07,27.4655,27.6846,27.4655,27.6846,90814.823183549
2005-04-11,27.5608,27.7164,27.4972,27.6227,44818.046509639
2005-04-12,27.5281,27.5909,27.058,27.5909,10656.390146357
2005-04-13,27.34,27.6846,27.3073,27.6227,48985.443419018
2005-04-14,27.4655,27.6227,27.4655,27.6227,132840.25948656
2005-04-15,27.4972,27.4972,27.2463,27.3717,115341.01796061
2005-04-18,27.0899,27.4353,26.6172,26.9945,56552.747617631
2005-04-19,26.6808,26.6808,26.5562,26.6808,57336.973771547
2005-04-20,26.6808,26.7443,26.4315,26.4315,105710.33824117
2005-04-21,26.4617,26.869,26.4617,26.869,15879.384150108
2005-04-22,26.6808,26.9016,26.6172,26.8071,10255.908802512
2005-04-25,26.6808,26.7443,26.6808,26.6808,42411.572046478
2005-04-26,26.6498,26.9016,26.4315,26.6808,182608.73359279
2005-04-27,26.5562,26.8071,26.5562,26.8071,84126.187007997
2005-04-28,26.4315,26.8071,26.4315,26.8071,42256.161375732
2005-04-29,26.7134,26.9945,26.5562,26.8071,227411.23903535
2005-05-02,26.6808,26.8389,26.5261,26.5261,24486.744376019
2005-05-04,26.5562,26.8071,26.4917,26.8071,211476.86341714
2005-05-05,26.5562,26.6172,26.368,26.5871,152417.22213372
2005-05-06,26.3997,26.7443,26.368,26.7443,121076.86717781
2005-05-09,26.4315,26.6808,26.4315,26.5562,26747.371902018
2005-05-10,26.5562,26.6808,26.3997,26.6172,27144.266845769
2005-05-11,26.368,26.6172,26.3044,26.6172,54347.111559741
2005-05-12,26.6172,26.7443,26.368,26.368,83970.776337251
2005-05-13,26.4917,26.4917,26.3044,26.3361,35767.168138754
2005-05-16,26.368,26.368,25.9907,26.2734,3912.7625026953
2005-05-17,26.0225,26.2107,26.0225,26.2107,1635.3984429231
2005-05-18,26.2107,26.2107,25.9907,26.1789,312447.17620057
2005-05-19,26.0225,26.368,26.0225,26.368,32281.18724726
2005-05-20,26.3361,26.368,26.1153,26.368,17668.997797078
2005-05-23,26.2408,26.2408,26.0534,26.1153,22281.108318129
2005-05-24,26.0852,26.0852,25.8644,26.0534,12248.75178815
2005-05-25,26.0534,26.3044,26.0534,26.2734,6657.5540414025
2005-05-27,26.148,26.2734,26.0225,26.0534,16546.454567616
2005-05-30,26.0534,26.3044,25.9907,26.1153,170459.20554058
2005-05-31,26.148,26.148,26.0534,26.1153,11183.590960194
2005-06-01,26.1153,26.1153,26.0225,26.0225,99448.483676816
2005-06-02,26.0534,26.0534,25.9907,26.0534,13089.164876875
2005-06-03,26.0534,26.6172,25.9907,26.6172,846190.779276
2005-06-06,26.6808,26.869,26.1789,26.2408,186578.878497
2005-06-07,26.368,26.4917,26.3044,26.368,266422.9037926
2005-06-08,26.4315,26.8071,26.3997,26.6808,260449.15670248
2005-06-09,26.9334,27.3073,26.9334,27.278,61916.806691751
2005-06-10,27.34,27.4655,27.2144,27.3073,256733.64620496
2005-06-13,27.34,27.3717,27.1835,27.3073,213340.59599939
2005-06-14,27.3073,27.3073,26.6172,27.0271,76016.140928472
2005-06-15,27.058,27.5909,27.058,27.5909,66770.401485806
2005-06-16,27.5909,28.3136,27.5909,28.2509,175751.53661282
2005-06-17,28.2509,28.4074,27.9673,28.2509,98597.31138781
2005-06-20,28.1882,28.2509,28.0627,28.1882,38911.245554608
2005-06-21,28.2509,28.4391,28.2509,28.3446,109992.49995355
2005-06-22,26.6808,27.6227,26.6808,27.6227,463017.4022858
2005-06-23,27.749,27.8117,27.3717,27.5909,173447.87228569
2005-06-24,27.34,27.4972,27.3073,27.4353,27474.215654428
2005-06-27,27.3073,27.4035,27.3073,27.4035,118400.21724089
2005-06-28,27.4353,27.4353,27.34,27.4035,92763.433901359
2005-06-29,27.34,27.3717,27.3073,27.3717,38158.10153484
2005-06-30,27.3073,27.3717,27.3073,27.3717,46041.008941737
2005-07-01,27.3073,27.3717,27.058,27.3717,62543.231241525
2005-07-04,27.3073,27.4353,27.3073,27.4353,43821.027283471
2005-07-05,27.3717,27.6227,27.3073,27.6227,216240.79820884
2005-07-06,27.5608,27.5608,27.34,27.34,85078.973966337
2005-07-07,27.3717,27.3717,26.5562,26.9945,177912.94040288
2005-07-08,26.9945,26.9945,26.6808,26.7753,76173.942532614
2005-07-11,26.7443,26.7753,26.6498,26.6498,80970.154925163
2005-07-12,26.6498,26.9016,26.4917,26.9016,193406.18880952
2005-07-13,26.9635,27.1835,26.9635,27.0899,55885.677200123
2005-07-14,26.7134,27.0899,26.7134,27.058,10983.948021621
2005-07-15,26.9945,27.1835,26.7134,26.7134,190149.73752405
2005-07-18,27.058,27.058,26.7443,26.9945,1038.8605605995
2005-07-19,26.7443,26.869,26.6172,26.7134,36762.991898224
2005-07-20,26.7134,27.0899,26.7134,26.8071,180686.42314234
2005-07-21,26.8071,27.1199,26.8071,26.9945,163429.86135608
2005-07-22,27.1199,27.1199,26.7443,26.8071,28684.027952848
2005-07-25,26.869,27.4972,26.869,27.34,80411.871977177
2005-07-26,27.1835,27.3717,27.1835,27.3717,14113.679837098
2005-07-27,27.3717,27.5608,27.3717,27.5608,24954.171854953
2005-07-28,27.5608,27.6227,27.4035,27.4353,60564.733856264
2005-07-29,27.4353,27.6227,27.4353,27.5909,62942.517118672
2005-08-01,27.5909,27.5909,27.4035,27.4353,555.89201459008
2005-08-02,27.4655,27.6227,27.4353,27.5608,179450.31057657
2005-08-03,27.4035,27.4035,27.0271,27.3717,8750.8162296761
2005-08-04,27.1199,27.3717,27.1199,27.3073,39351.177299487
2005-08-05,27.3073,27.5608,27.3073,27.5608,7144.1089875061
2005-08-08,27.5608,28.0007,27.4353,28.0007,205500.72539362
2005-08-09,28.0007,28.0007,27.6846,27.9381,5802.7953523016
2005-08-10,27.6846,28.1262,27.6846,27.9381,16859.666842503
2005-08-11,27.8745,28.0007,27.5608,27.9054,19790.951186105
2005-08-12,27.6227,27.8426,27.4353,27.8426,130934.68556988
2005-08-16,27.6545,27.8117,27.4972,27.8117,3215.8054177362
2005-08-17,27.6846,27.8745,27.6227,27.8745,140224.65728037
2005-08-18,27.6227,27.6846,27.4972,27.6227,191513.76502652
2005-08-19,27.5281,27.749,27.4972,27.749,20571.590939927
2005-08-22,27.4035,27.8745,27.4035,27.8745,47917.891657665
2005-08-23,27.6846,28.1262,27.6846,28.0928,242236.2215578
2005-08-24,28.0928,28.4391,28.0627,28.3763,114430.07233669
2005-08-25,28.4391,28.4391,27.8745,28.2509,47604.679382778
2005-08-26,28.2827,28.8783,28.2509,28.8155,93587.110456311
2005-08-29,28.8155,29.8838,28.5654,29.7583,135274.22968378
2005-08-30,29.8185,30.7629,29.8185,30.573,225846.37312762
2005-08-31,30.3856,30.573,30.1656,30.573,106748.00333507
2005-09-01,30.2609,31.0122,30.2609,31.0122,224451.26349101
2005-09-02,30.8875,31.1385,30.322,30.6676,194390.05790201
2005-09-05,30.2284,30.9519,30.1957,30.8875,81408.891203345
2005-09-06,30.7629,30.7629,30.4484,30.7629,51731.430424423
2005-09-07,30.4785,30.793,30.4785,30.7629,106250.68918868
2005-09-08,30.5412,30.8557,30.5103,30.7629,61221.045073489
2005-09-09,30.5412,30.8875,30.5412,30.8875,22778.422464515
2005-09-12,30.6676,31.0439,30.6676,30.8875,4395.7310487048
2005-09-13,30.8875,31.0122,30.5103,31.0122,27872.306064877
2005-09-14,30.7629,30.8875,30.7302,30.8875,102863.93203313
2005-09-15,30.6676,31.4539,30.4785,31.4539,122042.80426983
2005-09-16,31.1075,31.5157,31.0766,31.5157,21298.434692337
2005-09-19,31.1385,32.1422,31.1385,32.0804,38583.687679344
2005-09-20,31.8285,31.8285,31.202,31.6412,19093.994101146
2005-09-21,31.3894,31.5776,31.2648,31.5776,26705.530567587
2005-09-22,31.5157,31.6412,31.3292,31.4203,31898.637903886
2005-09-23,31.3894,31.3894,30.9177,31.1694,6118.398560585
2005-09-26,31.1694,31.4539,31.0766,31.3894,11596.026971019
2005-09-27,31.3894,31.704,31.1075,31.704,69259.363151132
2005-09-28,31.5157,31.8612,31.4848,31.5157,44659.049438799
2005-09-29,31.2648,31.5459,31.1385,31.5157,5234.9486707311
2005-09-30,31.3894,31.5157,31.3292,31.4848,44773.814241811
2005-10-03,31.1075,31.8285,31.1075,31.8285,9376.0453127527
2005-10-04,31.5459,31.8285,31.4539,31.7659,8322.8391517766
2005-10-05,31.3894,31.6412,31.3584,31.6094,4624.065188031
2005-10-06,31.1694,31.3894,30.7629,31.0439,245566.79177854
2005-10-07,30.573,31.1075,30.573,31.1075,72601.888038861
2005-10-10,30.9519,31.3894,30.322,30.4484,190831.15354194
2005-10-11,30.4484,31.0122,30.1957,31.0122,77740.00390705
2005-10-12,30.4785,31.0122,30.4785,30.7629,4751.9801247217
2005-10-13,30.7629,30.7629,30.322,30.6993,123068.51469676
2005-10-14,30.9829,30.9829,30.1339,30.573,36379.247088152
2005-10-17,30.573,30.8248,30.573,30.8248,4740.0254577412
2005-10-18,30.9829,30.9829,30.6993,30.8875,4793.8214591532
2005-10-19,31.2322,31.2322,30.3856,30.6366,20045.585592788
2005-10-20,31.0122,31.0122,30.4484,30.6366,163460.94349023
2005-10-21,30.5412,30.573,30.3539,30.573,18709.053824376
2005-10-24,30.3539,30.7629,30.3539,30.7629,35183.780390109
2005-10-25,30.4785,30.793,30.4785,30.793,23290.082211277
2005-10-26,30.6056,31.0766,30.6056,31.0766,16105.327356038
2005-10-27,30.793,30.793,30.4785,30.7629,6559.525772163
2005-10-28,30.2609,30.6993,30.2609,30.6993,12832.139536796
2005-10-31,30.6993,30.6993,30.3856,30.6993,54137.904887584
2005-11-02,30.8557,31.3894,30.3856,31.3894,47748.135386543
2005-11-03,31.4539,31.704,31.202,31.4539,82717.927237702
2005-11-04,31.3894,31.5157,31.0122,31.3894,6417.2652350958
2005-11-07,31.3894,31.4539,30.9519,31.0766,4936.0819962203
2005-11-08,30.793,31.0766,30.5412,31.0766,13386.836084688
2005-11-09,30.6676,31.0766,30.6366,31.0766,895.40455683434
2005-11-10,31.3292,31.3894,30.8557,31.0766,218161.9131926
2005-11-14,31.0766,31.202,30.793,31.0766,57407.506306732
2005-11-15,31.0766,31.3292,30.7629,31.0766,9205.0935749325
2005-11-16,30.7629,31.3894,30.6366,31.3894,446869.03812864
2005-11-17,31.0766,31.3894,30.8248,31.0122,39964.451715584
2005-11-18,31.1385,31.202,30.9829,31.202,2261.8229926977
2005-11-21,31.2949,31.3894,30.8248,31.3894,7427.4345949423
2005-11-22,31.5157,31.5776,31.3584,31.3894,131859.97679416
2005-11-23,31.2322,31.3894,31.0766,31.3894,91993.553347819
2005-11-24,31.3292,31.3292,31.0766,31.1385,89915.83222662
2005-11-25,31.0766,31.2648,31.0766,31.202,19749.109851673
2005-11-28,30.9519,31.2322,30.9519,30.9519,161068.81462745
2005-11-29,30.9519,31.202,30.9519,31.1385,128188.69856448
2005-11-30,31.202,31.3894,31.0122,31.3894,79503.317286664
2005-12-01,30.9519,31.3894,30.9519,31.1694,2149.4491230816
2005-12-02,31.1694,31.3894,31.0766,31.3894,23034.252337896
2005-12-05,31.5157,31.5776,31.3894,31.5776,14100.529703419
2005-12-06,31.6412,31.8913,31.5776,31.8913,9832.7135914052
2005-12-07,32.0176,32.9587,31.8913,32.9587,10698.231480788
2005-12-08,32.9587,33.2732,31.704,33.2732,22634.96646075
2005-12-09,32.7704,33.5233,32.7704,33.2732,12491.431527853
2005-12-12,33.2104,33.7759,32.6433,33.5551,58758.383675521
2005-12-13,33.3041,33.5877,33.0532,33.4924,10797.455216726
2005-12-14,32.9587,33.2104,32.9587,33.146,11481.262168007
2005-12-15,32.8968,33.5233,32.6776,33.5233,5162.0252021505
2005-12-16,33.5877,33.6488,32.9587,33.5877,169733.55725487
2005-12-19,33.5877,34.2151,33.5877,34.0269,4921.7363958438
2005-12-20,34.0269,34.466,33.9014,34.466,137806.22815023
2005-12-21,35.5962,35.5962,34.466,35.2197,13827.963296266
2005-12-22,35.2825,35.2825,35.0926,35.2197,405723.46531539
2005-12-23,35.0926,35.469,35.0926,35.469,9717.948788393
2005-12-27,35.1553,35.9717,35.1553,35.9717,31414.473891179
2005-12-28,35.8788,35.9717,35.469,35.9717,4339.5441138968
2005-12-29,35.5334,35.7216,35.3443,35.5652,3599.550227808
2005-12-30,35.3443,35.4079,35.0926,35.4079,93388.662984435
2006-01-02,34.686,35.4389,34.686,35.2197,7111.8313866589
2006-01-03,35.1887,35.469,35.1553,35.469,59371.658091617
2006-01-04,35.469,36.098,35.469,36.098,27031.892976152
2006-01-05,36.098,36.4125,35.9099,36.4125,141918.6335915
2006-01-06,36.6635,36.7254,35.9717,36.7254,13061.66914282
2006-01-09,36.5372,36.7254,35.7843,36.098,11368.888298391
2006-01-10,35.5652,36.098,35.5652,36.098,9249.3258427601
2006-01-11,35.6588,36.7254,35.6588,36.6635,16346.811629042
2006-01-12,36.1608,36.6635,36.0052,36.6635,55829.490265315
2006-01-13,36.098,36.9145,36.0663,36.9145,16747.292972887
2006-01-16,36.5372,37.0709,36.4125,37.0407,132058.42426604
2006-01-17,37.0407,37.3544,36.7254,37.0407,10756.809348993
2006-01-18,36.4436,36.4436,36.318,36.4125,84709.574756642
2006-01-19,36.318,37.4172,36.318,37.4172,200506.0655292
2006-01-20,36.978,37.4172,36.8509,37.4172,20927.840015944
2006-01-23,36.4125,36.7254,36.0353,36.4728,275883.82724091
2006-01-24,36.7254,36.7254,36.4125,36.4125,5478.8238771319
2006-01-25,36.4125,37.0407,36.2871,36.2871,445133.22048307
2006-01-26,36.2871,36.978,35.7843,36.098,37275.847111685
2006-01-27,35.8153,36.098,35.7216,36.098,11083.171757558
2006-01-30,35.7216,36.4125,35.6588,36.4125,2362.2421953333
2006-01-31,36.4125,36.4125,35.9717,36.318,40091.171185576
2006-02-01,35.8471,36.318,35.8471,36.0353,16062.290554908
2006-02-02,36.1298,37.3544,36.1298,37.0082,155989.27662746
2006-02-03,36.6016,37.0407,36.4125,36.4125,64265.898753405
2006-02-06,36.4125,36.9145,36.1298,36.9145,83059.830713342
2006-02-07,36.9145,37.0709,36.4125,36.6635,6387.3785676447
2006-02-08,36.978,36.978,36.5372,36.7254,9673.7165205654
2006-02-09,36.7254,36.8509,36.4728,36.6016,37275.847111685
2006-02-10,36.7254,36.8827,36.3481,36.4125,12435.244593045
2006-02-13,36.2235,36.8509,36.2235,36.3808,9075.9831715439
2006-02-14,36.4125,36.7254,36.1608,36.7254,5945.0558893688
2006-02-15,36.8509,36.9145,36.3481,36.7898,159772.92872678
2006-02-16,36.6635,36.7898,36.6635,36.7898,221192.42127214
2006-02-17,36.7898,37.9492,36.7572,37.9492,16747.292972887
2006-02-20,37.4799,38.6092,37.4799,38.2955,4182.9379764531
2006-02-21,38.2955,38.8919,38.2955,38.2955,51458.864017269
2006-02-22,38.3582,39.802,38.2955,39.802,48672.23114413
2006-02-23,39.2692,39.4883,39.0484,39.0484,1778.8544466883
2006-02-24,39.0484,39.2365,39.0484,39.2365,7469.2759293738
2006-02-27,39.2365,39.802,38.9237,39.802,9617.5295857574
2006-02-28,39.4883,39.5502,39.2365,39.3629,15749.078280021
2006-03-01,39.0818,39.2993,38.9237,39.2993,3172.7686166066
2006-03-02,39.2365,40.5565,39.2365,40.5565,44604.057970689
2006-03-03,39.5502,39.8338,39.5502,39.8338,597.73334902159
2006-03-06,39.3629,39.8338,39.3629,39.6138,6074.1662927574
2006-03-07,39.6138,39.6138,39.0484,39.5502,35355.927594627
2006-03-08,39.5502,39.5502,38.6092,38.8601,241339.62153426
2006-03-09,38.5172,39.2993,38.5172,38.9237,180645.77727461
2006-03-10,38.9237,38.9237,38.421,38.4527,341687.09616801
2006-03-13,38.3582,38.9856,38.3582,38.6092,14740.104386872
2006-03-14,38.1073,38.6092,38.0755,38.1073,79147.068210647
2006-03-15,38.0437,38.2955,38.0136,38.1692,163898.48430172
2006-03-16,38.0136,38.8601,38.0136,38.8601,18780.781826258
2006-03-17,38.8919,38.9237,38.3265,38.8601,3515.867558945
2006-03-20,38.3265,38.8601,38.3265,38.8601,5777.6905516427
2006-03-21,38.8601,38.8601,38.6092,38.6092,165548.22834502
2006-03-22,38.3265,38.9237,38.3265,38.9237,241980.39168441
2006-03-23,38.39,39.2365,38.39,39.2365,242875.79624124
2006-03-24,39.0484,39.2365,38.83,38.9237,123195.23416675
2006-03-27,38.8601,39.5502,38.8601,39.5502,53026.120858403
2006-03-28,39.4883,39.5502,39.1128,39.4883,4624.065188031
2006-03-29,39.4883,39.4883,39.2365,39.2365,162918.20160933
2006-03-30,39.0818,39.4883,39.0818,39.4883,6987.5028500624
2006-03-31,39.1128,39.4256,39.1128,39.3629,81453.123471172
2006-04-03,39.4256,40.5565,39.2993,40.5565,69898.937834585
2006-04-04,40.4938,41.0585,39.9584,41.0585,48601.698608946
2006-04-05,40.7121,42.1869,40.7121,42.0622,35667.944402816
2006-04-06,41.8096,42.5331,41.7485,42.5331,30760.553607349
2006-04-07,42.0622,42.6904,42.0622,42.6904,9032.9463704143
2006-04-10,43.0041,43.0041,42.3759,42.6904,20602.673074076
2006-04-11,42.1869,42.3759,41.685,41.685,4864.3539943377
2006-04-12,41.4022,41.7485,40.8685,41.434,27060.584176906
2006-04-13,41.1203,41.434,41.1203,41.1203,68661.62980211
2006-04-18,41.1203,41.7485,41.1203,41.1203,65546.24358701
2006-04-19,41.7176,41.7176,41.1831,41.1831,105964.97264785
2006-04-20,41.6223,41.6223,40.933,41.3086,251299.05459566
2006-04-21,41.0585,42.1249,40.9639,42.1249,10000.078929131
2006-04-24,42.2513,42.5641,41.7485,42.4386,9390.3909131292
2006-04-25,42.5006,42.7532,42.5006,42.7532,54848.012106221
2006-04-26,42.7532,43.0041,42.5006,43.0041,42611.214985051
2006-04-27,43.1304,43.7578,42.0622,43.7578,233699.39386706
2006-04-28,42.5641,44.1962,42.4696,44.1962,4280.9662456926
2006-05-02,43.0668,44.1962,43.0668,44.166,2987.4712784099
2006-05-04,43.9443,44.5726,43.4742,44.5726,8522.4820903499
2006-05-05,44.5726,44.5726,43.977,43.977,27530.402589236
2006-05-08,44.0079,44.386,43.3187,43.6324,5945.0558893688
2006-05-09,43.3187,43.9443,43.1923,43.9134,46537.127621425
2006-05-10,43.6324,43.7578,42.877,43.3187,3056.8083468964
2006-05-11,43.1304,44.2597,43.1304,44.1342,178566.86068671
2006-05-12,44.1962,44.2279,43.8197,44.1342,17896.136469706
2006-05-15,44.1962,44.2597,42.9414,43.097,22837.000332719
2006-05-16,43.8172,43.8172,41.8556,42.1819,63553.400601372
2006-05-17,42.1819,43.2283,42.1819,42.3785,29480.208773745
2006-05-18,41.92,42.3785,41.92,42.1819,5478.8238771319
2006-05-19,41.9878,41.9878,41.2667,41.2993,101826.26693922
2006-05-22,41.8556,41.8556,39.5996,40.0237,98609.26605479
2006-05-23,40.0237,40.4813,38.912,40.0237,51189.884010209
2006-05-24,40.0889,41.659,38.1266,38.1266,188655.4041515
2006-05-25,39.5653,39.8924,37.3419,38.2579,47791.172187672
2006-05-26,39.2399,39.8924,38.5849,39.2399,171863.87891078
2006-05-29,38.7488,39.7619,38.7488,39.6322,5006.6145314049
2006-05-30,39.5653,39.8606,39.2399,39.2399,121458.22105449
2006-05-31,38.912,39.3035,38.912,39.1086,9533.8469168944
2006-06-01,39.2399,39.2399,38.5849,38.912,211161.26020886
2006-06-02,39.2399,39.8924,39.2399,39.8924,470585.90195112
2006-06-05,40.1542,40.2211,40.0889,40.2211,3056.8083468964
2006-06-06,40.0889,40.1868,39.6322,40.1224,1806.3501807433
2006-06-07,39.8924,40.1224,39.6648,40.0889,4081.3233071194
2006-06-08,39.2399,39.2399,38.554,39.2399,76542.146275611
2006-06-09,38.2905,39.3035,37.9316,37.9316,26008.573482628
2006-06-12,37.8011,37.9316,36.0027,36.2963,61205.504006415
2006-06-13,34.6618,35.9692,34.0085,35.9692,25880.658545937
2006-06-14,35.8396,36.8843,35.0541,35.3159,20045.585592788
2006-06-16,35.9692,37.4732,35.9692,37.2767,1851.7779152689
2006-06-19,37.4732,37.4732,36.1332,36.6886,79744.801559669
2006-06-20,36.6886,36.9504,36.6234,36.9504,7071.1855189254
2006-06-21,36.5581,36.9504,36.5581,36.9504,1280.3448336042
2006-06-22,36.7538,37.6054,36.6234,37.6054,6004.8292242709
2006-06-23,37.6054,38.5849,37.0492,37.5384,19862.679187988
2006-06-26,38.4544,38.4544,37.1804,38.4227,10187.767200724
2006-06-27,38.5849,39.2073,38.2579,39.2073,15720.387079268
2006-06-28,38.5849,39.8606,38.5849,39.8606,34742.653178531
2006-06-29,40.2211,40.2211,39.3712,39.4039,30389.958930956
2006-06-30,40.1542,40.3499,39.8924,40.2211,1153.6253636117
2006-07-03,40.6126,41.1362,40.6126,41.071,169035.40470321
2006-07-04,41.071,41.071,40.5474,40.8083,1495.528839252
2006-07-05,40.5474,40.9405,40.4494,40.7113,44786.96437549
2006-07-06,40.5474,41.071,40.5474,41.071,4353.8897142733
2006-07-07,41.071,41.2007,40.5799,41.2007,38085.17806626
2006-07-10,40.5474,41.7243,39.9584,41.7243,5690.4214826856
2006-07-11,41.1362,41.5286,41.1362,41.2007,154751.968595
2006-07-12,40.5474,41.4625,40.5474,41.4625,2204.4405911916
2006-07-13,40.7431,40.8735,39.5653,40.5474,67310.752433321
2006-07-14,40.5474,40.5474,39.5009,40.5474,25282.925196915
2006-07-17,40.5474,40.5474,39.9584,40.5164,3540.9723596039
2006-07-18,39.8924,40.8735,39.8924,40.8735,4339.5441138968
2006-07-19,40.8735,40.8735,40.319,40.8735,2362.2421953333
2006-07-20,40.8735,41.4625,40.8735,41.3981,16589.491368745
2006-07-21,40.5474,41.7903,40.5474,41.7903,3627.045961863
2006-07-24,41.8239,41.92,41.4307,41.7578,35014.024118987
2006-07-25,41.7243,41.9878,41.562,41.9878,45171.90465226
2006-07-26,41.562,42.3785,41.562,42.3785,15579.322008899
2006-07-27,41.7578,41.7578,41.0049,41.5286,84368.8667477
2006-07-28,41.1036,42.1175,41.1036,41.1362,1081055.7531737
2006-07-31,42.5097,42.5097,41.2341,41.5947,4850.0083939612
2006-08-01,41.2341,41.4951,41.2341,41.2341,2987.4712784099
2006-08-02,41.2341,41.5286,41.2341,41.2341,78393.92419088
2006-08-03,41.5286,41.5286,40.2855,40.8735,52840.823520207
2006-08-04,40.8735,41.3646,40.8735,41.2341,115725.95823737
2006-08-07,40.9405,41.0049,40.4177,40.8735,6173.390028695
2006-08-08,40.5474,40.6126,39.5653,39.8288,8679.0882277935
2006-08-09,39.8924,40.4494,39.8924,40.4177,6914.5793814818
2006-08-10,40.5474,40.8735,40.2538,40.8735,13046.128075745
2006-08-11,40.8735,41.3312,40.8735,40.8735,6417.2652350958
2006-08-14,40.2211,41.2007,40.2211,41.2007,2645.5678027696
2006-08-16,41.071,41.5286,40.5474,41.2007,6447.1519025469
2006-08-17,41.2341,41.2341,40.6126,41.1362,4126.7510416451
2006-08-18,40.6787,41.071,40.6126,41.071,2659.9134031461
2006-08-21,40.5799,41.071,40.5799,41.071,2204.4405911916
2006-08-22,40.6787,41.5286,40.6452,41.5286,131930.50932935
2006-08-23,41.5947,41.9878,41.5947,41.8556,46368.566817001
2006-08-24,41.2007,41.8556,41.2007,41.4625,16474.726565733
2006-08-25,41.3646,41.659,41.3646,41.659,14241.594773788
2006-08-28,41.2007,42.1175,41.2007,42.1175,4838.0537269808
2006-08-29,41.8556,42.8368,41.8556,42.6085,15905.684417465
2006-08-30,42.7063,43.6867,42.5097,43.6867,24840.602518639
2006-08-31,43.1639,44.1442,43.1639,43.4909,97287.079886754
2006-09-01,43.8172,43.8172,43.1639,43.2943,11963.035247318
2006-09-04,43.4909,43.8172,43.1639,43.8172,19904.520522419
2006-09-05,43.8172,44.1442,43.8172,44.1442,3741.8107648752
2006-09-06,44.4705,44.4705,43.5554,44.4388,15237.418533258
2006-09-07,43.4249,44.7993,43.3596,44.4705,158551.16176137
2006-09-08,43.8172,44.4705,43.8172,44.4705,485.35947940553
2006-09-11,43.9803,44.4388,43.8498,44.4069,1251.6536328512
2006-09-12,43.4575,43.8172,43.2283,43.2618,65219.881178444
2006-09-13,43.2283,44.4069,43.2283,44.4069,2306.0552605253
2006-09-14,43.2283,44.34,43.2283,44.34,626.42454977463
2006-09-15,43.9477,44.079,43.8172,43.8172,36051.689212888
2006-09-18,43.3596,44.2756,43.3596,44.2756,1652.1349766957
2006-09-19,43.8172,44.2756,43.7845,44.2422,92235.037620824
2006-09-20,43.8498,44.079,43.4249,44.0138,38058.877798903
2006-09-21,43.3596,44.0138,43.3596,43.6215,32808.388061097
2006-09-22,43.6215,43.9477,43.2943,43.9477,1323.3816347338
2006-09-25,44.0138,44.0138,43.6541,43.7193,2932.4798102999
2006-09-26,43.6215,44.1442,43.6215,44.1442,72075.882691722
2006-09-27,44.4069,44.4705,43.5554,43.6867,5619.888947501
2006-09-28,43.3596,44.0138,43.3262,44.0138,2704.1456709737
2006-09-29,44.3718,44.3718,43.5554,44.1442,94226.685139764
2006-10-02,44.1442,44.2756,43.6215,44.2756,33762.370486136
2006-10-03,43.8498,44.1108,43.8498,43.8498,4624.065188031
2006-10-04,43.5554,44.34,43.5554,44.34,13715.589426649
2006-10-05,44.4705,45.5178,44.4705,45.4534,20088.622393918
2006-10-06,45.4534,45.7135,45.3212,45.7135,4224.7793108846
2006-10-09,44.831,45.5839,44.831,45.5178,1507.4835062325
2006-10-10,44.6679,45.7787,44.6679,45.1899,10173.421600347
2006-10-11,44.7993,46.3033,44.7993,46.3033,13757.430761081
2006-10-12,45.256,46.6947,45.1573,46.3685,131589.8013204
2006-10-13,46.4338,47.0871,46.4338,47.0871,50153.414383006
2006-10-16,46.1719,47.0871,46.1719,46.7608,5619.888947501
2006-10-17,46.2706,47.0871,45.7787,47.0226,10414.905873352
2006-10-18,46.3033,47.2184,45.9419,47.0871,22908.728334602
2006-10-19,47.0871,47.6098,46.6621,47.3489,1734.6221788607
2006-10-20,47.1523,48.3953,47.1523,47.9695,79105.226876216
2006-10-23,48.428,49.0503,47.512,47.512,18509.410885803
2006-10-24,47.5454,47.8064,47.2502,47.6768,4367.0398479518
2006-10-25,47.3162,49.0503,47.0871,49.0503,92535.099762033
2006-10-26,47.8064,49.0503,47.8064,48.525,19404.815442637
2006-10-27,48.525,49.1799,48.525,48.7232,64620.952362724
2006-10-30,47.9043,48.7232,47.9043,48.7232,56767.931623279
2006-10-31,47.7738,48.7232,47.7738,48.6236,113107.88616866
2006-11-02,48.0683,48.7232,47.8399,48.6906,153697.56696732
2006-11-03,48.7885,49.3765,47.9695,49.0503,45471.966793469
2006-11-06,49.0503,49.3765,48.7885,49.3765,88136.977779932
2006-11-07,49.3765,50.2933,49.0503,50.2933,115156.9160891
2006-11-08,50.2933,50.6188,49.7028,50.6188,162975.58401083
2006-11-09,50.6188,50.6848,48.8537,49.7028,198885.01268665
2006-11-10,49.5731,49.7028,48.33,48.3953,61548.602948753
2006-11-13,48.1661,48.1661,47.0871,47.3489,18367.150348735
2006-11-14,47.0871,47.742,45.7787,45.7787,136583.26571813
2006-11-15,45.1263,45.7787,45.1263,45.1263,263363.70451231
2006-11-16,44.5366,46.3342,44.5366,45.4534,74451.275020733
2006-11-17,46.4338,46.4338,45.4534,46.4338,5678.4668157051
2006-11-20,46.7608,46.7608,45.7787,46.5634,64649.643563477
2006-11-21,46.3033,47.0871,46.3033,47.0871,69329.895686316
2006-11-22,47.0871,47.742,46.6286,47.742,41601.045625205
2006-11-23,47.6768,48.5919,47.3489,48.5919,20316.956533244
2006-11-24,48.6572,48.6572,47.3815,47.742,47247.234840063
2006-11-27,47.5781,47.742,47.512,47.742,14909.860657995
2006-11-28,47.4158,47.4158,47.0871,47.3489,100914.12584862
2006-11-29,46.8587,47.742,46.8587,47.742,176093.44008846
2006-11-30,48.3953,48.3953,47.6098,48.3953,331002.01482089
2006-12-01,47.9369,49.7028,47.8064,49.0503,71051.367731499
2006-12-04,48.6906,50.0323,48.6906,49.7028,88153.714313704
2006-12-05,49.4426,50.3577,49.3765,50.3577,238551.79319442
2006-12-06,50.3577,50.6188,49.4092,50.6188,95423.347304505
2006-12-07,51.339,51.6326,49.5087,51.4695,143270.70642698
2006-12-08,51.4695,52.1889,51.0102,51.9906,61806.823755531
2006-12-11,51.6652,51.6652,51.1407,51.2076,65474.515585127
2006-12-12,51.2076,51.2076,49.7998,51.0102,25523.214003222
2006-12-13,50.3577,52.1228,50.3577,51.9596,362827.7292562
2006-12-14,50.6848,52.2541,50.6848,51.9906,81040.687460347
2006-12-15,51.6652,52.2541,51.4695,52.2541,328028.88914286
2006-12-18,52.3184,52.3184,51.6652,51.9906,47078.674035639
2006-12-19,51.4351,52.2541,49.737,51.0102,17654.652196702
2006-12-20,50.4222,51.0102,50.0967,50.6848,6828.5057792227
2006-12-21,50.6848,51.2076,50.6848,50.914,29820.916782687
2006-12-22,50.4222,50.6848,49.9328,49.9654,26122.142818942
2006-12-27,49.5087,50.75,49.5087,50.3577,45755.292400905
2006-12-28,50.6848,50.6848,48.6906,49.7028,62744.069646797
2006-12-29,50.6188,50.6188,49.4744,50.2264,37645.24632138
2007-01-02,50.2264,50.6188,49.7028,49.7028,94910.492091044
2007-01-03,50.6188,50.8814,50.0967,50.8144,3741.8107648752
2007-01-04,50.1612,50.75,50.1612,50.3577,25182.50599428
2007-01-05,50.1612,50.8471,50.1612,50.75,15450.21160551
2007-01-08,50.75,50.75,50.3577,50.3577,22324.145119258
2007-01-09,50.3577,50.9458,50.3577,50.9458,2020.338719693
2007-01-10,50.9458,51.533,50.9458,51.3055,162419.69199624
2007-01-11,51.5999,51.9278,51.339,51.9278,30460.49146614
2007-01-12,51.9596,52.1889,51.6652,52.1889,8350.3348858316
2007-01-15,52.1889,52.1889,51.6652,52.1889,18878.810095498
2007-01-16,52.2541,52.9726,51.4034,52.9726,15879.384150108
2007-01-17,52.9726,52.9726,52.3184,52.648,18853.705294839
2007-01-18,52.648,53.6259,52.0918,53.6259,27744.391128186
2007-01-19,53.3005,53.6259,52.648,53.3005,3996.4451715584
2007-01-22,52.9726,53.3005,52.3184,52.3184,4027.5273057075
2007-01-23,51.0102,51.1407,50.3577,50.8814,9318.6629112466
2007-01-24,50.7166,51.533,50.6188,50.6848,66641.291082417
2007-01-25,50.6848,51.4034,50.3577,50.3577,51999.214964784
2007-01-26,50.3577,50.3577,50.0323,50.2933,8934.9181011748
2007-01-29,50.0967,51.339,50.0967,51.339,15080.812395815
2007-01-30,51.2721,51.2721,51.0102,51.2721,3427.4030232898
2007-01-31,51.2721,54.6072,51.2721,54.6072,45854.516136842
2007-02-01,53.9547,54.4114,53.9547,54.2809,3074.7403473671
2007-02-02,54.2809,54.2809,53.0371,53.7573,4310.8529131437
2007-02-05,53.3005,53.7573,52.4164,53.7573,21909.318175037
2007-02-06,53.0052,54.2156,53.0052,53.1692,24071.917431798
2007-02-07,53.1048,53.692,52.7451,52.9726,29392.939704788
2007-02-08,52.8413,52.9726,52.3184,52.9074,11794.474442894
2007-02-09,52.8413,52.8413,51.7304,52.648,52967.542990199
2007-02-12,52.3184,53.6259,52.2541,52.2541,6089.707359832
2007-02-13,52.3845,54.1195,52.3845,53.7907,31071.37494884
2007-02-14,54.086,54.2809,52.9726,53.7573,2218.7861915681
2007-02-15,53.0371,53.0721,52.4489,52.4489,3458.4851574389
2007-02-16,52.3184,53.3005,52.3184,52.4489,10515.325075988
2007-02-19,52.5159,52.5159,52.0583,52.0583,7058.035385247
2007-02-20,52.3184,52.3184,50.3887,50.6848,19250.600238589
2007-02-21,50.6848,51.5673,50.6848,51.0102,94411.98247796
2007-02-22,50.6848,51.339,50.6848,51.339,69600.071160074
2007-02-23,51.339,51.8944,51.1407,51.8944,3754.9608985536
2007-02-26,51.6652,52.3184,51.3716,51.4695,87155.499620838
2007-02-27,51.2076,51.4351,49.7028,50.3577,20558.440806249
2007-02-28,49.0503,49.0503,44.1442,48.33,85748.435317241
2007-03-01,48.33,48.6572,47.4158,47.4158,42681.747520236
2007-03-02,47.742,49.7028,47.2502,49.7028,6161.4353617146
2007-03-05,47.7078,48.1996,47.0871,47.742,55770.912397111
2007-03-06,47.8064,48.525,47.4158,48.525,122767.25708884
2007-03-07,48.7232,50.2933,48.6572,49.9654,8010.8223435874
2007-03-08,49.7028,49.7028,48.3953,48.3953,142588.0949424
2007-03-09,49.4426,49.4426,48.4614,48.7232,83130.363248527
2007-03-12,48.3953,48.7232,48.3953,48.5919,11765.783242141
2007-03-13,48.7232,48.9843,48.525,48.5919,70041.198371652
2007-03-14,48.525,48.5585,48.003,48.003,11752.633108463
2007-03-15,48.2656,48.6572,48.2656,48.33,17698.884464529
2007-03-16,48.3953,48.7232,47.8064,48.0683,10827.341884177
2007-03-19,48.0683,48.3619,47.9695,48.003,85862.004653556
2007-03-20,48.0683,48.3953,47.7738,48.0683,14982.784126575
2007-03-21,48.0683,48.9508,48.0683,48.6572,34344.562768083
2007-03-22,48.9198,49.7028,48.8202,49.0503,60524.08798853
2007-03-23,49.4744,49.4744,48.7232,49.3765,91809.45147632
2007-03-26,49.1799,49.3765,48.9843,49.0503,3540.9723596039
2007-03-27,48.8537,49.6392,48.7232,49.0503,105027.72675658
2007-03-28,49.0503,49.7028,48.5585,49.5087,80384.376243122
2007-03-29,49.5731,49.6392,48.7232,49.3765,82221.808558014
2007-03-30,49.6392,50.3577,49.3765,49.7028,107502.34282153
2007-04-02,49.7028,50.3577,49.1799,49.9328,7809.9839383161
2007-04-03,49.1147,51.9906,49.1147,50.8814,24556.081444505
2007-04-04,51.2721,51.339,50.8814,51.0763,17386.86765634
2007-04-05,51.5999,51.7631,50.4883,51.6652,8691.0428947739
2007-04-10,51.9596,51.9906,51.1407,51.9906,48899.369816758
2007-04-11,51.9596,51.9596,51.175,51.4695,123749.93071464
2007-04-12,51.533,51.533,50.75,50.8144,58601.777538077
2007-04-13,50.6848,51.9906,50.6848,51.6652,42525.141382792
2007-04-16,51.6652,51.9906,51.175,51.6652,138988.5447146
2007-04-17,51.1407,51.9278,51.0763,51.9278,137279.02733639
2007-04-18,51.9278,52.3184,51.9278,51.9906,23476.575016172
2007-04-19,51.0763,51.9596,51.0763,51.8944,1434.5600376518
2007-04-20,51.2076,52.3184,51.2076,52.3184,80058.013834556
2007-04-23,52.648,52.9726,51.9906,52.7116,29736.038647126
2007-04-24,51.9278,52.5494,51.9278,52.5494,240129.80923584
2007-04-25,52.648,53.9547,52.648,53.6259,38443.818075673
2007-04-26,53.8242,53.9547,53.3005,53.4637,79444.73941846
2007-04-27,52.8095,53.6259,52.8095,52.8095,27673.858593002
2007-04-30,52.9074,53.6259,52.3184,53.6259,22423.368855196
2007-05-02,52.4489,53.6259,52.4489,53.6259,15635.508943707
2007-05-04,52.9726,53.6259,52.9074,53.5615,109393.57113784
2007-05-07,52.9726,53.6259,52.9726,53.4963,32910.002730431
2007-05-08,53.0052,53.5298,53.0052,53.3993,9560.1471842513
2007-05-09,52.9726,53.5615,52.3519,53.1692,111331.42265536
2007-05-10,53.3005,53.5298,53.0052,53.5298,49226.927692022
2007-05-11,52.8756,54.2809,52.648,54.2809,7584.040732386
2007-05-14,54.2809,55.5883,54.2809,55.5231,8763.9663633546
2007-05-15,55.6535,57.3558,55.5231,56.3738,639863.98639403
2007-05-16,56.3738,56.7669,55.9162,56.2425,1115114.5994009
2007-05-17,56.2425,56.8314,56.0459,56.2107,97373.153489013
2007-05-18,56.2425,56.2425,55.6535,55.6535,152875.08587907
2007-05-21,56.1446,56.1446,55.6535,55.851,404469.42074914
2007-05-22,56.4583,56.4583,55.242,55.9856,152345.49413183
2007-05-23,56.122,57.0681,55.7832,56.4583,1041060.2193239
2007-05-24,56.8648,59.1643,56.8648,58.8247,432782.85402559
2007-05-25,59.028,60.3815,58.8247,60.1112,52115.175234495
2007-05-28,60.1112,62.7479,59.7733,62.7479,18624.175688815
2007-05-29,61.6989,64.9127,61.6989,64.9127,93687.529658946
2007-05-30,63.6939,67.4816,63.6939,67.4816,66328.07880753
2007-05-31,67.0081,69.306,66.9738,69.306,103332.55497876
2007-06-01,69.306,70.7306,68.293,70.7306,111911.22400392
2007-06-04,69.6439,70.7306,67.7183,70.0187,229246.28041686
2007-06-05,69.1361,70.9262,68.6644,69.306,764752.00140521
2007-06-06,67.6163,70.2529,66.2636,70.2529,213353.74613307
2007-06-08,67.6163,69.9843,66.8057,69.9843,222557.6442413
2007-06-11,69.9843,69.9843,68.4954,68.7665,41700.269361142
2007-06-12,68.968,68.968,68.293,68.968,42525.141382792
2007-06-13,68.6309,68.6309,67.2774,67.2774,122140.83253907
2007-06-14,67.075,69.3403,66.9395,68.6979,159945.07593129
2007-06-15,68.6979,69.306,67.8187,68.2244,162760.40000518
2007-06-18,67.6163,69.6439,67.6163,69.6439,104243.50060267
2007-06-19,68.7665,69.6439,68.3591,69.306,68503.828197969
2007-06-20,69.306,69.306,68.293,69.306,111400.75972385
2007-06-21,68.968,69.306,68.3256,68.902,125245.45955389
2007-06-22,68.293,69.306,67.9526,69.306,54690.21050208
2007-06-25,68.3591,69.306,68.293,69.306,34501.168905526
2007-06-26,68.4954,69.6439,68.4954,69.6105,112127.60347626
2007-06-27,68.968,69.6105,67.3461,67.3461,116948.92066947
2007-06-28,67.9526,68.968,66.3306,67.6163,87853.652172496
2007-06-29,67.2106,67.9526,66.9395,67.8187,79673.073557786
2007-07-02,66.9395,68.8334,66.9395,68.6309,59442.190626801
2007-07-03,68.6309,69.306,68.6309,69.306,96617.61853585
2007-07-04,69.306,72.6896,68.3591,72.6896,25253.038529464
2007-07-05,72.652,72.652,69.306,70.9966,20230.882930985
2007-07-06,70.9966,71.6708,69.9843,70.9966,60396.17305184
2007-07-09,69.6439,70.9966,68.5958,68.5958,46265.756680969
2007-07-10,69.6105,69.8138,66.9395,67.6163,74652.113426005
2007-07-11,67.075,67.6163,65.9257,65.9257,165322.28513909
2007-07-12,65.9257,67.9526,65.6555,67.9526,75591.750250667
2007-07-13,67.6163,67.9526,67.2774,67.751,15267.30520071
2007-07-16,66.5004,67.6163,65.7233,67.5486,11438.225366877
2007-07-17,66.3306,67.0416,66.298,66.7371,12662.383265673
2007-07-18,66.0278,67.6163,65.9926,66.4669,5049.6513325344
2007-07-19,68.8334,68.8334,66.671,67.6163,16689.910571381
2007-07-20,67.0416,68.902,65.3159,65.3159,15292.410001368
2007-07-23,63.9642,67.6163,63.8963,67.6163,95893.165716836
2007-07-24,64.7772,67.6163,64.7772,67.6163,83075.371780417
2007-07-25,67.2774,67.2774,65.9257,65.9257,15648.659077385
2007-07-26,66.8726,67.6163,65.2498,65.9257,66812.242820237
2007-07-27,65.116,65.8571,65.116,65.5526,26251.25322233
2007-07-30,65.1812,66.0278,65.0466,65.7576,40375.69225971
2007-07-31,65.116,65.7576,64.9788,65.7233,13573.328889582
2007-08-01,65.6882,65.6882,62.9503,64.3021,48743.959146013
2007-08-02,64.2686,64.9127,64.1658,64.3021,866.71335608131
2007-08-03,64.3021,64.3021,62.241,64.1339,7200.2959223141
2007-08-06,64.1339,64.1339,60.9904,60.9904,56055.433471245
2007-08-07,61.0908,62.2067,61.0908,61.7349,70154.767707966
2007-08-08,61.6989,61.6989,58.9611,59.1643,30006.214120884
2007-08-09,59.1643,59.3676,56.8991,57.3048,23872.274493224
2007-08-10,56.7301,56.7301,52.469,54.0919,77680.230572148
2007-08-13,54.0919,54.2968,53.2812,53.8903,46779.807361128
2007-08-14,54.0919,55.4453,52.469,55.4453,236928.34941848
2007-08-16,52.8078,54.0258,51.1173,53.9589,61463.724813192
2007-08-17,53.9589,57.4747,53.078,57.4747,35911.819609217
2007-08-20,58.4885,59.1643,58.1497,58.5202,85506.951044237
2007-08-21,59.7047,59.7047,56.0542,58.4885,141036.37916834
2007-08-22,58.4885,62.5112,58.4885,62.5112,35355.927594627
2007-08-23,62.9177,64.2352,60.8541,62.8834,22250.02618398
2007-08-24,63.1879,63.2213,61.6663,63.2213,23104.784873081
2007-08-27,62.8834,63.8303,62.8834,63.1544,70440.484248799
2007-08-28,63.5258,63.5258,62.0712,62.8834,11610.372571395
2007-08-29,60.9904,62.2067,60.8541,61.53,19988.203191282
2007-08-30,60.9904,62.8834,60.8541,60.8541,36762.991898224
2007-08-31,62.0712,62.9177,61.4981,62.0712,126053.59504177
2007-09-03,62.2067,62.2067,60.8541,62.0712,32453.334451778
2007-09-04,61.53,62.0712,61.53,61.8696,16731.751905812
2007-09-05,61.6663,61.9356,61.3953,61.8696,539.15548081748
2007-09-06,61.8696,61.9356,61.3292,61.8001,3613.8958281845
2007-09-07,61.8696,62.0712,60.8875,61.6663,1864.9280489474
2007-09-10,61.632,61.632,60.0435,61.3292,2332.3555278823
2007-09-11,60.8541,60.8541,60.1773,60.7863,2731.6414050287
2007-09-12,61.3292,61.6989,58.8916,59.2321,8322.8391517766
2007-09-13,59.1978,59.2321,57.1693,58.1497,30874.122943663
2007-09-14,58.1497,58.1497,57.5064,57.9807,6728.086576587
2007-09-17,57.9807,59.5692,57.5064,59.5692,6502.1433706569
2007-09-18,59.8402,59.9071,58.8916,59.9071,6471.0612365078
2007-09-19,60.1773,60.8206,59.9071,60.7528,91865.638411128
2007-09-20,60.8206,61.8696,59.8402,61.8696,151635.3869132
2007-09-21,62.2067,62.5454,61.7349,62.2067,34913.604916351
2007-09-24,62.1389,62.1389,61.2263,61.8696,24214.177968865
2007-09-25,61.8696,62.2067,61.1937,62.2067,15280.455334388
2007-09-26,62.2067,62.2067,61.5977,62.2067,107588.41642379
2007-09-27,62.4091,62.8834,60.1773,61.53,102666.68002795
2007-09-28,60.348,61.53,60.348,61.53,18111.320475354
2007-10-01,60.9218,62.1724,60.8541,62.1724,5107.0337340405
2007-10-02,62.1724,62.1724,61.0582,62.1724,24656.500647141
2007-10-03,61.1937,61.53,61.0582,61.0582,22350.445386615
2007-10-04,61.0582,61.0582,60.1773,60.8206,87341.992425733
2007-10-05,60.348,60.348,58.7586,58.7586,26777.258569469
2007-10-08,58.8916,60.1773,58.8247,59.1301,4039.4819726879
2007-10-09,59.8059,60.1773,59.1643,59.5031,53905.984348163
2007-10-10,60.1773,60.5153,59.5692,59.9071,677780.60365587
2007-10-11,59.8402,60.7863,59.7047,60.6517,6303.6958987817
2007-10-12,60.7186,60.7186,59.6378,60.348,9218.243708611
2007-10-15,60.2451,60.5153,60.1773,60.3815,4582.2238535995
2007-10-16,60.8541,60.8541,60.4492,60.4492,3129.7318154771
2007-10-17,60.7863,60.7863,59.8402,60.7863,36366.096954474
2007-10-18,60.0761,60.7528,60.0761,60.1773,18978.033831436
2007-10-19,60.1773,60.8875,59.7047,60.7863,156173.37849896
2007-10-22,60.9218,60.9218,59.028,59.1643,2530.8029997574
2007-10-23,59.7733,60.6182,59.1643,60.1773,6289.3502984052
2007-10-24,59.4011,60.1773,59.1643,60.0761,4823.7081266042
2007-10-25,58.9285,60.1773,58.9285,60.1773,17187.224717767
2007-10-26,60.4492,60.4492,59.5031,60.0435,29463.472239972
2007-10-29,60.1773,60.1773,59.3676,60.1773,1251.6536328512
2007-10-30,59.1978,60.4141,59.0966,59.5031,13744.280627402
2007-10-31,60.1112,60.3815,58.9611,59.8402,83870.357134616
2007-11-02,59.5031,59.5031,58.4885,58.4885,7256.4828571221
2007-11-05,57.5424,58.1497,55.851,57.5064,34246.534498843
2007-11-06,56.8648,58.4885,56.8648,58.4885,75704.124120283
2007-11-07,58.5202,59.7733,56.1889,58.4199,31599.771229375
2007-11-08,56.4934,58.4199,56.4583,58.4199,9774.1357232011
2007-11-09,57.8452,57.8452,56.1889,56.6623,6728.086576587
2007-11-12,56.122,56.6623,54.2968,56.6623,24131.6907667
2007-11-13,55.8167,57.1351,55.5825,55.7163,70341.260512861
2007-11-14,56.122,56.122,55.513,55.5825,18466.374084673
2007-11-15,55.5825,55.7832,53.078,54.7017,15009.084393932
2007-11-16,53.4159,55.7163,52.0985,54.7017,9717.948788393
2007-11-19,56.1547,56.1547,53.6201,54.0919,72801.530977434
2007-11-20,54.0919,54.0919,51.5238,51.5238,18466.374084673
2007-11-21,51.9303,54.0919,49.3598,49.7646,54947.235842159
2007-11-22,50.3067,52.74,48.346,52.74,122781.60268923
2007-11-23,52.74,54.1261,52.2332,54.0592,16389.848430172
2007-11-26,52.74,53.7539,52.74,53.6879,6644.403907724
2007-11-27,52.74,52.74,52.0985,52.74,3971.3403708995
2007-11-28,53.078,54.0919,51.7262,54.0919,10742.463748616
2007-11-29,54.1261,55.4453,54.0919,54.1261,6387.3785676447
2007-11-30,54.7686,56.797,54.4306,56.797,9760.9855895226
2007-12-03,56.797,56.8648,55.4453,55.9856,12705.420066803
2007-12-04,55.242,55.9856,54.5662,55.9856,55103.841979603
2007-12-05,54.9041,60.1773,54.9041,59.8402,77584.593236305
2007-12-06,59.8402,60.1773,58.4885,59.5031,68974.842076998
2007-12-07,58.5537,59.3676,58.2844,58.5537,6871.5425803522
2007-12-10,58.5537,60.1773,58.0828,58.0828,90286.426903013
2007-12-11,58.1497,58.8247,55.6477,55.9856,88521.918056702
2007-12-12,55.4453,55.6477,53.7539,54.0919,50934.054136828
2007-12-13,54.6682,54.6682,52.8078,53.4159,37204.119109802
2007-12-14,54.7686,55.4453,52.4373,52.6731,34700.8118441
2007-12-17,54.4306,54.4306,51.4552,52.6731,11982.162714487
2007-12-18,54.7686,54.7686,50.9826,51.0512,170685.14874651
2007-12-19,53.078,53.078,50.3745,53.078,80187.124237945
2007-12-20,50.7116,51.1173,50.4748,50.7116,93318.130449251
2007-12-21,52.0308,52.0308,50.1386,50.1721,188057.67080248
2007-12-27,52.74,52.74,49.1573,50.7116,297281.48566919
2007-12-28,52.74,52.74,49.0218,49.0218,1063841.0327218
2008-01-02,49.3598,51.3883,49.3598,51.0512,27987.070867889
2008-01-03,51.3883,51.3883,49.3598,50.3067,206240.71927972
2008-01-04,49.6985,51.4226,49.6985,50.0357,80470.449845381
2008-01-07,50.0357,50.3745,48.8194,49.0888,195101.36058734
2008-01-08,48.6831,49.0888,47.9394,48.0072,69941.974635715
2008-01-09,48.0072,48.0072,44.4914,45.573,50194.060250739
2008-01-10,45.9795,45.9795,41.9217,41.9217,113890.91685588
2008-01-11,43.24,43.24,41.1111,41.3136,251711.49060648
2008-01-14,42.4629,42.4629,40.2998,40.9765,215374.08485277
2008-01-15,41.245,41.245,40.4001,40.5691,106450.33212726
2008-01-16,37.5945,40.5014,37.5945,38.5406,1128660.4325564
2008-01-17,39.8263,39.8263,38.4728,39.2516,198501.26787659
2008-01-18,39.1495,40.5691,38.6083,40.0965,68775.199138424
2008-01-21,40.2312,40.2312,38.5406,38.5406,62570.72697558
2008-01-22,35.295,41.5838,35.295,41.5838,34246.534498843
2008-01-23,42.3951,43.6115,39.2173,42.2605,76429.772405995
2008-01-24,44.3559,44.3559,43.1379,43.9502,185524.47686932
2008-01-25,43.9502,43.9502,42.5976,42.5976,11339.00163094
2008-01-28,42.4629,42.4629,40.5691,40.6034,18267.926612798
2008-01-29,42.1249,42.1249,41.1789,41.3136,4296.5073127672
2008-01-30,42.1249,42.5306,41.6515,41.6515,9403.5410468077
2008-01-31,41.6173,41.6173,39.2173,40.8058,213965.82508246
2008-02-01,40.9765,41.3813,40.5691,40.9071,4353.8897142733
2008-02-04,41.4148,41.6515,40.9071,40.9071,23446.688348721
2008-02-05,40.9421,41.245,40.5691,40.5691,25097.627858719
2008-02-06,40.1643,40.1643,39.0149,39.1495,7200.2959223141
2008-02-07,40.1643,40.1977,38.5406,39.1495,9092.7197053165
2008-02-08,39.5561,39.5561,38.7773,38.9463,3671.2782296906
2008-02-11,38.9463,39.5561,38.9463,39.3194,2844.0152746447
2008-02-12,39.5561,40.5691,39.3194,40.5691,195797.12220561
2008-02-13,41.245,42.5976,40.9071,42.4629,58348.338598092
2008-02-14,43.2744,43.6115,42.5641,42.7666,3754.9608985536
2008-02-15,42.4972,42.9363,42.4972,42.5976,101228.5335902
2008-02-18,42.5976,42.7339,42.4629,42.5976,1434.5600376518
2008-02-19,42.5976,43.6115,42.2605,42.5976,13217.079813565
2008-02-20,40.9765,41.245,39.2173,39.2173,25027.095323534
2008-02-21,39.8924,40.2312,38.8451,38.8451,59712.366100559
2008-02-22,38.8785,38.9798,37.5619,38.1357,73056.165384117
2008-02-25,38.2035,38.2035,37.3921,37.8639,66613.795348362
2008-02-26,38.4067,38.4067,37.5945,37.8639,5419.0505422298
2008-02-27,37.6623,38.2035,37.188,37.3921,6714.9364429086
2008-02-28,38.2035,38.2035,37.3921,37.6271,226030.47499912
2008-02-29,37.6271,37.7309,37.1211,37.1211,4480.6091842659
2008-03-03,35.7015,36.7832,35.5326,36.5138,6346.7326999113
2008-03-04,36.7832,36.7832,34.8893,34.8893,8893.0767667432
2008-03-05,35.1603,35.837,34.8893,35.1603,12718.570200481
2008-03-06,35.2281,35.8028,35.0256,35.1603,16260.738026783
2008-03-07,34.8215,35.1603,34.1457,34.6191,5762.1494845681
2008-03-10,33.9441,35.1938,33.9441,34.6877,103744.99098958
2008-03-11,34.6877,35.1603,34.6877,35.0256,314723.34479364
2008-03-12,35.4991,35.837,35.4991,35.837,80540.982380565
2008-03-13,35.5668,35.7693,34.8215,35.4305,70368.756246916
2008-03-14,34.8215,35.3627,34.8215,34.957,25467.027068414
2008-03-17,34.4844,34.7546,33.6731,34.4844,4751.9801247217
2008-03-18,34.4844,35.1603,34.4844,35.1603,1195.4666980432
2008-03-19,35.1603,35.1603,34.3489,34.6543,24840.602518639
2008-03-20,34.1457,34.4175,34.011,34.1457,93203.365646239
2008-03-25,35.2281,35.837,35.1603,35.837,8763.9663633546
2008-03-26,35.3627,35.6681,35.1603,35.1603,54064.981419003
2008-03-27,36.0738,37.0542,35.7015,36.3105,59699.215966881
2008-03-28,36.3431,36.6485,35.4991,35.4991,10698.231480788
2008-03-31,35.8714,35.9048,35.4991,35.8378,14498.620113868
2008-04-01,35.5668,36.175,35.4991,35.837,102836.43629907
2008-04-02,36.5464,36.5799,35.8705,36.3783,52727.254183893
2008-04-03,36.4452,36.4452,35.9709,35.9709,179878.28765446
2008-04-04,35.837,36.4117,35.837,36.4117,30901.618677718
2008-04-07,36.7146,37.188,36.2085,36.6485,15678.545744836
2008-04-08,36.3783,36.4452,35.837,35.9709,1678.4352440526
2008-04-09,35.9709,35.9709,35.6338,35.6338,1195.4666980432
2008-04-10,36.0403,36.0403,35.1603,35.295,32352.915249143
2008-04-11,35.837,35.837,34.8893,35.4991,13814.813162587
2008-04-14,35.1603,35.4648,34.7881,35.4305,328.75334196188
2008-04-15,35.1603,35.4305,34.4844,35.4305,9646.2207865105
2008-04-16,34.7546,35.3627,34.7546,35.1603,28510.685281632
2008-04-17,35.1603,35.1603,34.5522,34.6191,2447.1203308944
2008-04-18,34.5522,35.0256,34.4844,34.7546,2830.8651409663
2008-04-21,35.5326,35.5326,34.5848,34.7546,3728.6606311967
2008-04-22,34.6877,34.6877,32.9972,33.402,13131.006211306
2008-04-23,34.1457,34.1457,33.402,33.4355,15862.647616335
2008-04-24,33.2682,33.6731,33.2682,33.6731,140480.48715375
2008-04-25,33.6053,34.4844,33.6053,33.842,13303.153415825
2008-04-28,33.842,34.1457,33.2682,34.1457,3200.2643506616
2008-04-29,33.8755,33.9441,33.4698,33.504,25336.721198327
2008-04-30,33.8086,33.8086,33.1327,33.7065,2745.9870054052
2008-05-05,33.8086,34.6191,33.8086,34.4844,35953.660943649
2008-05-06,35.0256,35.0256,34.2134,34.7881,4908.5862621653
2008-05-07,34.8215,36.3105,34.8215,35.97,15790.919614452
2008-05-08,35.97,36.5138,35.7015,36.0394,928908.70651371
2008-05-09,36.4452,37.188,35.8378,36.8509,9289.9717104936
2008-05-12,37.1955,37.9911,36.6075,36.8843,7086.726586
2008-05-13,37.1613,37.2993,36.9203,36.9203,19236.254638213
2008-05-14,37.6464,37.6464,36.6777,36.6777,17842.340468295
2008-05-15,36.6777,36.6777,36.0562,36.0562,112921.39336376
2008-05-16,36.0562,36.6075,34.881,36.0562,285373.44188998
2008-05-19,35.5719,36.0562,35.2616,35.607,30803.590408479
2008-05-20,35.607,35.8822,35.2958,35.469,57847.438051612
2008-05-21,35.3652,35.8488,34.7438,35.1578,19904.520522419
2008-05-23,35.2616,35.2616,34.6057,35.2281,85677.902782057
2008-05-26,35.0198,35.5042,34.6057,35.2281,3741.8107648752
2008-05-27,35.2281,35.7802,34.881,35.7108,1251.6536328512
2008-05-28,35.2616,35.7108,35.2616,35.3652,2106.4123219521
2008-05-29,35.9525,35.9525,35.3652,35.5042,102309.23548523
2008-05-30,35.9525,36.1256,35.5719,35.7108,11410.729632822
2008-06-02,36.0211,36.2628,35.7458,36.2628,3971.3403708995
2008-06-03,35.9182,37.2993,35.7458,37.2993,7071.1855189254
2008-06-04,35.9876,36.4009,35.7108,35.7108,1579.211508115
2008-06-05,35.5719,35.607,35.4004,35.4338,145277.895013
2008-06-06,35.8822,35.8822,35.5719,35.7108,141418.92851172
2008-06-09,35.4338,35.4338,34.6752,35.1578,72787.185377057
2008-06-10,34.881,35.5042,34.881,34.881,223698.11947124
2008-06-11,35.0892,35.0892,34.1908,34.1908,8308.4935514001
2008-06-12,33.9851,33.9851,33.2933,33.8453,79345.515682522
2008-06-13,33.8253,33.8253,33.2255,33.7767,53905.984348163
2008-06-16,33.3685,34.4677,33.3685,34.1214,1011.3648265445
2008-06-17,33.9851,34.1214,33.6739,33.7073,7482.4260630523
2008-06-18,33.5701,33.5701,33.2933,33.3142,71151.786934134
2008-06-19,33.2933,33.7767,33.2933,33.4321,609.68801600202
2008-06-20,33.4321,33.5007,33.2255,33.2255,4595.373987278
2008-06-23,33.3627,33.3627,32.6023,32.8098,84680.883555889
2008-06-24,32.466,32.466,31.7734,31.7734,1994.038452336
2008-06-25,31.7667,32.6726,29.7022,30.394,168295.41081712
2008-06-26,30.6684,31.0832,29.8394,30.7386,53837.842746375
2008-06-27,29.8068,30.3229,29.1836,29.294,58532.44046959
2008-06-30,29.3551,29.4262,28.6666,28.6666,224721.43896476
2008-07-01,28.6666,29.0113,28.4926,28.6666,7838.6751390692
2008-07-02,28.6666,29.0113,28.5269,28.6666,72573.196838108
2008-07-03,28.1128,28.6666,27.9748,28.6666,111870.57813619
2008-07-04,28.2518,29.2187,28.0442,28.0442,190831.15354194
2008-07-07,28.0652,29.2036,27.6352,28.1128,17273.298320026
2008-07-08,28.2518,28.2518,27.4228,27.9598,16932.590311084
2008-07-09,27.657,29.0807,27.657,28.6666,102635.5978938
2008-07-10,29.1485,29.1485,28.4658,28.5955,5503.9286777908
2008-07-11,28.5955,28.874,28.1823,28.1823,9575.6882513259
2008-07-14,28.4592,28.9351,28.3195,28.3195,29294.911435548
2008-07-15,28.1823,28.3195,27.6294,27.6294,72644.92483999
2008-07-16,27.7666,27.9062,27.2144,27.2847,72858.91337894
2008-07-17,27.8368,29.2873,27.8368,28.8791,4099.2553075901
2008-07-18,29.0113,29.5282,28.3898,29.5282,9162.056773803
2008-07-21,28.6784,30.9461,28.6784,30.9461,8252.3066165921
2008-07-22,30.7386,30.9461,29.9089,30.1238,88708.410861596
2008-07-23,31.0832,31.0832,30.394,30.7386,172123.29518426
2008-07-24,31.3944,31.4288,30.7386,30.7386,68677.170869185
2008-07-25,30.394,31.3593,30.3229,30.8758,3031.7035462375
2008-07-28,32.3272,32.3272,31.3593,31.9122,10528.475209666
2008-07-29,31.6362,31.9122,31.0832,31.7734,74195.445147352
2008-07-30,32.2242,33.1561,32.2242,33.0172,13912.841431827
2008-07-31,32.8508,33.0097,32.466,32.9494,6545.1801717864
2008-08-01,32.609,33.0172,32.5688,32.8792,4467.4590505874
2008-08-04,33.6387,34.1908,33.6387,33.9851,6871.5425803522
2008-08-05,34.0528,34.1908,33.9851,34.1908,149346.06818644
2008-08-06,34.4677,34.4677,33.8453,34.0528,43821.027283471
2008-08-07,34.0528,34.881,33.9851,34.4677,15478.902806263
2008-08-08,34.5354,34.5354,33.9157,33.9157,175920.09741724
2008-08-11,34.0528,34.0528,33.2933,33.3008,783.03068721829
2008-08-12,33.6387,33.8453,33.3284,33.3284,2204.4405911916
2008-08-13,34.7438,35.2281,33.8453,33.8453,19021.070632565
2008-08-14,33.8453,34.2878,33.8453,33.8453,17471.745791901
2008-08-18,34.1967,34.1967,33.5701,33.8453,1123.7386961606
2008-08-19,33.5701,33.7767,33.5007,33.6387,49456.457298047
2008-08-20,33.3627,33.6387,33.3627,33.6387,796.18082089676
2008-08-21,33.6387,33.6387,33.5701,33.6387,2118.3669889325
2008-08-22,33.8453,34.2603,33.7149,33.9157,306074.1432333
2008-08-25,34.1908,34.1908,33.8797,33.8797,30489.182666893
2008-08-26,33.6387,33.8453,33.5351,33.5351,61463.724813192
2008-08-27,33.5007,33.8453,33.5007,33.8453,3558.9043600746
2008-08-28,33.7073,33.8453,33.5007,33.8387,9092.7197053165
2008-08-29,34.0879,34.0879,33.5007,33.8797,114942.92755016
2008-09-01,33.8453,34.0947,33.8453,33.9909,89632.506619184
2008-09-02,34.1013,35.2281,34.0469,35.0892,233585.82453075
2008-09-03,35.2281,35.8488,34.8132,35.6422,119710.44874195
2008-09-04,35.6422,35.8822,35.5719,35.5719,202099.62263769
2008-09-05,35.0892,35.5042,34.6057,35.2281,6585.8260395199
2008-09-08,34.9863,38.4737,34.881,38.4737,53965.757683065
2008-09-09,37.9207,38.4386,37.2993,37.2993,53240.109397353
2008-09-10,36.6075,36.6777,36.3331,36.4009,16589.491368745
2008-09-11,36.6075,37.6464,35.9182,37.0917,3870.9211682638
2008-09-12,37.2993,37.2993,36.1591,36.6075,90018.642362652
2008-09-15,36.0562,36.2628,35.0892,35.3652,195897.54140824
2008-09-16,34.881,35.2281,34.881,34.881,118613.01031315
2008-09-17,34.6752,35.1938,34.6752,34.881,144210.34325164
2008-09-18,34.4677,35.0892,33.8797,35.0892,66341.228941208
2008-09-19,35.5719,36.6777,35.5719,36.3674,99860.919687641
2008-09-22,37.1613,37.1613,35.9182,36.4711,40902.893073548
2008-09-23,35.9182,35.9182,35.607,35.6422,55145.683314034
2008-09-24,35.607,36.7471,35.607,35.9182,35157.480122752
2008-09-25,35.9182,37.0232,35.7108,36.6075,179765.91378485
2008-09-26,36.574,36.8509,36.2628,36.6777,565171.2271003
2008-09-29,36.4711,36.4711,34.5354,34.5354,130082.31781417
2008-09-30,33.5007,35.2958,33.5007,35.2958,139826.56686992
2008-10-01,35.5042,35.7108,34.5714,35.0549,43177.866199924
2008-10-02,35.0892,35.1578,33.4321,33.4321,208631.6526758
2008-10-03,34.5229,35.2281,33.8797,34.1214,90884.160252035
2008-10-06,33.8453,33.8453,31.1527,31.1527,16148.364157167
2008-10-07,31.4288,31.8094,31.2229,31.6362,347830.59952924
2008-10-08,30.3856,31.6362,29.9089,30.3856,945598.61708508
2008-10-09,29.9089,30.4617,29.9089,30.1154,1049485.8686117
2008-10-10,28.7344,29.6872,28.3898,28.506,14041.951835215
2008-10-13,29.5633,29.6604,28.8038,29.2873,54092.477153058
2008-10-14,32.1196,32.1196,29.0113,29.0113,258782.67612541
2008-10-15,29.4262,29.9984,29.0113,29.0113,61675.322418746
2008-10-16,29.7022,29.7022,28.0442,29.0113,4339.5441138968
2008-10-17,29.9707,30.0477,25.6259,26.2475,176689.97797078
2008-10-20,27.0756,28.6666,26.7318,28.3195,57365.6649723
2008-10-21,28.3195,28.874,27.6294,28.5955,319191.99931093
2008-10-22,27.9338,27.9406,26.5922,26.5922,73384.918726079
2008-10-23,26.2475,26.2475,25.2119,25.2119,7071.1855189254
2008-10-24,25.4879,25.8335,23.9688,24.4524,238465.71959217
2008-10-27,24.0374,24.1755,22.7936,24.1755,414202.9106046
2008-10-28,24.2441,25.2119,24.1755,24.1755,358630.44567938
2008-10-29,25.2462,26.9384,25.2462,26.5922,227481.77157054
2008-10-30,27.007,27.9748,27.007,27.2847,199198.22496154
2008-10-31,28.1823,28.1823,27.1467,27.2847,139671.15619918
2008-11-03,27.6294,27.9748,27.2847,27.2847,5037.696665554
2008-11-04,27.36,27.6645,27.222,27.4914,202626.82345153
2008-11-05,27.9062,27.9062,27.1467,27.2847,52954.392856521
2008-11-06,26.9384,27.6294,26.4884,26.9384,135600.59209234
2008-11-07,26.5922,27.4646,26.5922,27.2847,4864.3539943377
2008-11-10,27.4646,27.5608,27.2847,27.2847,9661.761853585
2008-11-12,27.3534,27.4914,26.5922,26.905,249676.80628641
2008-11-13,26.5302,26.905,26.4474,26.7234,35427.65559651
2008-11-14,27.8368,27.9748,27.6294,27.6294,100544.72663892
2008-11-17,27.8368,27.8368,27.6294,27.6294,25239.888395786
2008-11-18,26.9535,27.5608,26.9384,26.9384,3342.5248877287
2008-11-19,26.9384,27.4914,26.7318,27.2847,68306.576192791
2008-11-20,26.9384,27.6227,26.2475,26.9384,248196.81851424
2008-11-21,25.6402,29.0037,25.6402,27.6294,193036.78959982
2008-11-24,27.7666,29.2873,27.7666,28.6666,430620.25476883
2008-11-25,29.0246,31.0832,29.0246,29.7022,1323021.7992577
2008-11-26,29.7022,30.4617,29.0113,29.0113,27928.492999685
2008-11-27,29.2873,30.394,28.3195,29.0807,43479.123807831
2008-11-28,29.4939,29.5633,28.6666,28.9418,123265.76670193
2008-12-01,28.6666,28.7344,28.3195,28.3195,232887.6719791
2008-12-02,28.0442,30.394,26.9384,29.3551,161978.56478466
2008-12-03,29.9791,30.394,29.0113,29.3551,250487.33270768
2008-12-04,30.0477,30.0477,29.0807,29.2187,134406.320861
2008-12-05,29.1485,30.0477,29.0113,29.0113,16276.279093858
2008-12-08,29.1485,30.0477,29.1485,30.0477,166349.19103271
2008-12-09,30.394,30.5303,30.0535,30.394,25636.783339536
2008-12-10,30.3229,30.5998,29.7022,29.7022,57022.566029962
2008-12-11,30.6625,30.7386,29.5215,29.7022,81210.44373147
2008-12-12,29.6947,29.6947,28.7344,29.3501,214066.24428511
2008-12-15,29.7022,30.0477,28.1898,29.2187,289883.9377417
2008-12-16,29.1485,29.7022,28.5412,29.7022,81423.236803721
2008-12-17,29.7022,29.7022,29.1626,29.7022,119753.48554308
2008-12-18,29.7022,29.7022,29.0113,29.0113,203723.06641363
2008-12-19,29.2187,29.4939,29.0807,29.3551,102452.691489
2008-12-22,29.0807,29.7022,29.0807,29.3551,58390.179932523
2008-12-23,29.7022,29.7708,29.0381,29.7022,114388.23100227
2008-12-29,29.7022,30.8758,29.7022,30.0477,11368.888298391
2008-12-30,30.394,30.394,29.7022,29.7022,38058.877798903
2008-12-31,30.3229,30.3229,29.3843,29.7022,52826.47791983
2009-01-05,30.2744,30.8081,29.7022,30.5379,10999.489088695
2009-01-06,29.8745,30.8616,29.8745,30.394,151210.99623539
2009-01-07,30.4617,31.0138,30.4617,30.8758,38229.829536723
2009-01-08,31.6002,31.6002,30.1154,30.394,100814.90211268
2009-01-09,30.7386,30.7386,28.3195,29.3501,45911.898538348
2009-01-12,29.7022,29.7022,28.7344,28.8657,60764.376794837
2009-01-13,30.1088,30.1088,28.644,29.7022,96831.6070748
2009-01-14,29.7022,29.7022,26.9384,26.9384,99778.432485476
2009-01-15,26.9384,26.9384,24.3469,25.2119,521790.1315617
2009-01-16,25.6963,25.6963,24.659,24.8664,210906.62580218
2009-01-19,25.5574,25.6259,24.8732,24.8732,50947.204270506
2009-01-20,25.2119,25.2119,24.1755,24.1755,82933.11124335
2009-01-21,24.1679,24.1679,22.863,23.2076,199495.89616935
2009-01-22,23.5682,23.5682,21.9647,22.7802,39195.766628742
2009-01-23,22.2833,22.2833,20.7433,20.7433,382759.74551268
2009-01-26,21.1365,21.1365,20.0449,20.101,610013.1829439
2009-01-27,20.7149,20.9985,20.1135,20.2381,482325.3849259
2009-01-28,20.7224,20.7551,20.3761,20.6455,715611.14731544
2009-01-29,20.6455,20.791,20.2381,20.7224,181088.09995289
2009-01-30,20.9223,20.9223,18.8579,18.8579,30460.49146614
2009-02-02,19.8943,19.8943,19.0093,19.0653,38372.09007379
2009-02-03,19.6518,19.6518,19.0361,19.0653,9973.7786617743
2009-02-04,19.3071,19.4033,19.0696,19.1339,238211.08518549
2009-02-05,19.2728,19.6099,18.1176,19.3406,22863.300600076
2009-02-06,19.6174,20.7224,19.3473,20.7224,137863.61055174
2009-02-09,21.3431,22.1027,21.0738,21.4276,105452.11743439
2009-02-10,21.9647,22.0684,21.4469,21.564,6004.8292242709
2009-02-11,20.7224,21.7513,20.7224,21.0671,1129201.9789706
2009-02-12,21.0671,21.4067,20.3896,20.735,45457.621193092
2009-02-13,21.2687,21.2745,20.7224,20.7224,28141.286071937
2009-02-16,20.3761,20.5142,19.7755,19.7898,101852.56720658
2009-02-17,19.824,19.824,17.5095,17.6141,73839.196071335
2009-02-18,17.2686,17.2686,15.701,16.0264,574132.44546882
2009-02-19,16.6462,16.6462,14.9883,15.8876,445745.29943248
2009-02-20,17.2,17.2,14.5065,14.7122,80484.795445757
2009-02-23,15.3354,15.4024,13.2275,13.9602,111499.98345979
2009-02-24,13.8147,13.8147,13.4693,13.4693,301976.0833924
2009-02-25,14.2915,14.2915,13.2617,13.808,78322.196188997
2009-02-26,13.4693,13.8147,13.4693,13.8147,59143.32395229
2009-02-27,13.8147,13.8147,13.4693,13.8147,47403.840977506
2009-03-02,13.5387,13.7461,13.2016,13.2016,165876.98168698
2009-03-03,13.1932,13.1932,12.5022,12.5792,61007.05653454
2009-03-04,12.9514,13.4073,12.9514,13.0618,109550.17727528
2009-03-05,13.6005,13.8004,13.1246,13.4693,107516.68842191
2009-03-06,13.4558,14.1601,13.4558,13.987,569409.15654485
2009-03-09,14.028,14.146,13.6767,13.8841,9988.1242621508
2009-03-10,13.9185,14.1601,13.5387,13.5387,15862.647616335
2009-03-11,14.0146,14.4981,13.8431,14.0915,90713.208514215
2009-03-12,14.2087,14.2087,13.7461,13.8147,219088.39988358
2009-03-13,14.2279,14.2279,13.6073,13.6073,46483.331620013
2009-03-16,14.0505,14.0505,13.6223,13.8147,54775.088637641
2009-03-17,13.7461,13.8841,13.7461,13.8147,34786.885446359
2009-03-18,13.9185,14.1601,13.8147,14.0221,228420.21292851
2009-03-19,14.2279,14.2564,13.8489,13.8489,40462.961328668
2009-03-20,13.864,13.8841,13.7528,13.808,50336.320787806
2009-03-23,13.9527,14.9197,13.9527,14.5065,165863.8315533
2009-03-24,14.9398,14.9473,14.5751,14.5817,93245.20698067
2009-03-25,14.816,14.8511,14.5751,14.7817,158406.51029091
2009-03-26,14.8578,15.1548,14.7817,14.7817,111017.01491377
2009-03-27,15.01,15.0234,14.7122,14.8511,77497.324167347
2009-03-30,15.0995,15.0995,13.8841,14.146,37560.368185819
2009-03-31,14.4713,14.6437,14.1945,14.6437,46067.309209094
2009-04-01,14.7122,14.7122,14.1601,14.4303,26434.159627131
2009-04-02,14.6437,15.189,14.5391,15.189,313771.75330199
2009-04-03,15.1966,16.0264,15.0585,15.4726,247584.73956484
2009-04-06,16.095,16.4321,15.1966,15.4726,257430.60328992
2009-04-07,15.4726,15.8791,14.7883,14.8511,157625.87053709
2009-04-08,14.6437,15.4024,14.4504,15.4024,478694.75256394
2009-04-09,15.7144,15.8189,15.3003,15.4316,321156.15109582
2009-04-14,15.5412,16.0264,15.5412,15.7219,282413.46634563
2009-04-15,15.7486,15.8189,15.3547,15.5412,263022.99650337
2009-04-16,15.8457,15.8457,15.4726,15.7144,228507.48199746
2009-04-17,15.7486,16.1627,15.5965,16.0598,190121.0463233
2009-04-20,16.0598,16.1627,15.6115,15.9553,140566.56075601
2009-04-21,15.742,16.095,15.5772,16.0264,109009.82632777
2009-04-22,16.1987,16.6462,16.0264,16.6462,156516.47744131
2009-04-23,17.1649,17.6141,16.8554,17.241,346380.49842452
2009-04-24,17.6701,18.2423,17.6701,17.8198,213197.13999562
2009-04-27,17.9595,18.3049,17.7521,18.0298,49481.562098705
2009-04-28,17.9595,18.2355,17.6207,17.9595,135074.5867452
2009-04-29,18.1661,18.3745,17.9595,17.9595,81694.607744177
2009-04-30,18.6496,18.9892,18.5819,18.9265,75761.506521789
2009-05-04,19.2026,20.2941,19.2026,20.101,90672.562646481
2009-05-05,20.6731,20.7099,18.6563,19.6174,77368.213763959
2009-05-06,19.686,20.7015,19.686,20.6873,125827.65183584
2009-05-07,20.6807,21.2544,20.6807,20.9985,201987.24876807
2009-05-08,20.6873,20.9283,20.6397,20.7224,213154.1031945
2009-05-11,20.6522,20.791,20.1762,20.7224,156045.46356227
2009-05-12,20.6522,21.3431,20.6522,21.2051,81694.607744177
2009-05-13,21.9647,22.4824,21.9647,22.2407,182949.44160174
2009-05-14,22.3453,22.3453,21.5573,21.9647,234538.61148909
2009-05-15,22.1027,22.3109,21.9647,22.1027,172621.80479734
2009-05-18,22.1387,22.7878,22.1027,22.7802,32979.339798917
2009-05-19,23.3466,24.3411,23.3466,23.7949,155832.67049002
2009-05-20,25.2813,25.2813,22.7936,24.5201,152816.50801086
2009-05-21,24.5895,24.5895,23.6234,23.6234,99948.188756598
2009-05-22,23.4152,23.4152,22.4708,22.5385,86260.095064004
2009-05-25,22.5176,22.5176,20.7978,21.8275,133127.17149409
2009-05-26,21.6886,21.8826,21.2745,21.8275,89191.379407606
2009-05-27,22.4899,23.1407,22.2407,22.3109,78293.504988244
2009-05-28,22.2407,22.587,22.1027,22.5661,133239.5453637
2009-05-29,23.1056,23.1056,21.5305,21.5305,142529.51707419
2009-06-01,21.5305,22.5803,21.5305,22.1587,269468.95293922
2009-06-02,22.27,22.7936,22.0198,22.5527,112837.7106949
2009-06-03,22.5602,22.863,22.2407,22.6915,39494.633303253
2009-06-04,22.6915,23.063,22.2758,22.863,16845.321242127
2009-06-05,22.96,23.4152,22.4708,23.4152,35226.817191239
2009-06-08,23.4846,23.4846,22.1027,22.9743,64350.776888967
2009-06-09,23.2788,23.5615,23.0705,23.5615,88865.01699904
2009-06-10,23.6928,24.7192,23.6928,24.7192,46265.756680969
2009-06-12,25.1358,25.1358,23.9688,24.459,26646.952699383
2009-06-15,24.5201,24.7978,24.4524,24.5201,38001.495397397
2009-06-16,24.459,25.1433,23.83,25.1433,28981.699160661
2009-06-17,25.1433,25.1433,24.5895,25.1358,58176.191393574
2009-06-18,24.8597,24.8664,24.5201,24.659,137520.51160939
2009-06-19,24.1069,24.659,24.1069,24.1755,26163.984153373
2009-06-22,24.28,24.3135,22.587,22.7593,43137.22033219
2009-06-23,22.1721,22.7936,22.1721,22.7744,65316.713980985
2009-06-24,22.7936,24.1755,22.7936,23.83,56568.288684705
2009-06-25,23.83,24.3135,23.83,24.3135,15110.699063266
2009-06-26,24.3695,24.5201,23.8509,24.5201,18083.824741299
2009-06-29,24.5135,24.5135,24.1069,24.1755,64306.544621139
2009-06-30,24.4524,24.8664,24.1755,24.2098,211005.84953811
2009-07-01,24.4524,24.8321,23.8368,24.7978,22749.731263762
2009-07-02,24.7619,24.8531,24.2441,24.6247,79004.80767358
2009-07-03,24.5075,24.6247,24.1755,24.5553,21384.508294596
2009-07-06,24.183,24.3469,24.1755,24.2441,24670.846247517
2009-07-07,24.2516,24.7276,24.2441,24.383,14468.733446417
2009-07-08,24.2591,24.5201,24.2516,24.5201,12817.793936419
2009-07-09,24.5201,25.5925,24.5201,25.5925,27700.158860359
2009-07-10,25.6963,25.6963,25.2813,25.5574,81694.607744177
2009-07-13,25.5574,25.5574,25.0053,25.0948,55741.02572966
2009-07-14,25.5574,26.3863,25.0948,26.3863,37803.047925522
2009-07-15,26.5922,27.6837,26.5922,27.6837,84780.107291827
2009-07-16,27.7331,27.9748,27.0756,27.9748,38867.01328678
2009-07-17,27.9748,29.5633,27.498,28.3195,44430.715299473
2009-07-20,28.4658,29.7022,28.4658,29.7022,29137.109831407
2009-07-21,29.7022,30.2543,29.7022,30.0477,23617.640086541
2009-07-22,29.7022,29.9089,29.3551,29.7022,23275.736610901
2009-07-23,29.5633,29.9089,29.3501,29.3501,873877.78800268
2009-07-24,29.3551,29.5977,29.3216,29.4178,125315.99208908
2009-07-27,29.5633,29.9089,29.5633,29.9089,171995.38024757
2009-07-28,29.9849,30.3229,29.5633,30.3229,108314.0647095
2009-07-29,30.5998,31.4288,30.0477,30.5303,211660.96528864
2009-07-30,30.7453,32.466,30.7386,32.466,43137.22033219
2009-07-31,32.8792,34.3924,32.5337,34.1908,74097.416878113
2009-08-03,34.5354,34.9512,34.0879,34.5354,228578.01453265
2009-08-04,34.4326,35.2281,33.7767,34.2603,213310.70933194
2009-08-05,34.5354,35.0198,34.1214,34.1214,320686.33268348
2009-08-06,34.4677,35.0198,33.1694,34.881,169946.35032712
2009-08-07,35.0892,35.0892,34.3288,35.0549,72218.143228789
2009-08-10,35.1578,35.9182,35.1578,35.6422,211590.43275345
2009-08-11,36.2628,36.9537,35.6422,35.9182,136968.2059949
2009-08-12,36.0562,36.9537,35.2281,36.3331,553744.95640039
2009-08-13,36.9203,37.9911,36.6434,37.9911,59981.346107619
2009-08-14,38.0596,39.9936,37.9911,38.6811,62031.571494763
2009-08-17,39.3729,39.3729,35.9876,37.2315,211619.1239542
2009-08-18,37.1955,37.1955,36.1256,36.3674,17172.87911739
2009-08-19,36.4009,36.4009,35.4004,35.9182,74850.56089788
2009-08-20,36.4009,37.9911,36.3331,37.9911,62629.304843784
2009-08-21,37.9911,41.4441,37.9911,41.4441,340264.49079734
2009-08-24,41.0308,41.0308,39.7535,40.5465,42356.580578368
2009-08-25,40.3734,40.3734,39.5796,40.2696,38813.217285368
2009-08-26,40.201,40.339,38.8886,38.8886,589313.67706727
2009-08-27,39.6138,40.0622,38.9229,39.5444,31300.904554865
2009-08-28,39.3018,41.168,39.3018,40.1316,45344.051856778
2009-08-31,40.0973,40.201,39.8547,40.201,91411.361065872
2009-09-01,40.2696,40.4085,37.7133,38.37,26546.533496747
2009-09-02,37.3687,37.3687,33.6455,35.2281,189210.10069939
2009-09-03,34.881,36.5397,34.881,35.9182,25952.386547819
2009-09-04,36.4009,37.9559,36.4009,37.6464,108184.95430612
2009-09-07,37.5753,39.9936,37.5753,39.925,24870.48918609
2009-09-08,40.1316,41.4089,39.7167,41.4089,282884.48022465
2009-09-09,40.6845,41.3747,39.5444,41.3747,21468.190963459
2009-09-10,41.7895,42.1342,39.234,39.3729,80783.662120268
2009-09-11,40.3734,41.168,40.201,41.0308,208019.5737264
2009-09-14,41.0308,41.0308,40.1316,40.6845,54137.904887584
2009-09-15,41.168,41.168,40.2696,40.4085,46483.331620013
2009-09-16,40.4419,41.0308,40.339,40.8225,46923.263364893
2009-09-17,40.9597,41.6515,40.892,41.5135,120535.3207636
2009-09-18,41.6515,44.207,41.6515,44.0356,80453.713311608
2009-09-21,43.931,44.1376,42.826,43.4818,58277.806062907
2009-09-22,42.826,45.3806,42.826,45.2425,128773.28177981
2009-09-23,45.3137,46.2096,45.2425,45.5897,50520.422659305
2009-09-24,45.2425,45.9352,44.5525,45.5897,67522.350038875
2009-09-25,45.5546,45.5897,44.6905,44.8979,40434.270127915
2009-09-28,45.2425,45.2425,44.6219,44.8979,30889.664010738
2009-09-29,45.2425,45.2425,44.5525,44.8979,56112.815872751
2009-09-30,44.8979,44.8979,42.8954,44.207,93632.538190836
2009-10-01,44.207,44.8979,44.207,44.5525,129313.63272733
2009-10-02,43.516,44.8294,42.4796,42.4796,99435.333543138
2009-10-05,43.1723,44.5525,43.1723,44.5525,40421.119994236
2009-10-06,44.5525,44.8979,43.7586,44.8979,77584.593236305
2009-10-07,45.3137,45.4509,42.9288,42.9288,42696.093120612
2009-10-08,43.516,44.4153,42.8954,43.24,21539.918965342
2009-10-09,43.24,43.378,43.102,43.24,170828.60475028
2009-10-12,43.1723,43.378,43.1354,43.378,125228.72302012
2009-10-13,43.378,43.4474,42.6871,43.3094,75833.234523671
2009-10-14,43.0334,43.378,42.7917,42.826,143155.94162398
2009-10-15,42.8954,43.378,41.4441,41.8581,120022.46555014
2009-10-16,41.6515,42.6536,41.4441,42.6536,144292.83045381
2009-10-19,43.8616,43.8616,42.6871,43.3094,115953.09691
2009-10-20,42.826,43.516,42.826,43.516,324698.31892211
2009-10-21,43.0334,43.7938,42.4796,43.5872,20803.511479347
2009-10-22,43.516,43.8616,43.1723,43.8616,222730.98691252
2009-10-23,44.0004,45.9352,44.0004,45.9352,482083.90065289
2009-10-26,45.7269,46.6261,45.0368,46.6261,143256.36082661
2009-10-27,46.5559,46.6261,44.9665,46.1418,20958.922150093
2009-10-28,45.2425,46.0029,43.8616,44.1376,77836.836709592
2009-10-29,43.4474,44.8979,42.826,44.1744,67296.406832945
2009-10-30,44.5525,45.1389,44.3458,45.1389,117190.40494248
2009-11-02,45.1389,45.5897,45.1062,45.4509,105723.48837485
2009-11-03,45.3137,45.348,44.6562,45.0368,202271.76984221
2009-11-04,44.6219,45.5897,44.6219,45.3137,233870.34560488
2009-11-05,45.4509,46.5559,45.0368,46.2096,43037.996596253
2009-11-06,46.6261,46.97,46.2799,46.6939,218733.34627427
2009-11-09,46.8327,47.5212,46.5559,47.5212,28981.699160661
2009-11-10,47.6943,50.4924,47.6943,50.423,322963.69674325
2009-11-12,50.5618,50.5618,49.7672,50.0783,140480.48715375
2009-11-13,50.0783,50.2164,49.456,49.5957,115015.85101873
2009-11-16,49.456,50.423,48.6965,50.423,26476.000961562
2009-11-17,49.9395,50.423,49.7672,49.8717,22095.810979932
2009-11-18,49.8717,50.7684,49.8717,50.1135,109979.34981988
2009-11-19,50.285,50.285,49.0771,49.3874,87597.822299114
2009-11-20,49.4217,50.6304,49.3874,49.6994,64508.578493108
2009-11-23,49.4911,51.804,49.4911,51.804,36337.405753721
2009-11-24,51.39,54.0851,50.7684,52.4949,57181.563100802
2009-11-25,52.5293,54.1203,52.1503,53.1867,61476.874946871
2009-11-26,52.8061,53.4277,48.6965,48.6965,17484.89592558
2009-11-27,48.6965,50.285,48.3518,49.6626,211432.63114932
2009-11-30,50.423,50.7684,49.5255,50.3201,58289.760729888
2009-12-01,50.8395,50.9759,49.3197,49.3197,25355.848665496
2009-12-02,49.8717,50.6998,49.3197,50.6998,85534.446778292
2009-12-03,50.6304,51.0102,50.423,51.0102,133923.35231499
2009-12-04,51.0796,51.1148,50.0783,51.0454,69131.448214441
2009-12-07,50.5618,51.4602,50.423,50.423,17585.315128215
2009-12-08,49.9395,50.597,49.8015,49.8015,43990.783554593
2009-12-09,49.7672,51.0796,49.7329,49.7329,12718.570200481
2009-12-10,49.8717,50.9064,49.7329,50.7684,33832.90302132
2009-12-11,51.4602,51.804,50.3553,51.804,100090.44929367
2009-12-14,51.7706,54.0149,50.9759,54.0149,42868.240325131
2009-12-15,53.7739,53.8074,52.9099,53.8074,20416.180269181
2009-12-16,52.945,53.7397,52.4949,53.5323,31002.037880354
2009-12-17,53.4628,53.4628,52.1503,52.4949,63708.811272117
2009-12-18,52.5293,53.4971,52.5293,53.1867,34075.582761023
2009-12-21,53.1867,53.6017,52.6339,53.6017,52500.115511264
2009-12-22,52.8413,54.2223,52.8413,53.912,51787.617359231
2009-12-23,53.3239,54.2223,53.3239,54.0149,239960.05296472
2009-12-28,53.9823,55.9497,53.9823,55.9497,67964.672717151
2009-12-29,56.0192,56.2952,54.5678,54.741,60166.643445815
2009-12-30,54.7752,54.9827,53.5323,53.8785,109693.63327904
2009-12-31,53.8785,53.8785,53.1867,53.8785,47162.356704502
2010-01-04,53.3239,53.8785,53.3239,53.4628,24344.483838951
2010-01-05,53.8785,54.5678,53.4628,54.5678,46139.037210977
2010-01-06,54.5678,54.5678,53.1867,53.8426,37886.730594385
2010-01-07,54.1889,54.2223,53.0136,53.8785,36663.768162286
2010-01-08,53.7397,54.4992,52.7375,53.4628,42283.657109787
2010-01-11,53.6017,54.2223,53.2211,54.2223,11622.327238376
2010-01-12,54.5343,54.5343,52.8413,53.3599,28028.91220232
2010-01-13,53.3239,53.3599,52.0809,52.0809,94028.237667889
2010-01-14,52.2198,53.1867,51.1148,51.1148,55758.95773013
2010-01-15,51.149,52.1503,50.9759,51.426,67339.443634075
2010-01-18,52.0809,52.0809,50.9759,51.0454,71903.735487203
2010-01-19,51.1148,51.39,50.7684,50.8395,193406.18880952
2010-01-20,51.0102,51.9078,50.8395,51.666,175508.85687312
2010-01-21,51.8408,51.9429,50.1812,50.3878,42766.625655797
2010-01-22,49.8015,49.9395,49.0771,49.7329,292999.3239568
2010-01-25,49.3874,49.3874,47.9018,48.3518,183092.8976055
2010-01-26,48.3518,48.3518,47.0051,47.66,117446.23481586
2010-01-27,47.1774,49.5957,47.1422,48.3518,161653.3978428
2010-01-28,48.9031,49.2143,48.4204,48.6965,227356.24756725
2010-01-29,48.0064,48.5233,47.7989,48.489,306457.88804337
2010-02-01,48.6965,48.6965,47.7989,48.3518,12021.613115522
2010-02-02,48.075,48.489,47.9361,48.0064,14156.716638227
2010-02-03,48.1787,48.2815,47.8324,47.9018,82491.984031772
2010-02-04,47.8324,47.8324,47.0736,47.1774,73528.374729844
2010-02-05,46.8327,46.8327,44.207,46.2799,128856.96444867
2010-02-08,46.97,46.97,45.5897,45.7963,29480.208773745
2010-02-09,45.5897,46.417,45.5897,45.7963,167740.71426923
2010-02-10,45.7963,47.5212,45.7963,46.8327,17329.485254834
2010-02-11,47.108,47.7989,46.4864,47.7989,57565.307910873
2010-02-12,47.7989,48.5233,47.7989,48.3861,45585.536129783
2010-02-15,48.3518,49.0411,48.3518,48.9733,21468.190963459
2010-02-16,49.1113,49.3531,48.8345,48.8345,29948.831719378
2010-02-17,48.8345,48.8345,46.7976,46.8327,595175.05028778
2010-02-18,47.9361,47.9361,45.7612,45.8298,123195.23416675
2010-02-19,45.7269,46.0724,44.8979,45.9352,78166.785518252
2010-02-22,46.591,47.66,46.0029,46.0029,233713.73946744
2010-02-23,46.2447,46.7625,45.348,45.348,173376.1442838
2010-02-24,45.2425,45.3137,44.8979,44.8979,86232.599329949
2010-02-25,44.8979,45.2425,44.5884,45.0703,89062.269004217
2010-02-26,45.1062,45.5897,44.9665,45.3137,57038.107097036
2010-03-01,45.9352,46.2799,45.7269,45.9352,52826.47791983
2010-03-02,46.1418,47.108,45.9352,47.108,41985.985901975
2010-03-03,47.0736,47.2117,46.417,46.5225,12080.190983726
2010-03-04,46.9356,47.108,46.3493,46.3493,56171.393740955
2010-03-05,46.6261,47.3154,46.417,47.3154,14468.733446417
2010-03-08,48.0064,48.3167,47.108,48.3167,25182.50599428
2010-03-09,48.3518,48.489,47.6258,48.489,30575.256269152
2010-03-10,48.3518,49.3531,48.0406,49.3531,77951.601512604
2010-03-11,49.0411,50.9759,49.0411,50.9759,30589.601869529
2010-03-12,50.9759,51.4602,49.1113,50.423,91754.46000821
2010-03-15,50.7684,50.7684,49.1808,49.4217,30889.664010738
2010-03-16,49.6291,49.9061,49.3874,49.8717,23176.512874963
2010-03-17,50.0089,50.423,50.0089,50.1812,28454.498346824
2010-03-18,50.1469,50.1469,49.3874,49.6626,130379.98902199
2010-03-19,49.1808,49.6626,49.1808,49.3874,109778.51141461
2010-03-22,49.3874,49.7329,49.0411,49.7329,6061.0161590789
2010-03-23,50.0783,50.6998,49.8015,50.5618,23318.77341203
2010-03-24,50.7684,51.804,49.7329,50.423,111584.86159535
2010-03-25,51.1148,51.7706,50.5618,51.7706,69315.55008594
2010-03-26,51.7706,51.7706,51.149,51.39,17543.473793784
2010-03-29,50.5618,52.0123,50.5618,51.7012,59499.573028307
2010-03-30,51.5623,52.4615,51.5623,52.3227,58758.383675521
2010-03-31,52.1503,52.1503,51.4602,51.5288,49313.001294281
2010-04-01,51.9429,52.4615,51.39,52.0466,24840.602518639
2010-04-06,52.1503,53.1867,52.1503,52.9099,25622.43773916
2010-04-07,53.1867,53.1867,52.1503,52.9099,36181.995082975
2010-04-08,52.8413,53.1182,52.0809,53.1182,33633.260082747
2010-04-09,52.7375,53.8785,52.7375,53.8785,43479.123807831
2010-04-12,53.1867,54.0149,53.1867,54.0149,21794.553372025
2010-04-13,53.9463,53.9463,53.3239,53.8785,355302.26639201
2010-04-14,53.7397,54.8447,53.3599,54.8447,50379.357588936
2010-04-15,54.8096,54.8447,53.1867,54.4298,27303.263916608
2010-04-16,54.3612,54.3612,53.2211,53.8785,12491.431527853
2010-04-19,52.1855,52.8413,49.9061,51.39,62459.548572662
2010-04-20,51.5623,53.1182,51.5623,52.7375,15648.659077385
2010-04-21,53.7739,54.2223,53.1867,53.1867,173630.77869049
2010-04-22,52.8413,53.5323,52.8413,52.8413,22522.592591134
2010-04-23,53.5323,53.8785,52.5652,53.8785,13658.207025143
2010-04-26,53.9463,55.1224,53.9463,54.2223,247728.1955686
2010-04-27,53.8785,54.2223,53.8785,53.8785,29805.375715613
2010-04-28,52.6681,53.8785,50.5618,53.2553,38896.899954231
2010-04-29,53.5323,54.4298,52.7727,53.7739,159590.02232198
2010-04-30,53.7739,54.4298,53.7739,53.8785,102424.00028825
2010-05-04,54.6021,54.7067,52.6339,53.1867,77310.831362453
2010-05-05,52.8413,53.1867,51.9429,52.1503,91497.434668131
2010-05-06,51.7706,52.8413,50.7684,50.7684,124660.87633854
2010-05-07,50.0783,50.6998,49.3874,49.7672,104628.44087944
2010-05-10,51.4602,53.1867,50.4589,53.1867,47904.741523986
2010-05-11,52.4949,52.7727,52.0123,52.4949,47761.285520221
2010-05-12,52.7727,53.1867,52.2198,52.3921,11352.151764618
2010-05-13,52.5652,53.1867,52.3586,52.4615,49994.417312166
2010-05-14,52.1503,52.2198,51.252,51.804,19263.750372268
2010-05-17,51.149,52.4949,50.5618,52.4949,11823.165643647
2010-05-18,52.4949,52.4949,51.5288,52.1168,10442.401607407
2010-05-19,51.9078,51.9078,50.6304,50.9759,10698.231480788
2010-05-20,51.666,51.666,49.0411,49.0411,81579.842941165
2010-05-21,49.0411,49.7329,47.3154,49.7329,49127.703956085
2010-05-24,49.7329,50.7684,49.1808,49.6626,11011.443755676
2010-05-25,48.4547,49.3197,47.66,49.0771,18993.57489851
2010-05-26,49.3874,50.9759,49.1808,50.9759,103574.03925176
2010-05-27,50.9759,52.2198,50.9759,52.1503,28496.339681255
2010-05-28,52.1503,52.3586,51.804,52.1168,43251.985135202
2010-05-31,51.7706,52.1503,51.149,52.1503,26717.485234567
2010-06-01,51.804,52.1168,50.4924,50.4924,37305.733779136
2010-06-02,51.7362,51.804,50.423,50.6648,68702.275669844
2010-06-04,51.5288,52.0809,50.7684,51.39,33078.563534855
2010-06-07,50.4924,50.9759,49.8015,50.6998,18310.963413927
2010-06-08,50.423,51.0454,50.423,50.7684,11368.888298391
2010-06-09,50.7684,51.1834,50.597,50.8019,66270.696406024
2010-06-10,51.1148,51.804,50.6998,51.804,4881.0905281103
2010-06-11,51.804,52.2198,51.804,52.1168,51289.107746147
2010-06-14,52.1168,54.2223,52.0809,53.6694,247045.58408402
2010-06-15,53.7397,54.2223,53.3239,54.2223,77497.324167347
2010-06-16,54.2223,54.7067,53.8785,54.2223,36066.034813265
2010-06-17,54.2223,54.2223,53.5665,54.2223,40250.168256416
2010-06-18,54.2223,54.4992,52.1168,54.2223,182125.76504678
2010-06-21,53.4628,53.8785,53.3951,53.5323,12576.309663414
2010-06-22,53.3599,53.3599,52.6681,53.0479,166845.3097124
2010-06-23,52.9801,53.1182,51.4602,51.804,39893.919180399
2010-06-24,51.804,51.804,50.6304,50.6304,31456.31522561
2010-06-25,51.1148,52.1503,50.1469,52.1503,79999.435966352
2010-06-28,51.804,52.4949,51.804,52.4264,75149.427572391
2010-06-29,51.804,52.4949,51.1148,52.4615,75234.305707952
2010-06-30,51.9429,52.4264,51.252,52.1503,69827.209832702
2010-07-01,51.1834,52.4949,51.1148,52.4949,19689.336516771
2010-07-02,51.804,52.4949,51.1148,51.1148,48047.002061054
2010-07-05,51.1834,51.804,51.1834,51.39,47318.962841945
2010-07-06,51.4602,51.804,51.3565,51.804,50806.139200137
2010-07-07,51.1148,52.0809,50.7684,51.8752,34884.913715598
2010-07-08,53.4277,53.8074,51.8752,53.8074,24810.715851188
2010-07-09,53.7739,53.7739,52.6339,53.2211,32438.988851402
2010-07-12,53.8074,54.1889,53.8074,54.1537,165349.78087314
2010-07-13,54.1537,54.4298,53.5323,53.5323,51204.229610586
2010-07-14,53.8785,54.4992,53.8785,54.4992,21909.318175037
2010-07-15,54.3963,55.2244,54.2223,55.2244,26633.802565704
2010-07-16,55.2596,55.2596,54.5678,55.2244,50564.654927133
2010-07-19,54.6372,54.741,53.5323,54.5678,85707.789449508
2010-07-20,54.7067,54.8447,53.8426,54.4298,26234.516688558
2010-07-21,54.0851,54.9141,54.0851,54.5678,195584.32913335
2010-07-22,54.1537,54.5678,53.9463,54.4992,58061.426590561
2010-07-23,54.5678,54.7752,54.2223,54.5678,16418.539630925
2010-07-26,54.5678,54.5678,53.2211,53.7397,16318.120428289
2010-07-27,53.5665,54.9141,53.5665,54.7752,24556.081444505
2010-07-28,53.9823,55.1224,53.6359,53.6359,29082.118363297
2010-07-29,54.0851,54.9141,54.0851,54.5678,59784.094102442
2010-07-30,54.9141,54.9141,53.8785,54.0149,26988.856175023
2010-08-02,54.8096,55.9497,54.7752,55.743,261871.76207315
2010-08-03,55.743,56.9861,55.743,56.7093,189283.02416797
2010-08-04,56.9861,56.9861,56.434,56.9167,108896.25699145
2010-08-05,56.5018,56.9861,55.4662,55.4662,56197.694008312
2010-08-06,56.5018,56.5018,55.4662,56.2257,35427.65559651
2010-08-09,56.6415,56.6415,56.2257,56.3638,2090.8712548775
2010-08-10,56.3638,56.3638,53.912,55.5356,23802.937424738
2010-08-11,55.1224,56.6415,54.3612,56.0869,271929.22340379
2010-08-12,55.3274,55.9497,55.2596,55.9497,21242.247757529
2010-08-13,55.6736,55.8125,55.6736,55.8125,14198.557972659
2010-08-16,55.9497,55.9497,53.912,55.2596,39326.072498829
2010-08-17,55.3274,55.3976,54.7067,55.2596,5634.2345478775
2010-08-18,55.2596,55.6034,54.1537,55.6034,13912.841431827
2010-08-19,54.7067,55.6034,54.5343,54.5343,6061.0161590789
2010-08-20,54.5678,54.5678,53.6017,54.5678,11551.794703191
2010-08-23,53.8785,54.4298,53.8785,54.2223,13900.886764846
2010-08-24,54.5343,54.5678,53.8785,54.2223,116181.43104933
2010-08-25,53.8785,53.8785,52.9801,53.1525,8193.728748388
2010-08-26,53.1867,53.5323,53.0822,53.5323,7668.918867947
2010-08-27,53.4628,53.4628,52.5293,53.1525,17411.972456999
2010-08-30,53.1182,53.5323,52.6681,53.4628,5690.4214826856
2010-08-31,52.8061,55.9497,52.8061,55.7766,61576.098682808
2010-09-01,55.5356,55.5356,53.9823,55.2596,9545.8015838748
2010-09-02,55.6034,55.846,55.3274,55.846,25027.095323534
2010-09-03,55.2596,55.7766,53.3599,55.6736,39070.242625447
2010-09-06,55.6736,55.8125,54.9476,55.2244,2618.0720687146
2010-09-07,55.2244,55.2244,54.2223,55.2244,5478.8238771319
2010-09-08,54.1537,55.2596,54.1537,55.2596,12576.309663414
2010-09-09,55.2596,55.846,54.5678,55.8125,13061.66914282
2010-09-10,54.9141,55.3976,54.9141,55.3274,1994.038452336
2010-09-13,55.1224,55.2596,54.7067,55.2596,41715.810428217
2010-09-14,55.2596,55.2596,54.8447,55.2596,6970.7663162898
2010-09-15,54.7752,54.9141,54.4298,54.5678,59014.213548902
2010-09-16,54.5678,54.5678,54.4298,54.5678,2830.8651409663
2010-09-17,54.4992,54.7067,54.1537,54.3612,26293.094556762
2010-09-20,54.2566,54.2566,53.6694,53.6694,11310.310430187
2010-09-21,53.8785,54.741,53.8785,54.7067,138360.92469812
2010-09-22,54.7752,55.1224,54.2223,55.0513,2576.2307342831
2010-09-23,55.1224,55.1224,54.1537,54.1889,2475.8115316474
2010-09-24,54.1537,55.8125,54.1537,55.8125,72929.445914124
2010-09-27,55.9497,55.9497,55.293,55.8125,28226.164207498
2010-09-28,55.3274,55.9154,54.9827,55.8811,5107.0337340405
2010-09-29,55.2596,56.0869,54.6372,56.0869,38841.908486121
2010-09-30,55.7766,56.9861,55.3274,56.9861,44532.329968807
2010-10-01,56.434,58.0217,56.2952,57.7807,165125.03313391
2010-10-04,57.3307,58.0217,57.3307,58.0217,72601.888038861
2010-10-05,58.0217,58.1263,57.5391,58.0217,51929.877896298
2010-10-06,58.0217,58.7135,58.0217,58.7135,21256.593357906
2010-10-07,58.1605,59.2656,58.1605,58.8498,62387.82057078
2010-10-08,58.1605,58.8498,58.1605,58.7135,11596.026971019
2010-10-11,58.7821,58.8498,58.2994,58.2994,11508.757902062
2010-10-12,58.8498,58.8498,58.0217,58.2643,6089.707359832
2010-10-13,58.7135,58.7135,58.1605,58.6792,17044.9641807
2010-10-14,58.2994,58.9895,58.2643,58.5411,6885.8881807287
2010-10-15,58.2994,58.2994,57.6771,58.0217,4723.2889239686
2010-10-18,57.401,58.0217,56.9861,57.2965,9176.4023741795
2010-10-19,56.9861,56.9861,55.708,56.0192,23859.124359546
2010-10-20,55.984,57.6771,55.6736,57.6771,20061.126659863
2010-10-21,56.5712,57.8845,56.3638,56.6415,88551.804724153
2010-10-22,56.2952,56.7093,56.0534,56.0534,41886.762166037
2010-10-25,56.0869,57.2279,56.0869,57.0204,30760.553607349
2010-10-26,56.6415,57.089,56.1572,57.0547,31029.533614409
2010-10-27,56.7093,58.7135,56.7093,57.6771,91682.732006328
2010-10-28,58.0217,58.5746,57.1241,58.5746,20699.505876618
2010-10-29,58.4358,60.026,57.6771,60.026,30632.638670659
2010-11-02,58.9201,60.026,58.9201,59.8184,23233.895276469
2010-11-03,59.4044,60.716,59.4044,60.716,13458.56408657
2010-11-04,60.44,61.8888,60.44,61.6479,69417.164755274
2010-11-05,61.7516,62.0962,61.6479,62.0962,31029.533614409
2010-11-08,61.8211,62.0962,61.6831,62.0268,8153.0828806545
2010-11-09,61.8211,63.1326,61.8211,62.7194,12320.479790033
2010-11-10,62.7194,62.7194,60.7495,60.7495,79673.073557786
2010-11-12,59.7482,63.203,58.9201,63.203,50662.683196372
2010-11-15,62.1673,63.1326,61.4747,62.1673,28981.699160661
2010-11-16,61.7516,61.7516,59.7482,61.3025,85235.580103781
2010-11-17,59.8862,61.0949,59.8862,60.6474,24428.166507814
2010-11-18,61.4747,61.4747,60.302,60.7847,45654.873198269
2010-11-19,60.8533,61.6119,59.2656,59.3693,41314.133617674
2010-11-22,60.9921,61.0255,59.4044,59.4044,55472.0457226
2010-11-23,59.4044,63.6872,59.1962,63.6872,49255.618892775
2010-11-24,62.1673,62.1673,61.1293,61.4413,11254.123495379
2010-11-25,61.8211,61.8211,60.1288,60.1288,19293.637039719
2010-11-26,60.9227,60.9227,59.3342,59.3342,11225.432294625
2010-11-29,59.473,59.5424,58.9895,59.0581,29494.554374121
2010-11-30,58.9552,59.8184,58.0217,58.0217,94255.376340517
2010-12-01,58.4358,59.0581,57.9539,58.5411,53652.545408178
2010-12-02,59.0581,61.3367,59.0581,61.3367,12518.927261908
2010-12-03,61.3367,61.8211,60.8533,61.8211,184856.21098511
2010-12-06,61.8211,62.1673,60.9921,62.1673,5490.7785441123
2010-12-07,62.1314,62.1673,60.6474,60.9227,13076.014743196
2010-12-08,60.6474,61.4747,60.6474,61.4747,24670.846247517
2010-12-09,61.4747,63.5476,61.3367,63.5476,30205.857059457
2010-12-10,62.1314,63.3066,61.4747,61.4747,37061.858572735
2010-12-13,61.8211,62.1314,61.1987,62.0962,28783.251688786
2010-12-14,61.1293,63.479,61.0255,63.479,13684.5072925
2010-12-15,62.3037,63.5476,62.3037,63.5476,22679.198728577
2010-12-16,62.9946,63.203,60.7847,63.203,32025.357373879
2010-12-17,61.7516,63.1678,61.7516,62.1673,19193.217837083
2010-12-20,61.8888,63.203,61.6831,63.203,10640.849079282
2010-12-21,62.0962,63.1326,61.8545,62.6843,76159.596932237
2010-12-22,62.512,63.1326,62.1673,62.8558,9717.948788393
2010-12-23,63.1326,63.203,61.6119,61.8211,23788.591824361
2010-12-27,61.8211,62.2351,61.5793,62.2351,1067.5517613526
2010-12-28,62.1673,62.1673,61.6119,62.1314,10856.03308493
2010-12-29,62.0962,62.1665,61.0949,62.1665,180189.10899595
2010-12-30,62.1314,62.1314,61.6831,61.7516,149230.10791673
2010-12-31,61.2681,62.1682,60.9235,61.7541,203480.38667393
2011-01-03,61.4413,61.7516,61.3025,61.7516,35383.423328682
2011-01-04,61.4747,63.203,61.1293,63.203,17570.969527839
2011-01-05,62.3037,62.7194,61.1653,62.7194,20361.188801072
2011-01-07,62.1673,62.1673,61.6119,62.1673,17513.587126333
2011-01-10,61.3367,61.3367,59.7482,60.0937,39750.463176634
2011-01-11,61.1293,61.1293,59.0581,59.9565,37462.339916579
2011-01-12,59.9565,60.026,59.4044,59.5424,77951.601512604
2011-01-13,60.026,60.026,58.0903,58.0903,225661.07578942
2011-01-14,58.5746,58.9201,58.056,58.1263,144892.95473623
2011-01-17,58.1605,59.1276,58.056,58.056,23261.391010524
2011-01-18,58.5411,58.8866,58.0903,58.6792,92904.498971728
2011-01-19,59.0581,59.7825,58.7135,58.7135,36109.071614394
2011-01-20,59.6462,59.6462,58.0217,59.2312,11780.128842518
2011-01-21,59.0581,59.2656,58.5052,58.7135,24585.968111956
2011-01-24,58.8498,58.8866,56.7435,56.7435,32154.467777268
2011-01-25,56.9861,58.056,56.9861,58.0217,30660.134404714
2011-01-26,57.5733,59.1962,57.5733,59.1962,16033.599354155
2011-01-27,59.1618,60.0937,58.7135,60.0937,21256.593357906
2011-01-28,59.4044,61.1293,58.7821,61.1293,15310.342001839
2011-01-31,59.3367,60.6148,58.6407,58.8506,33873.548889054
2011-02-01,58.9895,60.302,58.8866,60.302,21242.247757529
2011-02-02,60.2668,60.2668,59.1962,59.1962,13445.413952892
2011-02-03,58.9201,60.0937,58.9201,59.0581,44461.797433622
2011-02-04,59.0581,59.6094,58.7135,59.6094,45841.366003164
2011-02-07,58.644,59.5424,58.644,59.5073,461495.57317919
2011-02-08,58.9895,60.0602,58.9895,59.6804,88664.178593769
2011-02-09,59.4387,59.5759,59.4044,59.4044,52683.021916065
2011-02-10,59.3342,59.8519,58.368,58.368,13757.430761081
2011-02-11,58.368,59.5424,58.368,59.1618,39950.106115207
2011-02-14,59.1276,59.6462,59.1276,59.4044,35654.794269138
2011-02-15,58.747,59.5424,58.747,59.0932,6447.1519025469
2011-02-16,59.0932,59.3342,58.7135,58.747,77740.00390705
2011-02-17,58.747,58.7821,57.3307,57.3307,29392.939704788
2011-02-18,57.6771,58.0217,56.7093,57.4696,17355.785522191
2011-02-21,58.0903,58.4358,57.4696,57.9874,3855.3801011893
2011-02-22,57.4696,59.7156,57.263,59.7156,11664.168572807
2011-02-23,58.7821,59.7156,58.4358,58.6792,44177.276359488
2011-02-24,58.2994,59.0581,57.089,59.0581,116308.15051932
2011-02-25,58.6792,59.0581,58.2994,58.7821,91981.598680839
2011-02-28,58.7821,59.0581,58.1254,58.8858,104513.67607643
2011-03-01,58.9201,58.9201,58.2291,58.2291,46295.64334842
2011-03-02,58.2291,58.7821,57.6419,58.7821,48971.097818641
2011-03-03,59.4044,59.4044,58.0903,58.0903,95367.160369697
2011-03-04,58.1263,58.8164,58.1263,58.7135,193650.06401592
2011-03-07,58.7821,59.2656,58.2643,59.2656,130152.85034936
2011-03-08,59.2656,59.3693,58.5746,59.0581,66727.364684676
2011-03-09,58.9201,59.473,58.608,59.3342,62913.825917919
2011-03-10,58.644,59.3007,58.5411,59.3007,27728.850061112
2011-03-11,59.2312,59.4044,58.4358,59.4044,27089.275377659
2011-03-14,59.2656,59.5424,58.7135,59.2656,25452.681468037
2011-03-15,58.7135,59.2656,58.5052,59.2656,28950.617026512
2011-03-16,58.747,59.2656,58.5052,58.5746,23602.099019467
2011-03-17,58.747,59.2656,58.747,59.2656,15990.562553026
2011-03-18,58.7821,59.9565,58.7821,59.9565,160683.87435068
2011-03-21,59.8862,60.6474,59.6094,60.5429,12080.190983726
2011-03-22,60.7847,61.3367,59.4044,59.4044,13529.096621755
2011-03-23,59.7482,60.5772,59.7482,60.5772,6602.5625732925
2011-03-24,59.8184,60.302,59.1962,60.0937,32624.286189598
2011-03-25,59.6462,61.4747,59.6462,61.4747,38186.792735593
2011-03-28,61.4747,61.8888,60.8533,61.8888,11183.590960194
2011-03-29,61.3025,61.8888,61.3025,61.8888,27259.031648781
2011-03-30,61.6831,61.8211,61.3025,61.7516,58775.120209293
2011-03-31,61.9582,62.0979,61.6119,61.7541,84766.957158148
2011-04-01,61.7516,61.8211,61.2347,61.7516,104984.68995545
2011-04-04,61.7165,62.0962,61.3367,61.3719,50153.414383006
2011-04-05,61.3367,61.3719,60.2326,60.7847,36877.756701236
2011-04-06,60.5086,62.0962,60.5086,62.0268,37945.308462589
2011-04-07,62.0962,62.0962,59.9565,61.1987,817451.75985504
2011-04-08,60.5086,62.1673,60.5086,62.0268,166446.02383525
2011-04-11,62.1673,62.1673,61.4413,62.1314,12050.304316275
2011-04-12,61.545,62.0962,60.8875,61.2673,37332.034046493
2011-04-13,61.3367,62.1673,61.2673,61.7516,61377.651210933
2011-04-14,61.8888,62.1673,60.7847,60.7847,24071.917431798
2011-04-15,60.7847,60.7847,60.164,60.164,34742.653178531
2011-04-18,60.2326,60.6115,59.5073,60.164,50008.762912542
2011-04-19,59.7825,60.9578,59.7825,60.7847,40434.270127915
2011-04-20,61.1293,61.3367,60.7847,60.7847,35113.247854924
2011-04-21,60.716,61.3367,60.716,60.8533,29877.103717495
2011-04-26,60.8533,60.8533,60.2668,60.6115,10442.401607407
2011-04-27,61.0607,61.0607,60.1288,60.2668,28654.141285397
2011-04-28,60.8533,61.2347,60.1288,60.716,17429.90445747
2011-04-29,60.9235,61.1979,60.1656,60.5094,15965.457752367
2011-05-02,60.2326,61.6831,60.2326,61.6831,20373.143468052
2011-05-04,61.6119,61.6479,60.716,61.6479,25921.30441367
2011-05-05,60.9227,61.6831,60.9227,61.6831,43395.441138968
2011-05-06,61.7516,61.8211,61.0607,61.6119,22692.348862256
2011-05-09,61.3367,61.3367,60.5086,60.5086,19648.690649038
2011-05-10,60.4057,60.9227,60.2326,60.9227,17471.745791901
2011-05-11,60.9227,60.9227,59.5759,59.9565,53039.270992082
2011-05-12,59.4387,60.5772,59.0581,59.4044,40917.238673924
2011-05-13,59.4387,60.5772,59.0581,59.0581,126469.61745268
2011-05-16,59.4044,60.7847,59.0581,59.4387,55741.02572966
2011-05-17,59.9222,59.9222,55.6736,57.1241,245493.86830996
2011-05-18,57.2279,57.3307,56.434,56.8129,221008.31940064
2011-05-19,56.9861,57.8485,56.9861,57.5391,117063.68547248
2011-05-20,57.6771,58.368,57.6771,58.2291,151194.25970162
2011-05-23,58.644,58.644,57.3307,57.6068,93062.30057587
2011-05-24,57.4696,58.4709,57.263,58.1605,239417.3110838
2011-05-25,58.0217,58.7135,57.7113,58.368,192070.85250781
2011-05-26,58.0217,58.4358,57.4696,57.6068,447721.40588434
2011-05-27,58.0217,58.4709,57.5391,57.8151,362472.67564688
2011-05-30,58.2291,58.2291,57.3307,57.9188,278872.49398603
2011-05-31,58.0217,60.7847,57.9188,59.023,3208664.8951487
2011-06-01,59.1962,59.7825,59.1276,59.6094,123080.46936374
2011-06-02,59.0581,59.9565,59.023,59.4044,110646.42023738
2011-06-03,59.0581,59.8184,59.0581,59.0581,98667.843922994
2011-06-06,59.0581,59.4044,57.9539,59.1276,84866.180894086
2011-06-07,59.1276,59.5424,58.8164,59.0932,147795.54787908
2011-06-08,59.2656,59.5424,58.7821,59.4387,24456.857708567
2011-06-09,59.6094,60.2668,59.5073,60.0602,31171.794151476
2011-06-10,60.026,60.0602,59.3007,59.6804,30803.590408479
2011-06-13,59.6462,59.7482,59.6462,59.7482,76060.3731963
2011-06-14,59.5424,60.0602,59.5424,60.0602,31444.36055863
2011-06-15,59.7825,60.6466,59.4044,59.4044,73369.377659004
2011-06-16,59.9222,59.9222,59.473,59.7482,49711.09170473
2011-06-17,59.8184,60.0602,59.5424,60.026,32680.473124407
2011-06-20,60.4466,60.4466,59.5324,60.1656,23133.476073834
2011-06-21,59.9891,60.3413,59.3927,60.3413,8578.6690251579
2011-06-22,59.8486,60.3053,59.7424,60.0954,116494.64332421
2011-06-24,59.7424,60.1305,59.1819,59.7424,89275.062076469
2011-06-27,59.7424,60.0954,58.7603,60.0954,49538.944500212
2011-06-28,59.7424,60.798,59.7424,60.798,22649.312061126
2011-06-29,60.798,61.0448,59.7424,61.0089,19633.149581963
2011-06-30,61.0089,61.0089,60.3053,60.6567,27372.600985095
2011-07-01,61.0089,61.151,60.3053,60.4466,18809.473027011
2011-07-04,59.8151,60.6215,59.8151,60.6215,7979.7402094383
2011-07-05,60.6215,60.6567,60.3053,60.6567,18523.756486179
2011-07-06,59.8845,61.1142,59.8845,61.1142,230782.45512384
2011-07-07,61.151,61.5366,61.1142,61.4655,47291.46710789
2011-07-08,61.6421,61.6421,60.6567,61.151,63228.233659504
2011-07-11,61.151,61.151,60.5162,60.798,13859.045430415
2011-07-12,60.5512,60.7286,59.8845,60.4107,21639.14270128
2011-07-13,60.4466,61.0791,60.4466,61.0089,97030.054546675
2011-07-14,60.4466,60.6215,59.3927,59.8845,87640.859100244
2011-07-15,59.7089,60.0954,58.9,58.9,74478.770754788
2011-07-18,58.8297,58.8297,57.846,58.5495,5503.9286777908
2011-07-19,58.3379,58.4433,57.9163,58.1974,24627.809446388
2011-07-20,58.619,58.619,58.2325,58.3379,16885.96710986
2011-07-21,58.6532,59.0414,58.373,59.0414,3855.3801011893
2011-07-22,58.9703,58.9703,58.7603,58.7603,298.8666745108
2011-07-25,58.3379,58.8297,58.3379,58.4089,30289.53972832
2011-07-26,58.7603,58.7603,58.4089,58.4433,840.41308872436
2011-07-27,58.4776,58.4776,58.2676,58.2676,8552.3687578009
2011-07-28,58.2676,58.3379,57.7055,58.2325,29820.916782687
2011-07-29,58.3028,59.7424,57.8109,59.7424,21982.241643618
2011-08-01,59.7424,59.8151,58.0217,58.0217,3001.8168787864
2011-08-02,58.373,59.0414,58.373,58.4776,5221.7985370526
2011-08-03,57.9866,58.3379,55.8777,55.8777,22365.98645369
2011-08-04,56.2291,57.1425,55.1743,55.1743,220637.72472425
2011-08-05,51.3096,56.2291,51.3096,55.104,250274.53963544
2011-08-08,52.8563,54.05,52.3996,52.7141,22236.876050301
2011-08-09,47.4434,52.8563,47.4434,49.2711,111800.045601
2011-08-10,52.3285,52.3285,46.811,46.811,174798.74965447
2011-08-11,46.811,51.3096,43.4031,49.3071,116094.16198037
2011-08-12,49.9036,50.7484,49.3071,50.7484,47107.365236392
2011-08-16,50.9584,51.4494,48.5325,50.6062,67808.066579707
2011-08-17,50.0432,54.122,49.9036,54.122,73400.459793153
2011-08-18,52.8563,52.8915,49.2008,49.2008,72132.06962653
2011-08-19,47.9353,50.9584,47.9353,48.5325,18155.552743182
2011-08-22,48.9893,50.3954,48.9893,49.4117,62528.885641149
2011-08-23,50.254,51.7304,50.254,51.0286,22350.445386615
2011-08-24,51.0286,52.0123,51.0286,51.098,6944.4660489329
2011-08-25,51.661,51.661,51.3096,51.38,34230.993431769
2011-08-26,51.3096,51.3096,50.6062,50.6773,35624.907601687
2011-08-29,51.3096,52.0123,50.6773,52.0123,2418.4291301414
2011-08-30,52.3628,53.7698,52.1177,52.751,17686.929797549
2011-08-31,53.6653,56.2291,53.4177,56.2291,10156.685066575
2011-09-01,55.5265,55.5265,53.1022,54.4716,7925.9442080263
2011-09-02,55.4562,55.4562,51.4142,51.4142,46765.461760751
2011-09-05,51.38,51.38,49.2008,49.2008,11083.171757558
2011-09-06,49.553,50.5359,49.482,50.1152,74167.949413297
2011-09-07,50.5016,51.9413,50.5016,51.661,8535.6322240283
2011-09-08,51.7998,52.3628,51.5907,52.0123,35055.865453418
2011-09-09,50.8873,50.8873,49.3414,49.8332,74538.544089691
2011-09-12,49.3414,49.3414,47.374,47.7955,95878.820116459
2011-09-13,47.8659,48.2515,47.0921,48.0758,5719.1126834386
2011-09-14,48.0406,48.111,47.7955,47.8659,53439.752335926
2011-09-15,47.9353,51.2402,47.9353,49.2008,89218.875141661
2011-09-16,50.2206,50.3251,49.6935,49.9378,512869.55906091
2011-09-19,50.3251,50.3251,48.4974,49.2711,42910.081659562
2011-09-20,49.9378,50.7484,49.8332,50.4665,29948.831719378
2011-09-21,50.3251,51.8718,49.4476,49.4476,13586.479023261
2011-09-22,49.4476,49.4476,48.146,48.146,490746.25234692
2011-09-23,47.7955,48.2865,47.7955,48.146,88921.203933848
2011-09-26,48.111,50.254,48.0758,50.254,180189.10899595
2011-09-27,51.661,51.6962,50.8169,51.6962,7726.3012694531
2011-09-28,51.3096,52.0123,51.3096,51.661,15990.562553026
2011-09-29,51.3096,53.4177,51.3096,52.0123,167939.16174111
2011-09-30,51.3448,52.6455,51.3096,52.0123,120676.38583397
2011-10-03,51.8718,52.0123,50.4297,52.0123,15465.752672585
2011-10-04,49.9036,50.6062,49.2369,50.6062,27629.626325174
2011-10-05,50.6414,50.6414,49.553,49.7973,20302.610932867
2011-10-06,49.9036,50.254,49.8332,49.9738,61717.163753177
2011-10-07,50.6062,50.6062,49.4117,49.9036,85606.174780174
2011-10-10,49.553,50.254,49.2008,49.727,73812.895803978
2011-10-11,49.9036,50.3602,49.3414,49.6216,113406.75284317
2011-10-12,50.1152,50.6062,49.9036,50.5359,90243.390101884
2011-10-13,50.8169,51.3096,50.3954,51.2402,56226.385209065
2011-10-14,51.5196,51.5196,50.6414,50.8873,1892.4237830024
2011-10-17,51.134,51.5196,50.9926,50.9926,28099.444737505
2011-10-18,50.6414,50.6414,49.9378,50.4665,21384.508294596
2011-10-19,50.3954,51.4494,50.3954,50.7827,28770.101555107
2011-10-20,50.254,50.7827,50.254,50.2908,11807.624576573
2011-10-21,50.4665,51.3096,50.4665,50.9584,4766.3257250982
2011-10-24,51.38,52.0123,51.134,51.3096,41245.992015886
2011-10-25,51.38,52.2231,51.38,51.5907,50251.442652245
2011-10-26,51.5907,52.5745,51.5907,52.0123,12463.935793798
2011-10-27,52.6455,55.1743,52.6455,55.1743,154496.13872162
2011-10-28,55.5265,55.7372,55.1743,55.3859,49754.128505859
2011-10-31,55.0346,55.5265,54.3319,54.4022,24954.171854953
2011-11-02,52.7141,54.122,52.3628,53.7698,40747.482402802
2011-11-03,54.122,54.1905,53.7698,53.7698,122953.74989374
2011-11-04,53.4879,54.4022,53.4879,54.4022,36862.215634162
2011-11-07,54.4022,54.4022,53.242,53.6653,26846.595637956
2011-11-08,54.122,54.4716,54.05,54.4716,7824.3295386926
2011-11-09,54.3319,55.0346,54.2976,54.4716,20699.505876618
2011-11-10,54.122,55.2797,52.9266,52.9266,9760.9855895226
2011-11-14,53.876,55.1743,53.7698,55.1743,7680.8735349275
2011-11-15,54.2616,55.8426,54.122,55.8426,7809.9839383161
2011-11-16,54.8589,54.8589,53.3473,53.876,57181.563100802
2011-11-17,55.104,55.5265,53.4177,54.4716,180489.17113716
2011-11-18,55.1743,55.1743,52.5393,54.6832,4867.9403944318
2011-11-21,55.0346,55.0346,52.7141,53.4177,177337.92092113
2011-11-22,53.4177,54.1563,52.8915,52.8915,20117.313594671
2011-11-23,53.032,53.032,50.254,50.2908,44508.420634846
2011-11-24,51.2402,51.3096,47.8307,48.8847,25725.247875191
2011-11-25,49.0603,50.6062,48.146,50.6062,53516.262204601
2011-11-28,50.1837,51.3096,50.1837,51.1691,32081.544308687
2011-11-29,51.8375,51.8375,51.0286,51.0286,13931.968898995
2011-11-30,50.9584,53.6987,49.3071,53.6987,38138.974067672
2011-12-01,53.8041,54.122,53.4879,54.122,53041.661925478
2011-12-02,53.84,54.3319,52.9961,53.4177,8861.9946325941
2011-12-05,54.3662,55.5975,53.068,54.4716,50760.711465612
2011-12-06,53.8041,54.8237,52.4348,52.7141,43222.098467751
2011-12-07,53.7698,54.0149,52.7141,53.3825,18915.869563137
2011-12-08,53.876,54.0149,52.9266,53.3825,12762.802468309
2011-12-09,52.751,53.9815,51.625,53.9446,6022.7612247416
2011-12-12,53.4177,53.4177,52.3996,52.7141,45971.671873251
2011-12-13,52.7141,53.7339,52.0123,52.1528,33114.427535796
2011-12-14,52.7141,53.3825,51.8718,53.3825,59934.722906395
2011-12-15,51.661,53.2762,51.661,52.3628,32257.277913299
2011-12-16,52.3628,53.068,52.1177,52.3628,10824.950950781
2011-12-19,51.7998,52.2231,50.6773,50.6773,5554.1382791086
2011-12-20,49.9036,52.2574,49.9036,52.2574,34981.74651814
2011-12-21,52.1528,55.5265,51.4494,55.5265,105723.48837485
2011-12-22,54.4022,55.421,53.5582,54.4716,96040.208120695
2011-12-23,54.4716,55.0346,53.4177,55.0346,7060.426318643
2011-12-27,54.8589,54.8589,53.3131,54.122,5744.2174840975
2011-12-28,54.122,54.6832,54.086,54.6832,36722.346030491
2011-12-29,54.6832,55.104,53.4177,54.8237,64145.156616903
2011-12-30,54.5436,55.5975,54.05,55.2454,166035.97875782
2012-01-02,55.5975,55.5975,54.4716,55.4562,143152.35522388
2012-01-03,55.5975,55.8777,54.9986,55.8777,29030.713295281
2012-01-04,55.5265,55.8777,54.9643,55.8777,49179.109024101
2012-01-05,55.8083,55.8083,54.613,54.8237,3875.703035056
2012-01-09,54.8932,54.8932,52.3628,54.4716,26057.587617247
2012-01-10,54.6832,54.7192,54.4716,54.6832,3217.0008844342
2012-01-11,54.4716,54.4716,53.4528,53.6987,3297.0971532031
2012-01-12,53.3825,54.4716,53.3825,54.4716,53511.480337809
2012-01-13,54.7192,55.1743,54.4381,54.613,41887.957632735
2012-01-16,54.2257,54.8932,54.2257,54.7895,2209.2224579838
2012-01-17,54.5436,55.7724,54.5436,55.7724,18625.371155513
2012-01-18,55.9129,56.9326,55.8083,56.7218,153157.21601981
2012-01-19,57.074,57.074,56.2291,56.2291,43024.846462574
2012-01-20,56.8623,56.8623,56.301,56.301,20845.352813779
2012-01-23,56.8264,56.9326,56.301,56.5813,3079.5222141592
2012-01-24,56.7569,56.9326,54.9986,55.2454,20049.171992882
2012-01-25,56.0886,56.1597,55.5265,55.5975,62416.511771533
2012-01-26,55.8777,57.7757,55.421,57.6361,73045.406183835
2012-01-27,57.7055,58.619,57.7055,57.9163,9829.1271913111
2012-01-30,57.9163,58.163,56.8623,56.8623,52672.262715783
2012-01-31,57.4964,58.8297,57.0012,57.7757,168345.62041844
2012-02-01,58.5846,58.5846,58.3379,58.3379,8141.1282136741
2012-02-02,58.619,58.619,56.9326,57.846,24462.835042058
2012-02-03,57.6361,58.6892,56.9677,58.1974,80691.611184519
2012-02-06,57.9866,59.463,57.9866,59.3927,10151.903199783
2012-02-07,59.3927,59.7424,58.6892,59.463,22074.292579367
2012-02-08,59.3224,59.7424,59.1108,59.3927,15499.22574013
2012-02-09,59.3927,59.3927,58.1279,58.1279,28189.104739858
2012-02-10,56.7218,58.6892,56.5813,58.3379,17716.816465
2012-02-13,58.3379,58.373,58.0569,58.3379,1330.5544349221
2012-02-14,58.4089,58.8297,57.7055,58.6892,42555.028050243
2012-02-15,59.3927,59.8845,59.0757,59.7424,83400.538722285
2012-02-16,59.78,59.8486,59.0414,59.7424,16087.395355567
2012-02-17,60.3413,61.2188,60.3413,61.151,10566.730144004
2012-02-20,61.5024,62.0268,61.151,61.852,25955.972947914
2012-02-21,61.852,62.2736,61.151,61.151,56452.328414995
2012-02-22,61.571,61.571,59.78,61.2556,20009.721591847
2012-02-23,61.1844,61.2556,60.3413,60.4818,72946.182447897
2012-02-24,59.8845,61.6771,59.8845,61.5024,29211.228766685
2012-02-27,61.5024,61.5024,59.8845,59.8845,68012.491385073
2012-02-28,60.2367,61.5024,60.0954,61.151,70089.017039574
2012-02-29,61.1142,61.5024,59.8486,61.5024,28069.558070054
2012-03-01,61.5024,61.6069,60.2711,61.151,61170.835472172
2012-03-02,60.4107,61.9925,60.4107,61.852,25721.661475097
2012-03-05,60.8691,61.9582,60.4466,61.852,7994.0858098148
2012-03-06,61.7131,62.2033,60.8691,62.2033,36918.40256897
2012-03-07,62.2033,62.2033,60.6934,61.151,41978.813101786
2012-03-08,61.9925,62.2736,61.151,62.2736,33107.254735608
2012-03-09,61.852,62.3447,61.3953,62.0979,30449.732265858
2012-03-12,62.0979,62.1339,61.7834,61.8177,908.55469051282
2012-03-13,61.852,62.5555,61.852,62.0628,10851.251218138
2012-03-14,62.1339,63.259,61.4304,62.1682,3038.8763464258
2012-03-15,62.1682,63.259,62.1682,63.259,4644.3881218978
2012-03-16,63.259,63.6446,62.4843,63.0482,11208.695760853
2012-03-19,63.0482,63.9608,62.5555,62.5555,2486.5707319298
2012-03-20,63.223,63.9608,62.2033,63.2933,5197.8892030918
2012-03-21,64.0311,64.0311,63.259,63.6095,19581.744513947
2012-03-22,62.9403,62.9403,61.3953,62.4843,26619.456965328
2012-03-23,62.4843,62.5914,61.4655,62.5555,9230.1983755914
2012-03-26,63.1176,63.223,61.9582,62.5555,27794.600729504
2012-03-27,62.5914,63.3292,62.5914,63.259,7770.5335372807
2012-03-28,63.259,63.259,62.2392,62.696,32307.487514617
2012-03-29,62.2033,63.1535,62.1682,62.696,76729.834547204
2012-03-30,61.852,62.5555,61.852,62.0979,181928.51304161
2012-04-02,62.5555,62.5555,61.571,61.852,1257.6309663414
2012-04-03,62.5555,62.5555,60.5881,60.5881,58441.585000539
2012-04-04,60.4466,61.0791,59.0414,59.7089,18166.311943464
2012-04-05,59.9557,60.199,59.1819,59.1819,17280.471120214
2012-04-10,58.0569,58.3379,56.6858,57.3191,80236.138372564
2012-04-11,57.3191,57.3191,56.2291,56.2291,168521.35402305
2012-04-12,56.2291,56.8966,55.8777,56.5813,166581.11157213
2012-04-13,57.1785,58.7603,57.1425,57.9866,51060.77360682
2012-04-16,57.9866,59.0062,57.9866,58.0569,2959.9755443549
2012-04-17,58.1279,58.373,58.0569,58.1279,53109.803527266
2012-04-18,57.6703,57.9866,56.9677,57.2839,1646.1576432055
2012-04-19,58.3379,59.2865,57.5642,59.2865,4596.569453976
2012-04-20,58.7244,58.7244,56.9677,57.5642,20227.296530891
2012-04-23,56.9677,56.9677,55.8777,55.8777,32275.20991377
2012-04-24,55.8777,56.2291,55.8777,56.2291,1130.9114963489
2012-04-25,56.5813,57.1785,55.9129,56.3696,145763.25449241
2012-04-26,56.9326,56.9326,55.9129,56.8264,42660.229119671
2012-04-27,57.074,57.2839,56.2291,56.6507,50253.833585641
2012-04-30,56.9326,56.9326,56.3345,56.8966,4118.3827747588
2012-05-02,56.2291,56.7904,55.8777,55.8777,15672.568411346
2012-05-04,57.2839,59.0414,55.8777,55.9489,73549.893130409
2012-05-07,56.0192,56.6507,55.8777,55.8777,89656.415953145
2012-05-08,56.2291,56.8623,55.8777,55.8777,16961.281511837
2012-05-09,56.2291,57.5306,56.2291,56.2291,42684.138453632
2012-05-10,56.5813,56.8623,56.0886,56.511,21714.457103256
2012-05-11,56.0886,57.2839,56.0542,57.2839,3459.680624137
2012-05-14,57.3893,57.3893,56.0886,56.2291,51145.651742382
2012-05-15,56.1245,56.8966,56.0886,56.0886,37840.107393161
2012-05-16,55.8777,56.2291,55.5265,55.5265,282603.54555062
2012-05-17,55.4921,55.5265,54.5076,55.1399,42123.46457225
2012-05-18,53.4528,55.1743,52.7141,54.9643,33303.311274087
2012-05-21,54.122,55.3859,54.122,55.1743,29640.401311283
2012-05-22,55.104,55.1743,53.7698,54.122,46737.966026696
2012-05-23,54.0149,54.1905,52.786,54.05,94636.730217193
2012-05-24,53.7698,53.8041,52.9266,53.7339,8126.7826132976
2012-05-25,54.8237,54.8237,54.2976,54.4022,33428.835277382
2012-05-28,54.8237,54.8237,53.7698,54.7543,15322.296668819
2012-05-29,53.4528,54.7543,53.3473,54.7543,16997.145512778
2012-05-30,54.7192,54.7543,53.8041,53.9095,16058.704154814
2012-05-31,53.6653,54.7192,52.8563,54.4716,23714.472889083
2012-06-01,54.8237,54.8237,53.4528,54.4022,27284.13644944
2012-06-04,54.2616,54.2616,50.5718,52.6799,64986.765172326
2012-06-05,50.6773,52.0123,50.254,52.0123,130607.12769462
2012-06-06,51.9413,52.0123,51.661,52.0123,18514.192752595
2012-06-08,52.1177,52.7141,51.7664,52.7141,17125.060449469
2012-06-11,53.4177,53.4177,51.7304,52.7141,31798.218701251
2012-06-12,52.7141,53.7698,52.0123,53.4177,83092.10831419
2012-06-13,52.8563,54.1905,52.8563,54.122,43683.548613196
2012-06-14,54.3319,54.3319,53.4879,54.086,60803.827195872
2012-06-15,54.2616,54.8237,54.1905,54.8237,42551.441650149
2012-06-18,54.8237,54.8237,54.2976,54.7192,19217.127171044
2012-06-19,54.122,54.8237,54.122,54.8237,41102.536012121
2012-06-20,55.1399,55.1743,54.122,54.122,17678.561530663
2012-06-21,54.4381,54.8237,52.7141,53.5238,182252.48451678
2012-06-22,53.3473,54.7192,53.3473,54.122,60100.892777423
2012-06-25,54.05,54.6481,54.05,54.4716,15373.701736835
2012-06-26,54.4381,55.5265,54.4381,55.5265,20489.103737762
2012-06-27,56.0886,56.6858,56.0886,56.6858,9295.9490439838
2012-06-28,56.6858,56.8623,55.4562,56.5813,32361.283516029
2012-06-29,56.5813,58.3028,56.5813,57.3541,64831.35450158
2012-07-02,58.6532,58.6532,56.2291,56.2291,1826.67311461
2012-07-03,57.2136,57.2136,55.9489,56.9326,17488.482325674
2012-07-04,56.8966,56.8966,56.0886,56.2291,9868.5775923465
2012-07-05,56.9326,56.9326,55.7372,55.9489,22230.898716811
2012-07-06,56.2291,56.5453,54.9292,55.5265,11067.630690484
2012-07-09,56.2291,56.2291,55.5265,56.1597,3491.9582249841
2012-07-10,56.2291,56.2291,54.9643,56.0542,6926.5340484622
2012-07-11,56.2291,56.2291,54.2976,54.3662,11554.185636587
2012-07-12,55.3508,55.4562,50.6773,52.0123,170744.92208141
2012-07-13,54.5076,54.5076,51.5196,52.6455,78898.411137454
2012-07-16,52.8563,53.9446,52.5745,53.5582,110025.9730211
2012-07-17,54.4381,54.4716,53.1366,54.4716,53921.525415238
2012-07-18,54.8237,55.1743,53.2077,53.6284,24466.421442152
2012-07-19,54.8237,55.0346,53.4879,54.4716,56651.971353568
2012-07-20,55.5265,55.5265,53.7698,54.4716,34422.268103455
2012-07-23,55.5265,55.5265,52.786,53.7698,11438.225366877
2012-07-24,55.5265,55.5265,53.5582,53.6987,5962.9878898394
2012-07-25,54.4022,54.4022,52.786,52.8563,5514.6878780732
2012-07-26,53.4528,53.7698,52.0474,52.9961,24478.376109132
2012-07-27,53.4177,54.122,52.7141,54.122,14744.886253665
2012-07-30,53.4879,54.2257,53.4177,53.7698,17458.595658223
2012-07-31,53.7698,55.5265,53.4879,53.7698,38164.078868331
2012-08-01,54.122,54.8237,53.4177,54.613,4695.7931899136
2012-08-02,54.8237,55.3859,53.068,53.4177,21517.205098079
2012-08-03,54.9643,54.9643,52.4348,53.4177,33513.713412943
2012-08-06,53.6987,54.7543,52.0123,52.0123,35889.105741954
2012-08-07,53.4177,53.4177,51.9413,51.9413,30364.854130297
2012-08-08,53.5582,54.122,52.6455,53.6284,231975.53088849
2012-08-09,54.122,56.2291,53.6284,55.3148,57523.466576442
2012-08-10,54.8237,56.2291,54.8237,56.1597,24889.616653259
2012-08-13,56.2291,57.9866,55.5615,57.6361,17722.79379849
2012-08-14,58.3379,58.6892,57.074,58.3379,10906.242686248
2012-08-16,57.9866,58.6892,57.9866,58.5495,18960.101830965
2012-08-17,58.6892,58.6892,57.4964,57.6361,19768.237318842
2012-08-20,57.2839,58.3379,57.074,57.074,4612.1105210506
2012-08-21,58.3028,58.3028,56.8623,57.5992,61462.529346494
2012-08-22,57.846,58.3379,57.3541,57.6361,7237.3553899534
2012-08-23,58.3379,58.4089,56.301,57.6361,58789.46580967
2012-08-24,58.1974,58.1974,56.6155,57.846,38827.562885745
2012-08-27,57.7055,58.3379,56.511,58.3379,14919.424391579
2012-08-28,57.9866,59.0414,57.5642,58.3379,45449.252926206
2012-08-29,59.0414,59.463,58.2325,58.4776,9523.087716612
2012-08-30,59.0414,59.3927,58.1974,59.0062,30222.59359323
2012-08-31,59.7424,59.7424,58.163,59.7089,33719.333685006
2012-09-03,60.0954,60.0954,58.8657,58.9703,10517.716009384
2012-09-04,59.6035,59.7424,58.0569,59.1459,15911.661750955
2012-09-05,59.1819,59.1819,58.5846,59.0414,34990.114785026
2012-09-06,59.7424,59.7424,58.8657,59.0414,4584.6147869956
2012-09-07,59.6746,59.6746,58.8297,59.0414,7505.1399303151
2012-09-10,59.6035,59.6035,58.9,59.0414,6286.9593650091
2012-09-11,59.0414,59.0414,58.4433,58.6892,6616.908173669
2012-09-12,59.6746,59.6746,58.1279,59.3927,17193.202051257
2012-09-13,59.6746,59.6746,58.7603,58.7603,6428.0244353782
2012-09-14,59.6746,61.151,59.0414,59.8151,72120.114959549
2012-09-17,61.151,61.151,60.2367,60.4466,5853.0049536194
2012-09-18,61.0791,61.0791,59.6746,60.798,18404.209816375
2012-09-19,60.798,60.8691,59.8151,60.4466,14046.733702007
2012-09-20,60.4466,60.4466,59.4278,60.1656,25737.202542172
2012-09-21,60.8691,60.8691,59.1819,59.1819,18741.331425223
2012-09-24,59.6386,59.6386,58.6892,59.1108,9267.2578432308
2012-09-25,59.2171,60.0954,57.6361,59.6035,43849.718484224
2012-09-26,59.7424,59.7424,58.7603,59.6035,20025.262658921
2012-09-27,59.7424,59.7424,58.8297,59.7089,50575.414127415
2012-09-28,59.6746,59.6746,58.8657,59.1108,80906.795190167
2012-10-01,59.6035,59.6035,58.6892,59.0757,16911.071910519
2012-10-02,59.2865,59.5324,58.9343,59.2522,34459.327571095
2012-10-03,59.4278,59.4278,58.7603,58.9703,7293.5423247615
2012-10-04,58.9343,59.7089,58.7603,58.7603,3823.1025003421
2012-10-05,59.2171,60.0954,58.4433,60.0954,7906.8167408576
2012-10-08,60.4466,60.4466,59.5324,59.7424,5683.2486824973
2012-10-09,60.4466,60.4466,59.2865,59.6386,50711.697330992
2012-10-10,60.3053,60.3053,59.463,59.7089,60726.1218605
2012-10-11,59.7424,60.0954,59.2171,60.0954,22540.524591604
2012-10-12,60.4466,60.4466,59.3927,60.026,74017.320609344
2012-10-15,60.061,60.0954,59.0414,59.3927,28741.410354354
2012-10-16,60.0954,60.0954,59.78,60.0954,70491.889316814
2012-10-17,60.4466,60.8691,59.78,60.8691,36831.133500012
2012-10-18,61.151,62.5555,60.9385,62.5555,15196.772665525
2012-10-19,62.5555,62.696,61.1844,61.5024,4393.3401153087
2012-10-22,62.2033,62.4843,61.0791,61.3953,33180.178204189
2012-10-23,59.8845,62.2033,59.8151,61.0791,17663.020463588
2012-10-24,61.0791,61.1142,60.026,60.4466,29767.120781275
2012-10-25,60.9737,61.4304,60.4466,60.5512,3245.6920851872
2012-10-26,61.852,61.852,59.9557,60.4107,5324.6086730843
2012-10-29,59.78,60.9385,59.1108,60.4107,19148.985569256
2012-10-30,60.6934,61.151,60.0954,61.0448,30242.916527096
2012-10-31,61.4304,61.4304,60.4466,61.151,25944.018280933
2012-11-02,61.6421,61.6421,60.5881,60.9034,6626.4719072534
2012-11-05,61.5024,61.852,60.9034,61.151,17027.032180229
2012-11-06,61.151,61.151,60.6567,60.8332,2933.675276998
2012-11-07,61.3259,61.3259,59.9557,60.4466,15062.880395344
2012-11-08,60.6567,60.6567,58.5127,59.0414,182189.12478178
2012-11-09,59.0414,59.5324,57.846,59.0414,33922.563023673
2012-11-12,59.7424,60.2367,58.7244,58.9703,13197.952346397
2012-11-13,59.463,59.8151,58.8297,59.3576,12767.584335101
2012-11-14,59.7089,59.7089,58.6892,59.0414,81976.737884915
2012-11-15,59.463,59.463,58.3379,59.0414,16864.448709295
2012-11-16,59.6746,59.6746,58.9,59.1459,3262.4286189598
2012-11-19,60.026,60.798,59.2171,59.9891,13174.043012436
2012-11-20,60.0954,60.798,60.0954,60.4466,5958.2060230472
2012-11-21,60.798,60.798,60.0954,60.4107,7189.5367220317
2012-11-22,60.5881,60.5881,60.026,60.2711,30807.176808573
2012-11-23,60.3756,60.6934,59.7424,60.4466,76521.823341744
2012-11-26,61.0791,61.852,60.798,61.5024,18090.997541488
2012-11-27,61.852,63.259,61.852,62.8357,108150.28577187
2012-11-28,63.259,63.259,61.5366,62.2736,97707.884164466
2012-11-29,63.259,63.2933,62.4501,63.1887,60418.886919103
2012-11-30,63.6095,63.6095,62.5914,62.5914,66838.543087594
2012-12-03,62.4149,63.1887,62.3447,62.66,20894.366948399
2012-12-04,63.013,63.013,62.0268,62.3447,23202.81314232
2012-12-05,62.696,62.696,62.0628,62.2736,38327.857805963
2012-12-06,63.6095,64.6635,63.013,63.5401,37706.21512298
2012-12-07,63.9608,63.9608,63.013,63.223,9795.6541237658
2012-12-10,63.259,63.9608,62.8357,63.223,36241.768417877
2012-12-11,63.223,63.223,62.696,63.223,28859.761557461
2012-12-12,63.223,64.8048,63.1535,63.259,14823.787055735
2012-12-13,64.8048,64.8048,62.3447,63.259,37546.022585442
2012-12-14,62.0628,64.3113,62.0628,63.259,53114.585394059
2012-12-17,64.1022,64.1022,63.0482,63.259,13456.173153174
2012-12-18,64.2769,64.2769,62.7311,63.1887,89795.090090118
2012-12-19,63.9265,63.9608,62.8725,63.259,105377.99849911
2012-12-20,64.1022,65.157,63.3636,63.6095,92842.33470343
2012-12-21,65.3661,65.7174,63.6095,63.75,136001.07343618
2012-12-27,65.3661,65.3661,63.75,64.067,109129.37299757
2012-12-28,64.6635,64.6635,63.4697,63.9608,83489.00325794
2013-01-02,63.2933,63.714,63.1176,63.1176,12438.830993139
2013-01-03,63.0825,63.1887,62.5555,63.1887,9081.9605050341
2013-01-04,63.1887,63.223,61.5366,62.0979,19859.092787893
2013-01-07,62.2033,62.9068,61.3259,62.4843,11380.842965371
2013-01-08,62.5555,63.223,62.5555,63.1176,27587.784990743
2013-01-09,62.5555,63.223,62.3447,63.223,29354.68477045
2013-01-10,63.1535,63.1535,62.0268,62.5555,56200.084941708
2013-01-11,62.5555,62.5555,61.9231,61.9231,94299.608608344
2013-01-14,62.0979,62.1682,61.9582,61.9582,2539.1712666437
2013-01-15,62.2736,63.259,61.9582,62.3088,65368.119049001
2013-01-16,62.2736,62.2736,61.852,61.9231,4640.8017218036
2013-01-17,62.2392,62.5195,61.9231,61.9925,18902.719429459
2013-01-18,61.9925,62.2033,61.852,62.0628,11453.766433952
2013-01-21,62.2736,62.4149,61.9231,62.0268,34398.358769495
2013-01-22,62.3088,62.3447,61.7466,61.7466,40951.907208167
2013-01-23,61.7834,62.1339,59.9557,62.0628,45579.558796292
2013-01-24,62.0628,62.3798,61.7834,62.2736,52760.727251438
2013-01-25,62.5555,62.5555,61.852,61.9231,7943.876208497
2013-01-28,62.0628,63.259,61.6771,62.0268,3199.0688839636
2013-01-29,62.0628,62.0628,61.852,61.852,494.92321298988
2013-01-30,61.8863,62.5555,61.3609,61.3609,68886.377541342
2013-01-31,61.2188,63.1887,60.3053,62.2033,53301.078198953
2013-02-01,63.1887,63.1887,61.151,61.151,50677.028796749
2013-02-04,62.4843,63.1176,60.5162,63.1176,15181.23159845
2013-02-05,63.0482,63.0482,61.852,62.2736,6155.4580282244
2013-02-06,62.696,62.696,60.9385,62.2033,15431.084138341
2013-02-07,62.1339,63.9608,61.852,63.9265,16645.678303553
2013-02-08,62.9068,63.259,62.9068,63.259,1146.4525634234
2013-02-11,62.6258,63.8546,62.0979,62.0979,3334.1566208424
2013-02-12,62.696,62.696,61.7131,62.2033,13248.161947715
2013-02-13,62.5555,62.5555,61.7466,61.7466,12206.910453719
2013-02-14,61.571,61.6069,60.2367,60.4466,6416.0697683978
2013-02-15,60.798,61.852,60.4466,61.5024,32776.11046025
2013-02-18,62.2033,62.2033,60.4466,61.151,6318.0414991582
2013-02-19,61.852,62.0979,59.3927,59.3927,10949.279487378
2013-02-20,61.0791,61.3609,58.4776,61.0791,24425.775574418
2013-02-21,60.798,60.9385,59.5675,60.798,49815.097307459
2013-02-22,60.798,61.0791,60.4466,60.4466,33153.877936832
2013-02-25,60.798,61.151,60.5162,61.0791,91606.222137653
2013-02-26,61.151,61.3609,60.6215,61.151,7563.7177985192
2013-02-27,61.3609,61.6421,60.7286,61.0448,26893.218839179
2013-02-28,62.1339,62.7663,61.5024,62.7663,12322.870723429
2013-03-01,62.8015,62.8015,61.6771,62.2033,6637.2311075358
2013-03-04,62.8015,62.8357,61.4304,61.4304,7601.9727328566
2013-03-05,62.4149,62.696,62.0268,62.4149,4166.2014426805
2013-03-06,62.696,63.223,62.3447,62.5914,34460.523037793
2013-03-07,63.259,63.2933,61.9925,62.8725,4459.0907837011
2013-03-08,63.259,64.6635,63.259,64.6635,126498.30865344
2013-03-11,65.3661,66.1391,65.3661,66.0336,26907.564439556
2013-03-12,65.7174,65.858,64.6635,65.3318,12174.632852872
2013-03-13,65.3661,65.7174,65.0851,65.3661,8594.2100922324
2013-03-14,65.7174,65.7885,64.2427,65.5778,26366.018025342
2013-03-15,65.5066,65.6831,63.259,63.259,58555.154336853
2013-03-18,63.8905,63.8905,62.5555,63.6797,8125.5871465995
2013-03-19,63.8905,64.1022,62.696,63.259,5887.6734878627
2013-03-20,64.6635,64.6635,63.3292,64.1364,26581.20203099
2013-03-21,64.5941,64.5941,62.9068,63.8203,17303.184987477
2013-03-22,64.1708,64.1708,62.696,62.9068,10863.205885118
2013-03-25,63.75,63.75,61.7131,62.5555,20330.106666922
2013-03-26,62.8725,63.9608,61.4655,62.9068,33076.172601459
2013-03-27,61.852,63.259,61.5366,62.7663,46168.923878428
2013-03-28,61.852,63.8203,61.151,63.8203,60454.750920044
2013-04-02,65.0165,65.0165,63.5401,63.6797,66201.359337537
2013-04-03,63.6797,63.6797,62.5555,63.223,146509.22571198
2013-04-04,63.6095,63.6095,62.66,63.5401,28788.033555578
2013-04-05,63.75,63.75,62.696,63.259,41403.793620028
2013-04-08,63.6095,64.9805,63.3292,64.5238,50639.969329109
2013-04-09,64.3824,64.3824,63.75,63.8203,6316.8460324602
2013-04-10,64.1364,64.3113,63.7852,63.8905,8255.8930166862
2013-04-11,64.3113,64.6635,64.0311,64.3113,1857.7552487591
2013-04-12,64.3113,64.6283,63.9608,63.9608,6607.3444400847
2013-04-15,64.6635,64.6635,60.3697,60.3697,87609.776966095
2013-04-17,61.852,63.9608,61.852,63.8203,165508.77794398
2013-04-18,63.2515,63.9474,62.5555,62.5555,7477.6441962601
2013-04-19,63.9608,63.9608,62.7103,63.6797,9370.0679792625
2013-04-22,63.9608,63.9683,62.7864,63.561,6292.9366984993
2013-04-23,63.9474,63.9474,62.8641,63.259,22557.261125377
2013-04-24,63.8546,63.8546,62.2392,62.2392,29459.885839878
2013-04-25,62.5479,63.0549,60.2367,61.7131,54877.898773672
2013-04-26,61.852,63.6095,61.6487,63.6095,4349.1078474811
2013-04-29,63.6797,63.9608,62.8015,63.1535,4808.1670595297
2013-04-30,64.6635,64.6635,63.0482,63.3292,8255.8930166862
2013-05-02,64.2694,64.2694,63.013,63.0825,4530.8187855837
2013-05-06,63.8546,63.8546,62.7103,62.9068,10569.1210774
2013-05-07,63.1176,63.7007,62.5688,62.9068,46369.762283699
2013-05-08,62.9068,63.7366,62.9068,63.3986,45482.725993751
2013-05-09,63.8905,64.6635,63.8905,64.6635,5919.9510887098
2013-05-10,63.9608,64.5238,63.9608,63.9608,27750.368461676
2013-05-13,63.9608,64.6575,63.9608,64.1708,9672.5210538674
2013-05-14,64.6575,66.0696,63.4697,66.0696,100928.47144899
2013-05-15,65.7174,65.7174,64.2134,64.2134,31035.510947899
2013-05-16,64.5238,64.5238,64.067,64.3113,57328.605504661
2013-05-17,63.9758,64.5162,63.9608,63.9959,88677.328727447
2013-05-20,64.2694,64.354,63.8203,64.354,36435.43402296
2013-05-21,63.8905,64.6158,63.2648,63.9533,20501.058404743
2013-05-22,63.2791,63.6731,63.2791,63.3986,10282.209069869
2013-05-23,63.259,65.3661,62.5413,65.3661,8084.9412788661
2013-05-24,65.0165,65.0165,63.75,64.4526,31769.527500498
2013-05-27,63.9959,66.7789,63.9959,66.4217,68133.233521575
2013-05-28,66.0696,66.4217,65.9282,66.0554,52929.288055862
2013-05-29,65.5778,65.5987,64.3113,64.3113,16316.924961591
2013-05-31,64.7973,66.0696,64.3196,66.0696,87346.774292525
2013-06-03,66.0696,66.0696,64.7002,66.0554,537671.90664521
2013-06-04,66.211,66.4217,65.7324,66.0696,723594.47392498
2013-06-05,65.8028,67.4749,65.8028,67.4749,267894.5232979
2013-06-06,67.4749,67.4749,67.1386,67.4682,9995.2970623391
2013-06-07,67.8689,68.4888,67.8689,68.1776,318179.43901768
2013-06-10,68.4888,69.5846,67.6999,69.2316,31046.270148181
2013-06-11,69.4448,69.7452,69.2316,69.654,83227.196051068
2013-06-12,69.6197,70.217,69.0986,70.217,31828.105368702
2013-06-13,70.217,70.217,69.2316,69.5846,53045.248325572
2013-06-14,69.5846,70.1459,69.5846,69.5846,12174.632852872
2013-06-17,70.217,71.6917,69.5904,71.5511,115320.69502673
2013-06-18,70.7088,72.3249,70.7088,70.8493,24232.109969335
2013-06-19,70.989,71.3412,69.6883,70.7431,71771.038683721
2013-06-20,70.6386,70.6386,68.7062,69.8296,73131.479786094
2013-06-21,70.217,70.217,65.3661,65.8237,24030.076097366
2013-06-24,66.6952,66.6952,65.7601,66.6869,44453.429166736
2013-06-25,66.7723,68.5147,66.6869,66.7723,11417.90243301
2013-06-26,66.4912,66.7588,63.1176,65.8028,205818.7195353
2013-06-27,65.8028,66.7513,63.259,63.6095,265641.06857208
2013-06-28,63.9608,66.5338,63.9608,66.5338,51738.603224611
2013-07-01,66.5338,66.5338,65.7174,66.3506,133397.34696785
2013-07-02,67.4415,67.4415,66.7723,66.7789,62449.984839078
2013-07-03,66.8433,66.9128,64.8751,64.8751,50092.445581405
2013-07-04,64.671,65.986,64.671,65.5066,20018.089858733
2013-07-05,66.0202,66.6952,65.5919,65.5919,3111.7998150064
2013-07-08,66.4134,66.7723,65.0507,65.0725,9502.7647827453
2013-07-09,66.4853,66.4853,65.0574,65.3661,58311.279130452
2013-07-10,66.7656,67.4749,65.2322,66.7723,58054.253790373
2013-07-11,67.4749,67.7208,65.6129,66.4217,21566.219232699
2013-07-12,67.1236,67.1236,66.0696,66.6326,58109.245258483
2013-07-15,66.7371,66.7723,65.8237,66.4217,104031.90299711
2013-07-16,65.8505,67.4749,65.8455,67.4415,36632.686028137
2013-07-17,67.4415,68.037,67.4415,67.6163,99401.860475593
2013-07-18,67.8262,69.2892,67.8262,68.5313,207543.77798058
2013-07-19,68.1776,68.5992,68.1776,68.5313,255.82987338124
2013-07-22,68.8802,68.8802,67.8262,68.1776,8529.6548905381
2013-07-23,68.4034,68.8802,67.4749,68.8108,145736.95422504
2013-07-24,69.1621,69.1621,67.7836,68.4586,45874.839070709
2013-07-25,68.1776,68.7121,68.1776,68.5724,286544.99925407
2013-07-26,68.5313,69.2316,68.2135,68.8869,214452.38002857
2013-07-29,68.8869,69.5067,68.3256,68.6912,13603.215557033
2013-07-30,68.5858,69.2316,68.5858,69.2316,852.36775570479
2013-07-31,69.5126,69.6197,69.0149,69.6197,70163.135974853
2013-08-01,69.5904,71.3412,68.6067,68.6067,131785.85785888
2013-08-02,70.2872,71.6917,70.2872,71.6231,122964.50909403
2013-08-05,71.6917,71.833,71.1296,71.6917,40374.496793012
2013-08-06,71.833,72.7473,71.833,71.9041,7811.1794050142
2013-08-07,72.3249,76.6136,71.6917,75.9109,1157909.9162575
2013-08-08,75.9109,79.3849,75.2451,77.4886,128401.49163672
2013-08-09,78.3686,79.4627,76.7934,78.6605,16002.517220006
2013-08-12,78.6605,78.6605,76.9657,78.0222,14198.557972659
2013-08-13,77.6659,80.0574,77.0318,79.5581,10271.449869587
2013-08-14,80.4104,81.9764,79.7688,81.1716,14921.815324975
2013-08-16,82.173,82.173,81.083,81.5355,20088.622393918
2013-08-19,81.8542,82.173,80.8345,81.3967,5124.9657345111
2013-08-20,80.5468,80.6263,79.4234,79.4234,29480.208773745
2013-08-21,79.4234,79.4234,77.8365,77.8365,31139.516550629
2013-08-22,77.6977,79.3455,77.3882,77.9528,31924.938171243
2013-08-23,78.4714,79.6358,78.2012,78.3686,50828.8530674
2013-08-26,79.077,79.077,77.4191,78.162,21648.706434864
2013-08-27,78.0222,78.3686,77.0026,78.0222,19384.49250877
2013-08-28,77.3179,77.3179,74.2238,74.3249,89003.691136013
2013-08-29,74.5039,75.5881,74.0497,75.2066,3485.9808914939
2013-08-30,75.8357,75.8357,74.5341,74.647,31071.37494884
2013-09-02,75.4542,76.3367,75.3422,75.9109,22761.685930742
2013-09-03,75.9109,77.9144,75.9109,76.2238,8723.3204956211
2013-09-04,78.0222,78.0222,73.839,73.839,7708.3692689825
2013-09-05,72.8209,72.8209,65.5426,66.7371,260169.41749514
2013-09-06,67.4749,70.8493,67.4749,70.2789,115760.62677162
2013-09-09,70.989,74.0137,69.7669,73.8022,68840.949806817
2013-09-10,74.1878,75.2066,72.6085,72.6085,42704.461387499
2013-09-11,73.2417,74.5039,71.7979,74.1509,13502.796354398
2013-09-12,73.839,75.2066,73.839,74.5341,20595.500273888
2013-09-13,74.5039,74.7507,74.1878,74.3618,46143.819077769
2013-09-16,74.6838,74.8561,73.9402,73.9402,16229.655892634
2013-09-17,74.7507,75.9109,72.7473,74.4747,11460.93923414
2013-09-18,74.5039,74.5039,73.1698,73.7661,1940.2424509241
2013-09-19,74.5341,75.9109,74.5039,74.9983,30355.290396713
2013-09-20,75.4918,75.4918,74.0137,74.0137,13099.924077157
2013-09-23,73.8022,75.1037,73.8022,74.5039,1421.4099039733
2013-09-24,74.5039,76.1192,74.5039,75.9109,44292.0411625
2013-09-25,76.1869,76.5843,76.0523,76.4714,9309.0991776623
2013-09-26,76.6136,80.755,76.6136,79.4234,58437.998600445
2013-09-27,79.4234,80.6263,78.8963,79.0068,130988.48157129
2013-09-30,80.8345,80.8345,77.3179,78.7233,95612.231042796
2013-10-01,76.9657,79.0068,76.9657,79.0068,22449.669122553
2013-10-02,79.0068,79.0068,78.0222,78.3686,15074.835062325
2013-10-03,78.6605,80.1218,78.3686,79.5581,23151.408074304
2013-10-04,79.9938,79.9938,78.162,78.162,3497.9355584744
2013-10-07,78.162,78.7233,76.3367,76.6136,52307.64537288
2013-10-08,76.2606,76.6136,75.4918,75.4918,4932.4955961262
2013-10-09,75.4918,76.2606,75.2066,75.701,39108.497559785
2013-10-10,75.701,77.3179,75.701,77.1473,10762.786682483
2013-10-11,76.9657,78.4079,76.9657,77.3179,85328.826506228
2013-10-14,77.3179,82.6137,76.9657,81.2118,40650.64960026
2013-10-15,81.8869,85.406,81.8869,84.971,71016.699197255
2013-10-16,84.971,84.971,82.2708,84.352,14401.787311326
2013-10-17,85.406,85.406,83.5657,84.6866,20675.596542657
2013-10-18,84.6866,84.6866,80.8345,83.4402,9349.7450453957
2013-10-21,83.4737,86.8029,83.4737,85.0463,60250.326114678
2013-10-22,85.0463,86.3512,84.3771,85.155,27946.425000156
2013-10-23,86.1003,86.4181,84.7703,85.682,5633.0390811795
2013-10-24,84.1261,86.2424,84.1261,85.7155,18530.929286367
2013-10-25,85.7489,86.1003,82.8998,83.3148,45312.969722629
2013-10-28,84.0341,86.0668,83.3566,83.6494,15702.455078797
2013-10-29,83.2813,84.5611,82.5895,82.6547,15482.489206357
2013-10-30,82.3845,82.981,80.1218,80.1218,16840.539375334
2013-10-31,81.8542,82.4013,77.5964,79.4234,60849.254930398
2013-11-04,79.7688,80.8345,76.6429,78.7233,33847.248621697
2013-11-05,80.5468,81.5355,79.7688,80.3385,15636.704410405
2013-11-06,81.6008,83.1524,81.5355,83.0378,138146.93615918
2013-11-07,83.1115,84.2349,83.0713,84.0676,102707.32589568
2013-11-08,84.0676,84.0676,80.899,82.7359,25379.757999457
2013-11-12,82.94,83.9923,81.6008,81.6008,30706.757605937
2013-11-13,82.2298,82.2298,78.8963,80.7952,10613.353345227
2013-11-14,80.8345,82.5159,80.8345,81.9604,36049.298279492
2013-11-15,82.94,82.94,81.9764,82.8998,11758.610441953
2013-11-18,83.2479,85.9497,83.2261,85.9497,91461.57066719
2013-11-19,85.9497,86.1421,83.3148,83.9923,88000.694576355
2013-11-20,83.9588,85.0463,83.022,83.9923,6557.1348387669
2013-11-21,83.9923,84.4189,83.4402,83.5406,2916.9387432254
2013-11-22,83.5071,84.9292,83.5071,84.6866,17780.176199996
2013-11-25,85.1132,86.5604,85.1132,85.7489,140607.20662374
2013-11-26,86.1003,86.4516,85.7489,86.1755,10997.098155299
2013-11-27,86.1003,86.1755,83.6494,85.0463,18436.487417222
2013-11-28,85.0463,85.0463,83.4402,83.6494,3423.8166231957
2013-11-29,84.7703,85.7489,83.6745,85.7489,7178.7775217493
2013-12-02,85.8912,85.8912,84.168,85.0463,3661.7144961063
2013-12-03,84.352,84.9292,80.8345,82.3118,9857.8183920641
2013-12-04,82.3118,83.7832,80.4104,80.5468,42590.892051185
2013-12-05,80.5468,81.4619,80.5468,80.8345,6142.3078945459
2013-12-06,81.6008,83.3566,81.6008,82.4013,38698.452482356
2013-12-09,82.94,83.7079,82.6547,83.7079,3338.9384876346
2013-12-10,83.7079,83.7079,81.6008,81.707,3450.1168905526
2013-12-11,81.3641,83.3566,81.3641,82.2298,3329.3747540503
2013-12-12,81.4619,82.0584,79.2185,79.4234,10081.370664598
2013-12-13,80.8345,80.8345,77.7738,77.7738,11012.639222374
2013-12-16,77.3556,79.9537,77.3179,77.3179,11331.828830751
2013-12-17,78.6923,78.7233,75.1321,75.1321,16202.160158579
2013-12-18,74.8561,78.755,72.8845,77.983,52001.60589818
2013-12-19,80.0574,80.8345,77.983,78.7233,49488.734898894
2013-12-20,79.7688,81.2904,78.6605,80.6823,41418.139220404
2013-12-23,81.5355,81.5355,80.1218,80.8345,5108.2292007385
2013-12-27,80.8345,81.7396,78.7233,78.7233,94872.237156707
2013-12-30,79.8408,81.5355,78.8646,79.6751,102820.895232
2014-01-02,79.2502,81.5355,79.2502,81.3231,2524.8256662672
2014-01-03,81.3967,81.5355,80.6263,80.755,19044.979966526
2014-01-07,81.3967,81.3967,78.1226,78.1226,17769.416999714
2014-01-08,78.1226,79.4234,77.3882,78.0222,10290.577336756
2014-01-09,77.3179,77.8131,75.5881,75.9109,13218.275280263
2014-01-10,75.9109,76.4714,74.3618,75.2066,38031.382064848
2014-01-13,75.3422,77.5655,75.1037,77.3882,63076.409388853
2014-01-14,77.2409,78.162,76.5082,76.6796,53016.557124819
2014-01-15,78.0456,80.8345,78.0222,80.8345,69986.206903542
2014-01-16,80.6263,80.9383,79.077,80.1218,150578.59435212
2014-01-17,81.1147,81.1147,78.8646,78.8646,2693.3864706913
2014-01-20,79.9938,80.8345,79.1097,80.162,42129.44190574
2014-01-21,80.162,81.7396,79.6751,81.1716,50685.397063635
2014-01-22,81.8869,82.6547,81.8869,82.5895,90796.891183078
2014-01-23,82.5895,85.6067,82.2298,84.2683,248982.24013485
2014-01-24,85.0044,85.0044,82.8012,82.8012,27626.03992508
2014-01-27,81.9604,81.9604,78.5418,80.5142,35407.332662643
2014-01-28,80.5468,84.352,80.5468,84.352,164811.82085902
2014-01-29,84.0341,84.3771,81.8133,82.94,48869.483149307
2014-01-30,83.6494,83.6494,81.2512,82.94,33829.316621226
2014-01-31,82.3444,84.1261,82.3444,83.9923,33763.565952834
2014-02-03,84.1261,84.4608,82.2708,84.3102,30352.899463316
2014-02-04,83.7414,84.5192,81.8133,83.9923,19774.214652332
2014-02-05,82.5895,87.0121,82.5895,86.5269,212290.97623851
2014-02-06,87.079,94.892,86.5269,90.6675,145747.71342533
2014-02-07,90.6675,93.3361,90.6675,91.5793,22527.374457926
2014-02-10,91.3701,93.8378,91.1192,93.8378,37314.102046022
2014-02-11,93.8378,94.892,93.2352,94.8587,87318.083091772
2014-02-12,95.5862,95.5862,94.1895,94.892,25971.514014988
2014-02-13,94.8587,94.8587,93.3361,93.6619,46339.875616248
2014-02-14,93.3361,94.892,89.6219,94.5403,70069.889572405
2014-02-17,94.5403,95.0253,94.3228,94.6662,87447.193495161
2014-02-18,94.5986,94.5986,92.6252,93.486,7069.9900522274
2014-02-19,91.755,94.1895,90.4249,91.3701,42244.206708752
2014-02-20,91.0607,92.2067,90.4249,92.0812,9679.6938540557
2014-02-21,92.2067,93.2019,92.1063,93.1352,18137.620742711
2014-02-24,92.491,94.892,92.3656,94.892,37568.736452705
2014-02-25,95.2428,95.4187,93.486,93.486,8659.9607606248
2014-02-26,93.486,94.0053,92.3321,93.3361,10719.749881353
2014-02-27,93.8378,93.8378,92.0812,92.3907,10587.05307787
2014-02-28,92.7918,94.5403,90.8766,92.8844,29683.438112412
2014-03-03,89.4714,92.0812,88.5679,88.5679,19096.385034542
2014-03-04,88.5679,92.0812,88.5679,89.9732,37508.963117803
2014-03-05,90.3162,91.4789,89.5131,90.3162,34991.310251724
2014-03-06,90.8432,91.7298,90.4918,91.5793,35312.890793498
2014-03-07,90.6006,93.2352,90.6006,91.0189,41596.263758413
2014-03-10,89.9732,91.7298,89.2539,89.4714,27890.238065347
2014-03-11,89.5131,90.9519,89.5131,90.8432,11745.460308274
2014-03-12,89.6554,91.3701,86.8447,88.5679,32507.13045319
2014-03-13,86.5938,88.3505,84.352,84.352,22086.247246348
2014-03-14,84.352,86.1003,82.94,85.0463,33383.407542856
2014-03-17,89.58,91.5793,87.1627,90.6006,51338.121880766
2014-03-18,92.7918,92.7918,90.6675,91.5458,20261.965065134
2014-03-19,92.2904,93.1352,90.0067,91.3701,23970.302762464
2014-03-20,91.5793,93.0936,90.082,92.7918,26460.459894488
2014-03-21,93.486,94.1895,91.6881,91.6881,55549.751057973
2014-03-24,92.1063,94.5403,90.7094,94.1895,14193.776105867
2014-03-25,94.1895,94.1895,92.1481,93.8711,18974.447431341
2014-03-26,93.1352,94.5403,93.1352,93.8711,6753.1913772459
2014-03-27,94.2395,95.2428,92.566,94.8587,18364.759415339
2014-03-28,93.1352,94.1895,93.1352,93.972,38540.650878214
2014-03-31,94.1895,94.1895,93.1352,93.1352,14167.47583851
2014-04-01,93.1352,95.5862,93.1352,95.2428,11410.729632822
2014-04-02,96.2971,96.2971,94.5403,94.5403,5218.2121369585
2014-04-03,95.937,95.937,93.7295,93.7295,8722.1250289231
2014-04-04,93.486,94.6662,93.486,93.486,4350.3033141791
2014-04-07,94.5403,94.5403,91.8219,93.486,5353.2998738374
2014-04-08,94.4403,96.0129,93.486,96.0129,54667.496634817
2014-04-09,95.5862,96.0796,94.9587,94.9587,11104.690158123
2014-04-10,96.0129,96.0129,94.1895,94.6662,7429.8255283384
2014-04-11,94.1895,94.1895,92.8261,93.4444,9141.7338399362
2014-04-14,93.7295,93.7295,91.4538,91.5793,2963.5619444491
2014-04-15,92.2067,92.2904,89.7474,90.0987,16632.528169875
2014-04-16,88.7603,90.9184,88.7603,88.9109,23884.229160205
2014-04-17,89.1283,91.2698,88.7603,90.9519,52827.673386528
2014-04-22,92.3907,92.3907,90.6675,91.0189,48900.565283456
2014-04-23,92.0812,92.0812,91.3701,91.5793,7111.8313866589
2014-04-24,91.6546,92.0812,90.6675,92.0812,2753.1598055935
2014-04-25,91.0189,95.1679,91.0189,95.1679,4961.1867968792
2014-04-28,94.1895,94.1895,91.5207,93.7628,15845.911082562
2014-04-29,92.2904,93.7628,90.8097,91.6546,28058.798869772
2014-04-30,92.0059,95.5862,91.755,95.5862,41707.442161331
2014-05-02,93.512,94.892,92.7918,92.7918,19018.679699169
2014-05-05,93.4444,94.5986,92.8261,92.8261,4186.5243765472
2014-05-06,93.4194,93.4194,90.8097,90.8097,4050.2411729703
2014-05-07,91.3701,92.1063,89.2957,90.6006,84052.068072718
2014-05-08,90.6675,92.8428,90.6675,92.0812,71616.823479673
2014-05-09,92.7918,92.7918,89.7474,91.4538,20784.384012179
2014-05-12,91.6546,94.5736,91.6546,93.9803,9645.0253198124
2014-05-13,93.8461,95.2937,93.8461,93.8461,11081.97629086
2014-05-14,94.5736,94.9087,92.7585,94.2728,17569.774061141
2014-05-15,93.9211,94.1469,91.6546,91.6546,10291.772803454
2014-05-16,91.6546,92.5329,89.0113,90.2075,5194.3028029976
2014-05-19,90.2075,90.2075,87.6645,88.0911,50219.165051398
2014-05-20,88.1748,93.8461,88.1748,92.9677,18288.249546665
2014-05-21,92.4241,94.5736,92.4241,93.8794,12133.986985138
2014-05-22,93.8794,94.2062,91.6964,93.486,9492.0055824629
2014-05-23,93.7628,95.2937,93.1519,95.2937,8931.3317010806
2014-05-26,95.6612,97.3347,95.2937,97.2254,12339.607257202
2014-05-27,96.5313,96.7154,94.5736,96.0212,63977.791279177
2014-05-28,95.5196,95.5196,94.5736,94.6412,1936.65605083
2014-05-29,95.0762,96.0212,94.5986,95.377,43058.319530119
2014-05-30,95.6612,96.2887,95.377,95.6612,124873.6694108
2014-06-02,95.6612,96.0212,95.477,95.6612,26811.927103713
2014-06-03,95.6612,97.8114,95.6612,97.4346,39222.066896099
2014-06-04,97.5938,97.8114,96.423,97.3763,12375.471258143
2014-06-05,97.4013,97.4763,96.8663,96.8663,2504.5027324005
2014-06-06,96.7571,97.7355,96.3804,97.7355,60147.515978647
2014-06-09,97.8447,98.1372,97.4763,97.8114,13927.187032203
2014-06-10,97.8114,97.8114,96.423,97.3347,3183.527816889
2014-06-11,96.6146,96.7571,95.377,95.5196,27180.13084671
2014-06-12,95.5196,95.5196,94.1812,95.2345,30271.60772785
2014-06-13,94.5736,95.2345,94.5736,94.5736,23108.371273175
2014-06-16,94.1812,95.2595,93.1852,94.432,7243.3327234437
2014-06-17,92.2819,96.8321,92.2819,96.3137,46801.325761693
2014-06-18,95.6945,96.7904,94.432,94.9337,5647.384681556
2014-06-20,95.377,96.7571,95.2937,96.423,5353.2998738374
2014-06-23,96.7571,96.8321,96.0629,96.8321,21108.355487349
2014-06-24,96.8321,97.4763,96.0629,97.0413,3133.3182155712
2014-06-25,97.0413,97.1921,94.5986,94.5986,41110.904279007
2014-06-26,96.6821,96.7571,93.8794,93.8794,18987.59756502
2014-06-27,93.9211,96.6821,93.9211,95.5862,23131.085140438
2014-06-30,95.5862,96.8321,95.5862,96.4646,29059.404496034
2014-07-01,95.6945,96.3804,94.6412,94.6412,2938.4571437901
2014-07-02,94.5986,96.3804,93.1852,93.2269,5390.3593414767
2014-07-03,93.5453,95.2345,93.1852,94.2062,18625.371155513
2014-07-04,94.5403,94.9337,93.5453,94.5736,11378.452031975
2014-07-07,95.6195,95.6195,93.8461,94.5736,5568.4838794852
2014-07-08,94.5736,95.5196,93.1186,93.1186,3670.0827629926
2014-07-09,94.3145,94.4653,91.0104,93.1186,29433.585572521
2014-07-10,93.5869,94.3904,91.6546,91.6546,20622.996007943
2014-07-11,93.0769,94.2062,92.3907,93.6286,1465.6421718009
2014-07-14,93.6286,96.5313,93.6286,96.3804,10920.588286624
2014-07-15,96.3804,96.3804,94.2062,96.3804,5488.3876107163
2014-07-16,96.0212,96.0212,94.3561,94.9337,2211.6133913799
2014-07-17,94.2311,95.2937,93.947,94.4653,1270.7811000199
2014-07-18,94.022,95.1928,93.486,93.486,11185.98189359
2014-07-21,93.486,94.2728,93.486,93.486,5256.4670712959
2014-07-22,93.486,95.1095,93.486,93.8461,6981.5255165722
2014-07-23,93.8461,95.2345,92.8428,94.2062,12389.81685852
2014-07-24,93.8461,95.1928,93.1186,93.9803,11294.769363112
2014-07-25,94.3561,94.9337,94.3561,94.5736,16533.304433937
2014-07-28,93.8461,95.377,93.8461,95.2937,9930.7418606447
2014-07-29,95.9454,96.0212,94.9337,95.4437,16838.148441938
2014-07-30,95.4437,95.4437,94.5736,95.2937,24289.492370841
2014-07-31,94.5736,95.2937,94.5736,95.2937,16062.290554908
2014-08-01,95.9454,95.9454,92.8428,95.2595,27720.481794225
2014-08-04,94.5736,95.3354,94.5736,95.2595,21521.986964871
2014-08-05,95.6945,95.6945,92.7585,93.1852,17434.686324262
2014-08-06,94.5736,95.6195,92.1313,92.3907,40688.904534598
2014-08-07,94.1812,94.5736,91.6546,94.5736,10008.447196018
2014-08-08,92.7585,94.432,91.6546,93.1186,9934.3282607389
2014-08-11,92.6752,94.4653,92.6752,94.4653,7549.3721981427
2014-08-12,94.4986,94.5736,90.977,94.5736,17217.111385218
2014-08-13,93.2269,95.2937,93.2269,95.2937,23660.676887671
2014-08-14,95.1928,96.0212,94.3904,96.0212,12314.502456543
2014-08-18,96.0212,96.6821,94.5986,96.3804,8180.5786147095
2014-08-19,96.3804,97.0413,94.9337,96.7571,20853.721080665
2014-08-20,96.0212,97.4013,96.0212,97.4013,33988.313692066
2014-08-21,97.4013,97.4763,97.2254,97.4763,23538.73928447
2014-08-22,97.4763,97.4763,96.4646,97.4763,8841.6716987274
2014-08-25,97.4763,98.7814,97.4763,98.1788,7440.5847286208
2014-08-26,98.1788,98.2214,97.4763,98.2214,13983.373967011
2014-08-27,98.5722,98.5722,98.0205,98.4889,7231.3780564632
2014-08-28,98.2214,98.3463,98.0955,98.3463,11350.95629792
2014-08-29,97.6605,99.6348,97.6605,98.9322,9301.926377474
2014-09-01,98.9322,99.6681,96.7571,99.2914,22297.844851901
2014-09-02,99.4422,99.5931,98.1372,98.1372,478.18667921727
2014-09-03,98.8989,100.003,98.8563,99.6681,21396.462961577
2014-09-04,100.396,101.483,100.07,101.107,21407.222161859
2014-09-05,100.872,100.872,100.237,100.756,18564.402353913
2014-09-08,100.672,104.972,99.6681,103.951,18627.762088909
2014-09-09,102.571,103.667,102.202,102.939,6809.378312054
2014-09-10,101.927,102.571,101.927,102.362,21998.978177391
2014-09-11,101.767,103.457,101.767,102.571,17168.097250598
2014-09-12,102.571,103.951,101.843,102.939,85318.067305946
2014-09-15,103.298,106.946,103.298,105.482,143111.70935615
2014-09-16,105.482,107.665,105.448,106.903,9147.7111734264
2014-09-17,107.164,109.087,107.164,108.728,17131.037782959
2014-09-18,109.045,109.045,107.74,107.849,16024.035620571
2014-09-19,108.384,108.753,108.092,108.753,80649.769850087
2014-09-22,109.045,109.045,108.384,108.753,10479.461075047
2014-09-23,108.753,108.753,106.176,108.033,9679.6938540557
2014-09-24,107.665,109.84,106.971,107.665,10205.699201195
2014-09-25,108.728,109.012,107.038,107.958,11309.114963489
2014-09-26,107.079,108.728,104.319,106.285,27144.266845769
2014-09-29,106.285,108.293,106.285,107.665,10742.463748616
2014-09-30,108.728,108.728,106.971,107.665,7487.2079298445
2014-10-01,108.343,108.343,104.545,106.569,14945.724658936
2014-10-02,106.569,106.569,103.374,103.667,27645.167392249
2014-10-03,104.027,104.027,101.843,102.939,34447.372904114
2014-10-06,102.939,105.482,102.939,104.754,37640.464454588
2014-10-07,104.754,105.733,104.386,104.754,40766.609869971
2014-10-08,104.545,105.817,103.298,104.721,17884.181802726
2014-10-09,105.858,107.556,103.818,105.482,12150.723518911
2014-10-10,105.482,105.482,101.843,103.876,14172.257705302
2014-10-13,102.637,104.645,102.637,103.984,13720.371293442
2014-10-14,103.876,104.027,101.767,103.984,21539.918965342
2014-10-15,104.027,104.027,101.483,101.843,15054.512128458
2014-10-16,102.537,102.537,99.769,100.756,17645.088463117
2014-10-17,100.095,103.298,100.095,103.298,17438.272724356
2014-10-20,103.298,103.583,101.843,103.298,7677.2871348333
2014-10-21,103.273,104.027,101.182,102.755,14100.529703419
2014-10-22,102.755,103.541,101.843,103.232,23989.430229633
2014-10-23,103.583,103.583,102.069,102.939,41764.824562837
2014-10-24,102.83,103.298,102.637,102.939,4355.0851809713
2014-10-27,103.298,103.298,102.362,103.298,3181.1368834929
2014-10-28,103.667,103.667,102.981,103.298,58146.304726122
2014-10-29,103.298,103.583,101.843,103.298,11854.247777796
2014-10-30,102.981,103.583,100.203,100.756,28568.067683138
2014-10-31,100.973,102.755,100.973,101.483,14056.297435592
2014-11-03,100.396,102.537,100.321,100.756,7337.7745925891
2014-11-04,100.396,101.584,100.396,101.584,5305.4812059157
2014-11-05,101.182,102.939,98.2797,102.939,67131.432428615
2014-11-06,103.984,105.95,103.951,105.339,6272.6137646326
2014-11-07,104.754,105.148,104.068,104.754,5372.4273410061
2014-11-10,105.339,106.569,104.796,105.382,9580.4701181181
2014-11-12,106.134,109.129,105.415,107.272,17946.346071024
2014-11-13,106.427,107.239,105.482,106.176,20582.350140209
2014-11-14,106.903,106.903,105.256,105.339,6856.0015132777
2014-11-17,105.339,105.382,104.428,105.13,6294.1321651974
2014-11-18,105.231,106.101,103.072,103.951,35730.108671115
2014-11-19,103.951,104.177,102.939,104.177,12459.153927006
2014-11-20,103.298,103.583,102.797,103.298,38087.568999656
2014-11-21,103.951,104.386,103.039,104.027,9103.4789055988
2014-11-24,104.027,105.339,104.027,104.754,39947.715181811
2014-11-25,105.13,105.339,104.027,105.339,3985.685971276
2014-11-26,105.339,105.925,103.851,104.754,30670.893604996
2014-11-27,104.068,107.665,104.068,107.64,21121.505621027
2014-11-28,107.64,107.74,104.578,104.578,15615.18600984
2014-12-01,105.13,106.059,104.972,105.482,16613.400702706
2014-12-02,105.482,107.079,105.482,106.795,37358.33431385
2014-12-03,107.305,109.806,107.305,108.326,19756.282651862
2014-12-04,108.384,109.439,106.327,109.439,4787.844125663
2014-12-05,109.439,109.439,107.523,107.523,5913.9737552196
2014-12-08,107.665,108.033,105.95,106.903,1636.5939096211
2014-12-09,107.038,107.556,105.482,106.218,108812.57432259
2014-12-10,106.352,107.64,105.482,105.482,11382.038432069
2014-12-11,104.462,106.218,102.939,103.298,21230.293090549
2014-12-12,105.415,105.415,100.396,103.667,70973.662396126
2014-12-15,103.667,105.013,103.157,104.754,24302.64250452
2014-12-16,104.754,104.754,100.396,101.843,21989.414443806
2014-12-17,100.396,103.918,100.095,101.107,29416.849038749
2014-12-18,101.107,102.537,99.8773,101.107,33512.517946245
2014-12-19,101.107,101.107,98.7814,98.7814,74756.119028734
2014-12-22,100.396,102.102,99.6681,101.107,29577.041576286
2014-12-23,100.396,101.843,100.396,101.767,23328.337145615
2014-12-29,102.571,103.232,99.0822,101.767,35082.165720775
2014-12-30,103.818,103.818,101.224,101.767,47022.487100831
2015-01-02,106.946,106.946,100.714,100.714,16434.080698
2015-01-05,101.767,101.767,97.7355,98.2214,6856.0015132777
2015-01-07,98.388,100.672,98.2214,98.9322,103136.49844028
2015-01-08,100.095,102.722,99.1581,100.396,26202.239087711
2015-01-09,102.571,102.571,99.2914,101.483,4017.9635721231
2015-01-12,101.483,102.237,100.429,102.237,17433.490857564
2015-01-13,102.237,102.428,100.714,101.767,41535.294956812
2015-01-14,101.767,101.767,100.538,100.973,62564.74964209
2015-01-15,101.483,101.483,91.6546,100.321,205944.24353859
2015-01-16,97.4763,100.321,97.1921,99.6681,52342.313907123
2015-01-19,99.6681,100.789,98.9739,98.9739,15709.627878985
2015-01-20,99.7264,101.802,98.9322,98.9322,153754.94936883
2015-01-21,99.2914,101.45,99.0822,100.321,139598.2327306
2015-01-22,100.429,100.429,98.6138,98.9739,30413.868264917
2015-01-23,99.1248,100.279,99.1248,99.2914,135808.6032978
2015-01-26,99.2914,100.321,99.2914,99.6681,51645.356822164
2015-01-27,99.9189,101.09,99.5931,100.396,90280.449569523
2015-01-28,101.09,101.09,98.2214,99.5931,12544.032062567
2015-01-29,99.1581,100.07,99.1581,99.8773,4404.0993155911
2015-01-30,100.538,100.538,98.1788,98.1788,82440.578963756
2015-02-02,98.2214,99.6348,96.423,98.9739,56908.996693648
2015-02-03,98.3463,98.9322,97.6605,97.6605,58357.902331676
2015-02-04,98.3463,98.9322,96.9746,98.2214,32882.506996376
2015-02-05,98.7481,98.7481,97.1505,98.2214,30309.862662187
2015-02-06,98.5722,98.9322,97.6605,98.2214,14484.274513491
2015-02-09,98.2214,99.0156,98.2214,98.9322,9616.3341190594
2015-02-10,98.9322,98.9322,97.878,98.4889,5331.7814732726
2015-02-11,97.8447,103.298,97.8447,102.939,85168.633968691
2015-02-12,102.939,102.939,101.843,102.83,29452.71303969
2015-02-13,102.102,103.232,101.985,103.232,12754.434201423
2015-02-16,103.19,103.232,102.981,103.232,3423.8166231957
2015-02-17,102.755,102.755,101.927,102.571,13521.923821566
2015-02-18,102.571,102.571,99.1248,99.2914,22055.165112199
2015-02-19,99.4422,100.354,99.4422,100.161,15107.112663172
2015-02-20,99.3673,100.161,98.4222,99.0156,49425.375163897
2015-02-23,99.2914,99.8023,98.4222,98.5305,62298.160568426
2015-02-24,98.5722,100.932,98.4889,98.9739,26505.887629013
2015-02-25,100.095,100.095,98.6138,98.6138,8326.4255518708
2015-02-26,98.6138,99.1581,98.6138,98.6138,9119.0199726734
2015-02-27,98.6564,99.9189,98.6564,98.7481,17967.864471589
2015-03-02,98.9322,100.898,98.9322,100.429,7163.2364546748
2015-03-03,100.429,101.551,97.6272,98.1788,43963.287820538
2015-03-04,98.3463,102.237,97.9196,101.45,21164.542422157
2015-03-05,99.8023,100.279,96.8321,97.2254,81096.874395155
2015-03-06,97.4763,98.4222,96.0962,97.8447,151967.72665525
2015-03-09,97.8447,97.8447,96.8996,97.4763,42651.860852785
2015-03-10,97.8114,97.953,97.3347,97.4763,23239.872609959
2015-03-11,98.1788,99.8023,97.6272,99.2247,137898.27908598
2015-03-12,98.7814,98.9322,97.8447,98.2547,55357.280919588
2015-03-13,98.2797,99.0822,98.2214,99.0822,11117.840291802
2015-03-16,99.2914,99.2914,98.2214,98.5722,7917.57594114
2015-03-17,99.2581,99.2581,96.6821,97.1505,62226.432566544
2015-03-18,98.313,98.9322,97.1505,97.1505,113754.63365229
2015-03-19,98.2214,98.5305,97.2254,98.2214,50764.297865706
2015-03-20,97.8114,101.701,97.8114,99.6681,1299002.4823606
2015-03-23,101.107,101.107,99.769,100.161,23241.068076658
2015-03-24,100.321,100.321,99.2914,100.161,27775.473262335
2015-03-25,100.036,101.09,99.6931,101.048,16554.822834502
2015-03-26,99.2914,100.463,99.2914,100.003,104155.03606701
2015-03-27,99.8356,100.003,98.8563,98.9322,23655.895020879
2015-03-30,98.5722,99.0822,98.3463,98.6564,68513.391931553
2015-03-31,98.7814,99.5256,98.7231,99.5256,4606.1331875604
2015-04-01,99.1248,99.3673,98.388,99.3673,16227.264959238
2015-04-02,98.9739,99.0822,97.6938,97.8114,127265.79827358
2015-04-07,98.0955,99.2914,97.9872,99.2914,15991.758019724
2015-04-08,99.4422,103.157,99.4422,100.831,173262.57494749
2015-04-09,100.898,106.946,100.898,106.729,116934.57506909
2015-04-10,106.218,107.599,105.415,105.858,51959.764563749
2015-04-13,106.828,106.862,105.482,105.892,32262.059780091
2015-04-14,106.218,107.079,106.218,106.569,34401.945169589
2015-04-15,105.591,106.971,105.591,106.285,79720.892225708
2015-04-16,105.189,106.903,104.896,106.611,32571.685654885
2015-04-17,106.611,108.334,106.569,106.971,16587.100435349
2015-04-20,106.611,107.69,105.49,107.657,14106.50703691
2015-04-21,107.18,108.443,105.933,106.87,52521.633911829
2015-04-22,106.87,107.096,104.704,105.457,18202.175944406
2015-04-23,105.457,106.118,104.813,105.382,1488.3560390638
2015-04-24,104.704,106.008,104.704,106.008,7513.5081972014
2015-04-27,104.854,107.632,103.441,107.632,18790.345559843
2015-04-28,107.632,107.632,105.599,105.833,22858.518733284
2015-04-29,107.013,107.013,105.833,106.201,52151.039235436
2015-04-30,106.159,107.013,105.148,106.201,32098.280842459
2015-05-04,106.954,107.632,102.161,107.548,20462.803470405
2015-05-05,107.464,107.999,106.536,107.69,44239.440627786
2015-05-06,107.999,109.94,106.243,109.94,103936.26566127
2015-05-07,109.94,109.94,108.594,109.94,35479.060664526
2015-05-08,109.94,109.94,108.184,109.648,44190.426493166
2015-05-11,109.715,110.995,108.484,110.995,7916.380474442
2015-05-12,110.835,110.835,108.443,109.899,29757.557047691
2015-05-13,108.811,112.031,108.811,111.923,16803.479907695
2015-05-14,111.78,112.182,110.718,112.182,32312.269381409
2015-05-15,112.182,112.182,110.467,110.752,4729.2662574588
2015-05-18,112.182,112.475,110.718,112.182,20099.3815942
2015-05-19,111.095,112.14,110.794,111.095,7279.1967243849
2015-05-20,111.78,111.805,107.69,111.805,31541.193361171
2015-05-21,109.982,111.245,109.196,110.309,20033.630925808
2015-05-22,110.309,110.309,107.999,107.999,24334.920105367
2015-05-25,108.293,108.484,103.617,105.457,9635.4615862281
2015-05-26,106.569,106.569,103.207,103.658,33421.662477193
2015-05-27,103.876,107.589,103.809,107.589,18562.011420517
2015-05-28,107.657,108.962,106.243,108.962,15905.684417465
2015-05-29,109.162,109.572,108.443,108.443,12377.862191539
2015-06-01,107.883,109.162,105.599,106.954,21905.731774943
2015-06-02,105.875,108.293,103.951,103.951,17547.060193878
2015-06-03,103.7,106.569,103.7,103.984,45169.513718864
2015-06-05,102.571,103.132,100.965,100.965,10398.16933958
2015-06-08,101.224,101.759,100.48,101.492,11978.576314393
2015-06-09,100.212,101.717,99.4672,100.212,27783.841529222
2015-06-10,99.5089,102.989,99.5089,102.462,33266.251806448
2015-06-11,102.086,105.415,102.086,103.207,24591.945445446
2015-06-12,104.704,104.704,103.089,103.207,16577.536701765
2015-06-15,102.462,105.005,102.462,103.207,2466.2477980631
2015-06-16,103.207,103.29,100.965,101.634,15417.934004663
2015-06-17,103.207,103.207,96.2638,98.5305,61369.282944047
2015-06-18,100.17,100.923,96.4813,96.4813,31633.244296921
2015-06-19,96.5479,97.9789,95.7288,96.5479,50204.819451022
2015-06-22,97.3097,101.717,97.3097,100.447,9285.1898437014
2015-06-23,100.447,101.525,100.329,101.525,12584.677930301
2015-06-24,101.559,101.559,98.7231,98.7897,13686.898225896
2015-06-25,98.7897,99.6598,97.2671,97.3347,19604.45838121
2015-06-26,97.3347,98.5305,96.4813,96.6321,35911.819609217
2015-06-29,93.4953,97.1505,91.6127,95.017,34229.79796507
2015-06-30,94.6745,96.4396,94.3811,94.9837,32672.10485752
2015-07-01,93.7128,96.8154,93.7128,95.3604,36245.354817971
2015-07-02,95.502,99.3589,95.502,97.0755,18498.65168552
2015-07-03,96.5479,97.0755,95.7288,96.4813,3915.1534360914
2015-07-06,94.2228,96.8154,93.4953,93.9294,10637.262679188
2015-07-07,95.6112,95.6112,88.2668,89.739,156451.92223961
2015-07-08,89.8143,91.9892,88.6348,89.0029,33381.01660946
2015-07-09,87.9071,89.3709,87.9071,88.317,13268.484881581
2015-07-10,88.3922,94.2228,88.3922,91.9892,12069.431783444
2015-07-13,92.399,94.7162,89.0029,90.4918,27675.0540597
2015-07-14,90.266,91.9558,90.266,90.4918,9482.4418488785
2015-07-15,92.2904,92.2904,90.0067,90.4918,13403.57261846
2015-07-16,91.9892,91.9892,90.4918,91.3116,39425.296234766
2015-07-17,91.6127,92.3739,90.7177,91.2363,15262.523333917
2015-07-20,90.4918,93.0686,89.739,90.4918,10608.571478435
2015-07-21,90.5672,91.9558,83.8417,86.5269,37530.481518368
2015-07-22,87.4972,87.4972,83.9505,85.9664,77864.332443647
2015-07-23,85.9664,85.9664,84.1345,85.9664,21829.221906269
2015-07-24,87.4219,88.5512,85.2638,87.4972,7194.3185888239
2015-07-27,88.2668,88.2668,84.6197,84.9961,7612.731933139
2015-07-28,87.3885,89.3709,85.6318,88.2668,23807.71929153
2015-07-29,88.225,93.6786,88.225,91.2363,112712.18669161
2015-07-30,92.7419,93.8211,90.8683,92.7002,8650.3970270405
2015-07-31,93.4527,94.5986,91.504,93.8628,36376.856154756
2015-08-03,93.8211,95.3604,93.1519,95.3604,7294.7377914595
2015-08-04,95.4353,97.6355,94.7578,96.4813,30143.692791159
2015-08-05,99.4672,101.559,99.0998,101.45,37530.481518368
2015-08-06,99.4672,100.923,95.3604,100.664,52483.378977492
2015-08-07,100.212,100.212,96.5479,97.2671,14692.285718951
2015-08-10,97.1505,99.6264,97.1505,99.6264,5907.9964217294
2015-08-11,99.6264,101.007,99.3839,100.555,49939.425844056
2015-08-12,100.212,100.513,97.9789,99.8356,8604.9692925148
2015-08-13,100.17,100.371,99.4672,100.17,32143.708576985
2015-08-14,100.17,100.923,98.7564,99.6848,25568.641737748
2015-08-17,99.6848,100.212,98.2464,98.7897,10643.240012678
2015-08-18,99.1414,99.1414,97.4846,97.9789,5435.7870760024
2015-08-19,99.8356,99.9189,98.7564,99.2414,23233.895276469
2015-08-20,98.7231,99.3589,94.4237,97.853,20882.412281418
2015-08-21,97.7864,97.7864,96.5146,97.2254,5919.9510887098
2015-08-24,95.7288,95.7288,91.161,92.7419,27064.170577
2015-08-25,91.6881,96.0962,88.6348,89.3709,48515.625006687
2015-08-26,90.5672,91.9892,89.4463,90.4918,46081.654809471
2015-08-27,92.9594,95.4603,89.488,90.8683,56417.659880752
2015-08-28,91.2363,94.7162,90.8683,94.5986,10936.129353699
2015-08-31,95.3604,95.3604,93.1519,95.0929,1893.6192497004
2015-09-01,95.0503,95.0503,90.6424,93.2269,29958.395452962
2015-09-02,93.1103,94.7578,92.5078,92.5078,3527.8222259254
2015-09-03,90.9435,94.2228,90.9435,91.8386,17676.170597267
2015-09-04,91.8386,93.4527,91.5375,91.5375,3375.997955274
2015-09-07,91.5375,93.8628,91.1192,91.1192,6200.88576275
2015-09-08,91.9558,91.9558,89.739,91.2363,27029.502042756
2015-09-09,91.8052,92.6586,91.8052,91.9558,5360.4726740256
2015-09-10,92.4827,92.4827,91.6127,91.6127,11054.480556805
2015-09-11,92.3739,93.6369,91.7298,92.1398,93069.473376058
2015-09-14,92.7419,92.7419,90.4249,90.9018,59799.635169516
2015-09-15,89.488,90.8683,89.4463,90.1572,58120.004458765
2015-09-16,90.6758,91.9223,90.6758,91.6127,32187.940844813
2015-09-17,90.6424,91.9223,90.6424,91.2363,28746.192221146
2015-09-18,91.1025,92.3739,90.7595,90.7595,35902.255875633
2015-09-21,90.7177,91.7633,90.4918,91.3535,4708.9433235921
2015-09-22,90.1572,91.9558,89.4463,89.739,30811.958675365
2015-09-23,89.739,90.4249,88.6767,89.0029,54651.955567742
2015-09-24,88.6348,89.3375,88.6348,88.6348,32899.243530148
2015-09-25,88.6348,89.2539,87.4972,88.6767,128291.5087005
2015-09-28,87.2881,89.739,87.2881,88.0242,88390.416719917
2015-09-29,88.0242,88.225,86.9786,87.3885,82268.431759238
2015-09-30,87.8067,89.1451,87.4219,89.1451,66595.863347892
2015-10-01,89.6386,92.031,89.6386,91.2363,20645.709875206
2015-10-02,91.9892,91.9892,89.4044,89.4044,2875.0974087939
2015-10-05,89.8561,90.1154,87.5808,89.7808,17144.187916637
2015-10-06,90.3078,91.9892,89.739,91.9892,12899.085671886
2015-10-07,92.5413,94.2228,91.2781,92.2904,61342.98267669
2015-10-08,91.9892,92.7002,91.6546,91.9892,2982.6894116177
2015-10-09,91.7633,95.402,91.7633,95.3604,7765.7516704885
2015-10-12,95.502,95.502,94.4986,95.3604,6797.4236450735
2015-10-13,94.9837,95.3604,93.9294,95.3604,2377.7832624079
2015-10-14,93.9294,95.3604,93.4953,94.1645,1660.503243582
2015-10-15,94.1645,95.3604,93.4527,95.3604,25296.075330594
2015-10-16,95.3604,95.3604,94.9837,95.3604,7202.6868557102
2015-10-19,94.9087,96.2638,94.9087,96.2638,14903.883324504
2015-10-20,96.0962,97.6355,95.3604,97.6355,4290.529979277
2015-10-21,97.7105,97.7105,95.402,96.4813,44974.652647083
2015-10-22,96.5479,96.9663,94.5736,96.0962,28076.730870242
2015-10-23,96.0629,96.0629,94.7995,94.9087,7016.1940508154
2015-10-26,93.5203,94.9837,93.5203,93.7128,2376.5877957098
2015-10-27,93.4953,95.7288,92.7835,94.1978,42731.957121554
2015-10-28,92.399,94.2228,92.399,94.0886,9695.2349211302
2015-10-29,94.2228,94.2228,91.0189,91.7633,20883.607748116
2015-10-30,91.9558,93.4111,90.3915,90.5672,25168.160393903
2015-11-02,91.3116,93.7128,91.3116,93.4527,1952.1971179045
2015-11-03,93.2944,93.4953,92.5078,93.2695,1795.5909804609
2015-11-04,93.4953,96.0962,92.7419,93.8961,40693.68640139
2015-11-05,96.0962,96.0962,94.0053,95.1262,23480.161416266
2015-11-06,94.9837,94.9837,91.8804,92.3739,41461.176021534
2015-11-09,91.4622,94.5986,91.4622,92.7419,17180.051917579
2015-11-10,92.5827,92.6586,90.9854,90.9854,66568.367613837
2015-11-12,90.6758,90.7177,87.6562,88.317,6769.9279110186
2015-11-13,88.2668,90.45,87.6896,89.7055,17946.346071024
2015-11-16,89.739,90.3078,87.6562,88.225,23162.167274587
2015-11-17,88.2668,90.3078,87.8318,88.9193,28874.107157837
2015-11-18,88.9611,89.6721,88.6767,88.7268,14098.138770023
2015-11-19,88.7603,89.7055,88.7268,88.8857,22251.221650678
2015-11-20,88.9193,89.3709,88.7268,89.12,13939.141699184
2015-11-23,88.7268,89.488,86.4181,87.4972,25551.905203975
2015-11-24,87.4972,88.1413,86.4935,86.4935,12509.363528324
2015-11-25,86.7527,87.4972,85.6318,85.9999,8341.9666189453
2015-11-26,86.6021,87.355,85.3307,85.9999,19410.792776127
2015-11-27,86.6775,87.355,85.2638,85.6318,26191.479887428
2015-11-30,85.9999,87.0455,84.9208,85.9999,7961.8082089676
2015-12-01,85.1885,87.2881,85.1885,86.3763,30290.735195018
2015-12-02,86.0417,87.4972,84.6197,84.6197,8335.9892854551
2015-12-03,84.5109,85.9999,84.5109,85.2638,3766.9155655341
2015-12-04,84.5109,85.2638,81.7396,85.2638,39540.061037778
2015-12-07,85.9999,88.5512,85.9999,88.0576,9878.1413259308
2015-12-08,87.6896,89.212,87.6896,88.2668,61115.844004062
2015-12-09,88.8022,88.844,81.9604,84.8539,26526.21056288
2015-12-10,84.9961,87.8653,84.8957,86.7527,59054.859416635
2015-12-11,88.0576,88.0995,83.758,84.168,56972.356428644
2015-12-14,84.2098,84.5109,80.6263,80.9634,31444.36055863
2015-12-15,81.5197,82.638,80.9951,81.2988,36203.51348354
2015-12-16,82.2298,83.574,80.7701,82.2708,28153.240738917
2015-12-17,82.3118,85.9664,82.3118,85.222,15671.372944648
2015-12-18,82.72,88.0242,82.72,87.4972,28361.251944376
2015-12-21,87.4554,90.3497,87.4554,89.9398,39365.522899864
2015-12-22,90.4918,91.6127,88.1831,90.4918,23989.430229633
2015-12-23,89.898,91.8386,89.0448,90.4918,23446.688348721
2015-12-28,90.793,90.8264,89.0448,89.739,18246.408212233
2015-12-29,89.0029,91.5375,87.9071,91.5375,98520.801519135
2015-12-30,92.7419,92.7419,86.7945,87.6143,160228.40153873
2016-01-04,85.9999,87.8653,85.9999,87.4219,60247.935181282
2016-01-05,86.7527,88.225,86.7527,87.4972,69743.527163839
2016-01-07,87.5808,87.5808,85.2638,86.7527,52387.741641648
2016-01-08,87.4554,87.4554,85.9664,86.3763,27886.651665253
2016-01-11,86.7193,86.7193,85.8242,86.3763,22966.110736108
2016-01-12,85.9999,89.7808,85.9999,88.2668,41648.864293126
2016-01-13,91.2363,91.2363,88.6348,88.9193,15639.095343801
2016-01-14,88.4759,88.6348,85.9999,87.1291,3928.3035697699
2016-01-15,86.6775,87.0873,86.0835,86.0835,1996.4293857321
2016-01-18,85.5566,85.5566,81.2578,81.4134,9664.1527869811
2016-01-19,81.7806,84.4775,81.487,81.5197,25470.613468508
2016-01-20,81.2578,82.1152,78.6446,78.6839,22021.692044653
2016-01-21,78.7148,79.6526,75.5362,75.9478,48843.18288195
2016-01-22,78.1544,79.3138,77.4024,77.7822,63533.077667505
2016-01-25,78.5267,79.124,77.7822,78.5267,48217.953798874
2016-01-26,77.7052,78.975,77.3723,78.5267,1882.860049418
2016-01-27,78.4865,80.5468,77.4409,79.2745,13982.178500313
2016-01-28,77.9302,84.0257,77.9302,84.0257,10053.874930543
2016-01-29,84.0257,84.0257,81.5197,81.5197,25658.301740101
2016-02-01,82.2708,83.2645,81.5197,83.022,7563.7177985192
2016-02-02,83.3063,85.0714,82.2708,82.2708,37242.374044139
2016-02-03,82.981,83.758,81.5197,82.94,17991.77380555
2016-02-04,83.758,85.933,83.1692,84.7786,10821.364550687
2016-02-05,85.8912,86.1588,84.6197,85.7824,25891.417746219
2016-02-08,85.5566,85.5566,83.8417,84.168,1738.2085789548
2016-02-09,83.758,83.8417,82.6054,83.39,11929.562179773
2016-02-10,83.758,83.984,78.9365,78.9365,14590.671049617
2016-02-11,78.9365,79.6526,78.2623,79.2352,8072.9866118856
2016-02-12,79.6132,82.4908,78.975,81.2988,9272.0397100229
2016-02-15,80.7701,87.0873,80.7701,87.0873,15893.729750484
2016-02-16,86.7527,86.7527,83.758,83.984,14090.965969835
2016-02-17,84.168,88.9611,84.168,88.2668,21643.924568072
2016-02-18,88.2668,89.5968,87.8653,89.5968,24026.489697272
2016-02-19,89.0029,89.5968,85.9999,86.0417,13242.184614224
2016-02-22,86.7527,88.5512,86.3763,88.5512,5093.883600362
2016-02-23,86.4516,89.5968,86.4516,89.5968,6120.7894939811
2016-02-24,89.5968,89.5968,85.9999,85.9999,5372.4273410061
2016-02-25,85.9999,88.2668,85.0295,85.1049,12090.950184009
2016-02-26,86.7527,88.1831,86.7193,87.4972,8705.3884951505
2016-02-29,86.7527,87.0455,85.2972,86.1588,1696.3672445233
2016-03-01,86.1588,86.7527,85.6318,86.7527,4047.8502395742
2016-03-02,87.0455,90.0067,85.9999,89.739,8221.224482443
2016-03-03,89.739,90.9435,88.593,90.8264,17647.479396513
2016-03-04,90.8683,92.5827,90.8683,91.2363,33568.704881053
2016-03-07,92.4409,92.5827,91.6127,92.5827,12869.199004435
2016-03-08,92.5827,92.5827,91.6881,92.4827,2952.8027441667
2016-03-09,92.4409,92.4409,88.2668,88.844,15175.25426496
2016-03-10,88.844,91.8386,87.9489,91.161,31797.023234553
2016-03-11,91.2363,91.2363,90.3915,90.4918,5720.3081501366
2016-03-14,90.4918,91.8052,90.4918,91.5375,2523.6301995692
2016-03-15,91.2363,91.2363,87.1291,89.6721,6494.9705704686
2016-03-16,89.739,89.739,88.317,88.317,1738.2085789548
2016-03-17,88.6348,90.3078,88.2668,89.3709,1923.5059171515
2016-03-18,89.6721,95.7288,89.6721,91.9892,58588.627404398
2016-03-21,91.9892,91.9892,89.739,89.739,6504.534304053
2016-03-22,90.266,91.161,89.7808,89.898,13835.136096454
2016-03-23,89.9732,93.0344,89.8143,93.0344,5945.0558893688
2016-03-24,91.9892,92.1732,90.2242,92.1732,5193.1073362996
2016-03-29,90.9435,91.9892,90.4918,91.9892,4785.4531922669
2016-03-30,92.2904,92.2904,90.4918,90.9018,4428.008649552
2016-03-31,90.8683,91.9892,90.3078,90.4918,33453.94007804
2016-04-01,90.8683,90.8683,88.317,88.8857,21346.253360259
2016-04-04,88.9193,90.5672,88.8857,90.5672,1072.3336281447
2016-04-05,90.4918,90.6089,89.3709,89.3709,25018.727056648
2016-04-06,89.1451,90.1154,84.5528,84.5528,40398.406126973
2016-04-07,85.933,87.6143,85.8661,87.6143,9337.7903784153
2016-04-08,87.8318,88.0242,87.4972,87.6896,11453.766433952
2016-04-11,86.9786,88.5512,86.9786,88.2668,17499.241525956
2016-04-12,89.7055,89.898,88.4759,89.0029,8277.411417251
2016-04-13,89.12,92.5827,89.12,92.5827,10346.764271564
2016-04-14,92.3739,92.3739,90.6006,91.9223,13233.816347338
2016-04-15,91.9892,93.972,91.9892,93.6786,24416.211840834
2016-04-18,93.9294,94.0136,92.9927,93.5953,32196.309111699
2016-04-19,93.7545,94.8837,93.7545,94.3311,50803.748266741
2016-04-20,94.3311,94.3311,92.0812,94.3311,69203.176216324
2016-04-21,94.4903,96.6988,93.4027,95.6862,16850.103108919
2016-04-22,95.2595,96.8154,94.2478,94.8837,38592.05594623
2016-04-25,96.3471,96.3471,94.3311,95.3021,17281.666586912
2016-04-26,95.2595,95.8121,94.2478,94.7162,5648.580148254
2016-04-27,95.6862,96.0296,94.917,96.0296,12928.972339337
2016-04-28,96.0296,96.0296,93.6369,94.1895,43693.11234678
2016-04-29,94.7162,94.7162,93.7545,94.4153,4013.181705331
2016-05-02,94.6745,94.6745,93.5536,94.4903,8145.9100804663
2016-05-04,94.5653,94.917,92.9344,93.3278,7784.8791376572
2016-05-05,92.5827,94.5653,92.5827,94.457,33923.758490371
2016-05-06,93.9044,93.9044,91.7801,93.5536,63773.366473812
2016-05-09,94.5653,94.5653,92.5827,92.9344,16465.162832149
2016-05-10,93.7211,94.992,91.3953,91.7801,26368.408958739
2016-05-11,91.0858,91.8135,90.3915,91.3953,11359.324564806
2016-05-12,91.5876,92.3656,90.8432,90.8432,913.33655730499
2016-05-13,90.8432,90.8432,90.6173,90.6926,368.2037429973
2016-05-16,90.3915,93.6369,90.3915,93.3611,1557.6931075503
2016-05-17,92.9344,93.7211,92.0143,92.9344,6175.7809620911
2016-05-18,93.7211,93.7211,92.1565,92.9344,8094.5050124504
2016-05-19,92.5827,93.5953,91.504,92.9344,103974.52059561
2016-05-20,92.9344,93.7211,91.1192,92.5078,2645.5678027696
2016-05-23,92.5078,94.3311,92.2819,93.8294,765.09868674764
2016-05-24,93.6786,93.7211,92.5827,92.5827,889.42722334413
2016-05-25,92.5413,93.5203,91.044,92.9344,1946.2197844143
2016-05-27,92.9344,96.0296,92.9344,96.0296,9023.38263683
2016-05-30,96.0296,97.9363,92.976,94.917,10395.778406184
2016-05-31,97.0838,97.0838,93.7545,94.4903,26410.25029317
2016-06-01,94.022,95.4937,92.2401,92.2401,43876.018751581
2016-06-02,91.4622,93.2519,91.3953,92.5413,3585.2046274315
2016-06-03,93.2519,93.9803,91.8972,92.8594,2995.8395452962
2016-06-06,93.7211,93.7211,91.7801,93.7211,3150.0547493438
2016-06-07,93.7211,95.4937,92.9344,94.5986,2560.6896672085
2016-06-08,93.8711,95.6445,93.7211,95.3437,2497.3299322122
2016-06-09,94.9503,96.0296,94.532,94.7162,20429.33040286
2016-06-10,94.532,96.3804,94.4903,94.5653,4870.3313278279
2016-06-13,94.3311,94.3311,93.4444,93.7211,10622.917078812
2016-06-14,93.0177,94.1053,92.976,93.3278,73869.082738786
2016-06-15,92.9344,93.7211,92.9344,92.976,7594.7999326683
2016-06-16,93.7211,95.2595,92.976,95.2595,102473.01442287
2016-06-17,95.1845,99.0572,94.4903,96.0296,88786.116196969
2016-06-20,96.7321,96.7321,94.532,96.0296,31363.068823163
2016-06-21,96.4646,96.4646,95.2595,95.2595,6766.3415109244
2016-06-22,96.2804,98.8147,95.452,97.9789,4906.1953287692
2016-06-23,98.7147,102.537,97.2421,100.923,17013.882046551
2016-06-24,92.976,95.9963,92.976,95.0253,48260.990600003
2016-06-27,96.8154,96.8154,92.8594,93.1352,5763.3449512662
2016-06-28,93.1352,97.5855,93.1352,95.6445,6019.1748246474
2016-06-29,98.9822,98.9822,95.452,95.452,5030.5238653657
2016-06-30,97.2838,97.2838,93.4444,95.6029,8914.595167308
2016-07-01,95.3437,98.7481,95.3437,98.7481,13914.036898525
2016-07-04,98.7481,98.7481,95.0679,95.5696,5939.0785558785
2016-07-05,96.0296,97.2005,95.8121,96.0296,23634.376620314
2016-07-06,96.8154,96.8154,94.4903,95.1845,5815.9454859801
2016-07-07,95.2595,97.9789,95.2595,96.0296,27189.694580294
2016-07-08,95.7704,97.4263,95.7704,96.8154,28081.512737034
2016-07-11,97.5096,97.5096,96.8154,97.318,37486.24925054
2016-07-12,97.3513,98.0039,96.9663,98.0039,30502.332800572
2016-07-13,98.3547,98.3547,96.8497,97.1588,16786.743373922
2016-07-14,97.5522,97.5855,96.5396,97.1588,14750.863587155
2016-07-15,96.9996,97.0838,96.0296,96.2804,18281.076746476
2016-07-18,97.1255,98.3547,97.1255,98.1288,4584.6147869956
2016-07-19,98.1288,98.1288,97.6605,98.1288,13382.054217895
2016-07-20,98.1288,100.455,98.1288,98.8989,9463.3143817098
2016-07-21,98.7147,99.5256,97.8197,98.3547,8545.1959576127
2016-07-22,97.6605,101.224,97.6605,99.283,18208.153277896
2016-07-25,99.2414,100.571,97.7447,98.7481,7366.4657933421
2016-07-26,98.3547,100.136,98.3547,100.07,35394.182528965
2016-07-27,100.53,100.681,99.9106,100.254,143683.14243781
2016-07-28,101.224,102.228,99.5256,102.152,10303.727470434
2016-07-29,102.27,103.399,102.228,102.612,12663.578732371
2016-08-01,101.533,101.576,99.0572,99.9106,2995.8395452962
2016-08-02,101.073,104.553,101.073,104.177,26123.33828564
2016-08-03,104.553,105.105,103.24,104.678,12828.553136701
2016-08-04,104.938,106.059,104.938,105.95,12481.867794269
2016-08-05,105.95,108.343,105.331,108.343,16616.9871028
2016-08-08,106.184,109.982,106.184,109.354,10752.0274822
2016-08-09,109.205,111.095,108.778,110.367,18251.190079025
2016-08-10,109.982,111.53,109.597,111.53,36914.816168875
2016-08-11,111.764,111.915,110.668,111.128,30239.330127002
2016-08-12,111.881,112.3,111.839,112.14,217451.80597396
2016-08-16,112.3,112.3,111.421,112.265,8428.0402212044
2016-08-17,112.265,112.3,110.785,111.53,236447.77180587
2016-08-18,112.265,112.265,110.752,111.53,17667.80233038
2016-08-19,111.53,112.224,109.982,110.869,3396.3208891407
2016-08-22,111.128,112.3,111.128,112.224,36509.552958239
2016-08-23,112.3,113.152,110.024,112.383,3931.889969864
2016-08-24,112.383,113.471,110.785,113.185,54760.743037264
2016-08-25,113.185,114.466,113.077,114.24,184623.094979
2016-08-26,113.855,115.787,113.152,114.741,202478.58558097
2016-08-29,114.741,116.022,114.741,116.022,417415.12962225
2016-08-30,116.172,116.95,114.826,116.95,41216.105348435
2016-08-31,116.95,118.263,116.172,116.95,19373.733308488
2016-09-01,115.938,118.497,109.982,115.394,28446.130079938
2016-09-02,115.394,115.394,112.224,115.01,42942.359260409
2016-09-05,115.394,116.172,110.024,115.01,41409.770953518
2016-09-06,113.855,113.855,111.68,112.3,51286.716812751
2016-09-07,112.3,112.3,111.639,112.265,23949.979828597
2016-09-08,112.692,112.692,110.066,110.752,25172.942260695
2016-09-09,111.488,112.692,106.686,108.426,71326.325072049
2016-09-12,106.878,108.544,105.105,108.426,51391.917882178
2016-09-13,107.657,108.426,105.532,106.812,25095.236925323
2016-09-14,107.456,107.456,105.49,106.101,31837.669102286
2016-09-15,106.377,108.343,106.025,107.657,57348.928438528
2016-09-16,108.426,111.722,107.423,109.982,121999.76746871
2016-09-19,111.53,111.53,110.024,111.455,70023.266371181
2016-09-20,111.53,112.224,110.752,111.07,47279.51244091
2016-09-21,112.14,112.692,111.095,112.692,46321.943615777
2016-09-22,113.002,114.859,108.041,114.859,93626.560857346
2016-09-23,115.01,115.01,110.869,114.625,83783.088065659
2016-09-26,115.437,115.829,112.182,114.625,92616.3914975
2016-09-27,114.24,115.394,114.24,115.01,96588.927335097
2016-09-28,114.625,114.625,113.855,114.625,111869.38266948
2016-09-29,114.24,117.728,113.855,117.728,427901.76349748
2016-09-30,118.305,118.305,113.571,114.583,200177.31218724
2016-10-03,114.583,114.583,113.077,113.077,10600.203211549
2016-10-04,113.821,113.855,112.526,113.78,12157.896319099
2016-10-05,113.855,114.316,112.182,113.855,21976.264310128
2016-10-06,113.311,115.787,113.119,113.537,63372.885129967
2016-10-07,113.964,114.541,113.429,114.541,33326.02514135
2016-10-10,114.541,115.01,113.152,114.165,9070.0058380536
2016-10-11,113.152,114.165,112.725,113.821,17131.037782959
2016-10-12,112.065,113.821,110.442,113.738,27300.872983212
2016-10-13,112.182,113.696,109.681,109.94,28340.92901051
2016-10-14,110.409,113.537,110.409,112.3,53382.36993442
2016-10-17,111.53,113.738,111.379,113.738,19669.013582905
2016-10-18,113.738,113.78,111.455,112.3,26202.239087711
2016-10-19,111.379,112.065,108.853,109.514,33879.526222544
2016-10-20,108.853,110.241,108.627,108.811,39728.944776069
2016-10-21,108.426,108.585,105.331,106.878,70965.294129239
2016-10-24,106.812,110.325,106.812,109.982,15908.075350861
2016-10-25,110.442,110.668,109.43,109.982,6516.4889710334
2016-10-26,109.982,111.839,109.982,111.53,18414.969016657
2016-10-27,111.53,112.885,107.071,110.2,17976.232738475
2016-10-28,110.2,111.53,109.246,110.752,5122.574801115
2016-10-31,110.166,112.725,110.166,111.53,17015.077513249
2016-11-02,110.752,110.752,109.681,109.681,8989.9095692847
2016-11-03,112.3,117.486,112.3,114.784,160783.09808662
2016-11-04,115.01,115.01,111.915,113.077,49125.313022689
2016-11-07,113.855,113.855,111.596,113.471,43844.936617432
2016-11-08,113.821,113.855,111.68,113.855,59562.932763304
2016-11-09,112.3,113.855,112.3,113.821,9867.3821256484
2016-11-10,113.997,116.983,113.997,114.741,13068.841943008
2016-11-14,117.486,117.486,111.639,112.3,22071.901645971
2016-11-15,112.383,114.892,112.383,113.471,6627.6673739514
2016-11-16,112.692,114.541,112.692,114.24,12216.474187303
2016-11-17,114.24,114.24,111.254,111.915,6002.4382908748
2016-11-18,112.81,113.386,109.205,111.128,30539.392268211
2016-11-21,111.128,112.692,111.128,112.3,6628.8628406495
2016-11-22,112.341,114.926,112.3,114.625,12194.955786739
2016-11-23,114.625,115.244,113.537,114.625,6790.2508448853
2016-11-24,114.625,116.022,111.764,111.764,15152.540397697
2016-11-25,112.425,112.918,112.3,112.885,10160.271466669
2016-11-28,112.918,112.96,112.3,112.3,30443.754932368
2016-11-29,112.065,114.165,112.065,114.165,8371.8532863964
2016-11-30,114.165,115.671,112.341,114.859,21169.324288949
2016-12-01,115.52,117.486,115.52,116.172,7774.1199373748
2016-12-02,117.486,117.486,114.625,116.95,24441.316641493
2016-12-05,116.95,120.815,116.632,120.815,34378.035835628
2016-12-06,120.815,127.021,120.815,125.465,48947.18848468
2016-12-07,126.595,126.595,120.053,121.785,17910.482070083
2016-12-08,122.805,124.303,120.053,121.568,12059.86804986
2016-12-09,119.811,121.91,117.017,118.263,56422.441747544
2016-12-12,119.543,120.815,118.765,120.664,12722.156600576
2016-12-13,117.728,123.107,117.728,122.379,8933.7226344767
2016-12-14,122.379,123.876,121.442,123.149,11715.573640823
2016-12-15,123.843,124.303,121.868,123.918,7667.723401249
2016-12-16,124.696,126.628,119.117,123.918,80353.294108973
2016-12-19,123.684,124.889,120.128,123.918,4243.9067780533
2016-12-20,124.696,124.696,122.379,123.768,11683.296039976
2016-12-21,122.479,123.149,121.827,123.149,22120.915780591
2016-12-22,123.149,123.149,121.868,123.149,6927.7295151603
2016-12-23,123.876,123.994,119.042,121.584,13746.671560799
2016-12-27,123.149,123.383,122.379,123.149,7111.8313866589
2016-12-28,124.696,124.696,122.554,123.149,48140.248463501
2016-12-29,123.149,125.081,123.149,125.081,10386.214672599
2016-12-30,125.465,127.481,124.997,124.997,99597.917014072
2017-01-02,126.98,126.98,120.279,122.212,10285.795469964
2017-01-03,122.212,123.768,120.053,122.379,39647.653040602
2017-01-04,122.521,126.98,122.295,126.52,111589.64346214
2017-01-05,126.905,126.905,126.01,126.01,14369.509710479
2017-01-09,126.01,126.52,125.081,126.394,90191.985033868
2017-01-10,126.704,130.887,126.244,130.042,66858.866021461
2017-01-11,130.116,130.887,130.116,130.543,1605783.1464124
2017-01-12,130.502,130.502,129.339,130.042,38418.713275014
2017-01-13,131.664,132.911,128.569,130.887,117133.02254097
2017-01-16,130.887,131.664,127.674,130.811,37304.538312438
2017-01-17,130.811,134.683,129.029,130.351,15085.594262607
2017-01-18,132.45,132.45,127.95,129.497,50384.139455728
2017-01-19,129.497,129.497,127.557,128.795,17068.873514661
2017-01-20,127.875,129.305,127.875,128.72,11603.199771207
2017-01-23,127.021,128.72,125.55,128.653,12194.955786739
2017-01-24,129.339,129.799,126.52,129.155,18970.861031247
2017-01-25,129.339,136.315,124.303,134.374,43883.191551769
2017-01-26,133.981,133.981,129.766,129.766,615415.49695235
2017-01-27,134.374,134.525,129.723,129.723,31476.638159477
2017-01-30,131.622,134.215,129.339,130.887,14473.515313209
2017-01-31,131.622,137.436,130.736,137.084,72120.114959549
2017-02-01,137.084,137.169,131.697,134.608,33694.228884347
2017-02-02,134.023,134.023,127.021,129.305,45456.425726394
2017-02-03,130.736,134.148,129.456,134.148,65443.433450978
2017-02-06,134.148,134.726,131.982,132.952,75015.53530221
2017-02-07,131.664,133.939,131.664,133.212,11788.497109404
2017-02-08,132.626,135.997,132.626,135.303,33855.616888583
2017-02-09,134.768,135.888,133.939,135.537,577855.12876653
2017-02-10,135.537,137.084,135.068,136.549,131776.2941253
2017-02-13,136.549,136.591,135.068,135.462,9133.3655730499
2017-02-14,135.11,135.913,134.492,135.57,22906.337401205
2017-02-15,135.537,135.537,134.107,134.148,13921.209698713
2017-02-16,134.768,137.051,134.492,136.809,29635.619444491
2017-02-17,136.809,136.809,134.492,136.164,15984.585219535
2017-02-20,135.537,136.123,134.567,135.696,7611.536466441
2017-02-21,135.913,137.863,135.344,137.779,41579.52722464
2017-02-22,137.779,141.46,137.478,139.794,103285.93177754
2017-02-23,143.157,143.157,140.924,141.735,44074.466223456
2017-02-24,139.954,142.313,137.126,141.735,18885.982895686
2017-02-27,141.735,141.735,137.277,141.735,20254.792264946
2017-02-28,139.794,143.049,139.794,142.112,24455.662241869
2017-03-01,143.157,143.157,140.221,141.183,7898.4484739713
2017-03-02,141.041,142.656,140.573,140.573,4622.869721333
2017-03-03,141.735,141.735,137.863,138.214,8386.1988867729
2017-03-06,139.26,140.757,137.863,137.946,3300.6835532972
2017-03-07,138.64,138.64,136.315,136.775,6809.378312054
2017-03-08,137.084,137.277,133.212,137.009,32886.09339647
2017-03-09,136.85,136.85,132.45,133.212,8828.5215650489
2017-03-10,132.484,137.244,132.484,134.215,13030.587008671
2017-03-13,137.084,138.557,134.182,138.557,15884.1660169
2017-03-14,138.557,139.402,137.126,138.64,8369.4623530003
2017-03-15,139.402,140.138,137.009,138.089,10648.021879471
2017-03-16,138.247,141.694,136.591,141.041,12265.488321923
2017-03-17,141.735,142.045,137.946,137.946,25921.30441367
2017-03-20,137.946,139.711,137.478,137.553,7436.9983285266
2017-03-21,139.402,139.402,135.57,136.164,3924.7171696758
2017-03-22,135.654,135.696,133.371,133.763,5496.7558776026
2017-03-23,133.831,136.658,133.253,136.081,2590.5763346596
2017-03-24,134.843,137.519,134.215,136.549,5217.0166702605
2017-03-27,133.981,133.981,131.664,133.212,244731.16055661
2017-03-28,132.116,134.768,132.116,134.768,2847.6016747389
2017-03-29,137.009,137.009,133.981,135.462,5205.06200328
2017-03-30,135.153,135.153,132.091,133.906,3734.6379646869
2017-03-31,134.683,134.768,132.45,133.253,2343.1147281646
2017-04-03,134.683,134.683,132.057,132.45,2829.6696742682
2017-04-04,133.479,133.479,131.815,132.45,35098.902254548
2017-04-05,131.815,134.608,130.585,133.212,6697.0044424379
2017-04-06,131.739,133.597,131.312,133.597,3733.4424979889
2017-04-07,132.542,134.299,132.542,132.584,2129.1261892149
2017-04-10,133.597,133.831,130.384,130.384,2503.3072657024
2017-04-11,130.309,131.739,127.481,127.481,79500.926353268
2017-04-12,127.021,129.723,125.465,128.795,53354.874200365
2017-04-13,128.142,131.664,128.142,130.502,2383.7605958981
2017-04-18,129.723,129.799,127.791,128.954,2547.53953353
2017-04-19,130.811,131.664,128.059,130.887,65548.634520406
2017-04-20,131.196,132.45,130.191,130.46,34447.372904114
2017-04-21,130.769,134.525,130.769,133.512,260445.57030238
2017-04-24,131.697,135.068,131.697,134.768,22222.530449925
2017-04-25,135.378,139.653,134.768,139.017,148270.1481582
2017-04-26,139.444,140.957,137.553,139.402,11091.540024445
2017-04-27,139.359,139.359,136.549,138.833,5490.7785441123
2017-04-28,139.334,139.334,137.244,138.707,10989.925355111
2017-05-02,139.359,139.359,137.863,138.674,7858.9980729359
2017-05-04,138.64,140.723,138.64,140.414,38459.359142747
2017-05-05,140.882,140.882,138.791,140.029,86243.358530231
2017-05-08,140.882,140.882,138.439,138.707,6575.0668392375
2017-05-09,139.912,140.924,138.791,139.87,40240.604522832
2017-05-10,141.735,148.737,141.735,144.404,183785.07282366
2017-05-11,144.371,144.371,141.041,143.366,37881.948727592
2017-05-12,142.513,142.898,139.485,141.735,33641.628349633
2017-05-15,142.815,144.052,140.18,143.325,7048.4716516626
2017-05-16,144.052,144.052,142.513,143.049,90643.871445728
2017-05-17,142.513,145.291,141.309,141.309,137948.4886873
2017-05-18,140.339,141.267,135.57,138.64,28926.707692551
2017-05-19,138.214,143.2,134.768,140.071,31153.862151005
2017-05-22,140.071,143.868,137.904,143.283,24186.68223481
2017-05-23,143.283,144.755,140.263,140.648,18034.810606679
2017-05-24,140.573,140.799,140.071,140.573,8966.0002353239
2017-05-25,142.045,143.969,140.957,143.902,6488.9932369784
2017-05-26,143.868,144.052,141.075,141.075,8212.8562155567
2017-05-29,141.576,143.241,139.711,141.108,4069.368640139
2017-05-30,139.87,142.438,136.85,136.892,8699.4111616602
2017-05-31,137.863,140.497,136.658,136.775,26351.672424966
2017-06-01,136.699,139.711,136.591,139.711,7711.9556690766
2017-06-02,140.84,143.501,139.334,142.697,15880.579616806
2017-06-05,143.902,143.902,138.64,138.64,4413.6630491754
2017-06-06,137.946,141.618,137.946,139.753,4753.1755914197
2017-06-07,141.501,141.618,138.004,138.515,7099.8767196785
2017-06-08,139.87,139.87,137.478,138.941,21483.732030534
2017-06-09,140.071,141.576,137.946,140.297,3423.8166231957
2017-06-12,139.26,139.26,137.662,137.863,2875.0974087939
2017-06-13,139.359,139.794,138.323,139.794,3352.0886213131
2017-06-14,139.359,140.957,139.334,140.221,3716.7059642163
2017-06-16,138.214,140.69,138.004,138.004,11464.525634234
2017-06-19,138.089,140.18,138.089,139.402,6992.2847168546
2017-06-20,140.138,141.501,139.185,140.648,6037.1068251181
2017-06-21,140.113,144.797,140.113,143.325,6444.7609691508
2017-06-22,142.697,143.969,141.928,142.815,2591.7718013576
2017-06-23,142.513,145.567,142.513,143.157,9475.2690486903
2017-06-26,145.407,145.407,142.195,142.229,4269.0115787122
2017-06-27,142.229,143.325,142.229,143.241,4736.4390576471
2017-06-28,141.802,142.513,141.735,141.735,1066.3562946545
2017-06-29,141.618,144.052,141.15,142.313,1972.5200517713
2017-06-30,141.694,141.928,140.606,141.225,6713.7409762105
2017-07-03,140.573,142.112,140.573,141.576,22175.907248701
2017-07-04,140.957,142.856,140.606,142.313,19745.523451579
2017-07-05,141.735,142.396,140.648,142.313,14645.662517727
2017-07-06,142.313,142.513,141.46,142.313,65653.835589834
2017-07-07,142.513,143.157,141,141,2268.995792886
2017-07-10,140.263,142.898,139.527,142.513,21915.295508528
2017-07-11,142.513,143.283,141.802,143.283,9123.8018394656
2017-07-12,143.241,143.902,142.112,143.501,3943.8446368445
2017-07-13,143.283,144.721,143.283,144.721,17401.213256717
2017-07-14,144.721,145.876,144.721,145.332,21420.372295538
2017-07-17,145.257,147.122,145.023,145.023,17287.643920402
2017-07-18,144.897,145.952,144.011,144.136,1011.3648265445
2017-07-19,144.052,144.939,143.408,143.408,12133.986985138
2017-07-20,143.668,145.45,141.769,144.253,13969.028366635
2017-07-21,142.856,146.955,142.513,146.378,36356.533220889
2017-07-24,147.122,148.587,144.052,147.24,15413.152137871
2017-07-25,146.847,147.549,146.453,147.156,27429.983386601
2017-07-26,147.582,149.64,147.582,149.598,36079.184946943
2017-07-27,149.858,151.489,149.673,151.038,45541.303861955
2017-07-28,151.038,152.342,151.038,151.799,35634.471335271
2017-07-31,151.84,154.007,151.84,153.354,56773.908956769
2017-08-01,154.124,154.124,151.84,154.124,11569.726703662
2017-08-02,154.834,154.834,146.922,153.354,80381.985309726
2017-08-03,152.969,152.969,149.389,151.757,19134.639968879
2017-08-04,151.882,151.958,150.251,151.915,6701.7863092301
2017-08-07,152.576,153.354,152.184,152.384,1331.7499016201
2017-08-08,151.958,153.229,151.071,152.501,13780.144628344
2017-08-09,152.576,153.354,150.527,151.038,19407.206376033
2017-08-10,153.354,153.354,151.038,152.501,42503.622982227
2017-08-11,152.108,152.108,150.251,150.251,3341.3294210307
2017-08-14,149.515,151.958,149.515,150.251,2196.0723243053
2017-08-16,150.251,151.724,150.251,151.724,4811.7534596238
2017-08-17,151.724,152.459,150.402,152.459,6075.3617594555
2017-08-18,152.576,153.27,150.251,152.342,11656.995772619
2017-08-21,152.309,152.576,150.251,152.576,31600.966696074
2017-08-22,153.354,153.354,151.038,151.096,19383.297042072
2017-08-23,153.354,153.354,150.678,152.534,20760.474678218
2017-08-24,153.354,153.354,151.096,153.12,22085.05177965
2017-08-25,151.799,154.5,151.799,154.5,14693.481185649
2017-08-28,154.04,156.023,153.079,154.885,16189.010024901
2017-08-29,153.539,154.885,151.096,154.885,18147.184476296
2017-08-30,155.68,155.68,151.915,152.969,39699.058108618
2017-08-31,153.58,155.521,151.413,154.885,16797.502574205
2017-09-01,156.834,160.674,153.12,157.763,16511.786033372
2017-09-04,155.68,160.631,155.68,158.624,10824.950950781
2017-09-05,158.766,160.247,156.224,159.042,13778.949161646
2017-09-06,159.076,160.247,156.533,158.725,18670.798890038
2017-09-07,158.766,158.766,157.411,158.766,11024.593889354
2017-09-08,158.766,158.766,157.537,158.725,21976.264310128
2017-09-11,160.247,160.247,157.838,158.766,17780.176199996
2017-09-12,159.276,159.276,157.921,158.766,11458.548300744
2017-09-13,158.582,160.205,157.336,158.766,4197.2835768296
2017-09-14,158.766,159.001,157.453,158.766,12495.017927947
2017-09-15,158.766,158.85,157.838,158.766,15880.579616806
2017-09-18,158.766,161.025,158.582,160.331,26007.378015929
2017-09-19,159.544,160.674,158.766,160.674,27549.530056405
2017-09-20,161.092,162.422,160.088,161.092,27386.946585471
2017-09-21,162.338,162.422,159.929,160.942,26114.970018753
2017-09-22,162.564,162.639,158.649,159.394,51646.552288862
2017-09-25,159.436,159.544,158.039,158.766,36013.434278551
2017-09-26,159.001,159.001,155.211,158.466,76446.508939767
2017-09-27,158.423,158.541,157.763,158.423,31107.238949782
2017-09-28,158.507,159.544,157.997,159.544,77685.01243894
2017-09-29,160.331,160.356,157.955,158.381,85864.395586952
2017-10-02,157.646,158.683,155.68,157.997,17061.700714472
2017-10-03,158.381,158.381,157.111,157.955,21108.355487349
2017-10-04,158.766,158.766,156.759,157.604,14367.118777083
2017-10-05,157.186,157.997,156.717,157.604,4398.1219821009
2017-10-06,157.111,157.838,152.576,155.68,39461.160235707
2017-10-09,153.814,156.45,153.814,156.45,51804.353893003
2017-10-10,158.683,161.719,152.886,155.68,60295.753849204
2017-10-11,156.45,157.227,154.366,154.885,27071.343377188
2017-10-12,155.68,155.68,153.079,153.354,33994.291025556
2017-10-13,153.003,155.638,151.071,154.5,30033.709854939
2017-10-16,155.638,157.453,152.225,155.68,23838.801425679
2017-10-17,153.354,153.814,149.431,149.431,34917.191316445
2017-10-18,150.218,152.501,147.156,147.892,108798.22872222
2017-10-19,147.892,148.544,142.739,147.156,144662.22966351
2017-10-20,146.729,147.7,143.325,147.156,104775.4832833
2017-10-23,147.156,148.084,144.211,148.084,55663.320394287
2017-10-24,147.7,150.443,144.329,144.437,45565.213195916
2017-10-25,145.91,148.117,142.195,147.934,100282.91943205
2017-10-26,148.117,150.953,146.729,150.644,61649.022151389
2017-10-27,149.515,152.459,147.466,151.799,22652.89846122
2017-10-30,152.969,152.969,150.644,152.576,12917.017672357
2017-10-31,152.969,154.124,150.176,153.354,18020.465006303
2017-11-02,154.885,154.969,151.221,154.885,14658.812651406
2017-11-03,155.68,156.324,152.694,156.065,20913.494415567
2017-11-06,156.759,157.227,153.58,156.45,38919.613821494
2017-11-07,157.537,158.725,155.68,157.227,26620.652432026
2017-11-08,158.466,158.466,155.479,156.45,41843.725364908
2017-11-09,157.604,157.604,154.366,157.186,27489.756721503
2017-11-10,155.136,157.152,153.438,154.124,28939.857826229
2017-11-13,154.885,157.068,153.471,156.876,6141.1124278478
2017-11-14,157.997,157.997,154.5,156.45,24312.206238104
2017-11-15,156.065,156.45,154.751,156.45,9591.2293184005
2017-11-16,155.095,157.152,155.052,156.45,15446.625205416
2017-11-17,155.68,156.6,155.095,156.45,28416.243412486
2017-11-20,155.68,156.45,155.211,156.45,12828.553136701
2017-11-21,154.124,156.45,154.124,155.521,9519.5013165179
2017-11-22,156.45,156.45,154.885,155.981,12954.077139996
2017-11-23,154.885,157.227,154.5,156.91,3335.3520875405
2017-11-24,156.91,160.013,155.755,157.997,10927.761086813
2017-11-27,159.235,159.502,154.04,154.834,73657.485133233
2017-11-28,155.286,157.997,151.882,157.997,95081.443828865
2017-11-29,157.997,159.469,156.642,157.294,18748.504225411
2017-11-30,157.227,157.687,155.864,157.227,9477.6599820864
2017-12-01,155.286,157.227,155.286,157.227,27900.99726563
2017-12-04,157.227,160.205,156.14,158.766,17636.720196231
2017-12-05,160.163,160.247,157.729,159.16,24961.344655142
2017-12-06,158.766,159.076,156.023,158.381,26943.428440497
2017-12-07,156.14,158.197,154.283,156.759,20961.313083489
2017-12-08,157.921,158.766,155.755,158.766,11653.409372525
2017-12-11,156.6,158.766,156.491,158.039,20923.058149152
2017-12-12,158.039,158.766,156.642,157.687,10526.08427627
2017-12-13,156.834,159.436,156.491,159.394,10653.999212961
2017-12-14,160.088,161.787,156.491,157.997,45087.026516699
2017-12-15,158.766,158.766,155.286,157.227,25273.361463331
2017-12-18,157.997,160.674,156.065,160.331,38702.03888245
2017-12-19,162.255,162.255,157.997,161.87,79163.80474442
2017-12-20,162.639,162.639,158.766,162.639,59498.377561609
2017-12-21,164.187,164.429,158.423,163.032,128829.46871462
2017-12-22,161.092,162.447,160.331,161.058,92489.672027507
2017-12-27,161.092,161.87,159.929,161.87,100965.53091663
2017-12-28,164.187,164.823,160.088,164.655,281761.9369952
2017-12-29,159.544,164.965,159.235,159.235,299317.36545596
2018-01-03,159.544,164.572,159.544,162.639,45836.584136372
2018-01-04,162.639,166.905,162.639,166.521,50305.238653657
2018-01-05,166.521,168.069,166.136,166.521,9181.1842409717
2018-01-08,166.521,168.453,165.358,167.675,28568.067683138
2018-01-09,168.069,171.941,164.572,167.282,39069.047158749
2018-01-10,166.521,169.223,166.521,167.675,9994.101595641
2018-01-11,166.905,168.453,166.521,168.453,4046.6547728762
2018-01-12,168.453,170,167.282,169.223,12926.581405941
2018-01-15,168.453,170,167.282,167.675,15487.271073149
2018-01-16,168.453,169.615,166.905,167.675,10139.948532802
2018-01-17,168.069,170.385,167.282,167.675,14937.35639205
2018-01-18,168.069,170.385,167.675,168.453,14111.288903702
2018-01-19,168.838,174.258,168.453,168.453,18052.74260715
2018-01-22,168.838,170.385,167.282,168.453,19337.869307547
2018-01-23,168.838,170.779,168.453,168.453,15527.916940883
2018-01-24,168.838,171.548,168.069,170.385,20802.316012649
2018-01-25,170.385,174.258,169.223,171.548,37812.611659106
2018-01-26,170.385,171.941,164.965,168.838,41157.527480231
2018-01-29,168.453,172.326,166.905,170.385,7282.7831244791
2018-01-30,170,170.385,164.572,164.572,24767.679050059
2018-01-31,165.751,171.548,165.751,170.385,36746.255364451
2018-02-01,169.615,172.711,168.069,170.385,32835.883795152
2018-02-02,170.385,170.385,169.223,170,27116.771111714
2018-02-05,166.521,167.282,162.255,166.521,15836.347348978
2018-02-06,159.544,164.187,156.45,162.639,93994.764600343
2018-02-07,160.707,164.965,160.707,162.639,13831.54969636
2018-02-08,163.426,163.426,161.87,162.639,11996.508314863
2018-02-09,159.544,161.87,154.283,157.227,68571.969799757
2018-02-12,157.997,159.929,155.68,156.45,36026.584412229
2018-02-13,157.227,158.381,156.834,157.997,12094.536584103
2018-02-14,158.766,161.485,158.381,160.707,14443.628645758
2018-02-15,161.092,162.639,159.16,159.544,15189.599865337
2018-02-16,159.929,161.87,157.227,159.544,14980.393193179
2018-02-19,158.766,159.544,157.604,158.766,7040.1033847763
2018-02-20,157.227,158.766,156.45,157.604,10974.384288036
2018-02-21,157.227,157.227,152.267,153.044,31027.142681013
2018-02-22,153.354,156.065,151.339,156.065,16644.482836855
2018-02-23,154.124,156.834,153.965,156.065,7098.6812529804
2018-02-26,156.065,156.45,152.735,154.434,8553.564224499
2018-02-27,154.124,156.065,153.044,156.065,4964.7731969733
2018-02-28,154.751,154.885,152.267,152.267,8951.6546349474
2018-03-01,151.799,152.735,148.235,151.799,6297.7185652915
2018-03-02,151.799,155.286,151.799,153.354,13566.156089394
2018-03-05,152.576,153.814,151.038,151.038,21164.542422157
2018-03-06,151.489,154.885,151.489,153.044,8549.9778244049
2018-03-07,151.958,153.505,151.339,151.339,18214.130611386
2018-03-08,151.339,152.735,147.298,150.251,6777.1007112068
2018-03-09,147.298,150.251,145.759,149.473,13869.804630697
2018-03-12,148.695,150.711,148.695,150.1,2934.870743696
2018-03-13,148.695,152.108,148.695,151.958,8105.2642127328
2018-03-14,149.791,157.227,149.473,154.885,17652.261263306
2018-03-15,154.885,161.87,154.434,159.16,26278.748956385
2018-03-16,159.16,160.331,157.227,158.381,26132.902019224
2018-03-19,156.834,158.381,156.45,157.227,4665.9065224625
2018-03-20,155.68,157.604,154.885,157.604,43540.092609431
2018-03-21,155.68,158.766,155.68,158.766,2357.4603285412
2018-03-22,157.997,159.544,156.065,156.065,5240.9260042213
2018-03-23,155.68,157.604,151.958,154.124,7835.088738975
2018-03-26,153.505,153.965,151.339,151.489,5349.7134737432
2018-03-27,151.958,157.604,151.958,154.124,36522.703091917
2018-03-28,152.735,154.124,149.791,153.044,6460.3020362254
2018-03-29,151.958,154.885,151.179,152.426,15576.931075503
2018-04-03,150.568,152.426,148.544,149.004,17609.224462176
2018-04-04,149.172,152.576,149.172,152.576,9618.7250524555
2018-04-05,150.402,154.584,150.402,153.655,3221.7827512264
2018-04-06,154.124,154.434,152.576,153.354,2774.6782061582
2018-04-09,151.958,158.766,151.958,158.766,5912.7782885216
2018-04-10,156.45,157.227,153.505,154.885,7213.4460559926
2018-04-11,155.68,158.766,153.505,156.45,4612.1105210506
2018-04-12,154.885,158.381,154.885,156.834,11878.157111757
2018-04-13,157.227,157.227,155.286,155.68,1065.1608279565
2018-04-16,155.68,156.065,154.124,154.885,2988.666745108
2018-04-17,154.885,154.885,150.711,150.87,49102.599155426
2018-04-18,150.251,152.576,150.251,152.576,10351.546138356
2018-04-19,153.354,153.354,151.038,151.799,21527.964298362
2018-04-20,151.038,152.735,150.87,151.799,5246.9033377115
2018-04-23,151.799,153.814,150.87,152.267,20685.160276241
2018-04-24,153.522,154.935,150.368,150.694,24949.389988161
2018-04-25,151.163,153.522,150.694,153.522,7572.0860654055
2018-04-26,152.744,155.103,152.744,154.316,15494.443873338
2018-04-27,154.316,155.571,152.894,153.371,7772.9244706768
2018-04-30,151.949,155.103,151.949,155.103,19005.529565491
2018-05-02,153.204,155.103,153.204,155.103,2685.018203805
2018-05-04,155.103,155.103,152.744,153.371,2407.669929859
2018-05-07,152.267,154.935,151.949,154.626,16230.851359332
2018-05-08,154.626,155.103,153.68,155.103,18454.419417693
2018-05-09,151.949,155.103,151.949,154.935,26658.907366363
2018-05-10,154.626,155.103,153.522,154.626,16252.369759897
2018-05-11,153.522,161.008,153.522,161.008,54319.615825686
2018-05-14,157.461,162.974,157.461,161.393,32611.13605592
2018-05-15,159.829,161.008,156.525,157.461,5900.8236215412
2018-05-16,156.048,158.248,156.048,157.461,6390.9649677389
2018-05-17,157.461,157.855,156.207,156.207,9942.6965276252
2018-05-18,156.207,157.855,154.467,155.571,10339.591471375
2018-05-21,155.103,158.641,155.103,156.985,10124.407465728
2018-05-22,156.207,156.207,154.626,155.261,4019.1590388212
2018-05-23,155.103,155.412,151.163,151.639,13416.722752139
2018-05-24,153.522,154.316,149.749,151.79,27886.651665253
2018-05-25,152.108,155.103,151.48,152.744,19342.651174339
2018-05-28,152.744,155.103,152.108,152.267,19028.243432753
2018-05-29,151.949,152.744,151.639,151.949,12249.947254849
2018-05-30,151.48,154.157,149.749,150.535,47519.801247217
2018-06-01,149.749,155.571,149.749,155.103,4511.691318415
2018-06-04,151.48,155.103,149.749,152.584,26767.694835885
2018-06-05,152.267,154.316,151.639,153.522,21073.686953105
2018-06-06,153.522,154.316,153.054,153.522,7569.6951320094
2018-06-07,153.522,154.157,153.522,154.157,4907.3907954673
2018-06-08,154.157,154.157,151.949,152.744,1298.2768340749
2018-06-11,151.163,152.267,151.163,151.949,4175.7651762648
2018-06-12,151.163,152.426,147.858,147.858,21961.918709751
2018-06-13,147.549,150.226,147.549,150.226,3686.8192967652
2018-06-14,148.963,149.113,145.968,146.127,33927.344890466
2018-06-15,145.181,146.277,137.469,137.469,14347.991309914
2018-06-18,138.725,140.932,136.206,136.206,15908.075350861
2018-06-19,136.206,142.505,134.793,142.505,62783.520047832
2018-06-20,141.719,143.601,137.946,143.291,35866.391874692
2018-06-21,142.815,142.815,138.255,138.255,1931.8741840378
2018-06-22,138.089,142.815,137.946,142.505,15737.12361304
2018-06-25,138.883,144.713,138.883,140.615,32473.657385645
2018-06-26,139.51,142.346,139.51,141.719,7321.0380588165
2018-06-27,141.083,142.187,140.297,141.719,5728.6764170229
2018-06-28,140.932,141.719,139.201,141.4,15508.789473714
2018-06-29,137.779,141.719,137.779,140.932,8905.0314337237
2018-07-02,140.932,140.932,139.034,140.932,17594.8788618
2018-07-03,140.932,141.719,140.138,140.455,11021.00748926
2018-07-04,138.725,142.656,138.725,142.505,10786.696016444
2018-07-05,142.656,145.181,142.656,145.181,7694.0236686059
2018-07-06,144.236,144.236,143.291,144.077,4799.7987926434
2018-07-09,142.815,142.815,140.297,140.932,760.31681995547
2018-07-10,141.083,141.083,139.034,140.765,11215.868561041
2018-07-11,140.297,142.505,139.351,141.719,2741.205138613
2018-07-12,140.455,143.768,140.455,142.982,951.59149164237
2018-07-13,142.505,142.505,140.615,141.719,5630.6481477834
2018-07-16,141.87,141.87,139.678,141.719,4155.4422423981
2018-07-17,141.719,141.719,136.993,139.819,9873.3594591387
2018-07-18,137.779,141.4,137.779,138.565,3105.8224815162
2018-07-19,138.565,143.919,137.946,143.919,8693.43382817
2018-07-20,143.291,143.291,140.932,140.932,8045.4908778306
2018-07-23,142.346,148.804,141.56,145.65,5423.8324090219
2018-07-24,144.077,148.804,143.291,148.804,16246.392426407
2018-07-25,150.368,150.368,148.963,150.368,4039.4819726879
2018-07-26,149.281,153.522,148.804,153.522,2302.4688604312
2018-07-27,153.522,153.522,149.113,150.226,3849.4027676991
2018-07-30,149.59,153.204,147.7,147.7,4001.2270383505
2018-07-31,149.749,152.584,149.59,151.163,4997.0507978205
2018-08-01,151.012,151.163,149.281,149.59,5331.7814732726
2018-08-02,148.804,148.804,144.856,145.023,11854.247777796
2018-08-03,145.023,145.65,141.083,142.505,10518.911476082
2018-08-06,141.719,142.346,138.725,138.883,19885.39305525
2018-08-07,138.725,141.87,136.524,141.87,19131.053568785
2018-08-08,140.455,143.919,140.455,143.291,4836.8582602827
2018-08-09,143.132,144.856,142.187,144.856,8575.0826250638
2018-08-10,143.291,144.077,142.346,142.982,1803.9592473472
2018-08-13,142.815,142.815,139.819,141.4,4729.2662574588
2018-08-14,140.932,142.187,140.932,141.719,6301.3049653856
2018-08-16,139.201,141.56,139.201,140.932,785.42162061437
2018-08-17,139.351,141.719,139.351,140.932,757.92588655938
2018-08-20,139.351,141.719,139.351,140.932,1940.2424509241
2018-08-21,140.932,140.932,136.993,140.932,10608.571478435
2018-08-22,141.242,142.036,140.455,141.242,8138.737280278
2018-08-23,140.138,141.242,139.351,141.242,962.35069192476
2018-08-24,140.297,142.346,140.297,141.242,8457.9268886555
2018-08-27,141.4,144.856,141.4,144.387,4835.6627935847
2018-08-28,144.387,145.809,143.291,144.077,3520.6494257372
2018-08-29,144.077,146.127,143.768,145.181,32356.501649237
2018-08-30,146.127,146.127,142.346,143.291,3292.3152864109
2018-08-31,142.187,143.291,140.765,141.719,14879.973990544
2018-09-03,141.719,144.713,141.719,144.713,6271.4182979345
2018-09-04,144.856,144.856,142.656,143.291,9444.1869145412
2018-09-05,143.291,144.387,139.987,143.291,7403.5252609814
2018-09-06,143.291,143.601,139.987,143.132,5798.0134855094
2018-09-07,142.505,142.505,139.819,141.719,13567.351556092
2018-09-10,140.932,141.719,139.987,140.138,1413.041637087
2018-09-11,140.138,140.138,136.993,137.151,2998.2304786923
2018-09-12,136.993,138.414,136.993,137.779,23213.572342603
2018-09-13,137.779,139.987,137.779,139.351,25434.749467567
2018-09-14,139.351,143.768,138.725,142.036,13643.861424767
2018-09-17,138.725,140.932,138.725,139.351,1563.6704410405
2018-09-18,139.51,140.765,138.255,139.351,20779.602145387
2018-09-19,139.351,140.932,138.883,140.615,1127.3250962547
2018-09-20,139.351,140.138,138.725,139.351,4713.7251903843
2018-09-21,139.351,143.132,134.165,137.779,22611.057126789
2018-09-24,138.414,145.65,137.779,145.5,14801.073188473
2018-09-25,142.505,145.5,142.505,143.291,989.84642597976
2018-09-26,142.982,145.181,142.982,145.023,6469.8657698097
2018-09-27,144.856,145.023,142.346,142.346,5695.2033494777
2018-09-28,142.505,144.387,142.346,143.919,1830.2595147041
2018-10-01,143.768,144.077,142.505,144.077,2548.7350002281
2018-10-02,142.505,142.815,141.87,142.187,1283.9312336984
2018-10-03,142.346,143.291,142.187,142.505,933.65949117173
2018-10-04,142.505,142.505,141.719,142.036,843.99948881849
2018-10-05,142.036,142.036,141.719,141.719,5533.8153452419
2018-10-08,141.719,141.719,136.993,137.779,2169.7720569484
2018-10-09,137.151,139.201,136.357,136.993,866.71335608131
2018-10-10,137.302,139.351,135.42,135.42,5848.2230868273
2018-10-11,134.793,136.674,134.793,135.42,1937.851517528
2018-10-12,135.42,135.897,132.267,133.052,3996.4451715584
2018-10-15,133.052,135.42,133.052,135.42,11454.96190065
2018-10-16,135.42,135.42,133.052,133.212,29660.724245149
2018-10-17,134.633,136.524,134.475,135.897,2664.6952699383
2018-10-18,137.779,137.779,135.102,135.102,3304.2699533914
2018-10-19,135.102,135.42,133.521,133.839,52137.889101757
2018-10-22,134.943,135.102,133.371,134.316,27536.379922727
2018-10-23,133.052,134.943,133.052,133.521,2685.018203805
2018-10-24,132.433,132.576,131.48,131.957,1996.4293857321
2018-10-25,133.371,133.688,129.748,131.79,1671.2624438644
2018-10-26,132.267,132.267,128.486,129.121,19560.226113383
2018-10-29,128.486,129.59,126.921,126.921,10442.401607407
2018-10-30,126.921,127.541,124.713,126.445,1751.3587126333
2018-10-31,126.754,133.521,126.754,128.326,5416.6596088337
2018-11-02,129.121,132.267,129.121,130.702,2014.3613862028
2018-11-05,132.267,132.576,131.012,131.639,1164.3845638941
2018-11-06,133.688,135.57,132.267,134.633,4594.17852058
2018-11-07,134.633,137.62,134.165,136.524,11973.794447601
2018-11-08,136.048,143.291,136.048,143.291,10432.837873823
2018-11-09,140.138,142.346,137.779,141.242,38211.897536252
2018-11-13,141.083,141.083,137.946,140.138,10896.678952664
2018-11-14,141.719,143.291,140.138,140.932,5190.7164029035
2018-11-15,139.034,141.242,139.034,140.297,2663.4998032402
2018-11-16,141.719,143.132,132.107,139.987,16594.273235537
2018-11-19,140.138,142.505,137.779,140.932,37671.546588737
2018-11-20,139.819,143.291,135.42,143.291,2900.2022094528
2018-11-21,141.719,142.346,140.297,141.719,1306.6451009612
2018-11-22,141.719,143.291,141.56,141.719,3851.7937010951
2018-11-23,141.719,143.291,141.56,143.291,1705.9309781076
2018-11-26,143.291,144.077,141.083,141.56,25961.950281404
2018-11-27,139.987,144.077,139.987,142.187,14086.184103043
2018-11-28,142.505,145.65,142.505,145.023,3423.8166231957
2018-11-29,145.5,145.5,141.4,141.87,10645.630946075
2018-11-30,142.036,143.132,141.719,143.132,9397.5637133175
2018-12-03,142.505,148.486,142.505,144.856,5961.7924231414
2018-12-04,143.291,145.65,143.291,144.547,1328.163501526
2018-12-05,144.077,146.437,141.87,144.856,4066.9777067429
2018-12-06,142.187,144.387,141.242,141.719,28497.535147953
2018-12-07,141.083,142.505,141.083,141.719,2215.199791474
2018-12-10,140.932,142.982,140.765,141.719,17236.238852387
2018-12-11,140.615,142.187,140.138,141.719,37779.138591561
2018-12-12,141.719,143.291,141.719,143.291,22272.740051243
2018-12-13,142.815,147.549,142.036,146.437,9472.8781152942
2018-12-14,143.291,147.858,143.291,147.7,5097.4700004561
2018-12-17,147.7,148.327,147.232,147.858,8816.5668980685
2018-12-18,147.858,148.804,146.277,148.804,21856.717640324
2018-12-19,149.59,150.368,148.963,150.368,58596.995671285
2018-12-20,150.368,151.163,145.5,148.804,150233.10447639
2018-12-21,148.804,148.804,145.5,148.804,55056.023311681
2018-12-27,148.645,149.423,145.181,148.486,69589.311959792
2018-12-28,148.963,148.963,141.719,141.719,90486.069841587
2019-01-02,143.291,144.547,141.4,144.077,21844.762973343
2019-01-03,144.077,145.332,141.719,141.719,11821.970176949
2019-01-04,143.291,145.332,141.719,144.856,2169.7720569484
2019-01-07,145.332,146.437,143.291,146.277,4645.5835885958
2019-01-08,144.856,147.072,144.856,146.754,4117.1873080607
2019-01-09,145.023,148.804,144.547,146.437,28424.611679373
2019-01-10,147.858,148.168,145.65,148.168,16497.440432996
2019-01-11,148.804,148.804,146.596,147.549,21091.618953576
2019-01-14,143.768,147.7,143.768,145.65,25437.140400963
2019-01-15,146.437,148.645,144.856,145.65,42702.070454103
2019-01-16,145.65,149.281,145.65,148.804,9358.113312282
2019-01-17,148.804,151.79,148.645,150.845,2937.2616770921
2019-01-18,149.899,152.744,149.59,152.584,19600.871981116
2019-01-21,152.267,152.267,146.437,151.012,2491.352598722
2019-01-22,149.59,150.368,148.486,149.59,3249.2784852814
2019-01-23,148.804,151.639,148.168,149.59,11575.704037152
2019-01-24,148.804,153.522,148.804,149.59,9698.8213212244
2019-01-25,149.59,151.163,148.168,149.59,2526.0211329652
2019-01-28,148.963,149.423,145.023,149.281,6503.3388373549
2019-01-29,148.804,151.012,148.017,149.59,1870.9053824376
2019-01-30,149.899,150.845,149.423,149.59,19854.310921101
2019-01-31,151.163,151.163,149.59,150.694,1568.4523078327
2019-02-01,151.012,151.012,149.59,150.368,1037.6650939015
2019-02-04,150.368,150.368,149.59,150.368,1640.1803097152
2019-02-05,149.59,151.79,149.59,151.79,16705.451638455
2019-02-06,151.949,152.744,150.845,152.744,4074.1505069312
2019-02-07,151.949,153.054,150.368,151.48,24825.061451565
2019-02-08,151.163,155.88,151.163,155.88,11621.131771678
2019-02-11,155.73,155.73,152.108,152.744,1832.6504481002
2019-02-12,151.639,155.571,151.639,154.793,4565.4873198269
2019-02-13,155.88,157.461,155.412,157.461,67031.013225979
2019-02-14,156.676,157.152,155.412,156.676,22883.623533943
2019-02-15,156.676,157.855,155.412,156.207,13371.295017613
2019-02-18,155.88,157.461,155.88,157.461,3049.6355467082
2019-02-19,157.461,157.461,156.048,156.676,7007.8257839291
2019-02-20,156.048,156.676,155.103,156.525,5141.7022682837
2019-02-21,156.048,156.985,153.999,153.999,10398.16933958
2019-02-22,153.68,155.88,153.68,155.88,2216.3952581721
2019-02-25,153.68,162.974,153.68,157.302,17195.592984653
2019-02-26,157.855,160.615,155.73,155.88,10903.851752852
2019-02-27,156.676,158.641,153.68,153.839,3556.5134266785
2019-02-28,153.839,155.73,149.59,150.694,6846.4377796933
2019-03-01,152.108,156.525,149.899,151.639,7813.5703384103
2019-03-04,157.461,157.461,144.856,149.59,33670.319550386
2019-03-05,152.584,152.584,148.168,149.59,4915.7590623536
2019-03-06,149.59,155.103,146.754,151.163,9447.7733146353
2019-03-07,150.845,153.522,150.058,151.163,2062.1800541245
2019-03-08,150.535,153.371,149.59,151.79,1594.7525751896
2019-03-11,149.59,152.584,149.59,151.639,1801.5683139511
2019-03-12,151.949,152.744,151.48,151.949,1525.4155067031
2019-03-13,150.368,152.584,150.368,151.48,19306.787173397
2019-03-14,151.163,153.371,150.845,153.371,9056.8557043752
2019-03-15,151.322,153.999,151.163,153.999,22719.844596311
2019-03-18,152.267,153.522,151.639,151.639,2025.1205864852
2019-03-19,153.522,153.68,152.108,152.894,13207.516079981
2019-03-20,152.894,154.793,152.744,154.793,1687.998977637
2019-03-21,155.103,156.676,152.894,153.522,607.29708260594
2019-03-22,153.999,153.999,152.584,152.584,8838.0852986333
2019-03-25,152.584,153.371,151.322,151.639,890.62269004217
2019-03-26,151.163,153.371,151.163,151.322,2976.7120781275
2019-03-27,151.322,151.949,151.322,151.639,3551.7315598863
2019-03-28,153.371,153.371,151.639,151.79,10912.220019738
2019-03-29,151.322,153.204,151.322,151.322,4395.7310487048
2019-04-01,151.48,153.204,151.48,152.744,2300.0779270351
2019-04-02,152.744,153.522,152.108,152.108,2915.7432765273
2019-04-03,152.267,155.88,152.267,155.103,2013.1659195047
2019-04-04,153.999,155.103,152.426,153.371,20967.290416979
2019-04-05,153.522,154.626,153.204,154.626,7727.4967361511
2019-04-08,154.626,154.626,152.267,152.584,2964.7574111471
2019-04-09,152.267,154.626,152.108,153.839,1433.3645709538
2019-04-10,152.584,154.935,152.584,153.204,2621.6584688087
2019-04-11,155.103,155.261,153.204,153.68,1933.0696507358
2019-04-12,153.999,155.73,153.999,154.316,4388.5582485165
2019-04-15,154.467,155.412,154.467,154.626,3442.9440903644
2019-04-16,154.935,155.412,154.316,155.103,16561.99563469
2019-04-17,155.42,156.224,155.42,155.738,992.23735937584
2019-04-18,155.897,156.224,155.738,155.897,2619.2675354126
2019-04-23,155.58,155.897,155.42,155.897,5880.5006876744
2019-04-24,155.897,156.55,155.103,156.55,6870.3471136542
2019-04-25,156.224,156.7,156.224,156.7,1359.2456356751
2019-04-26,156.868,157.018,155.738,155.738,25158.596660319
2019-04-29,156.224,157.821,155.738,157.821,4781.8667921727
2019-04-30,158.298,158.298,153.982,154.617,3881.6803685462
2019-05-02,153.338,154.617,152.534,153.179,1323.3816347338
2019-05-06,152.058,157.018,148.369,153.814,1267.1946999258
2019-05-07,153.179,154.617,153.179,153.982,939.63682466194
2019-05-08,153.019,156.868,153.019,156.224,6560.721238861
2019-05-09,153.019,155.42,153.019,155.261,1756.1405794254
2019-05-10,153.982,156.382,153.982,155.58,3018.553412559
2019-05-13,154.785,154.785,152.217,153.814,17405.995123509
2019-05-14,153.814,153.982,150.937,152.217,10047.897597053
2019-05-15,153.019,154.617,152.217,153.655,72509.837103111
2019-05-16,152.534,155.42,151.254,155.42,25785.021210093
2019-05-17,155.261,155.42,152.217,155.42,6747.2140437557
2019-05-20,154.14,155.261,152.217,153.982,16658.828437232
2019-05-21,152.217,155.897,152.217,155.42,4141.0966420216
2019-05-22,156.224,156.224,153.814,155.103,3163.2048830223
2019-05-23,156.224,156.224,153.019,154.14,4461.4817170972
2019-05-24,155.42,155.42,152.217,153.982,3407.0800894231
2019-05-27,153.338,155.42,153.019,154.459,1882.860049418
2019-05-28,154.459,154.617,152.534,152.534,15273.2825342
2019-05-29,152.702,154.14,151.413,153.814,3205.0462174538
2019-05-30,153.814,154.617,150.619,151.899,5647.384681556
2019-05-31,151.899,153.496,149.808,152.058,11930.757646471
2019-06-03,152.058,154.785,152.058,152.217,1002.9965596582
2019-06-04,152.217,153.019,151.573,153.019,1466.837638499
2019-06-05,153.179,154.459,152.534,153.496,45920.266805235
2019-06-06,153.655,155.103,152.217,154.617,17661.82499689
2019-06-07,155.261,157.018,153.655,157.018,4291.725445975
2019-06-10,157.345,157.821,156.224,156.868,17591.292461705
2019-06-11,156.868,157.503,155.103,157.503,4257.0569117318
2019-06-12,156.224,156.382,153.655,155.42,11990.530981373
2019-06-13,155.261,162.631,153.982,162.631,10371.869072223
2019-06-14,162.631,162.631,158.466,159.587,5552.9428124106
2019-06-17,159.587,159.587,155.897,155.897,28741.410354354
2019-06-18,156.7,161.427,154.935,158.951,22681.589661973
2019-06-19,159.587,161.033,157.662,158.783,7166.8228547689
2019-06-21,159.427,160.231,153.655,155.103,19764.650918748
2019-06-24,155.738,161.828,155.738,160.231,9946.2829277193
2019-06-25,159.268,160.631,158.147,160.631,8555.9551578951
2019-06-26,160.231,165.032,159.912,162.229,31159.839484496
2019-06-27,164.228,165.433,162.229,162.229,18336.068214586
2019-06-28,163.434,164.228,161.828,161.828,36558.567092859
2019-07-01,163.828,163.828,161.828,163.828,25070.132124664
2019-07-02,164.228,164.228,161.828,163.032,18367.150348735
2019-07-03,163.828,164.228,161.828,163.032,2717.2958046522
2019-07-04,161.828,162.631,160.631,160.631,1935.4605841319
2019-07-05,161.033,161.427,157.821,158.632,5250.4897378057
2019-07-08,159.427,160.231,158.147,158.632,1289.9085671886
2019-07-09,158.632,158.632,156.382,158.298,14779.554787908
2019-07-10,157.981,158.951,156.868,158.632,26352.867891664
2019-07-11,158.147,158.298,157.186,157.186,9771.744789805
2019-07-12,158.632,159.268,157.662,158.298,2625.2448689028
2019-07-15,158.298,159.745,158.147,159.587,18743.722358619
2019-07-16,158.147,158.298,157.018,157.662,780.6397538222
2019-07-17,157.018,159.101,156.7,157.821,7136.9361873178
2019-07-18,157.018,157.981,156.7,157.018,29865.149050515
2019-07-19,156.7,159.101,156.7,157.821,3494.3491583802
2019-07-22,157.018,157.503,155.58,156.868,3720.2923643104
2019-07-23,157.018,157.018,153.814,155.261,34631.474775613
2019-07-24,155.261,156.065,153.814,155.42,7029.3441844939
2019-07-25,155.42,156.065,153.814,154.14,4451.9179835128
2019-07-26,153.814,155.42,153.814,154.459,3976.1222376916
2019-07-29,154.14,157.821,152.217,153.814,5267.2262715783
2019-07-30,153.338,154.617,150.937,152.853,4390.9491819126
2019-07-31,152.375,153.496,150.452,153.496,7493.1852633347
2019-08-01,156.224,156.224,150.293,152.058,10068.22053092
2019-08-02,150.937,154.3,150.452,153.814,4787.844125663
2019-08-05,153.019,154.14,151.254,153.019,6357.4919001937
2019-08-06,151.254,154.14,151.254,153.655,35422.873729718
2019-08-07,154.3,154.459,151.899,153.814,2775.8736728563
2019-08-08,154.3,155.261,153.338,154.459,5469.2601435476
2019-08-09,155.42,155.738,153.338,154.14,1534.9792402874
2019-08-12,153.814,153.814,150.452,152.217,5485.9966773202
2019-08-13,151.573,153.814,150.293,153.655,11229.01869472
2019-08-14,153.982,155.261,150.293,151.899,6406.5060348134
2019-08-16,150.937,154.617,150.937,151.573,1851.7779152689
2019-08-19,151.088,155.261,151.088,153.655,4135.1193085314
2019-08-20,153.019,153.496,151.413,153.496,749.55761967308
2019-08-21,153.338,153.655,152.058,152.375,1857.7552487591
2019-08-22,152.217,153.982,151.088,152.217,1254.0445662473
2019-08-23,153.019,153.814,147.892,152.217,4112.4054412686
2019-08-26,150.133,153.814,150.133,153.814,8275.0204838549
2019-08-27,152.534,155.42,152.534,155.42,3592.3774276198
2019-08-28,153.982,154.785,149.975,153.338,5218.2121369585
2019-08-29,153.338,153.338,148.369,151.899,8494.9863562949
2019-08-30,151.254,153.655,150.619,150.619,11349.760831222
2019-09-02,151.088,152.375,149.657,151.413,5181.1526693192
2019-09-03,152.702,152.853,148.854,149.331,2160.208323364
2019-09-04,149.331,152.217,148.369,150.133,9254.1077095523
2019-09-05,150.619,152.217,149.49,150.619,10723.336281447
2019-09-06,151.899,152.853,149.49,150.133,14876.387590449
2019-09-09,150.133,152.217,149.975,149.975,20993.590684336
2019-09-10,150.619,152.217,149.975,150.452,12394.598725312
2019-09-11,150.769,152.058,150.619,150.619,5233.7532040331
2019-09-12,150.937,152.853,150.769,152.853,8487.8135561066
2019-09-13,153.179,155.897,151.74,154.617,9826.736257915
2019-09-16,153.982,156.065,153.982,156.065,11218.259494437
2019-09-17,156.065,156.868,155.58,156.224,11997.703781561
2019-09-18,156.065,156.55,155.42,156.55,9902.0506598917
2019-09-19,156.7,156.868,155.58,156.868,13521.923821566
2019-09-20,156.382,156.7,152.375,154.785,32199.895511793
2019-09-23,154.14,156.224,153.179,153.814,11912.825646
2019-09-24,154.785,154.785,153.338,154.617,4588.2011870897
2019-09-25,153.814,155.42,152.375,155.42,7574.4769988016
2019-09-26,155.42,157.018,154.785,157.018,5628.2572143873
2019-09-27,156.382,161.033,156.382,160.231,36729.518830679
2019-09-30,160.063,160.063,158.298,159.745,67490.072438028
2019-10-01,158.147,159.427,157.821,158.783,4052.6321063664
2019-10-02,157.981,158.466,155.58,157.662,7489.5988632405
2019-10-03,155.58,159.427,153.019,156.224,12251.142721547
2019-10-04,156.224,157.186,155.103,156.065,2789.0238065347
2019-10-07,156.065,157.662,154.3,155.42,4284.5526457868
2019-10-08,155.42,157.821,155.261,157.821,15248.177733541
2019-10-09,156.55,157.662,156.224,156.224,2259.4320593016
2019-10-10,156.224,157.981,156.224,157.018,13831.54969636
2019-10-11,156.55,160.231,156.382,159.912,4636.0198550115
2019-10-14,159.912,160.231,158.147,158.632,25233.911062296
2019-10-15,158.632,158.632,157.018,157.018,4341.9350472928
2019-10-16,159.268,159.268,155.738,156.065,2453.0976643846
2019-10-17,155.58,157.503,154.785,157.503,2252.2592591134
2019-10-18,158.632,158.632,155.103,157.662,12838.116870286
2019-10-21,156.55,158.632,156.224,158.298,6679.0724419673
2019-10-22,158.466,159.587,157.662,159.427,6609.7353734808
2019-10-23,159.427,159.427,158.298,158.298,5233.7532040331
2019-10-24,159.427,159.427,157.186,157.821,2264.2139260938
2019-10-25,157.018,157.503,153.814,156.382,2063.3755208225
2019-10-28,156.382,157.821,155.42,157.821,1305.4496342632
2019-10-29,157.821,158.147,156.224,157.821,1148.8434968195
2019-10-30,157.981,157.981,157.018,157.018,838.02215532827
2019-10-31,156.55,156.55,154.935,155.42,2307.2507272233
2019-11-04,155.261,160.231,155.261,158.951,14662.3990515
2019-11-05,159.912,159.912,157.186,157.186,10131.580265916
2019-11-06,157.018,159.268,156.382,157.018,1454.8829715186
2019-11-07,156.382,156.868,153.496,155.261,7095.0948528863
2019-11-08,153.814,155.261,153.338,154.617,9520.6967832159
2019-11-12,153.982,156.55,153.982,154.617,2088.4803214814
2019-11-13,154.14,154.785,153.179,154.617,2121.9533890267
2019-11-14,155.897,155.897,152.534,153.338,6251.0953640678
2019-11-15,152.375,154.935,151.413,154.935,8858.4082325
2019-11-18,155.42,156.55,153.019,156.55,8734.0796959035
2019-11-19,156.55,157.018,154.935,156.868,10007.251729319
2019-11-20,157.018,157.018,153.019,155.261,4878.6995947142
2019-11-21,153.982,154.3,151.74,153.338,5470.4556102456
2019-11-22,155.261,155.261,152.702,153.814,3364.0432882935
2019-11-25,153.179,154.3,153.179,153.814,1411.846170389
2019-11-26,153.179,154.617,153.179,153.814,5850.6140202233
2019-11-27,153.179,155.103,151.899,152.217,3062.7856803866
2019-11-28,152.375,154.3,151.573,152.217,10104.084531861
2019-11-29,153.655,153.655,151.573,152.217,12720.961133878
2019-12-02,151.413,152.853,150.133,151.254,4569.073719921
2019-12-03,149.975,152.702,149.975,152.217,1067.5517613526
2019-12-04,151.413,152.853,148.21,152.853,9998.8834624332
2019-12-05,152.217,154.459,152.217,153.814,2741.205138613
2019-12-06,153.019,153.496,150.293,153.496,3562.4907601687
2019-12-09,150.452,153.019,150.452,153.019,3086.6950143475
2019-12-10,152.217,153.019,150.937,152.217,2444.7293974983
2019-12-11,152.217,155.42,151.413,155.42,8392.1762202632
2019-12-12,154.3,156.065,153.179,154.617,8960.0229018337
2019-12-13,154.617,154.617,153.814,154.617,9916.3962602682
2019-12-16,154.785,155.738,153.179,155.261,11286.401096226
2019-12-17,154.14,156.868,154.14,156.55,16863.253242597
2019-12-18,156.55,159.427,156.55,158.632,9133.3655730499
2019-12-19,159.268,163.032,157.981,162.229,14079.011302855
2019-12-20,161.828,163.434,160.231,161.033,22082.660846254
2019-12-23,161.033,163.032,160.631,161.427,3108.2134149123
2019-12-27,161.828,163.032,161.033,162.631,30295.51706181
2019-12-30,161.828,163.434,161.828,162.229,12763.997935007
2020-01-02,161.828,164.228,161.033,164.228,10092.129864881
2020-01-03,162.631,165.835,162.631,165.835,2740.009671915
2020-01-07,165.835,167.843,162.631,165.835,7838.6751390692
2020-01-08,165.835,165.835,159.912,163.434,8870.3628994804
2020-01-09,163.434,165.433,158.951,158.951,36042.125479304
2020-01-10,162.229,163.828,160.231,163.828,18055.133540546
2020-01-13,162.229,165.032,161.828,165.032,15450.21160551
2020-01-14,165.032,165.433,162.631,164.228,27555.507389895
2020-01-15,163.434,164.228,161.828,163.032,10584.662144474
2020-01-16,164.63,167.441,163.434,165.032,6174.585495393
2020-01-17,164.228,165.835,163.434,164.63,2064.5709875206
2020-01-20,164.63,167.039,163.434,165.032,10418.492273446
2020-01-21,166.638,166.638,163.434,165.032,12255.924588339
2020-01-22,165.032,165.032,161.828,163.434,1685.6080442409
2020-01-23,163.434,166.236,162.229,164.63,3355.6750214072
2020-01-24,164.228,165.835,163.032,164.228,7239.7463233495
2020-01-27,162.631,163.828,159.912,163.828,5317.4358728961
2020-01-28,163.828,163.828,160.631,163.434,2849.992608135
2020-01-29,163.828,164.228,161.427,164.228,3199.0688839636
2020-01-30,162.229,162.229,158.632,161.033,15377.288136929
2020-01-31,162.229,162.631,159.101,162.631,4230.7566443748
2020-02-03,162.631,163.828,161.033,161.828,3005.4032788806
2020-02-04,161.828,163.032,160.231,162.229,7303.1060583458
2020-02-05,161.033,164.228,161.033,163.434,8930.1362343826
2020-02-06,165.032,166.236,161.828,161.828,2695.7774040874
2020-02-07,161.033,162.631,160.631,161.033,2591.7718013576
2020-02-10,161.033,163.434,160.231,163.434,1723.8629785783
2020-02-11,161.828,163.032,159.745,162.631,3269.6014191481
2020-02-12,162.631,163.032,158.466,158.466,9786.0903901815
2020-02-13,156.382,161.828,156.382,158.298,5801.5998856036
2020-02-14,159.587,159.587,156.382,157.821,4693.4022565175
2020-02-17,157.018,158.632,155.58,156.224,13923.600632109
2020-02-18,155.58,157.503,155.58,157.345,38427.0815419
2020-02-19,157.503,159.268,156.065,158.783,20663.641875676
2020-02-20,159.427,162.631,158.783,161.427,10008.447196018
2020-02-21,160.631,162.229,159.912,161.033,2278.5595264703
2020-02-24,159.427,161.427,157.821,158.951,5543.3790788262
2020-02-25,158.951,162.229,150.769,152.217,9636.6570529261
2020-02-26,151.254,154.785,149.331,152.217,8664.742627417
2020-02-27,155.42,155.42,150.769,150.769,66807.460953445
2020-02-28,147.407,147.892,139.394,146.445,18649.280489474
2020-03-02,146.445,156.224,145.173,145.173,16298.992961121
2020-03-03,146.445,152.058,146.445,149.331,16209.332958768
2020-03-04,150.619,153.496,146.922,147.725,8334.7938187571
2020-03-05,147.892,148.21,145.007,146.771,27336.736984153
2020-03-06,148.051,148.051,142.765,145.007,12237.992587868
2020-03-09,140.196,140.523,134.592,139.879,27469.433787636
2020-03-10,136.198,139.711,136.198,137.795,37706.21512298
2020-03-11,137.795,139.56,126.42,128.184,48063.738594826
2020-03-12,122.571,123.057,115.043,118.573,106230.36625482
2020-03-13,121.777,127.699,119.527,120.171,45995.581207212
2020-03-16,120.171,120.171,108.15,111.839,33841.271288206
2020-03-17,119.042,121.609,112.96,119.853,33826.92568783
2020-03-18,120.012,123.374,117.611,120.656,15486.075606451
2020-03-19,120.973,136.349,120.656,136.349,13655.816091747
2020-03-20,137.795,143.559,124.019,125.784,32742.637392705
2020-03-23,119.368,124.972,118.891,120.171,10555.970943721
2020-03-24,128.017,128.017,121.936,123.374,6863.1743134659
2020-03-25,123.851,128.017,122.421,124.821,107847.83269727
2020-03-26,124.821,124.821,122.571,124.178,5457.3054765671
2020-03-27,124.178,125.299,121.936,123.215,17672.584197172
2020-03-30,125.784,125.784,117.77,120.656,24772.460916851
2020-03-31,121.777,123.374,118.247,119.208,37146.736708296
2020-04-01,120.012,120.171,116.49,116.958,9584.0565182122
2020-04-02,116.49,117.929,113.763,115.043,11250.537095284
2020-04-03,115.211,115.211,105.432,107.347,49700.332504447
2020-04-06,108.15,111.839,101.751,110.718,49326.15142796
2020-04-07,112.157,118.723,111.362,113.127,43477.928341133
2020-04-08,114.24,115.043,106.068,107.665,45142.017984809
2020-04-09,111.998,111.998,105.917,107.833,53762.528344398
2020-04-14,111.839,114.558,109.112,114.081,38846.690352913
2020-04-15,114.407,116.005,111.362,112.96,13880.563830979
2020-04-16,113.763,113.763,109.915,112.96,22489.119523588
2020-04-17,112.96,113.446,110.877,112.157,10870.378685307
2020-04-20,112.801,112.801,105.432,107.347,37673.937522133
2020-04-21,109.43,109.43,105.917,107.197,9765.7674563148
2020-04-22,107.197,107.833,103.507,104.303,30478.423466611
2020-04-23,104.947,106.234,102.219,104.47,32259.668846695
2020-04-24,104.152,106.553,102.546,105.749,6430.4153687743
2020-04-27,106.87,107.347,102.863,102.863,10457.942674482
2020-04-28,103.349,104.152,102.863,104.152,28526.226348706
2020-04-29,104.628,108.954,102.705,107.347,43969.265154028
2020-04-30,108.794,111.513,106.87,106.87,22920.683001582
2020-05-04,106.712,106.712,102.705,103.834,16510.590566674
2020-05-05,104.947,104.947,100.94,101.751,14833.35078932
2020-05-06,101.107,104.947,100.304,103.349,30577.647202549
2020-05-07,105.917,106.068,102.546,104.947,21892.581641265
2020-05-08,105.749,106.712,103.667,103.667,7239.7463233495
2020-05-11,103.667,105.113,100.94,101.107,10499.784008913
2020-05-12,101.266,104.788,101.266,104.788,12437.635526441
2020-05-13,104.947,106.553,102.546,103.349,11942.712313451
2020-05-14,103.182,103.834,100.304,101.266,29004.413027924
2020-05-15,102.705,104.947,101.107,101.107,20348.038667393
2020-05-18,104.152,107.029,101.584,107.029,39357.154632978
2020-05-19,107.347,108.15,103.182,104.947,18423.337283544
2020-05-20,107.197,107.197,104.628,105.113,3913.9579693934
2020-05-21,105.113,106.553,104.788,105.749,6595.3897731042
2020-05-22,106.553,106.553,104.152,104.47,8845.2580988215
2020-05-25,105.749,105.749,104.152,104.788,5248.0988044096
2020-05-26,104.788,113.922,104.788,113.446,76615.069744192
2020-05-27,116.164,124.178,115.528,116.958,45091.808383491
2020-05-28,121.777,125.616,111.195,118.247,130015.37167908
2020-05-29,117.77,117.77,112.157,112.157,36911.229768781
2020-06-01,116.164,117.77,114.081,116.005,11469.307501026
2020-06-02,117.611,117.611,114.558,116.322,8481.8362226164
2020-06-03,116.808,120.171,116.641,119.208,13833.940629756
2020-06-04,120.012,121.609,117.77,120.973,13183.60674602
2020-06-05,123.851,127.699,121.292,124.972,39736.117576257
2020-06-08,124.972,132.986,124.972,131.547,21782.598705045
2020-06-09,132.667,133.63,131.865,131.865,24808.324917792
2020-06-10,132.35,132.35,126.586,129.464,25195.656127958
2020-06-12,121.936,126.586,116.958,125.784,19192.022370385
2020-06-15,123.374,123.374,119.042,119.208,18373.127682226
2020-06-16,122.421,123.692,120.171,122.094,24675.628114309
2020-06-17,123.374,124.178,119.853,123.851,17835.167668106
2020-06-18,123.057,123.692,120.488,120.973,17121.474049374
2020-06-19,120.973,123.057,118.573,123.057,51717.084824046
2020-06-22,123.057,123.215,119.527,120.329,6820.1375123364
2020-06-23,120.806,123.374,120.329,123.374,20230.882930985
2020-06-24,122.739,123.851,119.527,119.527,11030.571222844
2020-06-25,118.573,120.012,116.958,116.958,12169.85098608
2020-06-26,117.293,119.368,114.24,115.043,13298.371549032
2020-06-29,114.884,118.247,114.884,118.087,8942.090901363
2020-06-30,116.164,118.891,113.763,113.922,9301.926377474
2020-07-01,117.443,117.611,114.558,117.611,10307.313870528
2020-07-02,117.611,120.012,116.49,119.853,15141.781197415
2020-07-03,119.368,121.45,118.891,121.45,6828.5057792227
2020-07-06,120.973,122.889,120.973,122.571,11851.8568444
2020-07-07,123.215,123.215,118.573,119.042,5036.5011988559
2020-07-08,119.042,120.656,117.126,117.126,4644.3881218978
2020-07-09,118.247,118.406,116.958,118.406,2307.2507272233
2020-07-10,117.77,120.329,116.322,120.329,3929.4990364679
2020-07-13,120.329,121.45,118.723,120.488,2765.1144725739
2020-07-14,120.012,120.012,117.126,117.126,6288.1548317071
2020-07-15,117.443,119.527,117.443,117.77,3080.7176808573
2020-07-16,118.573,120.973,117.611,120.973,3852.9891677932
2020-07-17,120.973,120.973,119.208,119.368,3331.7656874464
2020-07-20,119.368,119.368,117.611,118.891,2846.4062080408
2020-07-21,118.891,122.571,117.611,121.777,14108.897970306
2020-07-22,120.171,122.421,119.208,120.973,9542.2151837807
2020-07-23,121.609,121.609,118.247,118.573,5380.7956078924
2020-07-24,117.77,118.087,116.641,116.641,5102.2518672483
2020-07-27,116.641,119.042,115.361,115.361,4313.2438465398
2020-07-28,116.641,116.641,113.763,113.763,3047.2446133121
2020-07-29,114.24,116.49,114.24,114.558,5587.6113466538
2020-07-30,114.558,116.164,106.234,106.234,21741.952837311
2020-07-31,109.43,112.157,104.47,105.749,18675.580756831
2020-08-03,106.553,109.43,105.113,105.583,22994.801936861
2020-08-04,105.749,107.833,105.113,105.583,8153.0828806545
2020-08-05,105.917,107.514,105.917,105.917,22250.02618398
2020-08-06,106.393,106.87,103.507,104.152,47204.198038933
2020-08-07,105.264,107.665,104.947,107.197,11221.845894531
2020-08-10,107.514,111.513,106.553,111.362,4650.365455388
2020-08-11,111.362,115.043,109.756,109.756,17893.74553631
2020-08-12,111.362,113.127,108.318,110.075,8673.1108943033
2020-08-13,110.718,112.157,109.112,110.56,10926.565620115
2020-08-14,111.195,111.998,109.756,111.998,3740.6152981771
2020-08-17,111.998,112.801,110.56,111.839,1992.842985638
2020-08-18,110.877,111.68,109.597,110.233,5953.4241562551
2020-08-19,111.839,111.839,110.4,111.362,1600.7299086798
2020-08-20,111.195,111.362,109.279,111.362,3207.4371508499
2020-08-21,111.195,111.362,109.597,111.362,1019.7330934308
2020-08-24,111.362,111.998,110.233,110.56,4129.1419750412
2020-08-25,110.56,111.998,109.756,109.756,2767.50540597
2020-08-26,110.075,111.045,109.756,110.56,1037.6650939015
2020-08-27,110.718,110.718,109.43,109.756,616.86081619028
2020-08-28,109.279,111.513,108.954,108.954,3109.4088816103
2020-08-31,109.112,110.718,107.197,108.15,2793.8056733269
2020-09-01,108.15,108.15,105.749,106.712,73059.751784211
2020-09-02,106.393,108.954,106.393,107.833,1264.8037665297
2020-09-03,107.833,108.635,107.347,107.347,16712.624438644
2020-09-04,107.197,107.833,105.749,107.833,2271.386726282
2020-09-07,111.195,111.195,107.999,107.999,3905.5897025071
2020-09-08,109.756,110.233,105.264,105.264,20919.471749058
2020-09-09,105.432,111.362,105.432,111.362,7218.2279227847
2020-09-10,111.362,111.513,109.279,111.195,2282.1459265644
2020-09-11,111.195,111.362,109.43,110.877,2010.7749861086
2020-09-14,111.362,111.68,110.56,111.362,2163.7947234582
2020-09-15,111.362,111.362,107.197,107.665,5264.8353381822
2020-09-16,107.665,110.56,105.917,109.279,13819.595029379
2020-09-17,108.954,108.954,106.234,107.347,4799.7987926434
2020-09-18,108.15,108.15,103.182,105.749,59310.689290016
2020-09-21,103.834,105.749,93.7378,96.1379,81166.211463642
2020-09-22,96.6238,97.7355,95.017,96.1379,25080.891324946
2020-09-23,96.1379,96.1379,89.2455,93.7378,70916.27999462
2020-09-24,93.8878,98.3797,91.3284,98.3797,39728.944776069
2020-09-25,98.8563,99.1831,94.6912,95.6529,7915.1850077439
2020-09-28,96.1379,97.7355,95.9713,97.5772,29340.339170074
2020-09-29,98.3797,98.3797,96.4563,98.3797,4236.733977865
2020-09-30,98.2214,98.5389,96.9413,98.5389,1010.1693598465
2020-10-01,99.1831,99.6598,97.418,99.6598,6147.0897613381
2020-10-02,97.903,99.819,97.418,99.819,2478.2024650435
2020-10-05,99.3423,101.751,98.6981,101.751,4661.1246556704
2020-10-06,101.751,104.152,100.621,101.751,16344.420695646
2020-10-07,103.349,104.947,101.902,104.947,72653.293106876
2020-10-08,105.113,105.749,103.834,104.788,7442.9756620169
2020-10-09,105.917,105.917,102.546,104.947,103217.79017575
2020-10-12,104.303,104.947,103.031,104.788,48847.964748743
2020-10-13,104.788,104.788,102.387,103.834,3636.6096954474
2020-10-14,103.834,105.749,101.751,101.751,15659.418277668
2020-10-15,101.751,103.984,95.9713,96.9413,16053.922288022
2020-10-16,95.3354,100.136,92.1313,98.3797,6823.7239124305
2020-10-19,99.0239,99.9865,97.1005,97.5772,3534.9950261137
2020-10-20,99.1831,99.9865,96.9413,99.9865,4532.0142522817
2020-10-21,100.621,102.546,96.2887,98.5389,3014.9670124649
2020-10-22,97.903,98.3797,96.4563,97.2588,3286.3379529207
2020-10-23,96.9413,98.6981,92.2904,93.7378,24465.225975454
2020-10-26,93.7378,93.8878,92.1313,92.9261,4225.9747775827
2020-10-27,91.9724,92.9261,90.3747,90.5253,19244.622905099
2020-10-28,91.1694,91.1694,82.1972,82.5159,22893.187267527
2020-10-29,81.7153,84.9124,79.7128,82.3603,22165.148048419
2020-10-30,81.7153,84.2767,79.9537,82.1972,15535.089741071
2020-11-02,83.3148,83.641,82.5159,83.641,46323.139082475
2020-11-03,84.444,92.1313,83.482,91.8052,11083.171757558
2020-11-04,92.2904,93.2519,88.6097,92.6086,17366.544722473
2020-11-05,94.6912,101.425,94.6912,100.304,21792.162438629
2020-11-06,101.584,103.349,97.903,102.069,19322.328240472
2020-11-09,103.984,112.801,101.425,110.56,35722.935870926
2020-11-10,111.195,117.77,108.954,116.005,31217.221886002
2020-11-12,116.005,119.368,113.763,117.77,83006.03471193
2020-11-13,118.573,120.973,115.528,118.891,30729.4714732
2020-11-16,118.573,129.782,118.573,128.184,38454.577275955
2020-11-17,129.623,129.623,127.222,129.623,30446.145865764
2020-11-18,121.936,127.381,121.609,124.336,25337.916665025
2020-11-19,122.739,124.972,118.247,121.777,19126.271701993
2020-11-20,121.777,124.972,121.777,123.057,22820.263798946
2020-11-23,124.972,128.017,124.336,125.784,11195.545627174
2020-11-24,125.784,128.184,124.336,124.972,29207.642366591
2020-11-25,124.972,128.184,124.972,127.866,46736.770559998
2020-11-26,127.866,128.82,126.586,128.82,17258.952719649
2020-11-27,128.82,128.82,125.616,127.381,8771.1391635428
2020-11-30,124.655,126.586,121.936,123.374,10324.050404301
2020-12-01,125.616,127.381,123.692,126.101,5376.0137411002
2020-12-02,126.586,127.866,124.336,124.336,5991.6790905924
2020-12-03,127.699,132.032,124.336,132.032,14096.943303325
2020-12-04,132.35,136.198,132.182,136.198,17200.374851445
2020-12-07,136.198,136.198,130.744,132.827,14603.821183296
2020-12-08,134.433,134.433,129.782,130.903,8503.3546231812
2020-12-09,131.388,135.228,131.388,133.798,11737.092041388
2020-12-10,133.798,133.798,126.737,128.502,19745.523451579
2020-12-11,128.502,128.502,120.488,126.586,33818.557420944
2020-12-14,127.381,127.381,124.972,125.784,4307.2665130496
2020-12-15,127.222,127.381,124.504,127.381,5470.4556102456
2020-12-16,127.381,132.182,126.586,131.229,10245.14960223
2020-12-17,131.547,132.986,126.737,128.987,12628.910198128
2020-12-18,126.905,128.184,121.936,124.972,35733.695071209
2020-12-21,123.374,125.784,119.694,124.972,25157.401193621
2020-12-22,124.972,128.184,124.972,128.184,5136.9204014916
2020-12-23,129.782,132.182,128.184,132.182,9091.5242386184
2020-12-28,132.182,136.198,132.182,136.198,14086.184103043
2020-12-29,136.993,137.795,134.115,137.629,10535.648009855
2020-12-30,137.629,137.629,136.993,136.993,18318.136214116
2021-01-04,136.834,136.993,133.948,136.993,25869.899345654
2021-01-05,136.834,137.795,131.388,136.03,29958.395452962
2021-01-07,136.834,140.84,135.713,139.879,12483.063260967
2021-01-08,140.523,143.886,140.523,143.886,17562.601260952
2021-01-11,142.606,143.082,139.243,141.794,14669.571851688
2021-01-12,142.606,142.606,140.84,142.606,5503.9286777908
2021-01-13,142.606,142.606,137.16,138.599,5661.7302819325
2021-01-14,138.431,140.523,136.834,140.523,5548.1609456184
2021-01-15,140.523,140.523,136.349,136.993,6887.0836474268
2021-01-18,136.993,140.196,136.349,139.711,8352.7258192277
2021-01-19,140.196,141.644,137.16,141,5266.0308048802
2021-01-20,141,141,137.629,138.599,1940.2424509241
2021-01-21,138.431,140.681,136.198,136.198,5240.9260042213
2021-01-22,136.198,138.431,131.388,138.431,4569.073719921
2021-01-25,138.599,139.394,133.145,133.948,6208.0585629383
2021-01-26,133.145,137.795,132.986,137.795,10243.954135532
2021-01-27,137.795,137.795,133.948,136.993,6193.7129625617
2021-01-28,136.198,136.993,132.509,136.993,10934.933887001
2021-01-29,136.198,138.114,134.909,136.993,8178.1876813134
2021-02-01,135.553,137.963,135.553,136.993,2242.695525529
2021-02-02,136.198,138.281,135.88,136.993,3226.5646180186
2021-02-03,136.993,137.31,135.553,135.553,7113.0268533569
2021-02-04,135.553,138.281,135.553,135.553,7366.4657933421
2021-02-05,137.31,138.114,136.198,137.963,4038.2865059899
2021-02-08,136.993,138.114,136.349,136.349,2417.2336634433
2021-02-09,136.516,138.599,135.713,138.431,3271.9923525442
2021-02-10,139.394,139.394,136.03,136.198,2965.9528778451
2021-02-11,136.349,139.243,136.349,136.516,9303.1218441721
2021-02-12,136.198,138.114,136.198,136.674,2430.3837971218
2021-02-15,137.795,138.758,137.795,138.281,1520.6336399109
2021-02-16,138.599,151.254,138.599,147.574,75895.39879197
2021-02-17,145.809,152.217,141.158,149.49,38758.225817258
2021-02-18,150.619,152.217,147.574,150.293,20741.347211049
2021-02-19,149.808,151.088,146.771,149.808,19501.648245178
2021-02-22,148.051,150.452,145.492,145.492,12145.941652119
2021-02-23,145.641,148.051,135.553,138.599,21016.304551599
2021-02-24,141,145.809,141,145.492,57578.458044552
2021-02-25,145.809,149.004,145.809,147.892,31048.661081578
2021-02-26,145.007,148.854,145.007,145.809,14759.231854041
2021-03-01,148.687,149.808,145.968,149.004,12711.397400293
2021-03-02,147.407,150.619,147.257,148.854,5280.3764052567
2021-03-03,148.854,149.331,145.492,146.286,3909.1761026012
2021-03-04,146.127,147.725,145.007,145.007,14819.005188943
2021-03-05,145.007,146.286,144.203,144.203,6444.7609691508
2021-03-08,144.203,147.257,143.408,146.771,3083.1086142534
2021-03-09,144.521,148.051,144.521,147.257,3193.0915504733
2021-03-10,147.407,149.657,145.324,149.657,7647.4004673822
2021-03-11,148.21,149.808,145.492,147.407,4844.031060471
2021-03-12,145.007,148.854,144.362,148.21,4864.3539943377
2021-03-15,148.21,148.854,146.771,148.21,5798.0134855094
2021-03-16,148.051,148.21,145.968,147.257,6570.2849724453
2021-03-17,145.324,145.968,140.364,142.606,11721.550974313
2021-03-18,141.961,142.606,138.281,138.281,8503.3546231812
2021-03-19,137.963,141,136.674,136.674,35614.148401404
2021-03-22,136.674,140.037,136.674,138.281,3983.2950378799
2021-03-23,139.394,139.394,136.993,138.281,2210.4179246818
2021-03-24,139.075,139.075,136.993,137.31,4364.6489145557
2021-03-25,136.993,140.037,132.509,137.16,18184.243943935
2021-03-26,136.516,140.037,136.516,139.394,4637.2153217095
2021-03-29,139.394,141.644,139.394,141.644,5625.8662809912
2021-03-30,141.476,142.446,137.31,137.963,3496.7400917763
2021-03-31,138.916,140.523,138.599,139.711,5967.7697566316
2021-04-01,138.431,139.394,136.834,138.758,9800.435990558
2021-04-06,138.599,144.362,138.431,144.203,11409.534166124
2021-04-07,143.408,144.521,138.916,142.446,6382.5967008526
2021-04-08,144.203,144.847,139.879,144.847,3529.0176926235
2021-04-09,144.847,147.257,143.886,145.641,8614.5330260992
2021-04-12,145.007,146.604,144.203,146.604,2676.6499369187
2021-04-13,146.604,147.089,144.044,145.007,1758.5315128215
2021-04-14,144.688,145.809,143.082,145.007,5487.1921440182
2021-04-15,145.809,145.809,144.362,145.007,6846.4377796933
2021-04-16,145.007,145.007,142.606,145.007,5181.1526693192
2021-04-19,144.847,145.641,143.408,145.007,4173.3742428688
2021-04-20,145.007,145.007,140.523,142.923,5272.0081383704
2021-04-21,140.364,141.794,140.364,140.364,1438.146437746
2021-04-22,140.523,141.644,139.075,139.075,5581.6340131636
2021-04-23,140.196,140.196,137.31,138.599,2658.717936448
2021-04-26,140.196,140.84,138.916,140.196,1958.1744513947
2021-04-27,140.196,140.196,137.478,137.478,5604.3478804264
2021-04-28,139.075,139.56,137.795,137.795,11635.477372054
2021-04-29,138.599,141.794,137.795,140.037,35956.051877045
2021-04-30,139.56,140.196,138.599,138.916,15071.24866223
2021-05-04,138.916,140.681,137.795,137.795,6968.3753828937
2021-05-05,140.196,140.196,138.599,139.075,11196.741093872
2021-05-06,141.476,143.408,139.394,141.325,18367.150348735
2021-05-07,143.408,143.408,138.281,138.758,8767.5527634487
2021-05-10,140.037,143.726,140.037,141,7747.8196700179
2021-05-11,141,141.158,139.394,139.394,4496.1502513404
2021-05-12,141,141,138.599,141,7704.7828688883
2021-05-13,141,141,138.281,138.599,7211.0551225965
2021-05-14,140.364,142.279,138.431,142.279,5328.1950731785
2021-05-17,142.606,143.726,140.364,143.408,5201.4756031859
2021-05-18,142.765,146.604,142.765,143.726,14243.985707185
2021-05-19,144.044,144.203,141.476,144.203,8835.6943652372
2021-05-20,144.044,144.044,141,142.606,5476.4329437358
2021-05-21,142.279,148.687,141.961,148.21,11339.00163094
2021-05-24,148.051,149.808,145.968,149.808,29707.347446373
2021-05-25,149.808,150.769,149.004,150.133,36569.326293141
2021-05-26,150.133,154.14,150.133,154.14,13249.357414413
2021-05-27,154.14,154.459,151.573,151.573,12956.468073392
2021-05-28,153.814,154.459,151.413,154.459,7115.417786753
2021-05-31,153.814,159.587,153.814,158.632,42764.234722401
2021-06-01,155.103,159.427,155.103,156.868,13121.442477722
2021-06-02,157.981,157.981,151.573,151.573,13003.091274616
2021-06-04,151.573,154.14,150.293,152.375,7800.4202047318
2021-06-07,152.217,155.897,150.769,153.655,23182.490208453
2021-06-08,154.935,154.935,151.413,153.982,10076.588797806
2021-06-09,153.982,153.982,150.769,151.573,13807.640362399
2021-06-10,152.217,153.338,150.769,152.217,9261.2805097405
2021-06-11,153.338,153.338,149.975,150.293,6173.390028695
2021-06-14,152.217,153.655,150.769,152.217,6487.7977702804
2021-06-15,152.217,154.785,152.217,154.785,8265.4567502706
2021-06-16,152.853,156.065,150.293,150.293,10443.597074105
2021-06-17,150.452,153.019,150.293,150.769,2740.009671915
2021-06-18,150.293,153.019,147.574,147.574,77937.255912227
2021-06-21,146.604,151.413,146.604,150.619,3900.8078357149
2021-06-22,149.49,152.058,149.331,151.088,7385.5932605108
2021-06-23,151.088,156.065,150.293,156.065,4541.5779858661
2021-06-24,154.617,156.065,152.534,155.738,5024.5465318755
2021-06-25,155.42,157.662,153.338,157.662,16033.599354155
2021-06-28,157.018,158.298,154.935,155.103,4585.8102536937
2021-06-29,154.617,155.103,152.702,153.814,1909.160316775
2021-06-30,151.573,152.853,148.21,148.21,5276.7900051626
2021-07-01,147.407,150.937,146.127,147.257,6454.3247027352
2021-07-02,147.089,149.49,146.286,148.21,3177.5504833988
2021-07-05,147.407,150.133,146.771,150.133,1893.6192497004
2021-07-06,149.004,149.975,148.536,149.331,5179.9572026211
2021-07-07,148.536,150.769,148.536,149.331,7327.0153923067
2021-07-08,148.687,150.619,142.606,142.606,15258.936933823
2021-07-09,142.606,146.127,142.606,144.362,7838.6751390692
2021-07-12,145.324,146.604,142.765,142.765,9288.7762437955
2021-07-13,142.765,144.203,142.765,144.044,1561.2795076444
2021-07-14,143.726,145.809,143.726,144.847,12193.76032004
2021-07-15,145.492,145.809,143.082,144.203,17853.099668577
2021-07-16,144.203,146.445,143.559,145.641,13068.841943008
2021-07-19,146.604,146.604,143.726,144.044,7673.7007347392
2021-07-20,143.726,145.968,143.726,144.521,8386.1988867729
2021-07-21,144.203,149.004,144.203,149.004,3471.6352911174
2021-07-22,148.369,149.808,147.892,149.004,2786.6328731387
2021-07-23,146.922,149.49,146.922,148.21,1072.3336281447
2021-07-26,147.407,150.133,147.407,150.133,5392.7502748728
2021-07-27,149.808,150.293,147.892,148.051,5939.0785558785
2021-07-28,149.004,150.293,149.004,150.293,2264.2139260938
2021-07-29,150.769,153.019,149.49,153.019,8979.1503690024
2021-07-30,153.019,153.019,150.769,153.019,2167.3811235523
2021-08-02,153.179,153.655,150.937,152.217,2610.8992685263
2021-08-03,152.217,153.982,151.088,153.496,3540.9723596039
2021-08-04,153.496,156.224,153.496,155.42,6844.0468462972
2021-08-05,153.496,157.018,152.853,157.018,7282.7831244791
2021-08-06,157.821,165.032,157.821,164.228,20717.437877088
2021-08-09,163.828,170.645,163.434,170.645,26138.879352714
2021-08-10,170.645,176.249,170.243,175.053,34276.421166294
2021-08-11,175.455,176.651,175.053,176.651,7414.2844612638
2021-08-12,176.249,176.249,175.053,175.856,11588.854170831
2021-08-13,174.651,175.856,168.244,175.856,3491.9582249841
2021-08-16,175.455,175.856,173.046,175.455,13478.887020437
2021-08-17,174.651,174.651,171.84,173.046,3136.9046156653
2021-08-18,172.242,172.644,171.44,171.44,1239.6989658708
2021-08-19,170.645,170.645,165.032,165.835,8086.1367455641
2021-08-20,168.244,168.244,164.228,167.039,3677.2555631808
2021-08-23,166.638,171.84,164.228,171.44,5006.6145314049
2021-08-24,170.645,171.84,167.441,171.44,3373.6070218779
2021-08-25,171.44,171.84,169.841,170.243,1280.3448336042
2021-08-26,169.841,171.038,168.244,168.244,5261.2489380881
2021-08-27,170.243,173.447,168.637,171.44,9494.396515859
2021-08-30,172.242,183.861,172.242,183.861,18829.795960878
2021-08-31,183.861,185.467,180.658,185.467,11749.046708368
2021-09-01,186.664,191.072,182.255,183.459,9518.3058498198
2021-09-02,185.065,187.466,183.459,183.459,5786.058818529
2021-09-03,182.665,185.467,177.052,180.256,13197.952346397
2021-09-06,181.051,185.86,181.051,185.065,9584.0565182122
2021-09-07,185.065,186.664,182.665,186.664,5848.2230868273
2021-09-08,186.664,186.664,180.658,184.263,3976.1222376916
2021-09-09,184.263,184.263,181.051,184.263,9236.1757090816
2021-09-10,184.263,184.263,182.255,182.665,2392.1288627844
2021-09-13,182.665,186.262,179.453,186.262,12872.785404529
2021-09-14,185.86,186.262,182.665,182.665,4450.7225168148
2021-09-15,182.665,185.467,182.665,185.065,12418.508059273
2021-09-16,183.861,187.065,183.459,186.664,4755.5665248158
2021-09-17,183.067,188.261,183.067,188.261,46968.691099419
2021-09-20,185.065,187.466,178.65,184.263,17501.632459352
2021-09-21,181.051,186.664,181.051,185.467,4000.0315716525
2021-09-22,185.467,187.466,183.459,187.466,2791.4147399308
2021-09-23,187.466,187.868,186.262,187.466,3416.6438230074
2021-09-24,188.261,189.064,184.665,184.665,2530.8029997574
2021-09-27,185.467,187.466,185.065,186.664,4441.1587832304
2021-09-28,185.86,187.065,184.263,185.86,2491.352598722
2021-09-29,184.263,187.065,183.459,185.065,2512.8709992868
2021-09-30,185.065,187.466,183.459,186.262,1579.211508115
2021-10-01,185.065,189.064,179.854,189.064,8772.3346302409
2021-10-04,188.261,195.078,187.466,193.473,3263.6240856579
2021-10-05,192.277,199.487,192.277,197.078,32444.966184892
2021-10-06,197.078,216.711,196.275,208.295,46639.937757457
2021-10-07,213.9,213.9,199.487,205.092,65166.085177032
2021-10-08,204.288,205.092,202.691,204.288,5951.033222859
2021-10-11,204.288,209.901,203.486,203.887,11281.619229434
2021-10-12,204.288,208.295,203.486,207.501,8438.7994214868
2021-10-13,207.501,208.295,204.288,206.697,8780.7028971272
2021-10-14,205.092,208.295,205.092,205.886,10198.526401006
2021-10-15,207.501,208.295,204.288,207.501,6116.0076271889
2021-10-18,207.501,209.5,206.697,209.098,2701.7547375776
2021-10-19,208.295,209.5,207.099,209.098,44443.865433151
2021-10-20,208.295,217.513,208.295,215.505,9091.5242386184
2021-10-21,215.505,217.906,213.498,217.112,15679.741211534
2021-10-22,216.711,218.308,215.113,217.112,13022.218741784
2021-10-25,217.906,218.71,211.499,213.9,11494.412301685
2021-10-26,213.097,214.703,209.5,214.703,13146.547278381
2021-10-27,214.703,214.703,209.901,212.302,4469.8499839835
2021-10-28,213.097,213.097,209.901,212.302,11833.924843929
2021-10-29,211.499,221.913,211.499,217.906,40914.847740528
2021-11-02,223.519,224.724,219.112,224.724,8045.4908778306
2021-11-03,224.724,227.919,211.499,215.505,11603.199771207
2021-11-04,220.709,225.117,217.906,218.71,14848.891856394
2021-11-05,222.708,228.321,221.11,225.92,18797.518360031
2021-11-08,224.323,224.323,220.307,223.118,8279.8023506471
2021-11-09,224.323,224.323,220.307,221.512,2781.8510063465
2021-11-10,224.323,225.92,217.513,220.709,26462.850827884
2021-11-12,219.512,222.315,217.906,219.914,15838.738282374
2021-11-15,219.112,225.92,219.112,225.117,38912.441021306
2021-11-16,225.117,225.92,221.512,223.519,6634.8401741397
2021-11-17,226.322,227.124,219.914,223.118,44720.018240399
2021-11-18,221.512,223.519,219.112,219.112,12292.984055978
2021-11-19,217.906,221.512,207.099,209.901,12521.318195304
2021-11-22,206.697,213.097,206.287,209.901,11519.517102344
2021-11-23,208.295,213.9,207.099,211.499,29802.984782217
2021-11-24,211.499,216.309,210.303,216.309,3256.4512854696
2021-11-25,216.309,219.512,214.703,215.113,17978.623671871
2021-11-26,214.703,214.703,204.288,207.893,20798.729612555
2021-11-29,208.295,210.696,205.485,207.099,3292.3152864109
2021-11-30,208.295,216.309,204.288,210.696,6560.721238861
2021-12-01,215.505,215.907,207.501,210.696,7814.7658051083
2021-12-02,210.696,214.376,206.204,209.065,3052.0264801042
2021-12-03,213.967,213.967,206.204,206.204,32204.677378585
2021-12-06,212.335,212.335,207.433,209.884,29339.143703376
2021-12-07,209.884,216.417,209.884,216.417,3677.2555631808
2021-12-08,217.229,218.049,208.655,211.516,4450.7225168148
2021-12-09,211.516,213.967,207.024,209.884,5992.8745572905
2021-12-10,206.614,208.245,206.614,208.245,2175.7493904386
2021-12-13,209.474,211.106,204.982,204.982,1491.9424391579
2021-12-14,204.982,206.614,200.9,202.531,8367.0714196042
2021-12-15,201.712,204.163,195.179,202.531,8330.0119519649
2021-12-16,202.531,205.802,199.671,205.802,5768.1268180584
2021-12-17,208.245,213.967,200.49,210.696,61338.200809898
2021-12-20,210.696,210.696,202.122,209.884,12677.924332748
2021-12-21,210.696,216.008,209.884,215.598,12504.581661532
2021-12-22,215.188,216.417,212.335,216.417,13231.425413942
2021-12-23,215.598,218.868,213.147,215.598,9387.9999797331
2021-12-27,215.598,222.131,213.147,218.459,12740.088601046
2021-12-28,219.27,224.172,217.229,223.762,18185.439410633
2021-12-29,224.582,227.033,221.319,226.213,37768.379391278
2021-12-30,228.664,229.484,216.417,218.049,95191.426765085
2022-01-03,218.868,223.762,217.229,219.68,6362.2737669858
2022-01-04,220.91,222.131,218.459,220.5,22774.836064421
2022-01-05,220.5,222.131,218.868,221.721,5803.9908189997
2022-01-07,220.5,224.172,216.827,224.172,3554.1224932824
2022-01-10,223.762,226.213,220.91,226.213,6271.4182979345
2022-01-11,227.853,231.115,225.402,228.664,5558.9201459008
2022-01-12,231.935,231.935,227.033,228.664,5285.1582720489
2022-01-13,229.484,229.484,225.402,227.033,8204.4879486704
2022-01-14,227.853,227.853,220.5,225.402,8467.4906222399
2022-01-17,225.402,228.664,222.951,228.664,1499.1152393462
2022-01-18,228.664,228.664,222.541,224.582,5511.1014779791
2022-01-19,224.582,225.811,222.131,224.582,4814.1443930199
2022-01-20,225.402,225.402,218.868,221.319,54027.921951364
2022-01-21,219.68,219.68,216.008,217.639,6408.8969682095
2022-01-24,217.229,218.868,209.884,216.417,12511.75446172
2022-01-25,210.696,218.868,210.696,218.868,9808.8042574443
2022-01-26,218.049,227.853,217.229,222.951,8792.6575641076
2022-01-27,222.951,227.033,222.131,225.402,4924.1273292399
2022-01-28,226.623,226.623,218.459,224.992,7163.2364546748
2022-01-31,224.992,224.992,219.27,220.5,13857.849963717
2022-02-01,221.319,222.951,219.68,221.721,14166.280371812
2022-02-02,222.951,225.811,219.68,225.402,16229.655892634
2022-02-03,227.853,231.115,226.213,231.115,16434.080698
2022-02-04,230.705,236.017,229.484,233.566,43034.410196159
2022-02-07,233.566,236.017,228.664,230.295,9769.3538564089
2022-02-08,231.935,233.566,229.894,229.894,19019.875165867
2022-02-09,230.705,232.746,230.295,231.935,40620.762932809
2022-02-10,234.787,234.787,231.935,234.386,68924.63247568
2022-02-11,234.386,234.386,227.853,230.295,6253.4862974639
2022-02-14,224.992,229.074,218.049,220.5,11666.559506203
2022-02-15,221.319,227.443,221.319,222.541,11024.593889354
2022-02-16,227.443,229.484,221.319,224.582,19113.121568314
2022-02-17,223.762,224.172,216.008,217.639,19392.860775657
2022-02-18,217.639,220.5,216.827,219.27,3937.8673033542
2022-02-21,218.868,222.131,210.294,216.008,9364.0906457723
2022-02-22,209.065,218.868,203.351,218.459,6612.1263068769
2022-02-23,216.417,218.459,209.065,211.925,3289.9243530148
2022-02-24,204.163,207.843,185.384,188.646,24590.749978748
2022-02-25,189.056,203.761,185.384,203.351,24559.667844599
2022-02-28,203.351,203.761,195.588,197.22,15377.288136929
2022-03-01,197.63,199.671,190.286,191.917,11194.350160476
2022-03-02,190.286,195.179,187.015,195.179,12514.145395116
2022-03-03,195.179,195.998,188.646,188.646,5817.1409526781
2022-03-04,188.646,188.646,174.768,179.662,13064.060076216
2022-03-07,182.113,189.876,165.784,189.466,24811.911317886
2022-03-08,187.015,195.588,178.851,184.974,14822.591589037
2022-03-09,188.245,195.179,187.015,195.179,19049.761833318
2022-03-10,195.998,196.819,189.466,193.548,7782.4882042611
2022-03-11,193.548,200.081,191.917,200.081,8784.2892972213
2022-03-14,200.9,204.163,195.998,198.039,5977.3334902159
2022-03-15,199.671,199.671,189.466,193.548,5945.0558893688
2022-03-16,194.778,203.761,194.778,200.49,11030.571222844
2022-03-17,200.49,204.163,198.449,204.163,8010.8223435874
2022-03-18,205.392,206.614,193.958,195.998,47369.172443263
2022-03-21,196.819,200.081,195.998,198.039,5689.2260159875
2022-03-22,196.819,198.449,195.998,198.449,3564.8816935648
2022-03-23,200.49,202.531,195.998,195.998,5784.863351831
2022-03-24,197.63,199.27,191.097,192.327,5719.1126834386
2022-03-25,192.327,195.179,191.097,195.179,4637.2153217095
2022-03-28,195.179,198.449,192.737,193.548,6830.8967126188
2022-03-29,194.368,201.31,194.368,194.368,9220.6346420071
2022-03-30,198.039,198.449,194.778,195.179,5578.0476130695
2022-03-31,196.409,198.039,191.917,193.138,6993.4801835526
2022-04-01,194.368,197.22,192.737,197.22,7269.6329908006
2022-04-04,198.86,204.163,198.449,199.27,18920.651429929
2022-04-05,199.671,202.122,199.27,200.49,6975.548183082
2022-04-06,199.27,200.9,193.138,196.409,11152.508826045
2022-04-07,196.409,196.409,190.687,190.687,13444.218486194
2022-04-08,193.548,194.368,191.097,192.737,4851.2038606592
2022-04-11,192.737,194.368,190.286,191.917,2419.6245968394
2022-04-12,194.368,194.368,189.466,189.466,5490.7785441123
2022-04-13,189.884,192.812,189.884,190.721,3878.0939684521
2022-04-14,190.721,191.557,182.355,182.355,7986.9130096265
2022-04-19,182.355,186.538,176.5,178.173,9335.3994450192
2022-04-20,177.337,186.956,177.337,183.192,6737.6503101714
2022-04-21,186.538,187.375,181.101,183.192,9995.2970623391
2022-04-22,185.283,185.283,179.009,179.009,8286.9751508354
2022-04-25,178.173,179.846,166.629,172.318,28895.625558402
2022-04-26,171.481,177.337,168.135,168.135,8269.0431503647
2022-04-27,168.972,168.972,155.588,159.937,31450.33789212
2022-04-28,160.105,165.626,160.105,164.789,8945.6773014571
2022-04-29,167.299,168.972,164.789,164.789,15712.018812382
2022-05-02,166.462,166.462,161.276,164.454,17545.86472718
2022-05-04,163.618,164.622,158.265,163.116,5811.1636191879
2022-05-05,166.462,166.462,161.611,161.611,5261.2489380881
2022-05-06,161.777,163.953,156.591,162.28,5833.8774864507
2022-05-09,163.451,166.295,159.101,160.607,4863.1585276397
2022-05-10,163.116,163.116,155.42,158.599,7249.3100569339
2022-05-11,161.276,161.276,155.922,157.26,7028.1487177959
2022-05-12,155.42,161.443,150.736,158.766,13904.47316494
2022-05-13,158.934,164.789,158.934,163.116,3662.9099628043
2022-05-16,166.462,166.629,163.116,163.283,5158.4388020563
2022-05-17,165.626,165.96,163.451,163.618,34994.896651818
2022-05-18,163.116,167.299,163.116,165.793,19886.588521948
2022-05-19,163.785,163.785,158.934,159.268,6658.7495081005
2022-05-20,161.443,161.777,159.436,161.611,5711.9398832503
2022-05-23,161.611,168.972,161.611,167.299,26724.658034755
2022-05-24,165.793,170.645,163.283,168.972,3195.4824838694
2022-05-25,167.299,170.226,162.112,162.112,2027.5115198812
2022-05-26,167.131,167.131,159.937,159.937,3109.4088816103
2022-05-27,162.949,163.953,159.268,163.953,3215.8054177362
2022-05-30,165.123,165.458,161.777,162.949,1896.0101830965
2022-05-31,163.116,164.12,159.268,159.268,4068.173173441
2022-06-01,161.443,162.949,157.428,160.607,10260.690669305
2022-06-02,160.607,162.28,158.599,160.607,14321.691042557
2022-06-03,162.782,162.782,159.771,162.112,2147.0581896856
2022-06-06,162.112,163.116,160.774,161.443,1793.2000470648
2022-06-07,161.443,163.618,159.603,159.603,2876.2928754919
2022-06-08,159.436,159.603,155.755,156.425,5960.5969564433
2022-06-09,156.425,156.759,152.074,153.58,7130.9588538276
2022-06-10,151.573,152.242,148.896,148.896,5686.8350825914
2022-06-13,148.728,148.728,144.044,147.892,2838.0379411545
2022-06-14,146.721,149.063,144.379,146.553,3130.9272821751
2022-06-15,145.55,147.222,145.55,146.553,1193.0757646471
2022-06-17,145.55,147.892,141.033,145.382,28318.215143247
2022-06-20,141.367,147.892,141.367,147.892,1697.5627112213
2022-06-21,147.892,151.238,147.725,150.568,4771.1075918903
2022-06-22,149.23,149.23,146.387,147.222,7069.9900522274
2022-06-23,146.219,147.557,143.542,144.881,3092.6723478377
2022-06-24,146.219,147.222,144.044,146.387,2632.4176690911
2022-06-27,146.387,147.892,144.881,145.382,2217.5907248701
2022-06-28,146.387,148.059,144.881,144.881,3585.2046274315
2022-06-29,145.216,151.071,142.204,151.071,9358.113312282
2022-06-30,151.907,151.907,142.539,142.539,6023.9566914396
2022-07-01,142.539,146.387,142.539,143.375,4117.1873080607
2022-07-04,143.877,146.219,140.196,146.219,2475.8115316474
2022-07-05,158.934,158.934,139.359,140.531,9404.7365135057
2022-07-06,142.204,142.204,134.843,134.843,12230.81978768
2022-07-07,136.349,140.364,134.006,139.695,7272.0239241967
2022-07-08,139.862,142.204,138.021,138.858,3705.9467639339
2022-07-11,139.695,139.695,136.013,138.189,5505.1241444889
2022-07-12,136.349,137.185,131.162,131.162,12587.068863697
2022-07-13,132.166,135.344,128.151,132.166,5023.3510651775
2022-07-14,130.661,130.661,123.466,123.801,12946.904339808
2022-07-15,123.801,127.984,122.964,126.31,2829.6696742682
2022-07-18,127.984,130.493,126.478,127.147,11790.8880428
2022-07-19,127.984,128.486,124.804,127.984,2973.1256780334
2022-07-20,129.489,132.166,127.315,131.832,3573.2499604511
2022-07-21,131.329,131.329,127.816,127.816,9411.909313694
2022-07-22,127.984,131.998,127.984,131.329,3301.8790199953
2022-07-25,131.497,134.006,129.656,133.504,3502.7174252665
2022-07-26,131.832,133.839,131.832,133.002,3838.6435674167
2022-07-27,132.667,132.667,128.486,128.82,1807.5456474413
2022-07-28,130.493,131.162,126.98,127.816,7523.0719307858
2022-07-29,128.82,144.713,128.82,144.713,6445.9564358488
2022-08-01,140.698,144.713,135.847,144.547,23268.563810713
2022-08-02,144.547,144.547,136.013,137.185,5080.7334666835
2022-08-03,136.349,141.367,133.504,141.367,13908.059565034
2022-08-04,138.69,139.695,133.504,133.504,105541.77743674
2022-08-05,135.178,135.512,129.656,129.656,8344.3575523414
2022-08-08,129.656,138.524,129.656,135.178,19764.650918748
2022-08-09,135.344,138.356,135.344,137.854,12303.74325626
2022-08-10,138.021,138.524,136.516,138.356,6877.5199138424
2022-08-11,136.516,139.193,136.349,136.349,4023.9409056134
2022-08-12,136.349,138.858,136.349,136.349,10315.682137415
2022-08-16,138.021,138.524,137.185,137.687,6577.4577726336
2022-08-17,138.021,138.69,134.508,135.512,3445.3350237605
2022-08-18,137.687,137.687,131.832,133.337,3257.6467521677
2022-08-19,133.839,133.839,129.656,129.656,3264.8195523559
2022-08-22,128.82,129.824,125.641,128.486,4569.073719921
2022-08-23,129.656,132.835,124.972,125.474,11292.378429716
2022-08-24,126.143,127.816,122.964,124.135,5326.9996064804
2022-08-25,124.638,128.151,123.801,123.801,2100.4349884619
2022-08-26,126.645,126.645,121.961,122.295,2686.213670503
2022-08-29,123.634,123.634,118.28,119.618,5595.9796135401
2022-08-30,118.112,122.964,108.744,108.744,17670.193263776
2022-08-31,108.911,114.6,108.744,111.254,17868.640735651
2022-09-01,112.425,117.946,108.577,114.934,10706.599747675
2022-09-02,115.437,120.789,115.437,120.623,4932.4955961262
2022-09-05,118.782,121.124,117.109,120.789,2241.500058831
2022-09-06,121.124,124.47,118.782,120.12,7358.0975264558
2022-09-07,119.618,123.634,118.949,123.466,5873.3278874862
2022-09-08,123.466,126.812,122.797,126.812,7855.4116728418
2022-09-09,127.315,130.493,127.315,128.82,8371.8532863964
2022-09-12,129.656,132.501,128.486,130.827,10168.639733555
2022-09-13,133.002,133.002,125.641,125.641,5164.4161355466
2022-09-14,125.474,128.318,122.128,122.797,4561.9009197328
2022-09-15,125.474,127.984,123.801,127.147,42911.27712626
2022-09-16,129.155,129.155,119.618,119.618,18241.626345441
2022-09-19,120.455,125.307,119.786,124.638,2224.7635250584
2022-09-20,125.474,127.315,118.28,118.447,6457.9111028293
2022-09-21,118.782,118.949,114.6,115.603,8186.5559481997
2022-09-22,116.272,118.615,114.6,116.272,7854.2162061437
2022-09-23,117.946,117.946,111.254,114.098,19474.152511123
2022-09-26,112.091,117.277,111.755,116.942,17897.331936405
2022-09-27,118.782,118.782,114.098,115.437,10775.936816161
2022-09-28,113.931,116.942,109.748,116.942,4708.9433235921
2022-09-29,118.447,118.447,109.915,112.091,6999.4575170428
2022-09-30,112.091,117.778,111.254,116.44,15388.047337212
2022-10-03,117.946,118.782,114.6,117.946,16425.712431113
2022-10-04,118.782,122.295,116.774,121.124,27898.606332234
2022-10-05,121.961,121.961,113.429,115.603,30515.48293425
2022-10-06,118.782,118.782,114.098,115.437,91352.783197668
2022-10-07,114.6,117.778,113.261,113.261,3381.9752887642
2022-10-10,113.763,114.767,111.254,113.596,3605.5275612982
2022-10-11,113.763,116.106,112.091,114.767,11046.112289919
2022-10-12,114.934,115.437,113.094,113.094,2942.0435438843
2022-10-13,114.432,115.603,110.249,110.752,6029.9340249298
2022-10-14,113.763,117.109,113.763,115.603,6753.1913772459
2022-10-17,115.603,122.128,115.269,122.128,3234.9328849049
2022-10-18,122.128,123.801,118.949,120.789,5453.719076473
2022-10-19,119.618,119.618,114.767,117.109,6877.5199138424
2022-10-20,117.277,123.801,117.109,123.801,5497.9513443006
2022-10-21,123.801,124.303,117.946,120.12,4783.0622588708
2022-10-24,125.474,125.474,119.284,120.12,5323.4132063863
2022-10-25,120.12,124.47,120.12,124.303,2497.3299322122
2022-10-26,124.303,129.322,123.801,129.322,7317.4516587223
2022-10-27,129.656,133.17,127.816,132.166,11203.913894061
2022-10-28,133.839,133.839,127.315,133.337,3996.4451715584
2022-10-31,133.839,139.193,133.002,139.193,5665.3166820266
2022-11-02,141.2,141.2,134.843,134.843,5539.7926787321
2022-11-03,134.341,136.181,131.329,132.166,9478.8554487844
2022-11-04,134.006,143.71,133.002,143.71,50009.958379241
2022-11-07,143.877,144.547,139.025,141.535,12171.046452778
2022-11-08,141.535,142.036,138.021,140.029,3868.5302348677
2022-11-09,141.033,141.033,136.85,140.029,4098.059840892
2022-11-10,138.858,138.858,135.512,137.185,19482.52077801
2022-11-14,138.858,146.387,138.858,146.387,17056.91884768
2022-11-15,150.568,150.568,142.204,148.394,5821.9228194703
2022-11-16,145.55,145.717,140.029,140.531,9753.8127893343
2022-11-17,141.033,141.367,136.683,137.519,8603.7738258168
2022-11-18,137.519,140.196,136.349,136.349,6761.5596441322
2022-11-21,136.349,139.527,134.675,134.675,3882.8758352443
2022-11-22,134.006,138.524,134.006,134.341,2263.0184593957
2022-11-23,136.013,137.519,134.508,135.512,2847.6016747389
2022-11-24,136.85,138.021,135.512,138.021,8473.4679557301
2022-11-25,140.029,140.029,136.85,137.185,4859.5721275455
2022-11-28,137.185,139.695,136.85,137.687,1951.0016512065
2022-11-29,139.527,139.527,136.85,137.519,2172.1629903445
2022-11-30,139.193,142.204,136.516,137.519,5526.6425450536
2022-12-01,141.367,141.87,138.021,140.698,5282.7673386528
2022-12-02,141.535,143.877,137.352,140.698,4795.0169258512
2022-12-05,140.531,141.535,139.193,139.193,2867.9246086056
2022-12-06,138.858,138.858,133.672,133.839,6659.9449747986
2022-12-07,134.508,134.508,132.166,132.333,4795.0169258512
2022-12-08,132.333,133.17,130.493,130.661,3404.689156027
2022-12-09,130.995,131.329,129.155,130.493,18367.150348735
2022-12-12,130.493,133.17,129.322,131.329,5501.5377443947
2022-12-13,132.166,134.508,129.656,133.672,20966.094950281
2022-12-14,133.672,136.85,132.333,134.341,7601.9727328566
2022-12-15,136.181,136.181,128.318,129.824,4706.552390196
2022-12-16,129.656,130.827,126.478,127.147,19592.50371423
2022-12-19,127.147,130.326,126.31,127.984,36405.547355509
2022-12-20,127.816,132.835,126.31,132.835,12609.78273096
2022-12-21,134.006,136.349,133.002,135.512,5159.6342687544
2022-12-22,136.516,139.527,136.013,139.359,6589.412439614
2022-12-23,140.029,140.029,138.021,138.858,10454.356274388
2022-12-27,136.85,139.695,136.85,139.359,6695.8089757399
2022-12-28,138.69,141.367,138.189,139.527,5056.8241327227
2022-12-29,138.858,141.535,138.858,139.527,5691.6169493836
2022-12-30,138.021,139.193,137.519,137.854,3430.9894233839
2023-01-02,139.025,139.695,134.843,137.352,4126.7510416451
2023-01-03,138.021,143.542,136.349,142.705,20212.950930514
2023-01-04,143.877,149.565,143.877,148.059,173496.88642031
2023-01-05,149.733,157.93,148.896,149.23,153325.77682423
2023-01-09,151.573,154.082,150.402,152.744,47650.107117303
2023-01-10,151.74,152.744,150.736,151.405,5867.3505539959
2023-01-11,152.242,154.584,148.227,149.733,16343.225228948
2023-01-12,148.561,152.744,148.227,152.242,8221.224482443
2023-01-13,152.242,152.409,149.063,149.733,5085.5153334757
2023-01-16,152.074,152.074,148.728,150.402,4400.512915497
2023-01-17,152.242,152.242,144.881,145.55,20052.758392976
2023-01-18,145.55,148.561,142.371,143.542,8199.7060818782
2023-01-19,143.877,144.547,138.858,141.033,11427.466166595
2023-01-20,141.367,145.382,140.531,143.208,7940.2898084028
2023-01-23,145.382,148.896,144.713,147.056,5165.6116022446
2023-01-24,147.39,148.896,145.048,146.052,4829.6854600945
2023-01-25,145.884,145.884,140.029,143.877,12906.258472074
2023-01-26,143.877,143.877,142.204,143.041,5673.684948913
2023-01-27,143.041,143.877,142.204,143.71,4509.3003850189
2023-01-30,144.379,144.379,138.858,139.193,5379.6001411943
2023-01-31,139.695,144.379,138.524,144.379,6304.8913654798
2023-02-01,144.379,146.888,142.705,144.547,9246.934909364
2023-02-02,145.717,150.402,141.535,143.542,16851.298575617
2023-02-03,142.539,144.547,142.539,144.547,39302.163164868
2023-02-06,144.379,144.379,140.698,142.371,6286.9593650091
2023-02-07,141.367,143.542,140.698,140.865,4598.9603873721
2023-02-08,141.367,142.873,141.367,141.535,3514.672092247
2023-02-09,143.375,146.219,141.535,145.382,5323.4132063863
2023-02-10,145.382,146.052,140.531,143.375,9194.3343746501
2023-02-13,143.375,143.877,136.349,138.356,8500.9636897851
2023-02-14,138.858,141.702,138.858,139.862,4257.0569117318
2023-02-15,138.858,141.702,138.858,140.531,8858.4082325
2023-02-16,142.204,144.211,138.189,143.877,16028.817487363
2023-02-17,143.71,143.71,140.865,141.2,1770.486179802
2023-02-20,142.873,143.041,140.196,140.196,2687.4091372011
2023-02-21,140.865,140.865,136.85,140.029,4927.713729334
2023-02-22,139.527,139.527,135.679,136.516,4971.9459971616
2023-02-23,138.021,139.862,136.181,139.025,1099.8293621997
2023-02-24,140.364,141.87,135.679,138.858,3759.7427653458
2023-02-27,138.021,141.2,137.687,140.698,2227.1544584545
2023-02-28,140.865,144.547,138.858,142.873,20155.568529008
2023-03-01,142.873,145.55,142.539,144.379,5052.0422659305
2023-03-02,145.717,145.717,139.527,139.527,2698.1683374835
2023-03-03,141.87,143.71,140.531,142.371,1812.3275142335
2023-03-06,143.71,148.896,142.204,146.387,14104.116103513
2023-03-07,147.222,147.39,145.382,146.387,5855.3958870155
2023-03-08,144.881,149.899,144.211,145.216,3978.5131710877
2023-03-09,144.713,146.888,144.547,146.387,4340.7395805948
2023-03-10,144.211,144.211,139.862,143.877,5255.2716045978
2023-03-13,141.033,146.219,135.512,137.519,12753.238734725
2023-03-14,137.018,141.367,134.006,138.858,5445.3508095867
2023-03-15,140.531,141.535,132.501,132.501,10927.761086813
2023-03-16,133.002,137.185,126.812,131.998,10939.715753793
2023-03-17,135.01,137.854,129.824,133.17,26027.700949796
2023-03-20,133.17,133.839,128.82,132.501,10413.710406654
2023-03-21,132.667,137.854,132.667,133.839,7238.5508566515
2023-03-22,134.675,136.181,131.329,131.329,6194.9084292598
2023-03-23,133.002,135.178,130.995,133.839,8918.1815674022
2023-03-24,135.01,135.01,132.166,132.333,17439.468191054
2023-03-27,132.501,136.181,132.501,134.675,3551.7315598863
2023-03-28,134.843,141.535,134.341,134.341,25841.208144901
2023-03-29,135.847,137.018,131.664,131.832,16160.318824148
2023-03-30,133.17,136.181,132.667,135.344,11562.553903474
2023-03-31,135.512,137.854,133.672,137.185,6442.3700357547
2023-04-03,135.847,141.367,135.847,141.367,11536.253636117
2023-04-04,141.367,141.367,138.189,140.029,6331.1916328367
2023-04-05,139.695,139.695,135.679,138.69,2983.8848783158
2023-04-06,135.847,137.854,135.512,136.349,2773.4827394602
2023-04-11,136.349,142.036,136.349,142.036,11299.551229904
2023-04-12,141.033,141.033,137.185,140.029,12031.176849107
2023-04-13,140.029,141.2,138.858,139.359,6003.6337575729
2023-04-14,139.695,140.196,137.687,138.021,9146.5157067284
2023-04-17,138.021,138.858,137.018,138.858,7906.8167408576
2023-04-18,139.025,139.695,138.021,139.695,13972.614766729
2023-04-19,138.858,140.029,138.356,138.524,7579.2588655938
2023-04-20,139.862,139.862,138.356,138.356,7747.8196700179
2023-04-21,137.352,138.021,135.512,135.847,4734.048124251
2023-04-24,135.847,136.349,135.01,135.847,11359.324564806
2023-04-25,136.013,136.013,134.341,134.675,17122.669516073
2023-04-26,133.839,135.344,131.664,133.839,7758.5788703003
2023-04-27,133.504,134.675,132.835,133.002,16226.06949254
2023-04-28,133.839,136.349,132.501,132.501,46605.269223214
2023-05-02,133.672,134.675,132.835,133.839,5123.7702678131
2023-05-04,133.839,133.839,130.661,130.995,5525.4470783556
2023-05-05,132.166,134.341,130.326,134.173,75768.679321977
2023-05-08,134.843,142.873,134.843,138.858,19599.676514418
2023-05-09,140.531,144.547,139.695,144.547,13171.65207904
2023-05-10,144.547,147.222,141.535,146.387,11957.057913828
2023-05-11,148.059,148.059,140.364,141.367,33431.226210778
2023-05-12,142.873,143.542,138.021,138.021,20493.885604554
2023-05-15,138.189,139.695,137.352,138.189,6368.251100476
2023-05-16,139.527,139.695,137.854,139.527,20609.845874264
2023-05-17,140.364,144.881,139.527,143.375,44552.652902673
2023-05-18,143.542,146.052,140.698,141.033,285402.13309073
2023-05-19,142.371,146.052,141.87,143.71,164395.79844811
2023-05-22,144.379,147.056,144.379,146.888,9239.7621091758
2023-05-23,146.888,149.733,146.219,148.896,17663.020463588
2023-05-24,148.896,148.896,141.87,142.371,12646.842198599
2023-05-25,142.539,143.542,139.862,142.204,7142.913520808
2023-05-26,143.041,143.877,141.367,142.705,7181.1684551454
2023-05-29,142.705,143.375,140.364,140.531,4159.0286424922
2023-05-30,140.029,141.702,138.858,140.698,19455.025043955
2023-05-31,139.695,139.695,134.675,136.683,36773.751098506
2023-06-01,136.013,139.527,136.013,139.527,7839.8706057672
2023-06-02,140.531,143.71,139.527,143.041,12426.876326159
2023-06-05,143.041,143.041,139.193,140.865,19854.310921101
2023-06-06,141.033,141.367,140.196,141.367,18558.425020422
2023-06-07,142.036,142.204,139.359,141.367,10065.829597524
2023-06-09,143.041,143.041,140.029,141.033,23969.107295766
2023-06-12,140.364,142.371,140.364,141.87,12737.69766765
2023-06-13,142.873,142.873,138.021,138.021,14518.943047734
2023-06-14,137.352,142.371,137.352,141.367,35569.916133577
2023-06-15,141.367,146.052,139.862,145.382,18450.833017599
2023-06-16,145.55,148.227,145.216,146.888,14389.832644346
2023-06-19,145.55,151.573,145.55,151.238,19606.849314606
2023-06-20,151.238,154.584,148.561,152.744,18893.155695874
2023-06-21,154.25,154.25,151.238,151.405,7193.1231221258
2023-06-22,151.907,154.082,149.23,150.067,7179.9729884474
2023-06-23,151.907,151.907,144.713,144.713,8483.0316893144
2023-06-26,144.713,151.74,143.041,150.568,11064.04429039
2023-06-27,151.573,152.911,148.227,148.561,5397.532141665
2023-06-28,150.402,151.907,147.39,147.725,4899.022528581
2023-06-29,149.565,152.911,149.398,152.911,5470.4556102456
2023-06-30,152.911,156.926,150.903,156.759,16462.771898753
2023-07-03,157.26,158.599,152.409,152.409,29331.970903188
2023-07-04,156.425,157.094,152.576,155.42,4081.3233071194
2023-07-05,154.751,155.922,151.405,154.751,8035.9271442463
2023-07-06,154.751,155.253,151.405,153.748,5081.9289333816
2023-07-07,153.748,155.42,152.242,153.914,6463.8884363195
2023-07-10,153.914,159.771,153.079,158.934,10862.01041842
2023-07-11,158.934,160.942,157.428,160.607,11433.443500085
2023-07-12,159.101,170.645,159.101,169.389,20435.30773635
2023-07-13,169.389,169.389,163.451,165.96,16419.735097623
2023-07-14,165.123,171.9,165.123,168.972,18174.680210351
2023-07-17,167.299,170.645,166.964,168.972,14086.184103043
2023-07-18,169.389,171.063,167.717,169.389,2577.4262009811
2023-07-19,170.645,171.063,168.135,168.135,2725.6640715385
2023-07-20,168.135,169.808,168.135,168.972,5775.2996182466
2023-07-21,168.972,170.226,167.299,169.389,2829.6696742682
2023-07-24,169.389,170.226,167.299,167.299,2401.6925963688
2023-07-25,167.299,168.972,166.462,168.554,3737.028898083
2023-07-26,166.964,168.554,165.96,165.96,1368.8093692594
2023-07-27,165.626,168.135,164.454,164.789,4071.7595735351
2023-07-28,165.96,165.96,163.116,163.116,3885.2667686403
2023-07-31,162.949,167.299,162.949,167.131,4058.6094398566
2023-08-01,167.299,167.299,163.953,163.953,5324.6086730843
2023-08-02,163.785,163.785,157.596,159.937,7169.213788165
2023-08-03,160.105,166.964,160.105,166.797,19389.274375562
2023-08-04,167.299,168.554,166.462,167.299,18208.153277896
2023-08-07,166.629,167.299,163.116,163.116,6796.2281783755
2023-08-08,163.116,163.283,156.425,158.097,9121.4109060695
2023-08-09,158.097,161.611,157.26,158.097,3726.2696978006
2023-08-10,159.101,160.774,154.751,159.771,4644.3881218978
2023-08-11,159.436,165.458,154.082,162.447,16034.794820853
2023-08-14,163.785,169.389,161.443,167.717,13419.113685535
2023-08-16,167.131,167.717,163.953,166.462,14802.268655171
2023-08-17,166.462,167.717,163.953,164.12,9313.8810444544
2023-08-18,166.295,166.462,161.777,162.614,1691.5853777311
2023-08-21,161.777,167.299,161.777,167.299,2812.9331404956
2023-08-22,167.299,167.299,161.945,161.945,2139.8853894973
2023-08-23,162.112,163.451,157.763,157.93,6514.0980376373
2023-08-24,158.097,160.272,157.763,159.771,2554.7123337183
2023-08-25,159.101,160.272,155.588,155.588,2432.7747305179
2023-08-28,156.257,159.937,156.257,159.771,1905.5739166808
2023-08-29,159.771,161.777,158.265,161.777,6022.7612247416
2023-08-30,161.443,162.614,159.771,161.443,3199.0688839636
2023-08-31,162.112,164.789,159.771,163.618,6889.4745808229
2023-09-01,163.618,163.618,158.599,161.108,2932.4798102999
2023-09-04,163.116,163.116,158.934,158.934,7035.3215179841
2023-09-05,158.097,159.436,156.425,157.26,3104.6270148181
2023-09-06,157.763,158.097,151.74,155.588,11058.066956899
2023-09-07,156.591,162.112,153.079,158.934,19476.54344452
2023-09-08,158.934,163.953,158.934,163.953,12952.881673298
2023-09-11,161.443,164.622,158.934,162.614,5134.5294680955
2023-09-12,159.268,160.105,157.26,157.26,2976.7120781275
2023-09-13,157.26,162.614,156.257,162.28,9519.5013165179
2023-09-14,161.945,163.953,160.942,162.28,2064.5709875206
2023-09-15,163.116,163.618,158.934,161.108,7647.4004673822
2023-09-18,159.937,161.108,159.101,159.771,4222.3883774885
2023-09-19,165.626,165.626,159.603,161.276,6255.87723086
2023-09-20,162.447,162.447,159.268,159.771,15113.089996662
2023-09-21,160.607,160.607,154.919,155.086,4738.8299910432
2023-09-22,157.26,157.26,153.58,153.58,3517.063025643
2023-09-25,153.58,156.257,149.063,153.079,5184.7390694133
2023-09-26,153.079,156.591,150.903,155.253,5917.5601553138
2023-09-27,153.079,154.919,148.896,148.896,5020.9601317814
2023-09-28,150.402,152.576,145.884,148.728,6269.0273645385
2023-09-29,148.896,153.914,148.394,150.568,5721.5036168347
2023-10-02,150.568,151.573,144.713,144.713,5214.6257368644
2023-10-03,144.713,147.222,144.713,147.222,25712.097741513
2023-10-04,147.056,150.067,147.056,150.067,22721.040063009
2023-10-05,152.074,153.413,148.227,148.896,12847.68060387
2023-10-06,150.736,153.748,149.899,150.067,5551.7473457125
2023-10-09,150.568,156.425,149.733,156.425,3385.5616888583
2023-10-10,156.425,159.771,156.425,158.097,7584.040732386
2023-10-11,159.771,160.272,158.599,159.771,6988.6983167605
2023-10-12,159.101,160.272,157.26,160.272,4676.6657227449
2023-10-13,160.439,164.288,159.771,161.777,4980.3142640479
2023-10-16,165.626,176.918,164.957,172.736,24692.364648082
2023-10-17,172.736,179.009,171.9,175.663,16265.519893576
2023-10-18,175.663,180.264,173.991,176.918,11725.137374408
2023-10-19,174.827,176.082,170.645,172.318,9136.9519731441
2023-10-20,172.318,173.154,168.554,169.389,3847.011834303
2023-10-23,169.808,173.154,168.554,171.481,2367.0240621255
2023-10-24,170.226,177.337,170.226,173.991,5028.1329319696
2023-10-25,175.663,178.592,172.318,173.991,6247.5089639737
2023-10-26,172.318,178.592,169.808,175.246,6547.5711051825
2023-10-27,174.409,176.5,171.481,171.481,5906.8009550314
2023-10-30,171.481,178.592,171.481,178.592,4902.6089286751
2023-10-31,178.592,183.61,178.173,182.774,10578.684810984
2023-11-02,184.029,188.211,181.101,184.029,12167.460052684
2023-11-03,187.375,193.648,184.447,193.23,26430.573227037
2023-11-06,192.393,199.504,191.557,198.667,12571.527796622
2023-11-07,198.249,198.249,191.975,191.975,6539.2028382962
2023-11-08,192.393,196.994,189.047,195.739,9416.6911804862
2023-11-09,195.739,200.759,194.067,200.759,5982.1153570081
2023-11-10,199.922,199.922,194.485,199.085,7497.9671301268
2023-11-13,199.085,199.085,191.139,191.139,5728.6764170229
2023-11-14,191.557,199.085,191.139,199.085,8132.7599467878
2023-11-15,199.085,200.34,191.557,192.812,5977.3334902159
2023-11-16,192.812,199.922,192.393,199.085,4153.051309002
2023-11-17,197.413,200.759,196.994,199.922,3954.6038371269
2023-11-20,199.085,203.686,196.576,203.268,7014.9985841174
2023-11-21,203.686,204.104,197.83,202.013,3867.3347681697
2023-11-22,201.176,204.941,199.085,204.941,4086.1051739116
2023-11-23,204.941,206.614,203.686,204.941,4084.9097072136
2023-11-24,204.941,207.033,202.431,204.941,5806.3817523957
2023-11-27,204.941,205.777,202.431,204.104,5156.0478686603
2023-11-28,201.595,209.123,201.595,209.123,8249.915683196
2023-11-29,207.45,209.123,202.431,203.268,10866.792285213
2023-11-30,202.013,204.941,202.013,202.431,4725.6798573647
2023-12-01,201.595,209.123,201.176,208.287,27272.181782459
2023-12-04,207.45,211.214,204.522,208.287,5237.3396041272
2023-12-05,208.287,217.07,208.287,213.724,12538.054729077
2023-12-06,214.142,221.252,214.142,220.834,8076.5730119798
2023-12-07,219.162,222.508,216.652,219.997,7610.3409997429
2023-12-08,219.997,230.454,219.997,221.671,26883.655105595
2023-12-11,222.089,229.2,222.089,227.944,40981.793875618
2023-12-12,226.689,230.454,220.416,220.416,18578.747954289
2023-12-13,220.834,224.18,220.416,222.089,10857.228551628
2023-12-14,222.508,225.435,220.834,221.252,6967.1799161957
2023-12-15,219.997,227.944,214.142,216.234,63179.219524884
2023-12-18,217.488,222.508,216.652,220.834,10175.812533744
2023-12-19,220.834,226.689,219.997,225.017,10295.359203548
2023-12-20,222.926,228.363,220.416,221.671,8566.7143581775
2023-12-21,222.089,223.343,216.652,218.743,6988.6983167605
2023-12-22,217.488,219.997,216.234,218.325,5481.214810528
2023-12-27,218.325,219.997,217.07,219.997,7175.1911216552
2023-12-28,218.325,219.997,215.815,215.815,5434.5916093043
2023-12-29,217.07,221.671,209.542,214.142,12056.281649766
2024-01-02,214.979,216.652,210.796,211.633,23725.232089365
2024-01-03,211.633,215.815,207.45,215.397,12575.114196716
2024-01-04,214.142,215.815,211.214,215.815,11032.962156241
2024-01-05,213.306,214.979,205.777,207.45,12911.040338866
2024-01-08,205.777,212.051,205.777,209.96,10411.319473258
2024-01-09,212.469,214.979,211.214,214.979,10288.18640336
2024-01-10,211.214,220.834,210.796,218.325,23563.844085129
2024-01-11,215.815,219.58,210.796,215.815,19413.183709523
2024-01-12,214.56,217.488,213.306,215.815,7496.7716634288
2024-01-15,213.306,213.306,202.85,207.868,11778.933375819
2024-01-16,205.359,209.542,204.104,209.123,10312.095737321
2024-01-17,205.777,210.379,204.104,206.614,32751.005659591
2024-01-18,205.777,209.123,205.777,206.614,22460.428322835
2024-01-19,205.359,211.214,205.359,209.96,13330.64914988
2024-01-22,210.796,211.633,207.45,210.796,15425.106804851
2024-01-23,210.796,210.796,205.359,209.96,22471.187523118
2024-01-24,208.287,211.633,207.868,211.633,13808.835829097
2024-01-25,209.123,217.488,209.123,217.07,22872.86433366
2024-01-26,214.979,215.815,213.306,215.815,1960.5653847908
2024-01-29,214.979,214.979,209.123,209.123,2597.7491348478
2024-01-30,209.96,216.652,207.868,214.979,6279.7865648208
2024-01-31,214.142,217.07,210.379,210.796,15353.378802969
2024-02-01,220.416,240.492,220.416,238.401,28705.546353413
2024-02-02,237.564,245.929,234.637,240.91,10258.299735909
2024-02-05,241.329,243.838,235.473,235.473,6185.3446956754
2024-02-06,236.309,245.093,236.309,242.164,14710.217719421
2024-02-07,242.164,242.164,233.8,237.146,9781.3085233893
2024-02-08,237.564,237.564,228.781,228.781,10724.531748145
2024-02-09,231.709,232.127,227.108,230.035,2875.0974087939
2024-02-12,229.2,235.055,229.2,235.055,3218.1963511323
2024-02-13,235.055,235.055,228.363,229.2,5496.7558776026
2024-02-14,232.963,236.727,230.872,233.381,2405.2789964629
2024-02-15,233.8,237.146,230.872,232.546,5688.0305492895
2024-02-16,232.546,239.655,231.709,235.891,5617.4980141049
2024-02-19,235.891,240.492,234.637,240.492,3817.1251668519
2024-02-20,238.401,245.929,238.401,244.256,10136.362132708
2024-02-21,245.093,248.021,243.001,246.766,6964.7889827996
2024-02-22,246.766,252.621,245.093,247.602,19202.781570668
2024-02-23,247.602,254.712,245.929,253.039,292082.4009994
2024-02-26,253.039,258.058,251.784,255.13,12365.907524559
2024-02-27,255.13,260.986,253.458,259.313,12071.82271684
2024-02-28,258.476,262.241,253.458,255.967,21612.842433923
2024-02-29,255.967,262.241,255.967,261.822,6068.1889592672
2024-03-01,263.914,265.168,255.549,260.568,5996.4609573846
2024-03-04,262.659,263.077,252.621,254.294,10826.146417479
2024-03-05,254.294,257.64,250.948,253.876,5178.7617359231
2024-03-06,256.385,258.895,249.693,254.712,15709.627878985
2024-03-07,255.967,258.058,251.784,258.058,17230.261518896
2024-03-08,259.313,265.168,257.222,257.222,17126.255916167
2024-03-11,257.222,262.659,255.13,262.659,20204.582663628
2024-03-12,264.331,264.331,257.222,261.822,9150.1021068225
2024-03-13,262.659,275.206,262.241,263.496,32088.717108875
2024-03-14,263.496,269.769,262.659,266.005,17502.82792605
2024-03-15,266.005,272.279,263.496,272.279,57299.914303908
2024-03-18,272.279,274.37,263.914,264.75,11550.599236493
2024-03-19,264.75,266.423,256.804,258.895,15508.789473714
2024-03-20,258.058,262.659,253.876,258.058,13986.960367105
2024-03-21,262.241,274.37,261.404,272.697,17166.9017839
2024-03-22,273.115,279.807,268.933,269.769,28786.83808888
2024-03-25,269.769,275.625,267.678,270.188,7979.7402094383
2024-03-26,271.442,280.225,270.188,280.225,11965.426180714
2024-03-27,280.225,283.989,277.297,281.062,9441.7959811451
2024-03-28,281.062,288.59,281.062,283.989,44533.525435505
2024-04-02,285.244,296.955,285.244,291.936,29159.823698669
2024-04-03,291.936,299.046,290.681,290.681,14269.090507843
2024-04-04,294.446,294.446,283.153,284.408,25410.840133606
2024-04-05,283.571,290.681,279.389,288.59,40484.479729232
2024-04-08,288.59,292.772,288.172,292.355,21078.468819897
2024-04-09,290.263,294.027,288.172,289.427,13611.58382392
2024-04-10,291.1,295.282,289.427,292.355,17126.255916167
2024-04-11,292.355,293.609,285.244,289.427,46491.699886899
2024-04-12,292.772,294.027,283.989,286.917,49803.142640479
2024-04-15,288.172,292.355,288.172,291.1,71315.565871766
2024-04-16,290.637,293.876,275.365,277.679,55032.69453427
2024-04-17,277.679,284.621,277.679,279.53,17662.147910131
2024-04-18,277.679,282.307,274.439,280.455,13066.186495297
2024-04-19,276.29,280.455,275.827,280.455,12275.34405156
2024-04-22,278.141,286.935,278.141,286.009,38540.604501963
2024-04-23,286.472,296.19,286.009,294.339,22924.70739571
2024-04-24,296.653,298.504,286.009,288.323,17684.836013025
2024-04-25,288.323,292.488,285.546,290.637,7490.3151126093
2024-04-26,290.637,292.025,286.472,288.786,4473.8778135461
2024-04-29,289.711,295.728,286.935,295.728,8580.4244373782
2024-04-30,296.19,301.744,291.562,294.339,12396.347266995
2024-05-02,299.893,300.818,291.1,293.414,10596.424437397
2024-05-06,293.414,295.265,280.455,281.844,22814.508038796
2024-05-07,284.158,290.637,281.844,286.009,33954.366559799
2024-05-08,286.009,288.323,276.753,278.604,19354.032154519
2024-05-09,278.604,285.546,278.604,280.455,9845.5562701873
2024-05-10,279.067,283.695,272.588,274.902,13014.327974397
2024-05-13,274.902,279.53,273.976,277.679,8047.7942122929
2024-05-14,277.679,281.381,273.051,273.051,36979.446945679
2024-05-15,273.051,276.29,270.737,274.439,7938.6752412308
2024-05-16,273.051,275.827,268.423,270.737,46559.22829625
2024-05-17,270.274,270.274,263.795,269.348,15668.836013006
2024-05-20,269.348,272.125,265.183,268.423,21435.935691516
2024-05-21,268.423,269.348,263.795,266.109,31245.839228584
2024-05-22,266.571,270.737,262.406,265.646,27388.861736587
2024-05-23,269.348,274.902,264.257,273.051,23836.553054882
2024-05-24,273.051,273.051,267.497,270.274,29583.125402202
2024-05-27,272.125,279.993,272.125,276.753,17327.22829598
2024-05-28,278.604,281.844,273.051,273.513,38103.048231863
2024-05-29,273.513,277.679,272.125,277.679,51683.49839276
2024-05-31,279.53,286.009,274.902,274.902,105250.10932573
2024-06-03,274.439,281.381,274.439,279.067,4353.954983963
2024-06-04,279.993,280.455,266.571,266.571,28918.688103161
2024-06-05,267.034,275.365,264.257,273.513,12619.98713838
2024-06-06,270.737,275.365,264.257,265.183,7347.7041801321
2024-06-07,266.109,268.885,261.943,265.183,46471.717042229
2024-06-10,265.183,267.034,260.092,267.034,6893.9421222501
2024-06-11,265.646,265.646,256.39,259.167,17947.369775085
2024-06-12,261.018,265.183,256.853,263.332,7506.5209003908
2024-06-13,263.332,263.795,255.464,256.853,5492.6816720764
2024-06-14,256.39,259.167,251.299,256.853,17342.353697909
2024-06-17,256.853,264.72,256.39,262.869,15143.768488886
2024-06-18,262.869,267.034,260.092,262.869,11922.057877924
2024-06-19,262.869,268.423,260.092,267.497,6400.2057878404
2024-06-20,267.497,271.199,264.257,268.885,8484.2700965413
2024-06-21,271.199,273.051,264.72,273.051,44281.774920023
2024-06-24,269.811,275.827,267.497,273.051,5808.1543408896
2024-06-25,275.827,279.067,272.588,277.679,8039.1511254761
2024-06-26,277.216,281.381,274.439,278.604,4295.6141479496
2024-06-27,277.679,279.067,274.902,276.29,4489.0032154755
2024-06-28,275.827,282.769,275.827,281.381,8348.1414791767
2024-07-01,281.381,287.397,279.067,284.158,12616.745980824
2024-07-02,285.546,286.935,276.753,276.753,4606.7652733544
2024-07-03,276.29,279.53,272.588,273.976,3674.3922829921
2024-07-04,273.976,279.993,273.976,277.679,4108.7073955363
2024-07-05,280.918,280.918,273.976,274.902,3566.3536977821
2024-07-08,273.513,280.455,273.513,276.753,4860.6559485979
2024-07-09,277.216,280.918,276.29,280.455,2329.3118971276
2024-07-10,280.455,280.918,275.365,277.679,4357.1961415193
2024-07-11,280.455,282.307,277.216,277.679,3169.8520900614
2024-07-12,281.844,281.844,277.216,279.993,2765.787781376
2024-07-15,280.455,281.381,275.827,277.216,4961.1318328432
2024-07-16,276.29,279.53,270.737,273.051,17534.662379583
2024-07-17,271.199,274.902,267.034,270.274,16360.28295835
2024-07-18,266.109,273.976,263.795,271.662,3354.5980707705
2024-07-19,271.662,275.365,268.423,270.737,4259.9614148303
2024-07-22,268.423,273.513,266.571,268.885,3872.1028939264
2024-07-23,271.199,273.513,267.497,271.199,14812.090032291
2024-07-24,271.199,271.662,267.96,269.348,2289.3376205999
2024-07-25,269.811,273.976,261.481,271.662,7814.4308682393
2024-07-26,269.348,273.976,267.96,267.96,7743.1254020007
2024-07-29,268.423,276.29,268.423,269.811,3357.8392283268
2024-07-30,270.274,277.679,267.96,274.902,17398.533762218
2024-07-31,273.051,281.381,273.051,279.53,5110.225080433
2024-08-01,274.902,278.604,265.183,265.183,9182.1993569979
2024-08-02,264.72,265.183,255.001,256.39,19696.514469635
2024-08-05,250.836,259.167,239.729,245.283,34132.630225395
2024-08-06,248.985,254.539,240.655,242.969,9291.31832806
2024-08-07,246.208,250.374,238.341,238.341,12991.639871503
2024-08-08,238.341,247.134,233.25,241.118,6659.4983923444
2024-08-09,242.969,247.597,241.118,245.283,6805.3504823779
2024-08-12,245.283,250.374,242.969,250.374,4439.3054662789
2024-08-13,249.911,251.762,245.746,247.597,1607.6141479248
2024-08-14,248.06,251.299,245.746,250.836,4416.6173633848
2024-08-16,252.687,258.241,252.687,258.241,4278.327974316
2024-08-19,259.167,260.555,254.076,256.853,3917.4790997146
2024-08-20,257.315,260.092,253.613,253.613,5164.244373038
2024-08-21,254.539,256.39,251.762,252.225,4832.5659164433
2024-08-22,252.225,255.001,251.299,254.076,1880.9517685061
2024-08-23,253.15,256.39,250.836,252.687,2370.3665595074
2024-08-26,255.464,255.464,248.06,248.985,1640.0257234878
2024-08-27,249.911,252.225,244.82,250.836,5116.7073955456
2024-08-28,250.374,250.836,244.357,250.374,1998.713826385
2024-08-29,250.836,257.778,248.06,250.374,2587.5241157795
2024-08-30,250.374,258.241,246.671,258.241,10607.228295918
2024-09-02,251.299,257.315,250.836,255.464,3403.215434115
2024-09-03,252.687,256.853,251.299,251.762,5034.598070786
2024-09-04,250.836,255.927,248.06,253.613,4115.1897106489
2024-09-05,253.613,255.464,248.522,248.985,2413.5819935914
2024-09-06,250.836,250.836,236.952,236.952,4564.6302251225
2024-09-09,240.655,244.357,237.878,238.341,1906.8810289565
2024-09-10,238.804,240.655,233.25,236.027,3092.0643087102
2024-09-11,233.25,236.027,226.771,226.771,6293.2475884825
2024-09-12,227.696,239.266,227.696,239.266,17258.083601445
2024-09-13,239.729,247.597,236.49,242.969,5258.2379421707
2024-09-16,241.118,244.357,236.49,240.192,3878.585209039
2024-09-17,241.118,243.894,240.192,242.506,2663.1511254265
2024-09-18,243.894,244.357,238.804,242.506,3702.4823151467
2024-09-19,242.969,244.357,237.415,237.415,5445.144694584
2024-09-20,239.266,241.58,234.638,238.804,11039.382636758
2024-09-23,242.506,242.506,233.713,236.952,5976.6945338172
2024-09-24,236.49,244.357,236.49,243.432,3855.8971061449
2024-09-25,241.118,244.357,238.804,241.118,3133.11897109
2024-09-26,243.894,247.134,242.969,246.671,3174.1736334698
2024-09-27,240.655,249.448,240.655,245.283,3402.1350482629
2024-09-30,245.283,247.134,241.58,243.432,3647.3826366896
2024-10-01,242.969,242.969,235.101,237.415,10651.524115854
2024-10-02,237.415,240.655,236.027,240.655,4461.993569173
2024-10-03,240.192,240.192,233.713,236.027,4317.2218649916
2024-10-04,236.027,238.804,233.713,236.952,2070.0192926236
2024-10-07,239.729,239.729,234.638,238.341,1636.7845659315
2024-10-08,235.564,240.655,233.25,239.729,3501.5305466561
2024-10-09,240.655,243.432,236.952,242.969,3541.5048231838
2024-10-10,244.357,244.357,240.655,242.506,1386.1350482443
2024-10-11,243.432,250.836,241.118,247.597,8335.1768489515
2024-10-14,251.762,252.687,247.597,250.374,4325.8649518084
2024-10-15,250.374,256.39,250.374,255.927,2676.1157556517
2024-10-16,255.927,255.927,249.911,254.076,1567.6398713971
2024-10-17,254.539,254.539,241.118,242.506,6058.8038585768
2024-10-18,242.506,247.134,241.118,245.283,4065.4919614523
2024-10-21,240.655,247.597,240.192,247.597,4610.0064309107
2024-10-22,243.894,246.671,238.804,238.804,5162.0836013338
2024-10-23,241.118,241.58,236.027,240.192,3011.0353698027
2024-10-24,237.878,242.969,237.878,239.729,2683.6784566164
2024-10-25,239.266,243.432,236.49,236.49,3446.430868199
2024-10-28,236.027,240.192,234.638,234.638,5350.0707395992
2024-10-29,234.176,239.266,232.324,232.324,24678.173633668
2024-10-30,234.176,238.341,232.787,236.027,9427.4469454246
2024-10-31,234.638,235.101,228.159,230.01,5265.8006431354
2024-11-04,231.399,234.638,228.159,229.548,3360.000000031
2024-11-05,228.622,232.787,225.382,230.936,8730.5980708201
2024-11-06,230.473,236.027,227.696,228.159,7648.0514470159
2024-11-07,231.399,236.027,230.473,236.027,11142.019292707
2024-11-08,236.027,237.878,233.25,234.638,6836.6816720888
2024-11-12,240.192,243.432,233.25,240.192,13285.504823274
2024-11-13,240.655,242.043,235.564,239.266,9605.7106110211
2024-11-14,239.266,239.266,233.713,236.49,5097.2604502078
2024-11-15,236.49,237.878,232.324,233.713,3055.3311897388
2024-11-18,233.25,236.952,227.696,231.862,4497.6463022923
2024-11-19,235.101,236.49,219.366,222.143,13757.633440641
2024-11-20,224.92,226.771,218.44,222.606,6490.9581994168
2024-11-21,223.068,226.308,219.829,226.308,6150.6366560053
2024-11-22,226.308,230.936,214.738,226.771,27829.659164244
2024-11-25,227.234,229.085,213.35,215.664,28066.263665854
2024-11-26,216.589,217.515,209.647,211.036,24889.92926068
2024-11-27,210.573,212.424,206.871,210.11,101093.8649527
2024-11-28,211.499,215.201,210.573,214.738,2845.7363344314
2024-11-29,212.887,218.903,212.887,218.903,13013.247588545
2024-12-02,217.515,226.771,214.275,223.068,13740.347267008
2024-12-03,227.696,227.696,217.515,217.515,5347.909967895
2024-12-04,217.978,229.548,216.589,220.292,32265.723472966
2024-12-05,222.606,227.234,220.292,221.217,29684.6816723
2024-12-06,222.143,233.713,222.143,230.473,41417.672026106
2024-12-09,232.787,239.729,229.548,231.399,37442.93247623
2024-12-10,231.862,241.58,230.936,238.341,19525.813505003
2024-12-11,235.564,240.655,232.787,237.415,11572.012861843
2024-12-12,236.027,239.729,232.787,233.25,26848.668810537
2024-12-13,233.25,235.564,230.01,230.01,5724.9646302779
2024-12-16,230.473,233.713,227.234,229.548,4098.9839228674
2024-12-17,231.399,232.324,220.292,220.292,13039.176848995
2024-12-18,221.68,225.845,219.366,224.92,7840.3601286897
2024-12-19,222.606,226.771,220.292,224.92,6927.4340836652
2024-12-20,224.457,233.713,220.292,233.713,80739.395499137
2024-12-23,234.176,236.027,224.457,224.92,7868.4501608443
2024-12-27,226.308,229.085,224.457,224.457,6755.6527331813
2024-12-30,225.845,227.696,223.068,223.531,23656.128617582
2025-01-02,228.622,228.622,220.754,225.382,6916.6302251442
2025-01-03,226.771,234.176,225.845,232.324,22130.623794416
2025-01-07,236.49,245.283,235.564,240.655,35303.768489072
2025-01-08,245.283,245.283,236.027,239.266,27115.524116006
2025-01-09,239.729,241.58,237.878,239.729,7402.8038585892
2025-01-10,242.043,248.06,239.266,247.134,12482.778135163
2025-01-13,248.06,248.06,240.655,245.283,6106.3408360692
2025-01-14,245.746,246.208,241.58,244.357,5110.225080433
2025-01-15,244.357,247.134,242.506,247.134,5756.2958199888
2025-01-16,247.134,248.06,241.118,244.357,5996.141479155
2025-01-17,246.208,246.208,242.506,245.283,4282.6495177244
2025-01-20,246.208,252.225,243.894,252.225,15762.829582139
2025-01-21,252.225,252.687,248.985,251.299,3900.192926081
2025-01-22,251.299,257.315,249.911,256.853,8661.4533762857
2025-01-23,255.927,260.092,254.076,257.315,8674.4180065109
2025-01-24,258.241,258.704,252.225,257.778,16972.861736491
2025-01-27,257.315,257.315,247.134,252.687,6426.1350482908
2025-01-28,254.539,257.315,253.613,257.315,3222.7909968143
2025-01-29,257.315,257.778,254.539,254.539,4910.3536977945
2025-01-30,257.315,267.96,256.39,267.96,13415.151125526
2025-01-31,267.96,267.96,261.018,263.332,7219.1382637322
2025-02-03,262.869,264.257,255.001,260.555,3873.1832797785
2025-02-04,260.092,263.795,260.092,263.795,5621.2475884763
2025-02-05,261.943,263.332,252.225,254.539,7440.6173634127
2025-02-06,262.869,279.53,262.869,277.679,32042.083601582
2025-02-07,281.381,282.307,275.827,280.455,7856.5659164712
2025-02-10,279.53,281.844,278.141,280.455,5220.4244373472
2025-02-11,278.604,284.621,277.679,284.158,7854.405144767
2025-02-12,284.158,288.786,280.455,284.158,19045.041800819
2025-02-13,284.158,286.472,276.29,276.29,26868.115755875
2025-02-14,275.827,276.753,268.423,268.885,24619.832797655
2025-02-17,273.051,275.827,267.034,275.365,21382.996784763
2025-02-18,276.29,283.232,276.29,281.844,10719.588424536
2025-02-19,282.307,282.769,273.051,279.53,17363.961414951
2025-02-20,279.53,279.53,269.811,270.737,20489.517685077
2025-02-21,270.737,274.902,270.274,270.274,6711.3569132452
2025-02-24,271.662,272.125,264.72,265.183,8391.3569132607
2025-02-25,264.72,269.811,264.72,267.96,14260.012861868
2025-02-26,271.199,273.051,267.497,273.051,8153.6720257987
2025-02-27,273.051,280.455,270.737,277.216,20390.122186683
2025-02-28,273.051,274.902,270.737,273.513,21350.5852092
2025-03-03,273.051,279.067,269.811,278.604,15662.353697894
2025-03-04,277.679,277.679,271.199,273.051,62625.646302829
2025-03-05,281.381,283.232,273.513,279.53,17930.083601452
2025-03-06,283.232,288.786,279.993,285.546,18661.504823323
2025-03-07,285.083,288.323,282.307,286.472,8624.7202573143
2025-03-10,286.935,288.786,279.067,282.769,11892.887459917
2025-03-11,283.695,287.86,280.918,282.769,13290.906752534
2025-03-12,284.158,292.025,284.158,292.025,18196.93890692
2025-03-13,292.951,297.116,290.637,295.728,14735.382636792
2025-03-14,295.728,301.281,295.728,299.893,9290.2379422079
2025-03-17,300.818,307.298,300.356,307.298,12998.122186615
2025-03-18,308.223,315.628,308.223,310.074,15103.794212358
2025-03-19,309.612,310.074,302.67,304.984,21568.823151324
2025-03-20,304.521,304.521,294.339,298.042,26079.434083842
2025-03-21,298.042,298.042,285.083,292.025,49024.668810742
2025-03-24,295.265,303.595,294.802,301.281,16135.562701114
2025-03-25,302.67,311.926,300.818,305.909,22751.845659374
2025-03-26,305.909,309.612,301.744,304.521,11951.22829593
2025-03-27,302.67,308.686,298.967,306.372,8224.9774920373
2025-03-28,306.372,306.372,299.43,300.818,8533.9678457379
2025-03-31,298.042,300.818,292.488,294.339,7642.6495177554
2025-04-01,295.728,304.521,295.728,304.521,11983.639871493
2025-04-02,304.984,305.909,301.744,304.521,5582.3536978007
2025-04-03,294.802,304.058,286.472,289.249,29921.28617391
2025-04-04,282.307,282.307,264.257,266.571,50617.157556737
2025-04-07,259.167,274.902,251.762,268.423,39319.562701327
2025-04-08,275.827,280.918,272.125,279.993,14901.762058015
2025-04-09,278.141,279.993,270.274,271.199,14375.614148043
2025-04-10,296.19,296.19,281.844,284.621,14491.215434217
2025-04-11,284.621,289.711,282.307,283.695,13344.926045139
2025-04-14,287.86,295.728,287.86,295.728,12685.890675358
2025-04-15,295.265,302.207,293.414,299.43,16162.572347416
2025-04-16,294.339,298.967,291.1,297.116,5418.1350482815
2025-04-17,296.19,300.818,295.265,298.042,6954.4437299677
2025-04-22,296.19,302.67,294.802,302.67,14665.157556405
2025-04-23,303.132,314.702,303.132,314.702,27728.102894147
2025-04-24,314.702,314.702,304.521,312.851,15382.5337622
2025-04-25,312.388,314.24,309.612,313.777,15537.02893905
2025-04-28,313.777,313.777,310.537,311.926,11964.192926155
2025-04-29,311.926,312.851,310.074,312.388,17672.951768652
2025-04-30,311,312.388,300.356,303.132,42793.003215829
2025-05-02,309.612,311,305.446,311,23165.633440728
2025-05-05,310,310,301,306,14419
2025-05-06,303,305.5,293,296.5,12482
2025-05-07,293.5,304,293.5,301,10858
2025-05-08,304,306.5,299,300,9890
2025-05-09,304,309,301,309,11250
2025-05-12,309.5,314.5,309,312,16706
2025-05-13,311,314,307.5,313,9856
2025-05-14,313,316,311.5,313,12409
2025-05-15,313,315,309,312,22867
2025-05-16,312,314,305,305,7279
2025-05-19,303,305.5,295.5,304.5,11071
2025-05-20,304.5,306,300,303,6170
2025-05-21,304,306.5,297,299,4720
2025-05-22,301.5,305,296.5,303,9091
2025-05-23,303,305,298.5,300,563
