Date,Open,High,Low,Close,Volume
1993-06-22,4.21838,4.21838,4.21838,4.21838,1457005.423572
1993-06-24,3.85212,3.85212,3.85212,3.85212,1291538.1131688
1993-06-28,3.85212,3.85212,3.85212,3.85212,614061.14501815
1993-06-29,4.07655,4.07655,4.07655,4.07655,497559.17721311
1993-07-01,4.21838,4.21838,4.21838,4.21838,805236.92697104
1993-07-05,4.4134,4.4134,4.4134,4.4134,521929.26860199
1993-07-06,4.43709,4.43709,4.43709,4.43709,364680.92057809
1993-07-08,3.99388,3.99388,3.99388,3.99388,395881.27914162
1993-07-12,4.07655,4.07655,4.07655,4.07655,186486.4198853
1993-07-13,4.04698,4.04698,4.04698,4.04698,238146.13307048
1993-07-15,3.99388,3.99388,3.99388,3.99388,431413.76296288
1993-07-19,3.99388,3.99388,3.99388,3.99388,367966.49292803
1993-07-20,3.93481,3.93481,3.93481,3.93481,450562.41069761
1993-07-22,4.02337,4.02337,4.02337,4.02337,521005.98755112
1993-07-26,4.02337,4.02337,4.02337,4.02337,338103.25664936
1993-07-27,3.96422,3.96422,3.96422,3.96422,258220.57760827
1993-07-29,4.02337,4.02337,4.02337,4.02337,339722.14317859
1993-08-02,4.07655,4.07655,4.07655,4.07655,274203.15122173
1993-08-03,4.07655,4.07655,4.07655,4.07655,291966.87738016
1993-08-05,4.04698,4.04698,4.04698,4.04698,303163.232467
1993-08-09,4.43709,4.43709,4.43709,4.43709,790221.66007165
1993-08-10,4.88601,4.88601,4.88601,4.88601,0
1993-08-12,5.38829,5.38829,5.38829,5.38829,0
1993-08-16,5.8904,5.8904,5.8904,5.8904,965999.78079345
1993-08-17,6.48164,6.48164,6.48164,6.48164,1217597.6407821
1993-08-19,7.09554,7.09554,7.09554,7.09554,824847.21523123
1993-08-23,7.73367,7.73367,7.73367,7.73367,0
1993-08-24,8.46108,8.46108,8.46108,8.46108,353960.04265369
1993-08-26,9.33005,9.33005,9.33005,9.33005,734472.59171431
1993-08-30,8.40702,8.40702,8.40702,8.40702,712442.14985487
1993-08-31,7.59773,7.59773,7.59773,7.59773,818798.08910914
1993-09-02,8.2949,8.2949,8.2949,8.2949,501734.06795945
1993-09-06,9.07481,9.07481,9.07481,9.07481,1126828.0441726
1993-09-07,8.15339,8.15339,8.15339,8.15339,1060324.1352364
1993-09-09,7.81715,7.81715,7.81715,7.81715,491262.24950108
1993-09-13,7.73367,7.73367,7.73367,7.73367,286188.19461768
1993-09-14,7.81715,7.81715,7.81715,7.81715,313929.39393068
1993-09-16,8.06995,8.06995,8.06995,8.06995,515003.40284441
1993-09-20,7.26081,7.26081,7.26081,7.26081,393554.2083731
1993-09-21,6.53427,6.53427,6.53427,6.53427,324138.31628601
1993-09-23,5.8904,5.8904,5.8904,5.8904,393746.66341504
1993-09-27,5.41771,5.41771,5.41771,5.41771,628252.50307789
1993-09-28,5.94947,5.94947,5.94947,5.94947,0
1993-09-30,6.48164,6.48164,6.48164,6.48164,425986.0276298
1993-10-04,7.09554,7.09554,7.09554,7.09554,963904.15922569
1993-10-05,7.42689,7.42689,7.42689,7.42689,920201.77019277
1993-10-07,7.42689,7.42689,7.42689,7.42689,982177.32520103
1993-10-11,7.87597,7.87597,7.87597,7.87597,936352.89920243
1993-10-12,8.34903,8.34903,8.34903,8.34903,830956.71940567
1993-10-14,8.34903,8.34903,8.34903,8.34903,706995.54638044
1993-10-18,9.02071,9.02071,9.02071,9.02071,1491195.7536041
1993-10-19,8.68453,8.68453,8.68453,8.68453,535697.98029512
1993-10-21,8.21226,8.21226,8.21226,8.21226,724238.51183717
1993-10-26,7.87597,7.87597,7.87597,7.87597,546627.66565063
1993-10-28,8.34903,8.34903,8.34903,8.34903,712139.00171693
1993-11-02,8.34903,8.34903,8.34903,8.34903,425736.96816376
1993-11-04,8.40702,8.40702,8.40702,8.40702,830386.90153641
1993-11-08,8.06995,8.06995,8.06995,8.06995,466716.05545945
1993-11-09,7.87597,7.87597,7.87597,7.87597,607386.8544788
1993-11-10,8.34903,8.34903,8.34903,8.34903,385014.48759065
1993-11-15,8.62564,8.62564,8.62564,8.62564,678371.31805147
1993-11-16,8.54378,8.54378,8.54378,8.54378,500276.18956988
1993-11-18,7.6812,7.6812,7.6812,7.6812,662628.99877142
1993-11-22,7.6812,7.6812,7.6812,7.6812,489312.54155988
1993-11-23,8.15339,8.15339,8.15339,8.15339,273257.22840121
1993-11-25,8.21226,8.21226,8.21226,8.21226,422940.70961326
1993-11-29,8.21226,8.21226,8.21226,8.21226,542121.95349234
1993-11-30,8.2949,8.2949,8.2949,8.2949,336542.2324203
1993-12-02,8.40702,8.40702,8.40702,8.40702,655305.64416907
1993-12-06,9.26956,9.26956,9.26956,9.26956,1076950.7414085
1993-12-07,9.6059,9.6059,9.6059,9.6059,885003.88141176
1993-12-09,9.54778,9.54778,9.54778,9.54778,610669.91107656
1993-12-13,9.83003,9.83003,9.83003,9.83003,632809.78815592
1993-12-14,9.83003,9.83003,9.83003,9.83003,447896.97126058
1993-12-16,10.0789,10.0789,10.0789,10.0789,556503.25084183
1993-12-20,10.8055,10.8055,10.8055,10.8055,797534.95166527
1993-12-21,11.0313,11.0313,11.0313,11.0313,575699.69786802
1993-12-23,11.4502,11.4502,11.4502,11.4502,899293.35380659
1993-12-27,12.0051,12.0051,12.0051,12.0051,820455.96979721
1993-12-28,10.8055,10.8055,10.8055,10.8055,701341.39335097
1993-12-30,11.8923,11.8923,11.8923,11.8923,943486.31451504
1994-01-03,12.6197,12.6197,12.6197,12.6197,731018.46396817
1994-01-04,13.1221,13.1221,13.1221,13.1221,1167109.0102377
1994-01-06,13.1801,13.1801,13.1801,13.1801,1077004.8300804
1994-01-10,13.6834,13.6834,13.6834,13.6834,888295.74314214
1994-01-11,14.8003,14.8003,14.8003,14.8003,832907.68522296
1994-01-13,16.2528,16.2528,16.2528,16.2528,926220.70728866
1994-01-17,17.8134,17.8134,17.8134,17.8134,816263.46878559
1994-01-18,19.6037,19.6037,19.6037,19.6037,754162.12616822
1994-01-20,21.4997,21.4997,21.4997,21.4997,1398769.5341825
1994-01-24,21.0568,21.0568,21.0568,21.0568,760817.54856621
1994-01-25,21.611,21.611,21.611,21.611,726271.23960038
1994-01-27,23.7932,23.7932,23.7932,23.7932,1553165.0192318
1994-01-31,21.3869,21.3869,21.3869,21.3869,870452.77078996
1994-02-01,19.3255,19.3255,19.3255,19.3255,0
1994-02-03,17.4231,17.4231,17.4231,17.4231,1649312.0361308
1994-02-07,19.1545,19.1545,19.1545,19.1545,844550.58632214
1994-02-08,20.4431,20.4431,20.4431,20.4431,790909.71829347
1994-02-10,19.9925,19.9925,19.9925,19.9925,527367.06694379
1994-02-14,20.4431,20.4431,20.4431,20.4431,538725.68804638
1994-02-15,21.3343,21.3343,21.3343,21.3343,425154.57153359
1994-02-17,21.611,21.611,21.611,21.611,602822.02214421
1994-02-21,21.4997,21.4997,21.4997,21.4997,475009.23252804
1994-02-22,20.5544,20.5544,20.5544,20.5544,306261.38127938
1994-02-24,21.611,21.611,21.611,21.611,819623.25582491
1994-02-28,22.1723,22.1723,22.1723,22.1723,402926.64312784
1994-03-01,22.1723,22.1723,22.1723,22.1723,349358.73191246
1994-03-03,21.611,21.611,21.611,21.611,461404.04472676
1994-03-07,21.611,21.611,21.611,21.611,462560.03285448
1994-03-08,21.611,21.611,21.611,21.611,364327.45739649
1994-03-10,21.7843,21.7843,21.7843,21.7843,517315.37909984
1994-03-14,22.0022,22.0022,22.0022,22.0022,448083.13692207
1994-03-15,21.611,21.611,21.611,21.611,306760.75808754
1994-03-17,21.0568,21.0568,21.0568,21.0568,403780.7409937
1994-03-21,18.9295,18.9295,18.9295,18.9295,271249.65815983
1994-03-22,17.2576,17.2576,17.2576,17.2576,339571.19804765
1994-03-24,18.9295,18.9295,18.9295,18.9295,771391.25498795
1994-03-28,17.4231,17.4231,17.4231,17.4231,416612.33499896
1994-03-29,15.6391,15.6391,15.6391,15.6391,150416.82297314
1994-03-31,14.1318,14.1318,14.1318,14.1318,781289.48194878
1994-04-05,14.185,14.185,14.185,14.185,402427.26631968
1994-04-07,14.5753,14.5753,14.5753,14.5753,464995.28096684
1994-04-08,13.8488,13.8488,13.8488,13.8488,414613.56989021
1994-04-11,12.5084,12.5084,12.5084,12.5084,0
1994-04-12,11.2785,11.2785,11.2785,11.2785,342967.46349361
1994-04-14,11.2785,11.2785,11.2785,11.2785,214942.09281806
1994-04-18,12.0051,12.0051,12.0051,12.0051,260746.39279919
1994-04-19,13.1801,13.1801,13.1801,13.1801,455776.3070952
1994-04-21,15.8641,15.8641,15.8641,15.8641,331748.46663713
1994-04-25,15.5794,15.5794,15.5794,15.5794,272847.16079552
1994-04-26,14.0729,14.0729,14.0729,14.0729,0
1994-04-28,12.6786,12.6786,12.6786,12.6786,236898.31998812
1994-05-05,13.9075,13.9075,13.9075,13.9075,188852.48481265
1994-05-06,12.5084,12.5084,12.5084,12.5084,385406.94493107
1994-05-09,12.5084,12.5084,12.5084,12.5084,296251.20334644
1994-05-10,12.7914,12.7914,12.7914,12.7914,232541.03720856
1994-05-12,13.1801,13.1801,13.1801,13.1801,390335.30345599
1994-05-16,14.5753,14.5753,14.5753,14.5753,279247.23434701
1994-05-17,14.2971,14.2971,14.2971,14.2971,253688.45005205
1994-05-19,15.6391,15.6391,15.6391,15.6391,423432.53916488
1994-05-23,16.4778,16.4778,16.4778,16.4778,312711.76987451
1994-05-24,16.8085,16.8085,16.8085,16.8085,461599.01552088
1994-05-26,16.6956,16.6956,16.6956,16.6956,382466.03063009
1994-05-30,16.8085,16.8085,16.8085,16.8085,338890.68708238
1994-05-31,16.6956,16.6956,16.6956,16.6956,323182.33045679
1994-06-01,15.1375,15.1375,15.1375,15.1375,327013.82103025
1994-06-06,15.1375,15.1375,15.1375,15.1375,243703.42964094
1994-06-07,14.0729,14.0729,14.0729,14.0729,238343.61961678
1994-06-09,12.6786,12.6786,12.6786,12.6786,208087.92599767
1994-06-13,11.4502,11.4502,11.4502,11.4502,0
1994-06-14,10.2745,10.2745,10.2745,10.2745,438431.45367509
1994-06-16,11.2785,11.2785,11.2785,11.2785,448671.8229327
1994-06-20,10.2196,10.2196,10.2196,10.2196,275442.15917145
1994-06-21,9.6059,9.6059,9.6059,9.6059,300383.32630568
1994-06-23,9.6059,9.6059,9.6059,9.6059,450859.26945511
1994-06-27,10.5574,10.5574,10.5574,10.5574,286010.83408883
1994-06-28,10.4685,10.4685,10.4685,10.4685,117220.21505306
1994-06-30,10.2196,10.2196,10.2196,10.2196,224705.72703714
1994-07-04,10.7531,10.7531,10.7531,10.7531,144128.70039376
1994-07-05,11.4502,11.4502,11.4502,11.4502,138639.32913223
1994-07-06,12.5084,12.5084,12.5084,12.5084,243856.89052405
1994-07-07,12.6197,12.6197,12.6197,12.6197,248572.66798957
1994-07-11,13.1801,13.1801,13.1801,13.1801,317104.27318461
1994-07-12,14.5753,14.5753,14.5753,14.5753,294175.70779613
1994-07-13,15.1375,15.1375,15.1375,15.1375,413561.98547805
1994-07-14,14.185,14.185,14.185,14.185,284598.23923853
1994-07-18,15.5794,15.5794,15.5794,15.5794,320065.31350304
1994-07-19,16.1415,16.1415,16.1415,16.1415,409715.40039149
1994-07-20,14.5753,14.5753,14.5753,14.5753,460515.98420644
1994-07-21,14.8536,14.8536,14.8536,14.8536,229832.82998444
1994-07-25,14.8536,14.8536,14.8536,14.8536,0
1994-07-26,15.5269,15.5269,15.5269,15.5269,431823.83056857
1994-07-27,15.5269,15.5269,15.5269,15.5269,247353.7860573
1994-07-28,15.5269,15.5269,15.5269,15.5269,285846.0523209
1994-08-01,15.4149,15.4149,15.4149,15.4149,143860.77278635
1994-08-02,15.1375,15.1375,15.1375,15.1375,98536.981472023
1994-08-03,15.3608,15.3608,15.3608,15.3608,225168.62543865
1994-08-04,15.5794,15.5794,15.5794,15.5794,295498.99344396
1994-08-08,15.5794,15.5794,15.5794,15.5794,177964.30936812
1994-08-09,15.5269,15.5269,15.5269,15.5269,184106.51832095
1994-08-10,15.302,15.302,15.302,15.302,161054.68107553
1994-08-11,15.0245,15.0245,15.0245,15.0245,151399.22420029
1994-08-16,15.5794,15.5794,15.5794,15.5794,165038.37465603
1994-08-17,16.5835,16.5835,16.5835,16.5835,252844.41519492
1994-08-18,16.5835,16.5835,16.5835,16.5835,241095.8525041
1994-08-22,16.8085,16.8085,16.8085,16.8085,264562.78885958
1994-08-23,18.4867,18.4867,18.4867,18.4867,564927.24702389
1994-08-24,17.9842,17.9842,17.9842,17.9842,286834.7429285
1994-08-25,16.8085,16.8085,16.8085,16.8085,205601.10496558
1994-08-29,17.0326,17.0326,17.0326,17.0326,228291.93177284
1994-08-30,16.8085,16.8085,16.8085,16.8085,201227.46979684
1994-08-31,16.1415,16.1415,16.1415,16.1415,118881.86936939
1994-09-01,15.5794,15.5794,15.5794,15.5794,169500.06115116
1994-09-05,14.0729,14.0729,14.0729,14.0729,333210.11865499
1994-09-06,12.6786,12.6786,12.6786,12.6786,283559.23358729
1994-09-07,12.9559,12.9559,12.9559,12.9559,237079.45414523
1994-09-08,13.9075,13.9075,13.9075,13.9075,209316.87093868
1994-09-12,13.9075,13.9075,13.9075,13.9075,195744.38791576
1994-09-13,12.5664,12.5664,12.5664,12.5664,346598.95176861
1994-09-14,12.2881,12.2881,12.2881,12.2881,275664.80323958
1994-09-15,12.1768,12.1768,12.1768,12.1768,207407.41503239
1994-09-19,11.7277,11.7277,11.7277,11.7277,334905.73562578
1994-09-20,11.3374,11.3374,11.3374,11.3374,288921.55936362
1994-09-21,10.2745,10.2745,10.2745,10.2745,326276.70564087
1994-09-22,10.664,10.664,10.664,10.664,153992.96470013
1994-09-26,10.1633,10.1633,10.1633,10.1633,134885.8268764
1994-09-27,9.6059,9.6059,9.6059,9.6059,124797.66062582
1994-09-28,10.1633,10.1633,10.1633,10.1633,296320.38653145
1994-09-29,10.9487,10.9487,10.9487,10.9487,169712.64221055
1994-10-03,11.4502,11.4502,11.4502,11.4502,243807.83335651
1994-10-04,11.5035,11.5035,11.5035,11.5035,183935.44717256
1994-10-05,12.0051,12.0051,12.0051,12.0051,166974.24596023
1994-10-06,12.0051,12.0051,12.0051,12.0051,186090.1889166
1994-10-07,12.0051,12.0051,12.0051,12.0051,132147.43062608
1994-10-10,11.6164,11.6164,11.6164,11.6164,109216.34948542
1994-10-11,11.0313,11.0313,11.0313,11.0313,154540.14079976
1994-10-12,11.0313,11.0313,11.0313,11.0313,122866.82082598
1994-10-13,10.5574,10.5574,10.5574,10.5574,89120.521054085
1994-10-14,11.0313,11.0313,11.0313,11.0313,160156.55754649
1994-10-17,11.1433,11.1433,11.1433,11.1433,64027.15091283
1994-10-18,11.1433,11.1433,11.1433,11.1433,77692.716766487
1994-10-19,11.2253,11.2253,11.2253,11.2253,97294.19989402
1994-10-20,11.0313,11.0313,11.0313,11.0313,88086.546907205
1994-10-21,10.4685,10.4685,10.4685,10.4685,91918.03748068
1994-10-24,9.99706,9.99706,9.99706,9.99706,105860.33607438
1994-10-25,10.0789,10.0789,10.0789,10.0789,163979.24298734
1994-10-26,9.68854,9.68854,9.68854,9.68854,145880.92178866
1994-10-27,9.13371,9.13371,9.13371,9.13371,122510.8418922
1994-10-28,8.73695,8.73695,8.73695,8.73695,104099.30954684
1994-11-02,9.6059,9.6059,9.6059,9.6059,153345.15851322
1994-11-03,10.0789,10.0789,10.0789,10.0789,204841.34780655
1994-11-04,9.33005,9.33005,9.33005,9.33005,127411.52714311
1994-11-07,7.7933,7.7933,7.7933,7.7933,149810.52669724
1994-11-08,7.7933,7.7933,7.7933,7.7933,80188.342931219
1994-11-09,7.09554,7.09554,7.09554,7.09554,66370.57407054
1994-11-10,6.7587,6.7587,6.7587,6.7587,132108.43646727
1994-11-14,6.53427,6.53427,6.53427,6.53427,231044.16466016
1994-11-15,5.8904,5.8904,5.8904,5.8904,0
1994-11-16,5.33502,5.33502,5.33502,5.33502,319518.13740342
1994-11-17,5.75454,5.75454,5.75454,5.75454,265410.59734496
1994-11-18,5.72489,5.72489,5.72489,5.72489,255308.59445738
1994-11-21,5.19319,5.19319,5.19319,5.19319,59450.997693425
1994-11-22,4.69108,4.69108,4.69108,4.69108,196675.21622317
1994-11-23,5.08094,5.08094,5.08094,5.08094,182027.24914237
1994-11-24,5.27595,5.27595,5.27595,5.27595,180431.00438277
1994-11-25,5.27595,5.27595,5.27595,5.27595,90828.716785792
1994-11-28,5.80772,5.80772,5.80772,5.80772,170012.01672023
1994-11-29,6.3926,6.3926,6.3926,6.3926,144254.48800287
1994-11-30,7.00697,7.00697,7.00697,7.00697,174376.84675632
1994-12-01,7.6812,7.6812,7.6812,7.6812,314738.20825726
1994-12-02,7.48667,7.48667,7.48667,7.48667,199653.86680688
1994-12-05,7.7933,7.7933,7.7933,7.7933,215033.9177727
1994-12-06,7.00697,7.00697,7.00697,7.00697,213572.26575485
1994-12-07,6.33941,6.33941,6.33941,6.33941,179442.31377517
1994-12-08,5.72489,5.72489,5.72489,5.72489,132817.87858264
1994-12-09,5.27595,5.27595,5.27595,5.27595,261260.86412044
1994-12-12,5.80772,5.80772,5.80772,5.80772,0
1994-12-13,6.33941,6.33941,6.33941,6.33941,380984.25259478
1994-12-14,5.86672,5.86672,5.86672,5.86672,102993.63646277
1994-12-15,5.86672,5.86672,5.86672,5.86672,67963.045201866
1994-12-16,6.25674,6.25674,6.25674,6.25674,148561.45573878
1994-12-19,6.7288,6.7288,6.7288,6.7288,226917.07320527
1994-12-20,6.14457,6.14457,6.14457,6.14457,118351.04565895
1994-12-21,6.33941,6.33941,6.33941,6.33941,74291.419816166
1994-12-22,6.53427,6.53427,6.53427,6.53427,132059.37929971
1994-12-23,6.42225,6.42225,6.42225,6.42225,37010.48822829
1994-12-27,6.33941,6.33941,6.33941,6.33941,22027.926107257
1994-12-28,6.0025,6.0025,6.0025,6.0025,95681.602745237
1994-12-29,6.42225,6.42225,6.42225,6.42225,195967.03198388
1995-01-02,6.42225,6.42225,6.42225,6.42225,72243.597539862
1995-01-03,7.00697,7.00697,7.00697,7.00697,262591.69702483
1995-01-04,6.7288,6.7288,6.7288,6.7288,118432.80760487
1995-01-05,6.7288,6.7288,6.7288,6.7288,120065.53077112
1995-01-06,6.42225,6.42225,6.42225,6.42225,78317.881183761
1995-01-09,6.53427,6.53427,6.53427,6.53427,63741.613040151
1995-01-10,6.25674,6.25674,6.25674,6.25674,49001.821004699
1995-01-11,6.33941,6.33941,6.33941,6.33941,59003.193804997
1995-01-12,6.25674,6.25674,6.25674,6.25674,111911.97794864
1995-01-13,6.42225,6.42225,6.42225,6.42225,80808.475844129
1995-01-16,6.28034,6.28034,6.28034,6.28034,64780.618691396
1995-01-17,6.14457,6.14457,6.14457,6.14457,83097.810329922
1995-01-18,6.0025,6.0025,6.0025,6.0025,149074.66918395
1995-01-19,5.8904,5.8904,5.8904,5.8904,69671.240933573
1995-01-20,5.72489,5.72489,5.72489,5.72489,98261.506608073
1995-01-23,5.19319,5.19319,5.19319,5.19319,99636.36517564
1995-01-24,4.9982,4.9982,4.9982,4.9982,187461.27385589
1995-01-25,4.9982,4.9982,4.9982,4.9982,163655.96883192
1995-01-26,4.88601,4.88601,4.88601,4.88601,63844.758879621
1995-01-27,4.80333,4.80333,4.80333,4.80333,79224.80984544
1995-01-30,4.80333,4.80333,4.80333,4.80333,67872.478123307
1995-01-31,4.88601,4.88601,4.88601,4.88601,149384.10670236
1995-02-01,4.9982,4.9982,4.9982,4.9982,88928.066012148
1995-02-02,4.69108,4.69108,4.69108,4.69108,71514.029407027
1995-02-03,4.27156,4.27156,4.27156,4.27156,58633.378234214
1995-02-06,4.66151,4.66151,4.66151,4.66151,46209.336082468
1995-02-07,5.08094,5.08094,5.08094,5.08094,231397.62784175
1995-02-08,5.05137,5.05137,5.05137,5.05137,171440.96395972
1995-02-09,4.9982,4.9982,4.9982,4.9982,71422.204452378
1995-02-10,4.80333,4.80333,4.80333,4.80333,97230.048213376
1995-02-13,4.60825,4.60825,4.60825,4.60825,87897.86549354
1995-02-14,4.66151,4.66151,4.66151,4.66151,48781.692688758
1995-02-15,4.80333,4.80333,4.80333,4.80333,70997.042333588
1995-02-16,4.88601,4.88601,4.88601,4.88601,48497.41269217
1995-02-17,4.945,4.945,4.945,4.945,75059.982107825
1995-02-20,4.88601,4.88601,4.88601,4.88601,66196.987169969
1995-02-21,4.4134,4.4134,4.4134,4.4134,60969.254135378
1995-02-22,4.4134,4.4134,4.4134,4.4134,53263.505201329
1995-02-23,4.60825,4.60825,4.60825,4.60825,35376.507185957
1995-02-24,5.05137,5.05137,5.05137,5.05137,191024.83682198
1995-02-27,4.80333,4.80333,4.80333,4.80333,82031.131404673
1995-02-28,4.60825,4.60825,4.60825,4.60825,49920.070551199
1995-03-01,4.69108,4.69108,4.69108,4.69108,36771.491770981
1995-03-02,4.60825,4.60825,4.60825,4.60825,19856.831974027
1995-03-03,4.74418,4.74418,4.74418,4.74418,82683.969095951
1995-03-06,4.74418,4.74418,4.74418,4.74418,43814.340005024
1995-03-07,4.66151,4.66151,4.66151,4.66151,28305.985677912
1995-03-08,4.74418,4.74418,4.74418,4.74418,50555.297977202
1995-03-09,4.69108,4.69108,4.69108,4.69108,46577.893777159
1995-03-10,4.60825,4.60825,4.60825,4.60825,57947.835764567
1995-03-13,4.60825,4.60825,4.60825,4.60825,44170.318938803
1995-03-14,4.33063,4.33063,4.33063,4.33063,59492.507604432
1995-03-15,4.52572,4.52572,4.52572,4.52572,27631.764093086
1995-03-16,4.4134,4.4134,4.4134,4.4134,27424.214538055
1995-03-17,4.33063,4.33063,4.33063,4.33063,86637.473650264
1995-03-20,4.33063,4.33063,4.33063,4.33063,53369.166792981
1995-03-21,4.21838,4.21838,4.21838,4.21838,34624.297283483
1995-03-22,4.21838,4.21838,4.21838,4.21838,27866.98692212
1995-03-23,4.02337,4.02337,4.02337,4.02337,53344.009271159
1995-03-24,4.02337,4.02337,4.02337,4.02337,56200.645874036
1995-03-27,4.18897,4.18897,4.18897,4.18897,100987.32409748
1995-03-28,3.88162,3.88162,3.88162,3.88162,125081.94062241
1995-03-29,3.99388,3.99388,3.99388,3.99388,62479.963320783
1995-03-30,4.07655,4.07655,4.07655,4.07655,104002.45308783
1995-03-31,4.02337,4.02337,4.02337,4.02337,118749.79237983
1995-04-03,4.1357,4.1357,4.1357,4.1357,101627.58302784
1995-04-04,4.21838,4.21838,4.21838,4.21838,193525.49449107
1995-04-05,4.52572,4.52572,4.52572,4.52572,242172.59443808
1995-04-06,4.85644,4.85644,4.85644,4.85644,310570.86476747
1995-04-07,5.05137,5.05137,5.05137,5.05137,215955.94094747
1995-04-10,5.53004,5.53004,5.53004,5.53004,273469.80946061
1995-04-11,5.55969,5.55969,5.55969,5.55969,226746.00205688
1995-04-12,5.38829,5.38829,5.38829,5.38829,129793.94445964
1995-04-13,5.27595,5.27595,5.27595,5.27595,372703.65428711
1995-04-14,5.47097,5.47097,5.47097,5.47097,187276.3660705
1995-04-18,5.75454,5.75454,5.75454,5.75454,127946.12448182
1995-04-19,6.33941,6.33941,6.33941,6.33941,184654.95229666
1995-04-20,6.33941,6.33941,6.33941,6.33941,263299.88126411
1995-04-21,6.14457,6.14457,6.14457,6.14457,210962.17286583
1995-04-24,6.42225,6.42225,6.42225,6.42225,137017.9268508
1995-04-25,6.81227,6.81227,6.81227,6.81227,426579.7451448
1995-04-26,6.42225,6.42225,6.42225,6.42225,149942.60368681
1995-04-27,6.3926,6.3926,6.3926,6.3926,155990.47193279
1995-04-28,6.53427,6.53427,6.53427,6.53427,172779.34412064
1995-05-04,6.7288,6.7288,6.7288,6.7288,145098.52286
1995-05-05,6.33941,6.33941,6.33941,6.33941,190178.28621266
1995-05-09,6.61751,6.61751,6.61751,6.61751,101391.10232272
1995-05-10,6.92428,6.92428,6.92428,6.92428,184110.29194922
1995-05-11,7.20175,7.20175,7.20175,7.20175,276428.33402687
1995-05-12,7.20175,7.20175,7.20175,7.20175,206403.6299117
1995-05-15,7.00697,7.00697,7.00697,7.00697,158940.1913664
1995-05-16,6.06165,6.06165,6.06165,6.06165,107021.35570646
1995-05-17,6.14457,6.14457,6.14457,6.14457,117037.82301985
1995-05-18,6.14457,6.14457,6.14457,6.14457,209250.20350584
1995-05-19,6.14457,6.14457,6.14457,6.14457,77563.155529104
1995-05-22,5.61279,5.61279,5.61279,5.61279,92913.017468737
1995-05-23,5.08094,5.08094,5.08094,5.08094,179843.57624823
1995-05-24,5.55969,5.55969,5.55969,5.55969,111660.40273042
1995-05-25,5.75454,5.75454,5.75454,5.75454,209042.65395081
1995-05-26,5.55969,5.55969,5.55969,5.55969,165923.91942417
1995-05-29,5.75454,5.75454,5.75454,5.75454,73798.332388456
1995-05-30,5.19319,5.19319,5.19319,5.19319,108010.04631406
1995-05-31,5.27595,5.27595,5.27595,5.27595,75696.467409918
1995-06-01,5.08094,5.08094,5.08094,5.08094,68179.399889535
1995-06-02,4.9982,4.9982,4.9982,4.9982,79724.186653605
1995-06-05,5.47097,5.47097,5.47097,5.47097,109626.41709112
1995-06-06,5.47097,5.47097,5.47097,5.47097,50335.16966126
1995-06-07,5.27595,5.27595,5.27595,5.27595,86023.630117809
1995-06-08,5.27595,5.27595,5.27595,5.27595,58736.524073684
1995-06-09,5.19319,5.19319,5.19319,5.19319,45050.83220257
1995-06-12,5.08094,5.08094,5.08094,5.08094,26562.569415655
1995-06-13,5.08094,5.08094,5.08094,5.08094,45258.3817576
1995-06-14,5.19319,5.19319,5.19319,5.19319,33883.408265828
1995-06-16,5.08094,5.08094,5.08094,5.08094,36397.902571927
1995-06-19,5.08094,5.08094,5.08094,5.08094,48499.928444353
1995-06-20,5.47097,5.47097,5.47097,5.47097,122419.01693755
1995-06-21,5.27595,5.27595,5.27595,5.27595,57127.700553174
1995-06-22,5.08094,5.08094,5.08094,5.08094,89034.985479891
1995-06-23,5.19319,5.19319,5.19319,5.19319,53234.574051234
1995-06-26,5.38829,5.38829,5.38829,5.38829,145937.52621276
1995-06-27,5.47097,5.47097,5.47097,5.47097,105880.46209184
1995-06-28,5.27595,5.27595,5.27595,5.27595,79678.903114325
1995-06-29,5.38829,5.38829,5.38829,5.38829,83219.824310758
1995-06-30,5.47097,5.47097,5.47097,5.47097,162790.55008125
1995-07-03,5.55969,5.55969,5.55969,5.55969,119669.29980242
1995-07-04,5.6659,5.6659,5.6659,5.6659,237097.06441051
1995-07-05,5.6659,5.6659,5.6659,5.6659,198636.24504918
1995-07-06,5.61279,5.61279,5.61279,5.61279,51845.878846666
1995-07-07,5.6659,5.6659,5.6659,5.6659,68447.327496938
1995-07-10,5.6659,5.6659,5.6659,5.6659,58830.864780516
1995-07-11,5.38829,5.38829,5.38829,5.38829,43881.007437851
1995-07-12,5.27595,5.27595,5.27595,5.27595,45379.137862346
1995-07-13,5.41771,5.41771,5.41771,5.41771,37567.727336645
1995-07-14,5.41771,5.41771,5.41771,5.41771,30734.944409817
1995-07-17,5.61279,5.61279,5.61279,5.61279,73227.256643099
1995-07-18,5.6659,5.6659,5.6659,5.6659,53538.980065279
1995-07-19,5.55969,5.55969,5.55969,5.55969,117420.21735154
1995-07-20,5.47097,5.47097,5.47097,5.47097,101676.6401954
1995-07-21,5.38829,5.38829,5.38829,5.38829,36370.229297922
1995-07-24,5.22269,5.22269,5.22269,5.22269,35425.56435351
1995-07-25,5.08094,5.08094,5.08094,5.08094,65027.162405251
1995-07-26,5.19319,5.19319,5.19319,5.19319,95398.580624741
1995-07-27,5.47097,5.47097,5.47097,5.47097,70432.255968685
1995-07-28,5.19319,5.19319,5.19319,5.19319,87218.612404349
1995-07-31,5.19319,5.19319,5.19319,5.19319,39184.098113703
1995-08-01,5.08094,5.08094,5.08094,5.08094,80673.883102382
1995-08-02,5.05137,5.05137,5.05137,5.05137,51243.35619903
1995-08-03,5.19319,5.19319,5.19319,5.19319,80288.973018506
1995-08-04,4.9982,4.9982,4.9982,4.9982,49415.66223867
1995-08-07,5.08094,5.08094,5.08094,5.08094,26658.167998577
1995-08-08,4.80333,4.80333,4.80333,4.80333,34976.50258899
1995-08-09,4.85644,4.85644,4.85644,4.85644,50116.29922141
1995-08-10,4.88601,4.88601,4.88601,4.88601,110197.49283647
1995-08-11,4.9982,4.9982,4.9982,4.9982,129541.11136534
1995-08-16,4.9982,4.9982,4.9982,4.9982,45716.248654759
1995-08-17,4.9982,4.9982,4.9982,4.9982,94630.018333082
1995-08-18,4.9982,4.9982,4.9982,4.9982,43013.072934996
1995-08-21,4.9982,4.9982,4.9982,4.9982,59617.03733745
1995-08-22,4.9982,4.9982,4.9982,4.9982,43113.703022283
1995-08-23,4.80333,4.80333,4.80333,4.80333,74327.898222807
1995-08-24,4.9982,4.9982,4.9982,4.9982,39813.03615925
1995-08-25,4.88601,4.88601,4.88601,4.88601,29468.263186085
1995-08-28,4.88601,4.88601,4.88601,4.88601,44605.544066322
1995-08-29,4.85644,4.85644,4.85644,4.85644,38179.055116918
1995-08-30,4.88601,4.88601,4.88601,4.88601,59242.190262305
1995-08-31,4.85644,4.85644,4.85644,4.85644,46616.887935983
1995-09-01,4.85644,4.85644,4.85644,4.85644,81705.34149708
1995-09-04,4.88601,4.88601,4.88601,4.88601,151327.5252631
1995-09-05,4.9982,4.9982,4.9982,4.9982,113537.15385833
1995-09-06,5.05137,5.05137,5.05137,5.05137,89529.330783691
1995-09-07,5.19319,5.19319,5.19319,5.19319,122739.77534078
1995-09-08,5.38829,5.38829,5.38829,5.38829,226186.24719635
1995-09-11,5.75454,5.75454,5.75454,5.75454,281101.34370528
1995-09-12,6.14457,6.14457,6.14457,6.14457,449840.38982132
1995-09-13,6.06165,6.06165,6.06165,6.06165,365296.02198664
1995-09-14,6.25674,6.25674,6.25674,6.25674,305672.69526874
1995-09-15,6.08534,6.08534,6.08534,6.08534,276224.55810012
1995-09-18,5.94947,5.94947,5.94947,5.94947,309022.41929933
1995-09-19,5.6659,5.6659,5.6659,5.6659,211515.63834591
1995-09-20,5.75454,5.75454,5.75454,5.75454,225386.23800241
1995-09-21,5.55969,5.55969,5.55969,5.55969,65683.773724801
1995-09-22,5.6659,5.6659,5.6659,5.6659,95701.728762695
1995-09-25,5.75454,5.75454,5.75454,5.75454,144463.29543399
1995-09-26,5.75454,5.75454,5.75454,5.75454,93091.635873673
1995-09-27,5.75454,5.75454,5.75454,5.75454,76056.219971972
1995-09-28,5.53004,5.53004,5.53004,5.53004,54893.712615389
1995-09-29,5.55969,5.55969,5.55969,5.55969,79179.526306161
1995-10-02,5.6659,5.6659,5.6659,5.6659,57508.837008775
1995-10-03,5.6659,5.6659,5.6659,5.6659,121723.41145918
1995-10-04,5.47097,5.47097,5.47097,5.47097,57828.337535913
1995-10-05,5.38829,5.38829,5.38829,5.38829,106321.97659981
1995-10-06,5.38829,5.38829,5.38829,5.38829,52882.368745728
1995-10-09,5.27595,5.27595,5.27595,5.27595,40928.772252051
1995-10-10,5.08094,5.08094,5.08094,5.08094,85000.976855749
1995-10-11,5.08094,5.08094,5.08094,5.08094,38956.422541214
1995-10-12,5.19319,5.19319,5.19319,5.19319,34463.289143822
1995-10-13,5.08094,5.08094,5.08094,5.08094,22822.903796829
1995-10-16,5.27595,5.27595,5.27595,5.27595,46707.455014542
1995-10-17,5.27595,5.27595,5.27595,5.27595,59022.061946363
1995-10-18,5.27595,5.27595,5.27595,5.27595,85075.191545123
1995-10-19,5.38829,5.38829,5.38829,5.38829,114206.34393879
1995-10-20,5.22269,5.22269,5.22269,5.22269,85314.188002431
1995-10-23,5.38829,5.38829,5.38829,5.38829,64295.078520233
1995-10-24,5.33502,5.33502,5.33502,5.33502,36187.837264714
1995-10-25,5.41771,5.41771,5.41771,5.41771,57593.114706879
1995-10-26,5.41771,5.41771,5.41771,5.41771,35626.824528085
1995-10-27,5.33502,5.33502,5.33502,5.33502,42375.32975681
1995-10-30,5.33502,5.33502,5.33502,5.33502,51936.445925224
1995-10-31,5.27595,5.27595,5.27595,5.27595,50020.700638486
1995-11-02,5.38829,5.38829,5.38829,5.38829,95928.146459092
1995-11-03,5.47097,5.47097,5.47097,5.47097,136664.4636692
1995-11-06,5.55969,5.55969,5.55969,5.55969,124890.74345655
1995-11-07,5.55969,5.55969,5.55969,5.55969,99963.412959325
1995-11-08,5.33502,5.33502,5.33502,5.33502,58307.58832662
1995-11-09,5.33502,5.33502,5.33502,5.33502,76311.568818465
1995-11-10,5.27595,5.27595,5.27595,5.27595,136425.4672119
1995-11-13,5.27595,5.27595,5.27595,5.27595,38746.357234001
1995-11-14,5.27595,5.27595,5.27595,5.27595,124483.19160304
1995-11-15,5.27595,5.27595,5.27595,5.27595,61105.104753215
1995-11-16,5.19319,5.19319,5.19319,5.19319,26957.542508259
1995-11-17,5.27595,5.27595,5.27595,5.27595,23776.373873879
1995-11-20,4.88601,4.88601,4.88601,4.88601,53408.160951805
1995-11-21,4.9982,4.9982,4.9982,4.9982,56016.995964736
1995-11-22,5.22269,5.22269,5.22269,5.22269,29298.449913787
1995-11-23,5.22269,5.22269,5.22269,5.22269,40599.208716184
1995-11-24,5.19319,5.19319,5.19319,5.19319,36581.552481227
1995-11-27,5.08094,5.08094,5.08094,5.08094,20167.527368527
1995-11-28,5.19319,5.19319,5.19319,5.19319,73740.470088265
1995-11-29,5.05137,5.05137,5.05137,5.05137,37098.539554666
1995-11-30,5.14009,5.14009,5.14009,5.14009,43787.92460711
1995-12-01,5.14009,5.14009,5.14009,5.14009,72010.89046301
1995-12-04,5.08094,5.08094,5.08094,5.08094,20167.527368527
1995-12-05,5.05137,5.05137,5.05137,5.05137,57276.129931922
1995-12-06,4.9982,4.9982,4.9982,4.9982,58918.916106893
1995-12-07,5.08094,5.08094,5.08094,5.08094,175809.56762409
1995-12-08,5.08094,5.08094,5.08094,5.08094,119239.10617927
1995-12-11,5.38829,5.38829,5.38829,5.38829,134339.90865286
1995-12-12,5.38829,5.38829,5.38829,5.38829,93330.632330981
1995-12-13,5.22269,5.22269,5.22269,5.22269,46249.588117383
1995-12-14,5.27595,5.27595,5.27595,5.27595,78063.79021336
1995-12-15,4.88601,4.88601,4.88601,4.88601,39800.457398339
1995-12-18,4.88601,4.88601,4.88601,4.88601,104977.30705843
1995-12-19,4.88601,4.88601,4.88601,4.88601,166165.43163366
1995-12-20,4.4134,4.4134,4.4134,4.4134,83408.505724422
1995-12-21,4.60825,4.60825,4.60825,4.60825,182852.41585812
1995-12-22,4.80333,4.80333,4.80333,4.80333,55799.383400977
1995-12-27,5.08094,5.08094,5.08094,5.08094,81263.826989105
1995-12-28,4.9982,4.9982,4.9982,4.9982,15307.094152536
1995-12-29,4.88601,4.88601,4.88601,4.88601,63949.162595182
1996-01-02,4.9982,4.9982,4.9982,4.9982,19704.628967004
1996-01-03,5.08094,5.08094,5.08094,5.08094,90216.131129429
1996-01-04,5.19319,5.19319,5.19319,5.19319,74506.516627743
1996-01-05,5.33502,5.33502,5.33502,5.33502,149337.56528699
1996-01-08,5.47097,5.47097,5.47097,5.47097,132739.89026499
1996-01-09,5.6659,5.6659,5.6659,5.6659,318157.11547286
1996-01-10,5.75454,5.75454,5.75454,5.75454,346557.4418576
1996-01-11,5.6659,5.6659,5.6659,5.6659,194406.00775484
1996-01-12,5.6659,5.6659,5.6659,5.6659,262060.87331438
1996-01-15,5.75454,5.75454,5.75454,5.75454,199741.91813326
1996-01-16,5.6659,5.6659,5.6659,5.6659,111226.43547899
1996-01-17,5.75454,5.75454,5.75454,5.75454,143853.22552981
1996-01-18,5.75454,5.75454,5.75454,5.75454,327085.51996744
1996-01-19,5.6659,5.6659,5.6659,5.6659,97555.838120969
1996-01-22,5.86672,5.86672,5.86672,5.86672,118859.22759976
1996-01-23,5.86672,5.86672,5.86672,5.86672,100270.33472555
1996-01-24,5.94947,5.94947,5.94947,5.94947,408974.51137383
1996-01-25,6.14457,6.14457,6.14457,6.14457,319287.94607875
1996-01-26,6.7288,6.7288,6.7288,6.7288,507973.13337129
1996-01-29,7.3962,7.3962,7.3962,7.3962,521631.15196839
1996-01-30,7.87597,7.87597,7.87597,7.87597,944878.78334788
1996-01-31,8.124,8.124,8.124,8.124,521726.75055131
1996-02-01,8.06995,8.06995,8.06995,8.06995,599005.62608383
1996-02-02,7.87597,7.87597,7.87597,7.87597,110862.90928866
1996-02-05,7.6812,7.6812,7.6812,7.6812,103003.6994715
1996-02-06,7.6812,7.6812,7.6812,7.6812,134714.755728
1996-02-07,7.48667,7.48667,7.48667,7.48667,79441.164533109
1996-02-08,7.7933,7.7933,7.7933,7.7933,127908.38819909
1996-02-09,8.06995,8.06995,8.06995,8.06995,294298.97965306
1996-02-12,8.46108,8.46108,8.46108,8.46108,169072.38328017
1996-02-13,8.06995,8.06995,8.06995,8.06995,161091.15948218
1996-02-14,7.95866,7.95866,7.95866,7.95866,118303.24636749
1996-02-15,7.6812,7.6812,7.6812,7.6812,61203.219088322
1996-02-16,8.06995,8.06995,8.06995,8.06995,244298.40503203
1996-02-19,8.06995,8.06995,8.06995,8.06995,80356.898327425
1996-02-20,7.73367,7.73367,7.73367,7.73367,74983.251666268
1996-02-21,7.6812,7.6812,7.6812,7.6812,54301.252976482
1996-02-22,8.124,8.124,8.124,8.124,42517.469755104
1996-02-23,7.87597,7.87597,7.87597,7.87597,73400.84354367
1996-02-26,7.87597,7.87597,7.87597,7.87597,61206.992716594
1996-02-27,7.87597,7.87597,7.87597,7.87597,72067.494887109
1996-02-28,7.92924,7.92924,7.92924,7.92924,20110.922944427
1996-02-29,8.26471,8.26471,8.26471,8.26471,138828.01054589
1996-03-01,8.73695,8.73695,8.73695,8.73695,209718.13341173
1996-03-04,9.07481,9.07481,9.07481,9.07481,270405.62330271
1996-03-05,9.41105,9.41105,9.41105,9.41105,263481.01542123
1996-03-06,9.33005,9.33005,9.33005,9.33005,156595.5103326
1996-03-07,9.15754,9.15754,9.15754,9.15754,93294.153924338
1996-03-08,9.15754,9.15754,9.15754,9.15754,226441.59604284
1996-03-11,8.93246,8.93246,8.93246,8.93246,150857.07960503
1996-03-12,8.73695,8.73695,8.73695,8.73695,101426.32285327
1996-03-13,8.82679,8.82679,8.82679,8.82679,63974.320117004
1996-03-14,8.82679,8.82679,8.82679,8.82679,55076.104648597
1996-03-15,9.07481,9.07481,9.07481,9.07481,76194.586341992
1996-03-18,9.21629,9.21629,9.21629,9.21629,39608.002356401
1996-03-19,9.41105,9.41105,9.41105,9.41105,228152.30752673
1996-03-20,9.26956,9.26956,9.26956,9.26956,185204.64414847
1996-03-21,9.13371,9.13371,9.13371,9.13371,136838.05056977
1996-03-22,8.82679,8.82679,8.82679,8.82679,125676.91601349
1996-03-25,8.62564,8.62564,8.62564,8.62564,91033.750588641
1996-03-26,8.62564,8.62564,8.62564,8.62564,39868.382707258
1996-03-27,8.93246,8.93246,8.93246,8.93246,62726.507034638
1996-03-28,8.82679,8.82679,8.82679,8.82679,51338.954781954
1996-03-29,8.93246,8.93246,8.93246,8.93246,99207.429428576
1996-04-01,8.93246,8.93246,8.93246,8.93246,18746.127385589
1996-04-02,9.13371,9.13371,9.13371,9.13371,69760.550136041
1996-04-03,9.13371,9.13371,9.13371,9.13371,46048.327942808
1996-04-04,9.26956,9.26956,9.26956,9.26956,116168.6306409
1996-04-05,9.35229,9.35229,9.35229,9.35229,63924.00507336
1996-04-09,9.26956,9.26956,9.26956,9.26956,41743.875959081
1996-04-10,9.35229,9.35229,9.35229,9.35229,53181.743255408
1996-04-11,9.33005,9.33005,9.33005,9.33005,34308.570384618
1996-04-12,9.33005,9.33005,9.33005,9.33005,58859.795930611
1996-04-15,9.35229,9.35229,9.35229,9.35229,41691.045163254
1996-04-16,9.35229,9.35229,9.35229,9.35229,53125.138831309
1996-04-17,9.41105,9.41105,9.41105,9.41105,154776.62150489
1996-04-18,9.6059,9.6059,9.6059,9.6059,285921.52488636
1996-04-19,9.99706,9.99706,9.99706,9.99706,206865.27043712
1996-04-22,10.5574,10.5574,10.5574,10.5574,189618.53135212
1996-04-23,11.0313,11.0313,11.0313,11.0313,202583.46022304
1996-04-24,10.8643,10.8643,10.8643,10.8643,122115.8687996
1996-04-25,11.0313,11.0313,11.0313,11.0313,129419.09738449
1996-04-26,10.7531,10.7531,10.7531,10.7531,111016.37017178
1996-04-29,10.7531,10.7531,10.7531,10.7531,113109.47598736
1996-04-30,10.9487,10.9487,10.9487,10.9487,88476.488495444
1996-05-06,11.5035,11.5035,11.5035,11.5035,187358.12801643
1996-05-07,12.4011,12.4011,12.4011,12.4011,212043.94630416
1996-05-08,12.5084,12.5084,12.5084,12.5084,149480.96316137
1996-05-09,12.2881,12.2881,12.2881,12.2881,129083.24446818
1996-05-10,11.8923,11.8923,11.8923,11.8923,64012.056399736
1996-05-13,11.8923,11.8923,11.8923,11.8923,88014.847970013
1996-05-14,11.6164,11.6164,11.6164,11.6164,92798.550744447
1996-05-15,11.8406,11.8406,11.8406,11.8406,78506.562597426
1996-05-16,12.2881,12.2881,12.2881,12.2881,66578.12362557
1996-05-17,12.2881,12.2881,12.2881,12.2881,158057.16235045
1996-05-20,13.46,13.46,13.46,13.46,249825.5125763
1996-05-21,12.5084,12.5084,12.5084,12.5084,117904.49964661
1996-05-22,11.8923,11.8923,11.8923,11.8923,157409.35616355
1996-05-23,11.6164,11.6164,11.6164,11.6164,186761.89474925
1996-05-24,11.6164,11.6164,11.6164,11.6164,166531.47357617
1996-05-27,11.6164,11.6164,11.6164,11.6164,124005.19868842
1996-05-28,11.4502,11.4502,11.4502,11.4502,66074.973189132
1996-05-29,11.1433,11.1433,11.1433,11.1433,138171.39922634
1996-05-30,10.8643,10.8643,10.8643,10.8643,129620.35755907
1996-05-31,10.8643,10.8643,10.8643,10.8643,289529.11351562
1996-06-03,11.5035,11.5035,11.5035,11.5035,99170.951021935
1996-06-04,12.1181,12.1181,12.1181,12.1181,160037.05931784
1996-06-05,12.1768,12.1768,12.1768,12.1768,116221.46143673
1996-06-07,12.5084,12.5084,12.5084,12.5084,187847.44181586
1996-06-10,12.8446,12.8446,12.8446,12.8446,252119.87856645
1996-06-11,13.3463,13.3463,13.3463,13.3463,244124.81813146
1996-06-12,12.9559,12.9559,12.9559,12.9559,152080.99304167
1996-06-13,12.9559,12.9559,12.9559,12.9559,239063.12474089
1996-06-14,12.5084,12.5084,12.5084,12.5084,178979.41537364
1996-06-17,12.5664,12.5664,12.5664,12.5664,73215.935758279
1996-06-18,12.5664,12.5664,12.5664,12.5664,56940.277015601
1996-06-19,12.9559,12.9559,12.9559,12.9559,142396.60501632
1996-06-20,12.6786,12.6786,12.6786,12.6786,125654.27424386
1996-06-21,12.9559,12.9559,12.9559,12.9559,71546.734185396
1996-06-24,13.46,13.46,13.46,13.46,126788.87847802
1996-06-25,13.8488,13.8488,13.8488,13.8488,226525.87374095
1996-06-26,14.185,14.185,14.185,14.185,147050.74655337
1996-06-27,14.0205,14.0205,14.0205,14.0205,210767.20207171
1996-06-28,14.1318,14.1318,14.1318,14.1318,188646.19313371
1996-07-01,14.4092,14.4092,14.4092,14.4092,115865.48250295
1996-07-02,14.0205,14.0205,14.0205,14.0205,94199.824709927
1996-07-03,13.6237,13.6237,13.6237,13.6237,133630.46653748
1996-07-04,14.2971,14.2971,14.2971,14.2971,172235.94164928
1996-07-05,14.4092,14.4092,14.4092,14.4092,191688.99539807
1996-07-08,14.0205,14.0205,14.0205,14.0205,81217.285573735
1996-07-09,13.7358,13.7358,13.7358,13.7358,220109.44780027
1996-07-10,13.46,13.46,13.46,13.46,131837.99310768
1996-07-11,13.3463,13.3463,13.3463,13.3463,61360.453599708
1996-07-12,13.0688,13.0688,13.0688,13.0688,71392.015426192
1996-07-15,13.3463,13.3463,13.3463,13.3463,60423.335911843
1996-07-16,13.1801,13.1801,13.1801,13.1801,67944.1770605
1996-07-17,12.8446,12.8446,12.8446,12.8446,282561.73784705
1996-07-18,12.6786,12.6786,12.6786,12.6786,183828.52770481
1996-07-19,12.9559,12.9559,12.9559,12.9559,190980.81115878
1996-07-22,12.9559,12.9559,12.9559,12.9559,230613.97103701
1996-07-23,12.9559,12.9559,12.9559,12.9559,118930.92653695
1996-07-24,12.9559,12.9559,12.9559,12.9559,183029.77638697
1996-07-25,13.1801,13.1801,13.1801,13.1801,73862.484069102
1996-07-26,13.0688,13.0688,13.0688,13.0688,118912.05839558
1996-07-29,13.2342,13.2342,13.2342,13.2342,98783.525185878
1996-07-30,13.0688,13.0688,13.0688,13.0688,68599.530503961
1996-07-31,13.0688,13.0688,13.0688,13.0688,158437.04092996
1996-08-01,12.7914,12.7914,12.7914,12.7914,105282.97094857
1996-08-02,12.6786,12.6786,12.6786,12.6786,67597.003259357
1996-08-05,12.8446,12.8446,12.8446,12.8446,31566.400506031
1996-08-06,13.0688,13.0688,13.0688,13.0688,79312.861171816
1996-08-07,12.9559,12.9559,12.9559,12.9559,78373.227731769
1996-08-08,13.1801,13.1801,13.1801,13.1801,39604.228728128
1996-08-09,13.2342,13.2342,13.2342,13.2342,59609.490080904
1996-08-12,13.46,13.46,13.46,13.46,35957.645940044
1996-08-13,13.3463,13.3463,13.3463,13.3463,33336.232166202
1996-08-14,13.5173,13.5173,13.5173,13.5173,69033.497755388
1996-08-16,14.4092,14.4092,14.4092,14.4092,243289.58840698
1996-08-19,15.1899,15.1899,15.1899,15.1899,363607.9522724
1996-08-20,14.9124,14.9124,14.9124,14.9124,146131.23913078
1996-08-21,15.1899,15.1899,15.1899,15.1899,158093.6407571
1996-08-22,15.3608,15.3608,15.3608,15.3608,259304.86679879
1996-08-23,15.8641,15.8641,15.8641,15.8641,133317.2553908
1996-08-26,15.7519,15.7519,15.7519,15.7519,46448.332539777
1996-08-27,15.3608,15.3608,15.3608,15.3608,55637.117385226
1996-08-28,15.7519,15.7519,15.7519,15.7519,61111.394133671
1996-08-29,16.0286,16.0286,16.0286,16.0286,49693.652854802
1996-08-30,16.2528,16.2528,16.2528,16.2528,74883.879455072
1996-09-02,16.306,16.306,16.306,16.306,65027.162405251
1996-09-03,16.306,16.306,16.306,16.306,186627.3020075
1996-09-04,16.1415,16.1415,16.1415,16.1415,39063.342008957
1996-09-05,15.7519,15.7519,15.7519,15.7519,81653.768577345
1996-09-06,15.7519,15.7519,15.7519,15.7519,39050.763248046
1996-09-09,15.8641,15.8641,15.8641,15.8641,62764.243317371
1996-09-10,16.2528,16.2528,16.2528,16.2528,113309.47828584
1996-09-11,16.306,16.306,16.306,16.306,134537.39519916
1996-09-12,16.8085,16.8085,16.8085,16.8085,61656.054481116
1996-09-13,17.3101,17.3101,17.3101,17.3101,75924.142982407
1996-09-16,18.2617,18.2617,18.2617,18.2617,145353.87170649
1996-09-17,19.2142,19.2142,19.2142,19.2142,163933.95944805
1996-09-18,18.7117,18.7117,18.7117,18.7117,89529.330783691
1996-09-19,18.2617,18.2617,18.2617,18.2617,98287.922005985
1996-09-20,18.5392,18.5392,18.5392,18.5392,236278.18707521
1996-09-23,18.5392,18.5392,18.5392,18.5392,101446.44887073
1996-09-24,18.0376,18.0376,18.0376,18.0376,53081.11316812
1996-09-25,17.8714,17.8714,17.8714,17.8714,109197.48134405
1996-09-26,18.1496,18.1496,18.1496,18.1496,43468.424079973
1996-09-27,18.6521,18.6521,18.6521,18.6521,81457.539907134
1996-09-30,18.6521,18.6521,18.6521,18.6521,84165.747131262
1996-10-01,17.8714,17.8714,17.8714,17.8714,48907.480297867
1996-10-02,18.4278,18.4278,18.4278,18.4278,56810.715778217
1996-10-03,18.6521,18.6521,18.6521,18.6521,36612.999383504
1996-10-04,18.2617,18.2617,18.2617,18.2617,119096.96618097
1996-10-07,18.4278,18.4278,18.4278,18.4278,47561.552880396
1996-10-08,18.7117,18.7117,18.7117,18.7117,76725.410052435
1996-10-09,18.9295,18.9295,18.9295,18.9295,93617.42807975
1996-10-10,19.102,19.102,19.102,19.102,129866.90127293
1996-10-11,18.6521,18.6521,18.6521,18.6521,20479.480639119
1996-10-14,18.7117,18.7117,18.7117,18.7117,71834.787810256
1996-10-15,18.5392,18.5392,18.5392,18.5392,101879.15824606
1996-10-16,18.9295,18.9295,18.9295,18.9295,121323.40686221
1996-10-17,18.9295,18.9295,18.9295,18.9295,105689.26492599
1996-10-18,18.9295,18.9295,18.9295,18.9295,122093.22702996
1996-10-21,18.4278,18.4278,18.4278,18.4278,48616.910920824
1996-10-22,17.4826,17.4826,17.4826,17.4826,93472.772329274
1996-10-23,17.7601,17.7601,17.7601,17.7601,117203.86266387
1996-10-24,17.0923,17.0923,17.0923,17.0923,73116.563547083
1996-10-25,15.5794,15.5794,15.5794,15.5794,70273.763581208
1996-10-28,15.5794,15.5794,15.5794,15.5794,266754.00901026
1996-10-29,15.3608,15.3608,15.3608,15.3608,189182.04834852
1996-10-30,16.8085,17.3101,16.8085,17.3101,55679.885172323
1996-10-31,16.8085,16.8085,16.8085,16.8085,115763.59453957
1996-11-04,16.8085,16.8085,16.8085,16.8085,77125.414649402
1996-11-05,16.8085,16.8085,16.8085,16.8085,35484.684529792
1996-11-06,17.3101,17.3101,17.3101,17.3101,100011.21225079
1996-11-07,17.6463,17.6463,17.6463,17.6463,66691.332473769
1996-11-08,17.6463,17.6463,17.6463,17.6463,36862.058849541
1996-11-12,17.3101,17.3101,17.3101,17.3101,30438.085652318
1996-11-13,16.8085,16.8085,16.4182,16.4182,99160.888013206
1996-11-14,16.306,16.306,16.306,16.306,53101.239185578
1996-11-15,16.8085,16.8085,16.8085,16.8085,76769.435715623
1996-11-18,16.5318,16.5318,16.5318,16.5318,52050.912649514
1996-11-19,16.8085,16.8085,16.8085,16.8085,54730.188723546
1996-11-20,16.6956,16.6956,16.6956,16.6956,28083.341609789
1996-11-21,17.0923,17.0923,16.8085,16.8085,18561.219600199
1996-11-22,16.9793,16.9793,16.9793,16.9793,21733.58310194
1996-11-25,17.1988,17.1988,17.1988,17.1988,61247.24475151
1996-11-26,16.8085,16.8085,16.8085,16.8085,47438.281023468
1996-11-27,16.8085,16.8085,16.8085,16.8085,42265.894536885
1996-11-28,16.6956,16.6956,16.6956,16.6956,27244.338257028
1996-11-29,17.3101,17.3101,17.3101,17.3101,50423.220987637
1996-12-02,16.6956,16.6956,16.6956,16.6956,191094.02000697
1996-12-03,16.2528,16.2528,16.2528,16.2528,116479.3260354
1996-12-04,16.306,16.306,16.306,16.306,99096.73633256
1996-12-05,17.1988,17.1988,17.1988,17.1988,60752.899447709
1996-12-06,16.8085,16.8085,16.5318,16.5318,85525.511185736
1996-12-09,16.9198,16.9198,16.9198,16.9198,172968.0255343
1996-12-10,17.1988,17.1988,17.1988,17.1988,88975.865303609
1996-12-11,17.1988,18.2617,17.1988,18.2617,53296.209979698
1996-12-12,17.3705,17.3705,17.3705,17.3705,109506.91886246
1996-12-13,17.3705,17.6463,17.3705,17.6463,91130.607047655
1996-12-16,17.3705,17.6463,17.3705,17.6463,86363.256662404
1996-12-17,17.4826,17.5947,17.4826,17.5947,39358.942890364
1996-12-18,17.5947,17.5947,17.5947,17.5947,72729.137711025
1996-12-19,17.7601,17.7601,17.7601,17.7601,85217.331543418
1996-12-20,17.8714,17.8714,17.8714,17.8714,55786.804640066
1996-12-23,18.4278,18.4278,18.1496,18.2617,59442.192560789
1996-12-24,18.4278,18.4278,18.4278,18.4278,60617.048829871
1996-12-30,18.2617,18.2617,18.2617,18.2617,56235.866404587
1996-12-31,18.6521,18.6521,18.6521,18.6521,19005.249860355
1997-01-02,18.7117,18.9295,18.7117,18.9295,24864.436692677
1997-01-03,18.9295,18.9295,18.4278,18.4278,81644.963444708
1997-01-06,18.7117,18.7117,18.7117,18.7117,66302.648761621
1997-01-07,18.8238,19.3787,18.8238,19.3787,38907.365373662
1997-01-08,19.2142,20.1586,19.2142,20.1586,139521.10027208
1997-01-09,19.6561,19.9925,19.6561,19.9925,103145.8394698
1997-01-10,20.2714,20.3827,20.2714,20.3827,193632.41395881
1997-01-13,20.5544,20.5544,20.5544,20.5544,91497.906866255
1997-01-14,20.2714,20.4431,20.2714,20.4431,99496.740929528
1997-01-15,19.3787,19.9925,19.3787,19.769,200672.74644067
1997-01-16,20.3827,20.5544,20.1586,20.2714,93421.199409539
1997-01-17,20.5544,20.719,20.5544,20.719,170268.62344281
1997-01-20,20.719,20.719,20.719,20.719,102631.36814854
1997-01-21,20.5544,20.6673,20.5544,20.6673,190631.12160546
1997-01-22,21.0568,21.611,21.0568,21.611,70829.744813472
1997-01-23,22.0602,22.9538,21.611,22.4513,110433.9735416
1997-01-24,23.5143,24.2949,23.5143,24.1828,109535.85001256
1997-01-27,24.1828,24.1828,23.9038,24.1828,144716.12852831
1997-01-28,24.0167,24.0167,23.3433,23.5143,149070.89555568
1997-01-29,22.5626,22.6748,22.5626,22.5626,290058.67934998
1997-01-30,22.0602,22.0602,22.0602,22.0602,41972.80940766
1997-01-31,22.5626,23.4553,22.4513,23.0659,54728.930847455
1997-02-03,23.0659,23.0659,22.9538,23.0659,119118.35007452
1997-02-04,23.0659,23.0659,22.4513,22.4513,107811.30189167
1997-02-05,23.0659,23.0659,23.0659,23.0659,135702.18845952
1997-02-06,23.0659,24.1296,23.0659,24.1296,124841.686289
1997-02-07,23.9038,24.407,23.9038,24.1828,82117.924854958
1997-02-10,23.9038,24.407,23.2296,23.2296,130636.72144068
1997-02-11,23.9038,24.4602,23.9038,24.1296,72444.857714437
1997-02-12,24.5715,24.5715,23.5143,24.1296,118968.66281968
1997-02-13,24.5715,25.4644,24.5715,25.4644,68178.142013444
1997-02-14,24.9627,25.2456,24.7974,24.9627,94596.055678621
1997-02-17,25.4644,25.4644,24.9627,24.9627,151945.14242383
1997-02-18,25.9126,25.9126,25.9126,25.9126,195130.54438331
1997-02-19,26.8643,27.3667,26.8054,26.8643,138350.01763127
1997-02-20,25.9126,25.9126,25.1337,25.1337,114150.99739079
1997-02-21,25.4644,25.4644,24.9627,24.9627,61379.321741075
1997-02-24,24.9627,24.9627,24.9627,24.9627,83739.327136381
1997-02-25,24.9627,26.4159,24.9627,26.4159,66867.435126522
1997-02-26,25.4644,25.9126,25.074,25.074,86302.878610032
1997-02-27,25.4644,25.4644,25.4644,25.4644,79002.165777317
1997-02-28,24.2949,24.9627,24.2949,24.9627,51902.483270765
1997-03-03,24.0167,24.0167,24.0167,24.0167,96438.844152076
1997-03-04,24.0167,24.1296,23.7932,24.1296,156286.0728142
1997-03-05,24.0167,24.0167,24.0167,24.0167,105101.83679145
1997-03-06,23.5143,24.0167,23.5143,24.0167,58237.147265519
1997-03-07,23.0659,24.0167,23.0659,23.6271,75885.148823582
1997-03-10,23.0659,23.6271,23.0659,23.6271,75711.561923012
1997-03-11,23.0659,24.0167,23.0659,24.0167,106334.55536072
1997-03-12,23.5143,23.7932,23.3433,23.3433,175809.56762409
1997-03-13,21.3869,23.0659,21.3869,21.3869,157687.34677968
1997-03-14,22.3973,22.5626,22.3973,22.5626,256848.23479288
1997-03-17,22.5626,23.0659,22.5626,23.0659,135314.76262346
1997-03-18,23.0659,23.0659,23.0659,23.0659,83416.052980969
1997-03-19,23.0659,23.0659,23.0659,23.0659,103704.33645424
1997-03-20,23.0659,23.6271,22.5626,23.6271,120226.53891077
1997-03-21,21.3343,21.3343,21.3343,21.3343,297810.96969939
1997-03-24,21.611,21.611,21.1102,21.611,50860.961867338
1997-03-25,21.611,21.611,21.4997,21.4997,36103.559566611
1997-03-26,21.89,22.3973,21.89,22.3973,134643.05679081
1997-03-27,21.611,21.611,21.3343,21.3343,104508.11927645
1997-04-01,20.5544,20.5544,19.3787,20.1586,75818.481390755
1997-04-02,19.6561,19.8812,19.6561,19.8812,110461.6468156
1997-04-03,19.6561,20.1586,19.6561,20.1586,104145.85096222
1997-04-04,19.4916,20.052,19.4916,20.052,64985.652494244
1997-04-07,20.1586,20.1586,20.052,20.052,120425.28333317
1997-04-08,20.1586,20.1586,19.6561,19.6561,50352.779926535
1997-04-09,20.1586,20.1586,20.1586,20.1586,91661.430758097
1997-04-10,20.1586,20.1586,20.052,20.1586,31049.41343259
1997-04-11,19.6037,19.6037,19.6037,19.6037,95980.977254917
1997-04-14,19.2142,19.2142,19.2142,19.2142,64672.441347561
1997-04-15,19.2142,19.2142,19.2142,19.2142,76856.229165908
1997-04-16,19.4916,19.4916,18.9884,18.9884,54477.355629236
1997-04-17,19.3787,19.3787,19.3787,19.3787,23115.988926054
1997-04-18,19.6037,19.6037,19.6037,19.6037,49686.105598255
1997-04-21,19.6561,19.6561,19.2142,19.3787,27353.773476953
1997-04-22,19.6561,19.769,19.6561,19.769,92836.28702718
1997-04-23,19.769,19.769,19.3787,19.4916,40274.676684681
1997-04-24,19.6561,19.6561,19.6561,19.6561,27469.498077333
1997-04-25,18.7117,18.7117,18.7117,18.7117,112685.57174466
1997-04-28,18.1496,18.1496,18.1496,18.1496,29610.403184378
1997-04-29,17.6463,17.6463,17.6463,17.6463,59832.134149028
1997-04-30,17.4826,17.4826,17.3101,17.3101,68052.354404334
1997-05-06,18.2617,18.2617,18.2617,18.2617,57907.583729653
1997-05-07,17.6463,17.6463,17.6463,17.6463,55733.97384424
1997-05-08,17.1988,17.3101,17.0923,17.0923,71781.957014431
1997-05-09,16.8085,17.1988,16.8085,17.1988,57440.911699856
1997-05-12,16.306,16.8085,16.306,16.8085,43567.796291169
1997-05-13,16.306,16.5318,16.306,16.5318,126354.9112266
1997-05-14,16.306,17.7601,16.306,17.3101,106505.62650911
1997-05-15,17.3101,17.3101,17.1988,17.1988,170429.63158247
1997-05-16,17.0923,17.5947,17.0923,17.3101,165177.99890215
1997-05-19,17.0923,17.5947,17.0923,17.4826,69434.760228447
1997-05-20,17.5947,17.5947,17.3101,17.3705,78399.643129682
1997-05-21,17.9842,17.9842,17.6463,17.7601,96536.958487182
1997-05-22,17.9842,17.9842,17.3101,17.3101,105218.81926792
1997-05-23,17.5947,17.5947,17.0923,17.0923,58184.316469693
1997-05-26,17.4826,17.4826,17.4826,17.4826,180517.79783305
1997-05-27,17.0923,17.1988,16.9793,16.9793,113632.75244126
1997-05-28,16.8085,16.8085,16.8085,16.8085,73839.842299463
1997-05-30,17.0923,17.5947,17.0923,17.3705,117620.21965003
1997-06-02,17.5947,17.7601,17.5947,17.6463,70609.61649753
1997-06-03,17.9842,17.9842,17.7601,17.8714,182536.68895926
1997-06-04,18.2617,18.2617,17.7601,17.9842,86446.276484417
1997-06-05,18.6521,18.8238,18.5392,18.8238,90162.042457511
1997-06-06,19.6561,19.6561,19.2142,19.4916,70885.09136148
1997-06-09,20.052,20.052,20.052,20.052,93919.318341613
1997-06-10,20.1586,20.1586,19.9925,19.9925,120323.39536979
1997-06-11,20.3827,20.5544,20.3827,20.5544,81639.931940342
1997-06-12,20.6673,21.1102,20.6673,21.1102,45430.710782081
1997-06-13,20.8319,22.0602,20.8319,22.0602,130619.11117541
1997-06-16,20.3827,20.3827,20.1586,20.2714,216762.23952187
1997-06-17,18.3142,18.7117,18.3142,18.5392,81877.67052156
1997-06-18,18.9295,18.9295,18.5392,18.5392,63352.929328003
1997-06-19,19.3255,20.9433,19.3255,20.1586,74509.032379925
1997-06-20,19.102,19.3255,19.102,19.2142,40636.944998917
1997-06-23,19.2142,19.6561,19.2142,19.6561,38688.494933811
1997-06-24,19.6561,19.6561,19.6561,19.6561,93468.998701001
1997-06-25,18.9295,18.9295,18.3142,18.3142,31480.864931837
1997-06-26,18.2617,18.2617,17.6463,17.6463,27919.817717946
1997-06-27,18.0376,18.2617,18.0376,18.0376,43361.504612229
1997-06-30,18.0376,18.0376,18.0376,18.0376,56185.551360944
1997-07-01,18.0376,18.0376,18.0376,18.0376,30924.883699572
1997-07-02,17.5947,17.7601,17.5947,17.7601,8236.5726444905
1997-07-03,18.0376,18.5392,18.0376,18.5392,58263.562663432
1997-07-04,19.769,19.769,19.769,19.769,58347.840361536
1997-07-07,20.1586,20.1586,20.1586,20.1586,59669.868133277
1997-07-08,19.6561,19.6561,19.4916,19.4916,25527.337392683
1997-07-09,19.3255,19.3255,19.3255,19.3255,36535.011065856
1997-07-10,18.9884,18.9884,18.9884,18.9884,19931.046663401
1997-07-11,18.9884,18.9884,18.9884,18.9884,24409.0855477
1997-07-14,18.2617,18.2617,17.3101,17.3101,29248.134870143
1997-07-15,17.7601,17.7601,17.7601,17.7601,26996.536667083
1997-07-16,17.5947,17.5947,17.5947,17.5947,38254.527682384
1997-07-17,18.0376,18.0376,18.0376,18.0376,60798.182986988
1997-07-18,18.2617,18.2617,18.2617,18.2617,62940.345970124
1997-07-21,18.2617,18.2617,18.2617,18.2617,135854.39146654
1997-07-22,17.4826,17.9842,17.4826,17.7601,102496.77540679
1997-07-23,17.4826,17.4826,17.4826,17.4826,73136.68956454
1997-07-24,17.4826,17.4826,17.4826,17.4826,61125.230770673
1997-07-25,17.4826,17.4826,17.4826,17.4826,53345.26714725
1997-07-28,17.4826,17.4826,17.4826,17.4826,41187.894726816
1997-07-29,16.6956,17.4826,16.6956,17.4826,11886.929060848
1997-07-30,17.0923,17.3705,17.0923,17.3705,40660.844644648
1997-07-31,17.4826,17.4826,17.4826,17.4826,53028.282372295
1997-08-01,17.4826,17.4826,17.3101,17.3101,52966.64644383
1997-08-04,17.5947,17.5947,17.5947,17.5947,11679.379505818
1997-08-05,17.5947,17.5947,17.5947,17.5947,42717.472053588
1997-08-06,17.5947,18.2617,17.5947,18.2617,134805.32280657
1997-08-07,18.4278,19.6561,18.4278,19.6561,319355.87138767
1997-08-08,19.769,20.719,19.769,19.9925,814175.39447437
1997-08-11,20.6673,20.719,20.2714,20.6673,576308.50989612
1997-08-12,21.0568,22.5626,21.0568,21.7239,821296.23102606
1997-08-13,21.1102,21.1102,21.1102,21.1102,336015.18233814
1997-08-14,19.8812,19.8812,19.2142,19.3255,78091.463487364
1997-08-18,18.1496,18.1496,17.3705,17.9842,98412.451739005
1997-08-19,19.769,19.769,19.3255,19.6037,102876.6539863
1997-08-20,20.1586,20.1586,19.102,19.4916,112358.52396098
1997-08-21,19.6561,19.6561,19.2142,19.3787,34728.700999043
1997-08-22,19.102,19.2142,19.102,19.2142,32040.619792374
1997-08-25,18.9884,18.9884,18.6521,18.6521,31250.673607165
1997-08-26,18.6521,18.9884,18.6521,18.9884,29016.68566938
1997-08-27,18.9884,19.102,18.9884,19.102,39975.302175001
1997-08-28,19.3255,19.3255,19.2142,19.2142,51242.09832294
1997-08-29,18.2617,18.5392,18.2617,18.3142,63195.694816616
1997-09-01,18.4278,18.5392,18.4278,18.5392,62798.20597183
1997-09-02,18.5392,18.5392,18.4278,18.5392,97648.92095171
1997-09-03,19.4916,19.769,19.4916,19.769,60973.02776365
1997-09-04,19.6037,19.6037,19.2142,19.3787,124577.53230987
1997-09-05,19.6561,19.9925,19.6561,19.9925,103104.32955879
1997-09-08,20.052,20.052,20.052,20.052,23343.664498542
1997-09-09,20.1586,20.1586,19.9925,19.9925,107057.8341131
1997-09-10,20.1586,20.1586,20.1586,20.1586,73311.534341203
1997-09-11,20.1586,20.1586,20.1586,20.1586,140849.41742428
1997-09-12,20.6673,20.6673,20.6673,20.6673,148640.70193252
1997-09-15,21.1102,21.1102,21.1102,21.1102,148375.2900773
1997-09-16,21.1102,21.1102,21.1102,21.1102,80448.723282076
1997-09-17,20.3827,20.3827,20.3827,20.3827,12572.471530495
1997-09-18,20.3827,20.3827,20.3827,20.3827,105420.07944249
1997-09-19,20.3827,20.3827,20.3827,20.3827,34828.07321024
1997-09-22,21.1102,21.1102,21.1102,21.1102,97325.646796298
1997-09-23,21.611,21.611,21.3869,21.3869,84233.672440181
1997-09-24,21.611,21.611,21.611,21.611,81949.369458752
1997-09-25,21.611,22.0602,21.611,22.0602,72712.785321841
1997-09-26,21.1102,21.4997,21.1102,21.4997,46501.163335602
1997-09-29,21.1102,21.1102,21.1102,21.1102,105631.4026258
1997-09-30,21.1102,21.1102,20.719,20.719,61488.756960999
1997-10-01,20.9433,20.9433,20.9433,20.9433,43834.46602248
1997-10-02,20.1586,20.3827,20.1586,20.3827,10539.743767286
1997-10-03,19.6561,19.6561,19.6561,19.6561,21991.447700614
1997-10-06,19.6561,19.6561,19.6561,19.6561,22929.823264572
1997-10-07,19.2142,19.2142,19.2142,19.2142,23303.412463627
1997-10-08,19.4916,19.4916,19.4916,19.4916,9707.0297949806
1997-10-09,19.6561,20.1586,19.6561,20.1586,46401.791124405
1997-10-10,21.1102,21.1102,21.1102,21.1102,38514.908033239
1997-10-13,20.719,21.1102,20.719,21.1102,9605.1418316019
1997-10-14,21.1102,21.1102,21.1102,21.1102,41074.685878618
1997-10-15,20.6673,21.1102,20.6673,21.1102,18333.544027711
1997-10-16,21.611,21.611,21.2214,21.2214,39745.110850331
1997-10-17,21.1102,21.611,21.1102,21.611,59438.418932514
1997-10-20,20.2714,20.2714,20.2714,20.2714,53756.592629039
1997-10-21,20.1586,20.1586,20.1586,20.1586,35839.405587481
1997-10-22,20.5544,20.5544,20.4431,20.4431,46277.261391387
1997-10-23,20.5544,20.5544,20.1586,20.1586,32560.122617996
1997-10-24,20.1586,20.3827,20.1586,20.3827,33567.681366963
1997-10-27,19.6561,20.1586,19.2142,19.6561,48965.342598058
1997-10-28,17.7601,17.7601,15.6391,15.6391,20327.277632096
1997-10-29,17.8714,17.9842,17.7601,17.9842,101976.01470508
1997-10-30,16.8085,17.5947,16.8085,17.3101,172312.67209083
1997-10-31,18.2617,18.2617,17.7601,17.7601,68810.853687264
1997-11-03,18.1496,18.8238,18.1496,18.8238,49903.718162014
1997-11-04,18.4278,18.4278,18.4278,18.4278,146425.5821361
1997-11-05,18.4278,18.4278,18.4278,18.4278,30269.530256111
1997-11-06,18.6521,18.6521,18.6521,18.6521,19854.316221844
1997-11-07,18.2617,18.2617,18.2617,18.2617,58774.260356417
1997-11-12,17.7601,17.7601,16.9793,17.3101,76580.754301959
1997-11-13,16.4182,16.5835,16.4182,16.5318,79755.633555882
1997-11-14,16.8085,16.8085,16.6956,16.6956,77832.341012598
1997-11-17,17.1988,17.1988,17.0923,17.0923,62893.804554753
1997-11-18,17.3101,17.3101,16.9793,17.0923,116504.48355722
1997-11-19,16.6956,16.6956,16.6956,16.6956,56694.991177837
1997-11-20,16.6956,17.0923,16.6956,16.9198,56618.26073628
1997-11-21,17.1988,17.3705,17.1988,17.3705,47219.410583617
1997-11-24,17.1988,17.1988,17.1988,17.1988,26799.05012078
1997-11-25,16.8085,16.8085,16.8085,16.8085,31589.04227567
1997-11-26,16.8085,16.8085,16.8085,16.8085,31215.453076615
1997-11-27,17.3101,17.3101,17.0923,17.0923,86412.313829958
1997-11-28,17.3101,17.3101,17.1988,17.1988,263514.97807568
1997-12-01,17.3101,18.7117,17.3101,18.7117,107284.2518095
1997-12-02,18.2617,19.2142,18.2617,19.2142,55788.062516157
1997-12-03,18.2617,18.2617,18.2617,18.2617,130734.83577578
1997-12-04,18.8238,19.6037,18.8238,19.102,99613.723406001
1997-12-05,18.6521,18.6521,18.6521,18.6521,57847.205677279
1997-12-08,18.4278,18.4278,17.9842,18.2617,24611.603598366
1997-12-09,18.4278,18.4278,18.4278,18.4278,65521.50770905
1997-12-10,17.7601,17.7601,17.7601,17.7601,50654.670188398
1997-12-11,17.7601,17.7601,16.9198,16.9198,46249.588117383
1997-12-12,16.9793,17.1988,16.9793,17.1988,11354.847474315
1997-12-15,17.3101,17.3705,17.3101,17.3705,35241.914444211
1997-12-16,17.5947,18.2617,17.5947,18.2617,84052.538283063
1997-12-17,16.5318,16.6956,16.5318,16.6956,46908.715189118
1997-12-18,16.5835,17.0923,16.5835,17.0923,36387.839563197
1997-12-19,16.6956,16.6956,15.8641,15.8641,115753.53153084
1997-12-22,16.4182,16.4182,16.4182,16.4182,75251.179273671
1997-12-23,16.4182,16.8085,16.4182,16.8085,59478.67096743
1997-12-29,16.2528,17.3705,16.2528,17.3705,18649.270926576
1997-12-30,17.3101,17.3101,16.9793,17.0923,89443.795209497
1997-12-31,16.9793,17.5947,16.9793,17.5947,54682.389432085
1998-01-05,17.8714,17.8714,17.5947,17.6463,39824.35704407
1998-01-06,17.8714,17.8714,16.9793,16.9793,70345.4625184
1998-01-07,18.1496,18.1496,18.1496,18.1496,94250.13975357
1998-01-08,18.2617,18.3142,18.2617,18.3142,44170.318938803
1998-01-09,18.1496,18.1496,16.5318,17.8714,23173.851226244
1998-01-12,17.7601,17.7601,17.1988,17.3101,72867.504081046
1998-01-13,17.7601,17.8714,17.7601,17.7601,30150.032027457
1998-01-14,17.7601,18.2617,17.1988,17.3705,10403.893149447
1998-01-15,17.7601,17.7601,17.5947,17.5947,25888.347830828
1998-01-16,18.2617,20.1586,18.2617,20.052,32307.289523685
1998-01-19,18.2617,18.2617,17.8714,18.1496,90002.292193943
1998-01-20,17.4826,17.4826,17.0923,17.3101,109518.23974728
1998-01-21,17.0923,17.0923,16.5835,16.5835,26118.539155498
1998-01-22,16.9793,16.9793,16.9793,16.9793,71024.715607591
1998-01-23,16.9198,17.3705,16.9198,17.3101,110787.4367232
1998-01-26,17.3101,17.3101,16.9198,16.9198,34989.081349901
1998-01-27,17.3101,17.3705,17.3101,17.3705,45981.66050998
1998-01-28,17.0923,17.5947,17.0923,17.5947,9681.8722731587
1998-01-29,17.7601,18.7117,17.7601,18.0376,24670.723774647
1998-01-30,18.2617,18.3142,18.2617,18.3142,42922.505856436
1998-02-02,18.8238,20.1586,18.8238,19.769,62888.773050389
1998-02-03,20.4431,21.0568,20.1586,21.0568,109149.68205259
1998-02-04,20.4431,20.4431,19.769,19.769,68374.370683655
1998-02-05,20.719,22.5626,20.719,22.5626,46913.746693482
1998-02-06,20.6673,21.0568,20.6673,20.9433,71337.926754274
1998-02-09,22.6748,22.6748,22.0602,22.3973,70233.511546293
1998-02-10,22.0602,22.0602,21.611,22.0602,118552.30583353
1998-02-11,22.0602,22.2851,22.0602,22.0602,100806.18994036
1998-02-12,22.0602,22.0602,21.611,21.611,167795.63904772
1998-02-13,22.0602,22.3973,22.0602,22.3973,125653.01636776
1998-02-16,22.0602,22.0602,22.0602,22.0602,25119.785539168
1998-02-17,23.0659,23.0659,22.5626,22.8416,40570.277566089
1998-02-18,23.1191,23.7932,23.1191,23.6271,52200.599904354
1998-02-19,24.1296,25.6352,24.1296,24.8491,147161.43964939
1998-02-20,24.8491,24.9627,24.5715,24.8491,90516.763515201
1998-02-23,24.9627,24.9627,24.9627,24.9627,68726.575989161
1998-02-24,25.3579,25.3579,24.5715,24.5715,144713.61277613
1998-02-25,24.9627,25.2456,24.9627,25.2456,100886.69401019
1998-02-26,25.2456,25.2456,25.2456,25.2456,50460.95727037
1998-02-27,25.9126,25.9126,25.9126,25.9126,65425.909126127
1998-03-02,26.1377,26.4159,25.4644,25.4644,92211.122609906
1998-03-03,25.9126,25.9126,25.9126,25.9126,70315.273492214
1998-03-04,25.9126,25.9126,25.9126,25.9126,98219.996697067
1998-03-05,23.3433,24.0167,23.3433,23.6271,47785.45482461
1998-03-06,24.1296,24.6837,24.1296,24.6837,19778.843656379
1998-03-09,25.2456,26.8643,25.2456,25.5224,79726.702405788
1998-03-10,26.8643,28.3184,26.8643,28.2588,201913.01226649
1998-03-11,28.82,28.82,27.3667,27.9209,181798.31569378
1998-03-12,31.6676,32.6717,31.2185,32.2822,271252.17391201
1998-03-13,32.1693,32.1693,31.2185,31.2185,221056.62849686
1998-03-16,31.2185,31.2185,31.2185,31.2185,146846.97062662
1998-03-17,29.9369,30.2669,29.9369,30.2669,166125.17959874
1998-03-18,29.262,30.2669,29.262,29.7652,122206.43587816
1998-03-19,28.82,29.262,28.3184,28.3184,51508.768054251
1998-03-20,27.3667,28.0338,27.3667,28.0338,41214.31012473
1998-03-23,27.7572,27.7572,26.8643,26.8643,45287.312907695
1998-03-24,26.5272,26.5272,26.3032,26.4159,24131.094931567
1998-03-25,25.9126,25.9126,25.6352,25.9126,69360.545539073
1998-03-26,25.9126,25.9126,25.9126,25.9126,69593.252615926
1998-03-27,25.074,25.3579,24.7974,25.074,66463.65690128
1998-03-30,24.9627,25.4644,24.9627,25.4644,44020.631683963
1998-03-31,24.4602,25.1337,24.4602,25.1337,61306.364927791
1998-04-01,25.7474,25.7474,25.4644,25.6352,45036.995565567
1998-04-02,26.191,26.191,26.191,26.191,56414.484809522
1998-04-06,26.6934,28.2588,26.6934,27.8692,86402.250821228
1998-04-07,26.8643,28.3184,26.8643,28.3184,63980.609497459
1998-04-08,26.8054,27.0893,26.6934,26.8643,41006.760569699
1998-04-09,25.4644,25.4644,25.4644,25.4644,17573.786868689
1998-04-14,26.4159,26.5805,26.4159,26.4159,23749.958475966
1998-04-15,24.5715,25.1337,24.1828,25.1337,116888.13576501
1998-04-16,24.4602,24.4602,24.1296,24.1296,50350.264174353
1998-04-17,24.4602,24.8491,24.4602,24.8491,36716.145222974
1998-04-20,24.4602,24.4602,24.1828,24.1828,34826.815334149
1998-04-21,23.0659,24.0167,23.0659,24.0167,63330.287558364
1998-04-22,22.3973,23.0659,22.3973,22.9538,138426.74807283
1998-04-23,23.0659,24.4602,23.0659,24.1828,145253.24161921
1998-04-24,24.0167,24.9627,24.0167,24.7974,210692.98738233
1998-04-27,24.4602,24.4602,24.407,24.4602,157196.77510415
1998-04-28,24.2949,24.2949,24.1828,24.2949,71945.480906273
1998-04-29,24.4602,25.9126,24.4602,25.5224,80216.016205223
1998-04-30,25.2456,25.9126,25.2456,25.7474,116457.94214185
1998-05-04,26.4159,26.4159,25.7474,25.8594,88918.003003419
1998-05-05,26.8643,26.8643,26.4159,26.8643,299951.87480643
1998-05-06,26.8643,27.6442,26.8643,27.5321,118827.78069748
1998-05-07,26.8643,27.3667,26.8643,27.3667,67166.809636204
1998-05-08,26.6934,26.9756,26.5805,26.8643,71173.144986341
1998-05-11,27.0893,27.6442,27.0893,27.0893,189531.73790184
1998-05-12,27.8692,27.8692,27.2539,27.3667,92404.835527935
1998-05-13,27.8692,29.262,27.2539,28.1458,183751.79726326
1998-05-14,28.2588,29.7652,28.2588,28.82,74841.111667974
1998-05-15,28.2588,29.2104,28.2588,28.4241,99451.457390248
1998-05-18,26.8643,26.9756,25.9126,26.8643,77085.162614488
1998-05-19,25.074,25.9126,25.074,25.9126,32727.420138111
1998-05-20,25.6352,25.6352,25.5224,25.6352,60001.947421326
1998-05-21,26.8643,27.8692,26.8643,27.8692,140004.12469106
1998-05-22,26.8643,26.8643,26.0256,26.4159,29919.840702787
1998-05-25,26.1377,26.1377,26.1377,26.1377,33878.376761463
1998-05-26,24.4602,24.4602,24.0167,24.407,37523.701673457
1998-05-27,23.0659,23.0659,22.1723,22.1723,33251.954468098
1998-05-28,23.0659,23.5143,23.0659,23.0659,65662.389831254
1998-05-29,24.0167,24.4602,24.0167,24.4602,203905.48799479
1998-06-01,22.5626,22.5626,22.0602,22.0602,82241.196711887
1998-06-02,21.0568,21.3869,20.8319,21.0568,108398.73002621
1998-06-03,21.611,22.1723,21.611,22.1723,300649.99603699
1998-06-04,22.7868,22.9538,22.7868,22.8416,160925.11983816
1998-06-05,23.0659,24.0167,23.0659,23.7336,80644.951952287
1998-06-08,25.3579,25.3579,24.407,24.4602,17353.658552748
1998-06-09,24.8491,24.8491,23.5143,23.6271,40663.360396831
1998-06-10,24.0167,24.1828,24.0167,24.0167,38007.983968529
1998-06-15,22.0602,22.7868,22.0602,22.7868,58303.814698347
1998-06-16,22.2851,23.5143,22.2851,23.1191,97050.171932348
1998-06-17,24.0167,24.0167,23.4553,23.4553,146746.34053933
1998-06-18,25.1337,25.1337,23.7932,24.0167,158004.33155463
1998-06-19,24.1296,24.1296,23.9038,23.9038,314530.65870222
1998-06-22,24.0167,24.0167,22.8416,23.0659,170799.44715326
1998-06-23,23.7932,23.7932,23.0659,23.0659,87401.004437558
1998-06-24,23.1191,23.1191,22.9538,22.9538,86206.022151017
1998-06-25,23.0659,24.1828,23.0659,24.1828,51098.700448554
1998-06-26,24.9627,24.9627,24.0167,24.2949,106891.79446908
1998-06-29,23.6271,24.4602,23.6271,24.4602,24178.89422303
1998-06-30,25.9126,25.9126,25.074,25.074,78527.946490973
1998-07-01,26.8643,26.8643,26.4159,26.4159,120923.40226524
1998-07-02,27.8692,27.8692,26.8643,26.8643,76875.097307275
1998-07-03,27.4788,27.8692,27.4788,27.6442,47259.662618533
1998-07-06,27.3667,28.3184,27.3667,28.1458,67409.579721784
1998-07-07,27.3667,27.9209,27.3667,27.3667,59482.444595703
1998-07-08,27.8692,27.8692,27.3667,27.3667,69570.610846285
1998-07-09,27.3667,27.3667,27.3667,27.3667,54320.121117849
1998-07-10,26.4159,26.8643,26.4159,26.8643,37639.426273837
1998-07-13,26.4159,27.8692,26.4159,27.8692,100513.10481113
1998-07-14,28.82,28.82,27.8692,27.9209,42341.367102351
1998-07-15,28.3184,28.82,27.8692,28.82,57432.106567218
1998-07-16,28.82,29.262,28.82,29.0982,48765.340299573
1998-07-17,29.262,29.3758,28.82,28.82,28085.85736197
1998-07-20,28.708,30.1556,28.708,29.9369,76543.018019226
1998-07-21,29.262,29.6524,29.262,29.3758,93316.795693979
1998-07-22,28.82,28.82,28.82,28.82,96437.586275986
1998-07-23,28.82,28.82,28.3184,28.82,63642.240828955
1998-07-24,28.82,28.82,28.4241,28.4241,71251.133303988
1998-07-27,28.9321,28.9321,28.595,28.595,132889.57751983
1998-07-28,29.262,29.262,28.82,28.82,60735.289182434
1998-07-29,28.9321,28.9321,28.82,28.82,66896.366276618
1998-07-30,27.8692,28.5363,27.8692,28.3184,65053.577803164
1998-07-31,28.5363,28.5363,27.8692,27.8692,37984.084322798
1998-08-03,28.3184,28.4241,28.3184,28.4241,63586.894280947
1998-08-04,28.4241,29.262,28.4241,29.262,17253.02846546
1998-08-05,28.3184,28.82,27.8692,28.82,52160.347869439
1998-08-06,28.5363,28.82,28.5363,28.82,62862.357652476
1998-08-07,28.3184,29.0982,28.3184,29.0982,41454.564458129
1998-08-10,28.3184,28.3184,28.3184,28.3184,20865.648599084
1998-08-11,28.3184,28.3184,26.4159,26.4159,35245.688072484
1998-08-12,27.8692,29.7652,27.8692,29.7652,108210.04861254
1998-08-13,26.8643,26.8643,24.2949,24.2949,299573.25410302
1998-08-14,26.8643,28.5363,26.8643,28.5363,78302.786670668
1998-08-17,24.4602,25.4644,24.4602,25.4644,23908.450863444
1998-08-18,26.8643,28.82,26.8643,28.82,5080.561531933
1998-08-19,26.8054,26.8054,26.8054,26.8054,35567.704351804
1998-08-20,27.7572,27.7572,27.7572,27.7572,109293.07992698
1998-08-21,26.8643,26.8643,26.4159,26.4159,81702.825744897
1998-08-24,26.4159,26.4159,26.4159,26.4159,23138.630695694
1998-08-25,25.1337,25.9126,25.1337,25.1337,43104.897889645
1998-08-26,24.9627,24.9627,24.9627,24.9627,38604.217235707
1998-08-27,23.1191,23.1191,21.611,21.611,95290.403280906
1998-08-28,20.8319,21.3343,20.8319,21.3343,87102.887803969
1998-08-31,21.89,21.89,21.611,21.611,34143.788616684
1998-09-01,19.9925,20.1586,19.9925,20.1586,60950.385994011
1998-09-02,20.4431,22.5626,20.4431,21.7239,130441.75064656
1998-09-03,20.4431,21.3869,20.4431,21.1102,83545.614218351
1998-09-04,20.1586,21.1102,20.1586,21.1102,84102.853326707
1998-09-07,21.611,23.0659,21.611,22.3973,72137.93594821
1998-09-08,23.7336,24.4602,23.7336,24.4602,44937.623354371
1998-09-09,24.8491,24.8491,24.0167,24.0167,89062.658753895
1998-09-10,23.7336,23.7336,23.7336,23.7336,49204.339055366
1998-09-11,22.8416,23.5143,22.8416,23.5143,93396.041887717
1998-09-14,23.0659,23.0659,22.8416,23.0659,95657.703099507
1998-09-15,22.7868,22.7868,22.0602,22.0602,65529.054965597
1998-09-16,22.3973,22.3973,21.7239,22.2851,60453.524938029
1998-09-17,20.6673,20.6673,19.6561,19.6561,24085.811392288
1998-09-18,20.6673,20.6673,20.1586,20.6673,164700.00598753
1998-09-21,19.6561,19.6561,19.2142,19.2142,51957.829818773
1998-09-22,19.6561,20.1586,19.6561,20.1586,66735.358136957
1998-09-23,19.6561,20.3827,19.6561,20.052,48649.615699193
1998-09-24,20.719,20.719,20.4431,20.6673,93885.355687153
1998-09-25,20.052,20.052,19.6561,19.769,21636.726642926
1998-09-28,20.6673,20.6673,19.6561,20.2714,15934.774321992
1998-09-29,21.1102,21.611,20.5544,21.1102,79814.753732164
1998-09-30,21.1102,21.4997,21.1102,21.1102,43303.642312039
1998-10-01,21.0568,21.0568,19.6561,19.769,85812.306934505
1998-10-02,19.4916,20.052,19.2142,19.6561,77305.29093043
1998-10-05,19.4916,19.4916,18.7117,18.7117,22933.596892846
1998-10-06,19.2142,19.2142,18.9884,18.9884,74154.311322237
1998-10-07,18.4278,18.4278,18.3142,18.3142,42781.623734234
1998-10-08,18.0376,18.0376,18.0376,18.0376,106174.80509715
1998-10-09,16.5835,16.8085,16.5835,16.8085,45343.917331794
1998-10-12,16.9198,17.1988,16.6956,16.9198,99915.613667863
1998-10-13,16.8085,17.0923,16.8085,16.9198,94950.776736311
1998-10-14,16.5835,16.5835,16.5318,16.5835,70560.559329978
1998-10-15,15.3608,15.3608,14.5221,14.5753,44667.179994786
1998-10-16,15.9165,15.9165,15.2488,15.4666,123440.41232352
1998-10-19,15.9165,16.6956,15.9165,16.4182,296717.87537623
1998-10-20,17.4826,17.8714,17.4826,17.6463,67991.976351961
1998-10-21,18.1496,18.8238,18.1496,18.5392,100077.87968361
1998-10-22,19.8812,20.719,19.8812,20.719,35514.873555978
1998-10-23,21.1102,21.611,21.1102,21.611,99534.477212261
1998-10-26,20.8319,21.1102,20.8319,21.0568,91489.101733617
1998-10-27,18.8238,19.3787,18.8238,19.2142,153579.12346617
1998-10-28,20.6673,20.6673,19.6561,19.6561,98313.079527807
1998-10-29,20.8319,21.611,20.8319,21.611,51803.111059567
1998-10-30,21.3343,22.0602,21.3343,21.611,172396.94978894
1998-11-02,23.4553,24.1296,23.4553,24.1296,35402.922583871
1998-11-03,24.1296,24.1296,24.1296,24.1296,81901.570167291
1998-11-04,24.4602,24.4602,24.1828,24.1828,78418.511271049
1998-11-05,22.5626,23.5143,22.5626,23.5143,71633.527635681
1998-11-06,21.4997,22.5626,21.4997,22.0602,44825.672382264
1998-11-09,21.7843,22.5626,21.7843,22.5626,72731.653463208
1998-11-10,20.6673,21.611,20.6673,21.1102,30443.117156683
1998-11-12,20.6673,20.6673,20.3827,20.6673,61557.94014601
1998-11-13,20.1586,20.719,20.1586,20.6673,274800.64236499
1998-11-16,21.611,21.89,21.3869,21.89,122045.4277385
1998-11-17,20.9433,20.9433,19.6561,20.1586,100913.1094081
1998-11-18,20.6673,20.6673,19.9925,20.052,99115.604473927
1998-11-19,19.6561,19.9925,19.6037,19.8812,67920.277414769
1998-11-20,20.4431,20.4431,19.9925,20.052,54961.637924307
1998-11-23,19.6037,19.769,19.4916,19.4916,81794.650699548
1998-11-24,19.9925,19.9925,19.102,19.6037,89911.725115384
1998-11-25,19.6561,19.6561,19.3255,19.4916,61754.168816221
1998-11-26,19.2142,19.6561,19.2142,19.2142,49610.633032789
1998-11-27,19.2142,19.3787,18.9884,19.2142,74428.528310095
1998-11-30,18.2617,19.102,18.1496,18.9884,24260.656168951
1998-12-01,17.7601,17.8714,17.3705,17.4826,55879.887470807
1998-12-02,17.7601,18.4278,17.7601,18.3142,34302.281004162
1998-12-03,17.3705,18.2617,16.8085,17.3101,104880.45059941
1998-12-04,17.7601,18.6521,17.7601,18.5392,69942.94216925
1998-12-07,18.7117,18.8238,18.5392,18.7117,184798.35017105
1998-12-08,18.2617,18.5392,18.1496,18.5392,97250.174230832
1998-12-09,18.5392,18.5392,18.4278,18.4278,186667.55404241
1998-12-10,19.2142,19.769,19.2142,19.6561,165452.21589001
1998-12-11,18.7117,18.7117,18.4278,18.6521,114563.58074867
1998-12-14,18.1496,18.1496,17.9842,18.0376,51165.367881383
1998-12-15,18.3142,18.5392,18.3142,18.5392,65710.189122715
1998-12-16,18.8238,19.102,18.8238,18.8238,105511.90439715
1998-12-17,18.9295,18.9295,18.5392,18.7117,272082.37213214
1998-12-18,18.9884,19.3787,18.9295,19.3255,180595.7861507
1998-12-21,18.9884,19.6037,18.9884,19.3787,95325.623811457
1998-12-22,19.8812,20.3827,19.8812,20.1586,37547.601319188
1998-12-23,20.3827,20.719,20.3827,20.6673,45171.588307315
1998-12-28,21.1102,21.89,21.1102,21.89,49979.19072748
1998-12-29,21.1102,21.4997,20.6673,20.9433,52099.969817066
1998-12-30,21.1102,21.7239,21.1102,21.7239,220372.34390331
1998-12-31,21.2214,21.3869,20.8319,20.8319,43452.071690788
1999-01-04,21.3869,21.7239,21.3869,21.7239,113389.98235567
1999-01-05,21.7843,21.89,21.3869,21.611,143655.73898351
1999-01-06,22.4513,23.2296,22.4513,23.1191,68702.67634343
1999-01-07,23.2296,23.4553,22.5626,23.2296,326870.42315587
1999-01-08,23.0659,23.9038,23.0659,23.5143,76814.719254903
1999-01-11,23.4553,23.4553,22.2851,22.2851,57337.765860386
1999-01-12,21.3869,22.0022,21.2214,21.4997,69583.189607196
1999-01-13,20.5544,20.5544,18.7117,19.3255,54632.074388441
1999-01-14,18.6521,19.9925,18.6521,18.8238,88389.695045159
1999-01-15,18.2617,18.6521,17.7601,18.5392,303919.21599776
1999-01-18,20.052,20.3827,19.769,19.9925,341771.22333099
1999-01-19,20.1586,20.6673,20.1586,20.5544,160210.64621841
1999-01-20,21.3343,21.3343,20.8319,20.8319,81086.466460261
1999-01-21,22.5626,22.5626,21.7239,21.89,200626.2050253
1999-01-22,20.3827,20.6673,20.2714,20.3827,83096.552453831
1999-01-25,19.6561,20.9433,19.6561,20.719,75795.839621116
1999-01-26,21.611,22.1723,20.719,21.1102,91516.775007621
1999-01-27,21.611,21.611,21.3343,21.611,115147.23525493
1999-01-28,21.4997,22.0602,21.4997,22.0602,118913.31627167
1999-01-29,22.6748,22.6748,22.0602,22.1723,158754.02570493
1999-02-01,23.0659,23.1191,22.8416,23.1191,183064.99691752
1999-02-02,23.0659,23.0659,22.0602,22.1723,154679.76504587
1999-02-03,22.5626,23.0659,22.2851,22.8416,128724.74978221
1999-02-04,23.0659,23.0659,22.5626,22.5626,26607.852954933
1999-02-05,22.0602,22.0602,21.7843,21.89,116100.70533198
1999-02-08,21.611,22.0602,21.611,21.89,22929.823264572
1999-02-09,22.0602,22.0602,21.1102,21.1102,60062.325473698
1999-02-10,22.0602,22.0602,21.7239,21.7239,106254.05129089
1999-02-11,22.0602,22.5626,22.0602,22.4513,92414.898536663
1999-02-12,22.1723,22.3973,21.4997,22.1723,108504.39161786
1999-02-15,22.2851,22.2851,22.0602,22.0602,39828.130672342
1999-02-16,22.0602,22.2851,22.0602,22.1723,46542.673246609
1999-02-17,22.0602,22.0602,22.0602,22.0602,46821.921738831
1999-02-18,22.1723,22.1723,22.0602,22.0602,112286.82502378
1999-02-19,22.0602,22.0602,21.7239,21.7239,208755.85820204
1999-02-22,21.2214,21.2214,21.0568,21.0568,89996.002813488
1999-02-23,20.5544,20.6673,20.5544,20.5544,106949.65676927
1999-02-24,20.3827,20.6673,20.1586,20.6673,118534.69556825
1999-02-25,19.6561,19.8812,19.6561,19.6561,164113.83572908
1999-02-26,19.6561,21.0568,19.6561,21.0568,90718.023689776
1999-03-01,20.1586,20.719,20.1586,20.6673,71437.298965471
1999-03-02,21.0568,21.0568,20.6673,20.6673,24285.813690773
1999-03-03,20.5544,20.5544,19.9925,19.9925,38868.371214837
1999-03-04,19.3787,19.8812,19.2142,19.2142,37585.33760192
1999-03-05,19.3787,19.8812,19.3787,19.769,97325.646796298
1999-03-08,20.1586,20.719,20.1586,20.719,12747.316307157
1999-03-09,20.5544,20.6673,20.5544,20.5544,36103.559566611
1999-03-10,20.5544,21.1102,20.5544,21.0568,42367.782500264
1999-03-11,21.1102,21.1102,21.0568,21.1102,30523.621226513
1999-03-12,21.0568,21.0568,20.6673,20.719,70661.189417265
1999-03-15,20.6673,20.6673,20.1586,20.1586,82978.312101268
1999-03-16,20.6673,20.6673,20.4431,20.4431,81392.130350397
1999-03-17,20.4431,20.5544,20.4431,20.5544,53069.792283301
1999-03-18,20.6673,20.6673,20.1586,20.6673,209333.22332785
1999-03-19,20.6673,21.1102,20.6673,21.0568,196150.68189318
1999-03-22,20.6673,22.0602,20.3827,21.2214,190921.6909825
1999-03-23,21.1102,21.1102,20.1586,20.6673,173038.4665954
1999-03-24,19.2142,20.052,19.2142,20.052,58032.113462671
1999-03-25,20.052,20.3827,20.052,20.3827,136742.45198685
1999-03-26,20.6673,20.6673,20.4431,20.4431,56113.852423751
1999-03-29,20.1586,20.1586,19.8812,19.8812,118439.09698533
1999-03-30,21.1102,21.1102,20.1586,20.6673,65905.159916834
1999-03-31,21.1102,21.611,21.1102,21.4997,59825.844768573
1999-04-01,20.5544,21.3343,20.5544,21.3343,31581.495019124
1999-04-06,21.4997,21.89,21.4997,21.7843,79324.182056637
1999-04-07,22.0602,22.0602,21.7239,22.0022,80711.619385115
1999-04-08,21.1102,21.611,21.1102,21.1102,139790.28575558
1999-04-09,22.3973,22.3973,21.611,21.7239,52752.807508344
1999-04-12,22.0022,22.3973,21.2214,21.89,68386.949444566
1999-04-13,22.0602,22.0602,21.7843,21.7843,27607.864447354
1999-04-14,22.0022,22.2851,21.89,22.0022,32171.438905848
1999-04-15,21.89,21.89,21.89,21.89,43672.200006729
1999-04-16,21.611,22.0602,21.611,22.0602,36340.040271736
1999-04-19,22.2851,23.2296,22.2851,23.2296,40772.795616755
1999-04-20,21.7843,21.7843,21.3869,21.3869,81236.153715102
1999-04-21,21.611,22.0022,21.611,21.89,75539.232898531
1999-04-22,21.611,22.0602,21.611,21.89,37306.089109697
1999-04-23,22.0602,22.0602,21.611,21.611,35287.197983489
1999-04-26,21.611,21.611,21.3343,21.611,63474.94330884
1999-04-27,21.3869,21.3869,21.3343,21.3869,70096.403052364
1999-04-28,21.1102,21.611,20.8319,21.611,32948.806330144
1999-04-29,20.6673,20.719,20.6673,20.719,37699.80432621
1999-04-30,20.719,21.3869,20.3827,21.2214,22143.650707637
1999-05-04,21.3869,21.611,21.3869,21.611,20909.674262273
1999-05-05,21.2214,21.2214,20.719,20.719,30360.097334671
1999-05-06,20.8319,21.3343,20.8319,21.3343,33987.811981389
1999-05-07,21.1102,21.1102,20.8319,21.0568,19182.6103892
1999-05-10,20.6673,20.6673,20.6673,20.6673,34851.972855971
1999-05-11,20.6673,21.1102,20.6673,21.1102,28056.926211875
1999-05-12,21.0568,21.3343,21.0568,21.1102,56627.065868917
1999-05-13,20.9433,21.1102,20.9433,21.1102,50672.280453673
1999-05-14,20.6673,21.1102,20.6673,20.6673,56331.46498751
1999-05-17,20.6673,20.6673,20.6673,20.6673,39735.047841602
1999-05-18,20.719,21.1102,20.719,21.1102,18125.99447268
1999-05-19,21.1102,21.7239,21.1102,21.4997,77699.006146942
1999-05-20,21.611,24.5715,21.611,24.1828,166796.88543139
1999-05-21,23.7336,24.4602,23.7336,24.0167,241454.34719006
1999-05-24,23.7336,23.7336,22.6748,22.7868,65432.198506582
1999-05-25,22.5626,22.5626,22.3973,22.5626,74164.374330965
1999-05-26,22.3973,22.6748,22.3973,22.5626,35682.171076094
1999-05-27,22.5626,22.6748,22.5626,22.6748,35819.279570023
1999-05-28,22.3973,22.5626,22.3973,22.3973,30463.24317414
1999-05-31,22.0022,22.1723,22.0022,22.0022,11489.440216062
1999-06-01,22.0602,22.5626,22.0602,22.5626,43252.069392304
1999-06-02,22.5626,22.5626,22.3973,22.3973,80327.967177331
1999-06-07,22.4513,22.4513,22.0602,22.0602,41001.729065335
1999-06-08,22.0602,22.0602,21.7239,21.7239,12688.196130876
1999-06-09,21.2214,21.4997,21.2214,21.3869,102309.35186922
1999-06-10,21.611,22.2851,21.611,21.89,41196.699859455
1999-06-11,22.2851,22.3973,22.0022,22.3973,32828.050225398
1999-06-14,22.4513,23.5143,22.4513,23.4553,290276.29191374
1999-06-15,22.5626,23.0659,22.5626,22.5626,69091.360055579
1999-06-16,22.5626,22.8416,22.5626,22.8416,101485.44302955
1999-06-17,22.7868,23.2296,22.7868,22.7868,176560.51965047
1999-06-18,23.0659,23.3433,22.8416,23.0659,172912.67898629
1999-06-21,23.0659,23.0659,22.8416,22.8416,215204.98892109
1999-06-22,23.0659,23.0659,22.3973,22.3973,41092.296143893
1999-06-23,22.8416,23.0659,22.6748,23.0659,251665.78529757
1999-06-24,23.0659,23.5143,23.0659,23.0659,264257.12496944
1999-06-25,23.0659,23.0659,22.5626,23.0659,34872.098873428
1999-06-28,22.5626,22.5626,22.1723,22.3973,21370.056911614
1999-06-29,22.0602,22.0602,21.611,21.611,42889.801078069
1999-06-30,22.0602,22.5626,22.0602,22.3973,254180.27960367
1999-07-01,22.4513,24.1828,22.4513,24.0167,590035.71167823
1999-07-02,24.1296,24.407,24.1296,24.2949,139939.97301042
1999-07-05,25.2456,25.2456,24.2949,24.4602,81053.761681893
1999-07-06,24.9627,24.9627,24.4602,24.4602,116305.73913483
1999-07-07,24.0167,24.4602,23.7336,24.0167,20276.962588452
1999-07-08,24.9627,24.9627,24.1828,24.1828,50972.912839445
1999-07-09,24.1828,24.6837,24.0167,24.2949,17909.639785011
1999-07-12,24.9627,25.4644,24.9627,24.9627,259687.26113048
1999-07-13,24.0167,24.407,24.0167,24.407,66351.705929173
1999-07-14,24.0167,24.9627,24.0167,24.9627,145294.75153021
1999-07-15,24.9627,25.074,24.7974,25.074,226791.28559616
1999-07-16,24.9627,24.9627,24.7974,24.7974,208067.79998022
1999-07-19,24.9627,24.9627,24.8491,24.8491,44708.689905791
1999-07-20,24.0167,24.0167,24.0167,24.0167,16788.872187846
1999-07-21,24.0167,24.2949,24.0167,24.1828,22846.803442559
1999-07-22,24.7974,24.7974,24.4602,24.4602,37000.425219561
1999-07-23,24.7974,24.7974,24.4602,24.7974,45343.917331794
1999-07-26,24.7974,24.7974,24.0167,24.0167,38287.232460751
1999-07-27,24.4602,24.4602,24.4602,24.4602,24070.716879195
1999-07-28,24.0167,24.0167,24.0167,24.0167,30913.562814752
1999-07-29,24.0167,24.0167,24.0167,24.0167,39093.531035143
1999-07-30,24.407,24.6837,24.407,24.6837,42006.77206212
1999-08-02,24.5715,24.5715,24.1828,24.1828,10460.497573547
1999-08-03,24.7974,24.7974,24.4602,24.4602,15729.740519144
1999-08-04,24.1296,24.1296,24.1296,24.1296,8363.6181296911
1999-08-05,24.1828,24.2949,24.0167,24.0167,59252.253271033
1999-08-06,24.0167,24.0167,23.3433,23.3433,12543.5403804
1999-08-09,24.0167,24.1828,23.5143,23.5143,52325.129637372
1999-08-10,23.7932,23.7932,23.5143,23.7336,113603.82129116
1999-08-11,24.1828,24.6837,23.5143,24.6837,136460.68774244
1999-08-12,24.7974,24.8491,24.7974,24.8491,34035.61127285
1999-08-13,27.195,27.195,25.4644,25.9126,105606.24510398
1999-08-16,24.4602,25.3579,24.4602,25.3579,21332.320628881
1999-08-17,25.074,25.7474,25.074,25.7474,163071.05644956
1999-08-18,25.7474,25.7474,25.7474,25.7474,101407.4547119
1999-08-19,25.7474,25.7474,25.7474,25.7474,50200.576919513
1999-08-20,25.7474,25.8594,25.7474,25.8594,118469.28601152
1999-08-23,26.0256,26.1377,26.0256,26.1377,19756.201886739
1999-08-24,26.4159,26.5272,26.4159,26.4159,16636.669180824
1999-08-25,26.6934,26.6934,26.4159,26.4159,21041.751251838
1999-08-26,26.9756,27.0893,26.8643,27.0893,44948.944239191
1999-08-27,26.9756,26.9756,26.8054,26.8643,19409.028085597
1999-08-30,26.9756,27.3667,26.8643,26.8643,21503.39177727
1999-08-31,25.7474,26.8054,25.7474,26.8054,22834.224681648
1999-09-01,26.8643,27.2539,26.8643,27.2539,22441.767341227
1999-09-02,26.8643,26.8643,26.8643,26.8643,70794.524282921
1999-09-03,26.8643,26.8643,26.8643,26.8643,34967.697456351
1999-09-06,26.8643,26.8643,26.5272,26.8643,78973.234627221
1999-09-07,26.4159,26.8054,26.4159,26.8054,95918.083450363
1999-09-08,26.4159,26.4159,25.8594,25.8594,54466.034744416
1999-09-09,26.1377,26.1377,25.7474,25.7474,18754.932518227
1999-09-10,25.9126,26.0256,25.9126,26.0256,13432.858776804
1999-09-13,26.0256,26.3032,25.9126,26.3032,15125.959995418
1999-09-14,26.0256,26.0256,25.7474,25.9126,20543.632319765
1999-09-15,25.4644,25.7474,25.3579,25.7474,25412.870668393
1999-09-16,24.7974,24.7974,24.7974,24.7974,27982.711522501
1999-09-17,23.5143,23.9038,23.4553,23.5143,55755.357737789
1999-09-20,23.1191,23.2296,23.0659,23.0659,18146.120490138
1999-09-21,23.1191,23.2296,23.1191,23.1191,43877.233809578
1999-09-22,22.6748,22.8416,22.5626,22.5626,39994.170316368
1999-09-23,22.0602,22.5626,22.0602,22.0602,55297.49084063
1999-09-24,21.3343,21.3343,20.6673,20.6673,57484.937363044
1999-09-27,21.1102,21.1102,21.1102,21.1102,103960.94317682
1999-09-28,21.0568,21.0568,20.719,20.8319,125520.93937819
1999-09-29,20.719,20.719,20.3827,20.719,105760.96386318
1999-09-30,20.719,20.719,20.719,20.719,8688.1501611936
1999-10-01,21.611,23.0659,21.611,22.9538,92948.237999287
1999-10-04,22.5626,22.6748,22.5626,22.6748,14083.180715901
1999-10-05,23.0659,23.5143,23.0659,23.5143,32387.793593515
1999-10-06,24.0167,24.0167,23.4553,23.7932,47715.013763508
1999-10-07,24.0167,24.2949,24.0167,24.2949,23142.404323966
1999-10-08,23.7336,24.4602,23.7336,24.4602,99500.514557802
1999-10-11,24.2949,24.407,24.2949,24.2949,11125.914025736
1999-10-12,24.0167,24.0167,23.3433,23.7932,59589.364063446
1999-10-13,23.7336,23.7336,23.2296,23.2296,32498.486689532
1999-10-14,23.5143,23.5143,23.5143,23.5143,6525.8611606012
1999-10-15,24.0167,24.1296,23.5143,24.1296,23728.574582417
1999-10-18,23.5143,23.5143,23.5143,23.5143,12494.483212847
1999-10-19,23.5143,23.9038,23.5143,23.9038,9420.2340462109
1999-10-20,23.7932,24.1828,23.7932,24.1296,42292.309934799
1999-10-21,24.1296,24.1828,24.1296,24.1296,9942.2526240154
1999-10-22,24.2949,24.2949,24.2949,24.2949,14474.380180231
1999-10-25,24.1296,24.1296,24.1296,24.1296,55429.567830195
1999-10-26,24.0167,24.0167,23.5143,23.6271,20182.62188162
1999-10-27,23.0659,23.1191,23.0659,23.0659,13390.090989707
1999-10-28,23.0659,23.4553,23.0659,23.2296,24880.78908186
1999-10-29,23.7932,23.7932,23.5143,23.7336,31187.779802611
1999-11-02,24.0167,24.0167,23.3433,23.3433,34121.146847045
1999-11-03,23.0659,23.0659,23.0659,23.0659,12915.871703364
1999-11-04,23.3433,23.3433,23.3433,23.3433,21371.314787705
1999-11-05,23.0659,23.0659,22.8416,23.0659,60401.952018294
1999-11-08,23.1191,23.2296,23.1191,23.2296,11276.859156667
1999-11-09,23.5143,23.7336,23.5143,23.7336,6280.5753228376
1999-11-10,23.4553,23.4553,23.1191,23.2296,60176.792197988
1999-11-15,21.611,22.6748,21.611,22.5626,53688.66732012
1999-11-16,22.5626,23.3433,22.5626,23.3433,71949.254534546
1999-11-17,22.9538,22.9538,22.6748,22.6748,97367.156707305
1999-11-18,22.9538,22.9538,22.9538,22.9538,12981.281260101
1999-11-19,23.0659,23.5143,23.0659,23.4553,48106.213227839
1999-11-22,23.3433,23.9038,23.3433,23.4553,46499.905459512
1999-11-23,23.4553,23.4553,23.1191,23.1191,72300.201963961
1999-11-24,23.4553,23.4553,23.0659,23.4553,104505.60352427
1999-11-25,23.5143,24.0167,23.1191,23.3433,70632.25826717
1999-11-26,23.5143,23.5143,23.0659,23.2296,26650.620742032
1999-11-29,22.8416,22.8416,22.6748,22.6748,16315.910777594
1999-11-30,22.8416,23.0659,22.5626,22.8416,79590.851787949
1999-12-01,23.0659,23.6271,23.0659,23.4553,33790.325435086
1999-12-02,23.2296,23.4553,22.6748,23.0659,22043.02062035
1999-12-03,23.2296,23.2296,22.9538,23.0659,93738.184184495
1999-12-06,22.6748,23.2296,22.6748,23.1191,104352.14264116
1999-12-07,23.0659,23.4553,23.0659,23.3433,14225.320714194
1999-12-08,23.4553,24.1296,23.4553,23.9038,215974.80908884
1999-12-09,24.1828,25.8594,24.1828,25.6352,145065.81808163
1999-12-10,25.3579,25.5224,24.8491,25.3579,75932.948115045
1999-12-13,24.9627,26.0256,24.9627,25.9126,48137.660130117
1999-12-14,25.4644,25.9126,25.4644,25.8594,48649.615699193
1999-12-15,25.6352,26.0256,25.6352,25.9126,91091.612888832
1999-12-16,25.9126,26.0256,25.9126,25.9126,24304.681832139
1999-12-17,26.5805,26.5805,26.4159,26.4159,39684.732797958
1999-12-20,26.6934,26.8054,26.5272,26.5272,54935.222526394
1999-12-21,26.8054,26.8643,26.6934,26.8054,58983.067787539
1999-12-22,26.5805,27.0893,26.5805,26.9756,85282.741100154
1999-12-23,26.8054,27.3667,26.8054,27.3667,32495.97093735
1999-12-27,26.8643,27.3667,26.8643,27.0893,22175.097609915
1999-12-28,26.6934,26.6934,25.6352,26.1377,8725.8864439264
1999-12-29,26.8643,27.3667,26.8054,27.3667,19059.338532273
2000-01-03,27.3667,27.9209,27.3667,27.8692,17620.328284059
2000-01-04,27.4788,27.8692,27.195,27.2539,28238.060368993
2000-01-05,25.7474,26.8643,25.7474,26.0256,53866.027848963
2000-01-06,26.4159,27.3667,26.4159,26.8643,31563.884753848
2000-01-07,27.3667,28.0338,27.3667,27.9209,28817.941246988
2000-01-10,28.3184,28.82,28.3184,28.3184,57781.796120543
2000-01-11,28.82,29.6524,28.5363,29.6524,112563.55776382
2000-01-12,28.0338,28.82,28.0338,28.82,67071.21105328
2000-01-13,28.595,29.262,28.595,29.0982,116349.76479802
2000-01-14,29.3758,30.4387,29.3758,30.1556,82999.695994816
2000-01-17,30.5506,30.7161,30.3257,30.6039,49081.067198438
2000-01-18,31.1064,31.1064,30.7161,31.1064,98411.193862914
2000-01-19,30.7161,32.1693,30.7161,32.1693,60584.344051502
2000-01-20,32.1693,32.6717,32.1693,32.3346,185797.10378738
2000-01-21,32.5589,33.1161,32.4484,33.1161,56297.502333051
2000-01-24,32.7242,32.7242,32.1693,32.3346,39472.151738563
2000-01-25,32.1693,32.1693,29.262,32.1693,65335.342047569
2000-01-26,31.6676,31.6676,30.7161,30.7161,18593.924378568
2000-01-27,30.7161,30.7161,30.2669,30.2669,57811.985146729
2000-01-28,30.0491,30.4387,29.3758,29.7652,53179.227503226
2000-01-31,29.7652,29.7652,29.7652,29.7652,41292.298442378
2000-02-01,29.7652,30.7161,29.0982,29.262,163554.08086855
2000-02-02,28.82,28.82,28.3184,28.595,30480.853439416
2000-02-03,28.82,30.5506,28.82,30.2669,66817.120082878
2000-02-04,30.9411,31.6676,29.3758,30.9411,27849.376656845
2000-02-07,30.7161,31.2185,29.2104,29.7652,34624.297283483
2000-02-08,30.0491,30.0491,29.262,29.9369,97160.865028365
2000-02-09,29.8773,29.9369,29.7652,29.9369,8719.597063471
2000-02-10,27.195,28.82,27.195,28.82,13006.438781923
2000-02-11,27.8692,29.7652,26.8643,29.7652,62556.69376234
2000-02-14,27.5321,28.82,27.5321,28.5363,42674.704266491
2000-02-15,28.5363,28.9854,28.4241,28.82,20417.844710656
2000-02-16,29.5999,29.5999,28.595,28.595,40942.608889053
2000-02-17,29.262,29.262,28.5363,28.9854,66135.351241506
2000-02-18,28.708,28.708,28.4241,28.5363,49816.924711729
2000-02-21,27.9209,28.5363,27.2539,27.3667,70202.064644015
2000-02-22,27.2539,28.3184,27.195,27.2539,104516.92440909
2000-02-23,26.8643,27.195,25.4644,26.0256,138467.00010774
2000-02-24,26.1377,26.1377,24.4602,25.1337,69998.288717258
2000-02-25,24.0167,24.6837,24.0167,24.2949,112688.08749684
2000-02-28,24.2949,24.7974,23.9038,24.2949,151426.8974743
2000-02-29,24.407,24.4602,24.1828,24.1828,37789.113528678
2000-03-01,24.4602,26.4159,24.4602,26.4159,428850.21148923
2000-03-02,26.4159,27.195,26.4159,26.8643,123269.34117513
2000-03-03,26.8643,27.195,26.8643,27.195,115508.24569308
2000-03-06,26.8643,27.0893,25.5224,26.0256,69490.106776455
2000-03-07,25.4644,26.5805,25.4644,26.5805,25717.276682439
2000-03-08,24.9627,26.1377,24.9627,25.8594,101303.05099634
2000-03-09,26.0256,27.5321,25.8594,26.9756,74512.806008199
2000-03-10,27.195,27.4788,26.8054,26.9756,362108.5639718
2000-03-13,26.3032,26.3032,24.5715,24.8491,86745.650994098
2000-03-14,25.4644,26.4159,25.4644,26.3032,56653.48126683
2000-03-15,25.6352,25.9126,25.1337,25.5224,36824.322566808
2000-03-16,26.0256,26.0256,25.5224,25.7474,115095.6623352
2000-03-17,26.0256,26.0256,25.5224,26.0256,146006.70939777
2000-03-20,26.0256,26.0256,25.6352,25.8594,134909.72652213
2000-03-21,26.0256,26.4159,25.9126,26.191,59946.600873318
2000-03-22,25.9126,26.191,25.9126,26.0256,57087.448518258
2000-03-23,25.9126,26.5272,25.9126,26.5272,40623.108361915
2000-03-24,26.9756,27.195,26.8643,26.8643,147870.88176477
2000-03-27,26.8643,27.8692,26.8643,27.2539,525037.48042308
2000-03-28,27.7572,28.2588,27.4788,27.5321,597250.88893675
2000-03-29,27.0893,27.0893,26.5805,26.8643,204432.53807695
2000-03-30,26.5805,26.5805,25.8594,26.0256,60515.160866492
2000-03-31,26.0256,26.4159,25.4644,26.4159,240997.738169
2000-04-03,26.4159,26.4159,25.6352,25.6352,49454.656397494
2000-04-04,25.9126,25.9126,25.1337,25.9126,58706.335047498
2000-04-05,25.4644,25.6352,25.1337,25.4644,211728.21940531
2000-04-06,25.4644,25.9126,25.3579,25.7474,55747.810481242
2000-04-07,26.0256,26.0256,25.7474,25.8594,75293.947060768
2000-04-10,26.1377,26.1377,25.4644,25.5224,97025.014410526
2000-04-11,25.7474,25.7474,25.2456,25.4644,13928.461956695
2000-04-12,25.7474,25.9126,25.6352,25.9126,16907.112540409
2000-04-13,25.5224,25.9126,25.5224,25.9126,21849.307702321
2000-04-14,25.8594,25.8594,25.6352,25.6352,37830.623439684
2000-04-17,24.4602,24.6837,24.0167,24.4602,90309.21396017
2000-04-18,24.9627,24.9627,24.4602,24.9627,32265.77961268
2000-04-19,25.1337,25.1337,24.8491,24.9627,29160.083543766
2000-04-20,24.407,24.4602,24.2949,24.407,191495.28248003
2000-04-25,24.1296,24.4602,24.0167,24.1296,72464.983731895
2000-04-26,24.4602,24.5715,24.4602,24.4602,119815.21342899
2000-04-27,24.4602,24.5715,24.0167,24.407,93666.485247302
2000-04-28,24.5715,24.6837,24.1828,24.4602,68639.782538875
2000-05-04,24.1828,24.5715,24.1828,24.4602,12507.061973758
2000-05-05,24.407,24.407,24.1296,24.1828,21507.165405543
2000-05-08,24.4602,24.5715,24.1828,24.1828,10075.587489671
2000-05-09,24.8491,24.8491,24.2949,24.2949,42634.452231576
2000-05-10,24.6837,24.6837,24.0167,24.1296,179191.99643303
2000-05-11,24.1828,24.6837,24.1828,24.4602,46396.759620041
2000-05-12,24.5715,24.5715,24.0167,24.0167,38824.345551649
2000-05-15,24.1828,24.1828,23.9038,24.0167,17436.67837476
2000-05-16,24.1828,24.8491,24.0167,24.8491,93279.059411246
2000-05-17,24.6837,24.6837,24.407,24.6837,48664.710212285
2000-05-18,24.1828,24.407,23.9038,24.407,249971.42620287
2000-05-19,24.0167,24.0167,22.6748,23.0659,254524.93765263
2000-05-22,23.1191,23.1191,22.3973,22.9538,151986.65233483
2000-05-23,22.8416,22.8416,22.1723,22.5626,76017.225813147
2000-05-24,22.2851,22.5626,22.1723,22.4513,74481.359105921
2000-05-25,22.5626,22.5626,22.0602,22.0602,165742.78526705
2000-05-26,22.1723,22.1723,21.7239,22.0602,81804.713708276
2000-05-29,22.0602,23.0659,22.0602,22.7868,46000.528651346
2000-05-30,22.5626,22.8416,22.4513,22.4513,70214.643404926
2000-05-31,22.5626,23.4553,22.4513,23.4553,416125.5369517
2000-06-01,23.7336,24.5715,23.7336,24.407,137020.44260298
2000-06-02,24.1296,24.2949,23.7336,24.1828,138669.51815841
2000-06-05,24.1828,24.1828,23.7932,23.9038,64488.791438261
2000-06-06,23.1191,23.1191,22.0602,22.5626,123293.24082087
2000-06-07,23.1191,23.7932,23.1191,23.5143,113617.65792816
2000-06-08,23.6271,24.0167,23.5143,23.9038,134836.76970885
2000-06-09,23.9038,24.0167,23.7932,23.7932,70795.782159013
2000-06-12,24.0167,24.0167,23.5143,23.5143,19349.907909315
2000-06-13,23.7336,23.9038,23.7336,23.9038,120039.1153732
2000-06-14,24.1828,24.4602,24.0167,24.0167,52871.047860908
2000-06-15,24.8491,24.8491,24.1828,24.5715,110783.66309492
2000-06-16,24.407,24.407,23.7932,23.9038,108206.27498427
2000-06-19,24.407,24.5715,24.407,24.5715,41762.744100447
2000-06-20,24.5715,24.9627,24.5715,24.9627,25127.332795715
2000-06-21,24.9627,24.9627,24.7974,24.8491,26202.816853601
2000-06-23,24.5715,24.7974,24.2949,24.2949,49499.939936773
2000-06-26,24.5715,24.6837,24.407,24.5715,162518.84884558
2000-06-27,25.074,25.074,24.2949,24.407,101506.8269231
2000-06-28,24.7974,24.8491,24.407,24.4602,26507.222867646
2000-06-29,24.4602,24.4602,23.9038,23.9038,62984.371633312
2000-06-30,24.407,24.407,24.0167,24.0167,58349.098237627
2000-07-03,22.0022,23.5143,22.0022,23.0659,71516.54515921
2000-07-04,23.6271,23.6271,23.3433,23.4553,27966.359133316
2000-07-05,24.0167,24.1296,23.7336,23.7336,14047.960185349
2000-07-06,23.5143,23.9038,23.5143,23.5143,28131.14090125
2000-07-07,24.0167,24.0167,23.6271,23.6271,7635.307872947
2000-07-10,23.7932,24.9627,23.7932,24.5715,62961.729863672
2000-07-11,24.407,24.407,24.1828,24.407,22780.136009732
2000-07-12,24.5715,24.5715,24.2949,24.2949,25833.00128282
2000-07-13,24.1828,24.1828,23.7336,24.1828,73737.954336084
2000-07-14,24.2949,24.2949,23.7932,24.1296,49747.741526718
2000-07-17,24.0167,24.5715,24.0167,24.1296,22126.040442362
2000-07-18,24.0167,24.5715,24.0167,24.5715,56218.256139311
2000-07-19,24.4602,24.4602,24.0167,24.2949,11465.540570331
2000-07-20,24.2949,24.407,24.0167,24.407,7383.732654728
2000-07-21,24.5715,24.6837,24.407,24.5715,116552.28284869
2000-07-24,24.407,24.5715,24.1828,24.1828,16163.707770572
2000-07-25,24.1296,24.4602,24.1296,24.1828,157752.75633641
2000-07-26,24.1296,24.1296,24.0167,24.0167,38974.032806489
2000-07-27,23.7336,23.7336,22.9538,23.3433,44142.645664799
2000-07-28,23.0659,23.0659,22.8416,23.0659,125986.3535319
2000-07-31,22.5626,22.5626,22.0602,22.4513,64037.213921558
2000-08-01,22.3973,22.3973,22.1723,22.3973,40496.062876714
2000-08-02,22.3973,22.5626,22.3973,22.4513,118581.23698362
2000-08-03,22.3973,22.3973,22.1723,22.1723,88226.171153316
2000-08-04,22.1723,22.1723,22.0602,22.1723,166273.60897749
2000-08-07,22.1723,22.1723,22.0602,22.1723,81085.20858417
2000-08-08,22.0602,22.5626,22.0602,22.4513,135211.61678399
2000-08-09,22.6748,23.7336,22.6748,23.7336,200988.47333954
2000-08-10,23.7932,23.7932,23.3433,23.7336,85712.934723309
2000-08-11,23.7336,24.1296,23.6271,23.9038,121656.74402635
2000-08-14,24.0167,24.0167,23.9038,24.0167,64598.226658187
2000-08-16,23.4553,23.7336,23.2296,23.3433,58056.013108401
2000-08-17,22.9538,22.9538,22.5626,22.7868,25504.695623044
2000-08-18,22.5626,22.8416,22.5626,22.7868,47868.474646623
2000-08-21,22.4513,22.4513,22.0022,22.3973,76020.999441421
2000-08-22,22.5626,23.0659,22.5626,22.9538,71058.678262051
2000-08-23,22.9538,23.1191,22.5626,22.6748,128324.74518525
2000-08-24,22.7868,22.8416,22.6748,22.7868,82622.333167488
2000-08-25,22.5626,22.9538,22.4513,22.9538,76624.779965147
2000-08-28,22.5626,22.6748,22.3973,22.4513,36351.361156556
2000-08-29,22.2851,22.6748,22.2851,22.3973,36421.802217658
2000-08-30,22.3973,22.7868,22.3973,22.3973,145312.36179549
2000-08-31,22.8416,23.2296,22.8416,23.1191,51600.593008902
2000-09-01,23.1191,23.1191,22.8416,22.9538,12029.069059142
2000-09-04,23.0659,23.0659,22.6748,22.6748,16817.803337941
2000-09-05,22.5626,22.6748,22.3973,22.5626,28348.75346501
2000-09-06,22.3973,22.4513,22.2851,22.3973,19765.007019376
2000-09-07,22.3973,22.3973,22.2851,22.3973,30435.569900136
2000-09-08,22.0602,22.0602,21.611,21.89,177989.46688995
2000-09-11,21.89,22.0022,21.7239,21.89,19942.367548221
2000-09-12,21.89,22.3973,21.89,22.2851,33649.443312884
2000-09-13,22.0022,22.0022,21.7239,21.7843,97391.056353035
2000-09-14,21.89,22.0022,21.7239,22.0022,39996.68606855
2000-09-15,22.0022,22.6748,22.0022,22.5626,76432.324923209
2000-09-18,22.5626,22.7868,22.5626,22.5626,43824.403013752
2000-09-19,22.3973,22.9538,22.3973,22.9538,71771.894005702
2000-09-20,22.8416,22.8416,22.1723,22.4513,25454.3805794
2000-09-21,22.4513,22.4513,22.0022,22.0602,40306.123586959
2000-09-22,21.89,21.89,21.611,21.611,41848.279674641
2000-09-25,21.89,22.2851,21.89,22.0602,23239.260782981
2000-09-26,21.7239,21.7843,21.611,21.611,65760.504166359
2000-09-27,21.3869,21.7843,21.3869,21.7843,56014.480212554
2000-09-28,21.3869,21.7239,21.2214,21.7239,43889.812570489
2000-09-29,21.89,21.89,21.611,21.7239,36599.162746502
2000-10-02,21.7843,21.7843,21.7239,21.7239,16793.90369221
2000-10-03,21.4997,21.7843,21.4997,21.7239,31612.941921402
2000-10-04,21.4997,21.4997,21.3343,21.3343,15566.216627301
2000-10-05,21.4997,21.7239,21.3869,21.611,56415.742685614
2000-10-06,21.7239,22.0022,21.7239,21.7843,21997.73708107
2000-10-09,21.7843,21.7843,21.1102,21.4997,20822.880811987
2000-10-10,21.7239,21.7239,21.1102,21.1102,33489.693049315
2000-10-11,21.1102,21.1102,20.1586,20.719,28238.060368993
2000-10-12,20.8319,21.1102,20.6673,20.6673,30883.373788566
2000-10-13,19.769,19.769,19.2142,19.4916,51813.174068297
2000-10-16,20.3827,20.4431,19.769,20.2714,21553.706820914
2000-10-17,20.1586,20.9433,20.1586,20.6673,26153.759686049
2000-10-18,20.052,20.2714,19.6037,19.6037,17619.070407969
2000-10-19,20.052,20.719,20.052,20.5544,19836.705956569
2000-10-20,20.8319,21.3869,20.8319,20.8319,85185.88464114
2000-10-23,20.8319,20.8319,20.052,20.1586,75174.448832114
2000-10-24,20.1586,20.6673,20.1586,20.3827,109885.53956588
2000-10-25,20.5544,20.5544,20.2714,20.5544,55555.355439305
2000-10-26,20.5544,20.6673,20.4431,20.5544,12844.172766172
2000-10-27,20.6673,20.6673,20.5544,20.5544,22339.879377848
2000-10-30,20.719,20.719,20.4431,20.719,12997.633649285
2000-10-31,20.2714,20.6673,20.2714,20.4431,72553.035058272
2000-11-02,20.9433,21.611,20.9433,21.4997,40908.646234594
2000-11-03,21.7843,22.1723,21.7843,22.0602,85154.437738863
2000-11-06,22.0602,22.8416,22.0602,22.3973,123493.24311935
2000-11-07,22.7868,23.6271,22.1723,23.3433,163969.1799786
2000-11-08,23.5143,24.9627,23.5143,24.9627,151400.48207638
2000-11-09,24.407,24.407,23.7932,23.9038,83019.822012274
2000-11-10,23.9038,24.1828,23.9038,24.1296,118143.49610392
2000-11-13,23.7336,23.7336,23.3433,23.6271,124956.1530133
2000-11-14,23.3433,23.3433,22.5626,22.7868,211599.91604402
2000-11-15,22.6748,22.7868,22.3973,22.7868,189675.13577622
2000-11-16,22.6748,23.1191,22.6748,23.1191,96977.215119065
2000-11-17,22.8416,22.9538,22.7868,22.8416,16151.129009661
2000-11-20,23.1191,23.5143,23.0659,23.3433,44175.350443167
2000-11-21,23.1191,23.3433,23.0659,23.2296,7324.6124784465
2000-11-22,23.1191,23.2296,22.3973,22.7868,27035.530825906
2000-11-23,22.5626,22.6748,22.4513,22.5626,17364.979437567
2000-11-24,22.3973,23.3433,22.3973,23.3433,86755.714002826
2000-11-27,23.3433,24.0167,22.4513,22.9538,219857.87258205
2000-11-28,22.6748,22.7868,22.3973,22.7868,21860.628587141
2000-11-29,22.8416,23.2296,22.6748,23.0659,39967.754918454
2000-11-30,23.3433,23.3433,22.9538,23.3433,45379.137862346
2000-12-01,23.6271,23.7336,23.1191,23.3433,87924.280891453
2000-12-04,23.0659,23.0659,22.7868,22.9538,5783.7142668551
2000-12-05,22.7868,23.4553,22.7868,23.4553,8073.0487526481
2000-12-06,23.4553,23.5143,22.9538,23.1191,41558.96817369
2000-12-07,22.9538,23.2296,22.7868,22.8416,23276.997065714
2000-12-08,22.8416,22.9538,22.2851,22.4513,63105.127738057
2000-12-11,22.7868,22.7868,21.89,22.0022,34821.783829784
2000-12-12,22.0022,22.1723,21.7239,22.0022,64208.285069947
2000-12-13,22.0602,22.7868,22.0022,22.4513,172838.46429692
2000-12-14,23.0659,24.0167,22.9538,23.7932,151951.43180428
2000-12-15,23.4553,24.7974,23.4553,24.1828,209100.516251
2000-12-18,24.1828,25.8594,24.0167,25.8594,127629.13970687
2000-12-19,25.4644,26.9756,25.4644,26.0256,149469.64227656
2000-12-20,25.9126,26.3032,25.2456,26.1377,51977.955836231
2000-12-21,25.4644,26.191,25.3579,25.9126,65164.27089918
2000-12-22,25.7474,26.5272,25.7474,26.4159,60091.256623794
2000-12-27,26.1377,27.3667,26.0256,26.8643,77603.407564019
2000-12-28,26.8643,27.0893,26.5272,26.5272,88928.066012148
2000-12-29,26.4159,26.8643,26.191,26.3032,59166.717696839
2001-01-02,26.1377,26.3032,25.9126,26.3032,24443.04820216
2001-01-03,25.9126,26.4159,25.7474,26.4159,116450.39488531
2001-01-04,26.8054,27.6442,26.8054,27.6442,87705.410451603
2001-01-05,27.3667,28.82,27.3667,27.8692,188866.32144965
2001-01-08,26.9756,27.5321,26.9756,27.195,21915.975135149
2001-01-09,27.2539,27.5321,26.9756,27.195,152663.38967184
2001-01-10,26.8643,27.0893,25.4644,26.4159,225237.80862366
2001-01-11,26.5805,27.4788,26.191,27.2539,90412.35979964
2001-01-12,27.195,27.8692,27.195,27.5321,204119.32693026
2001-01-15,27.3667,27.5321,27.3667,27.5321,215308.13476055
2001-01-16,27.195,27.8692,27.195,27.7572,34628.070911756
2001-01-17,27.4788,27.4788,26.8643,26.9756,42208.032236695
2001-01-18,26.4159,26.9756,26.3032,26.5805,19625.382773266
2001-01-19,27.0893,27.7572,26.8643,27.4788,63179.342427432
2001-01-22,27.2539,27.4788,26.6934,26.6934,41118.711541806
2001-01-23,26.4159,26.8054,26.0256,26.4159,18632.918537391
2001-01-24,26.5272,26.5272,26.1377,26.1377,3342.1767740396
2001-01-25,26.0256,26.5272,26.0256,26.3032,4135.8965875206
2001-01-26,26.0256,26.191,25.9126,26.0256,3779.9176537407
2001-01-29,26.1377,26.4159,26.0256,26.191,24563.804306904
2001-01-30,26.4159,26.8054,26.191,26.8054,15806.470960701
2001-01-31,26.8054,27.4788,26.5805,26.5805,47961.557477363
2001-02-01,26.6934,26.9756,26.5272,26.6934,72924.108505145
2001-02-02,26.6934,27.4788,26.4159,26.5272,54023.26236035
2001-02-05,26.5272,26.5272,26.1377,26.1377,13041.659312473
2001-02-06,25.9126,26.5805,25.9126,26.191,35655.755678181
2001-02-07,26.191,26.191,25.5224,25.8594,66804.541321967
2001-02-08,25.5224,25.8594,25.5224,25.6352,36381.550182742
2001-02-09,25.4644,26.5272,25.4644,25.7474,132373.84832248
2001-02-12,25.7474,25.9126,25.7474,25.7474,6285.606827202
2001-02-13,25.7474,26.3032,25.7474,26.191,15322.188665629
2001-02-14,25.9126,26.3032,25.7474,25.9126,58019.53470176
2001-02-15,25.9126,26.8643,25.7474,26.8643,72126.615063391
2001-02-16,26.8054,26.8054,26.0256,26.0256,20143.627722796
2001-02-19,26.0256,26.1377,25.8594,25.8594,12645.428343778
2001-02-20,26.191,26.191,25.6352,25.7474,3893.1265019392
2001-02-21,25.7474,25.8594,25.1337,25.8594,101615.00426693
2001-02-22,25.6352,25.9126,25.1337,25.4644,73721.601946899
2001-02-23,25.5224,26.1377,25.5224,26.0256,35517.38930816
2001-02-26,26.3032,26.5805,26.3032,26.5272,15525.964592386
2001-02-27,26.4159,26.5272,26.1377,26.4159,13577.51452728
2001-02-28,26.4159,27.3667,26.191,26.5272,77493.972344094
2001-03-01,26.191,26.8643,26.191,26.6934,241876.99355667
2001-03-02,26.5272,26.8054,25.9126,26.1377,85355.697913438
2001-03-05,25.7474,26.0256,25.1337,25.7474,11712.084284186
2001-03-06,26.0256,26.0256,25.3579,25.9126,11712.084284186
2001-03-07,25.3579,25.7474,24.9627,25.7474,12636.623211141
2001-03-08,25.2456,26.1377,25.2456,26.0256,21070.682401934
2001-03-09,25.8594,25.8594,24.9627,25.4644,31761.37130015
2001-03-12,24.9627,25.5224,24.9627,24.9627,34116.115342681
2001-03-13,24.9627,25.1337,24.5715,25.1337,116563.60373351
2001-03-14,25.1337,25.1337,24.4602,24.5715,90403.554667002
2001-03-15,24.5715,24.8491,24.5715,24.8491,49089.872331076
2001-03-16,24.6837,25.1337,22.5626,25.1337,32444.398017614
2001-03-19,25.074,25.4644,25.074,25.2456,37062.061148025
2001-03-20,25.1337,26.1377,25.1337,26.1377,26134.891544683
2001-03-21,25.7474,26.5805,25.7474,26.4159,21376.346292069
2001-03-22,25.9126,26.191,25.7474,25.9126,116602.59789233
2001-03-23,25.7474,26.3032,25.1337,25.1337,84226.125183634
2001-03-26,25.6352,25.9126,25.6352,25.9126,10652.952615484
2001-03-27,25.8594,25.8594,25.2456,25.2456,73532.920533235
2001-03-28,25.3579,26.0256,25.3579,25.9126,22112.20380536
2001-03-29,25.9126,25.9126,25.4644,25.5224,2474.242271184
2001-03-30,25.4644,25.7474,25.4644,25.5224,114719.55738396
2001-04-02,25.4644,25.7474,25.4644,25.5224,786.17255693441
2001-04-03,25.5224,25.5224,25.4644,25.4644,29124.863013215
2001-04-04,25.4644,25.5224,25.4644,25.4644,6493.1563822327
2001-04-05,25.4644,25.5224,25.1337,25.5224,23085.799899867
2001-04-06,25.7474,26.3032,25.7474,26.3032,32625.532174733
2001-04-09,26.0256,27.195,26.0256,27.195,28378.942491196
2001-04-10,26.8643,28.0338,26.8643,27.9209,46117.511127818
2001-04-11,27.7572,27.9209,27.5321,27.8692,13328.455061244
2001-04-12,27.4788,27.8692,27.3667,27.8692,16981.327229783
2001-04-17,27.4788,27.4788,27.0893,27.0893,7959.8399044496
2001-04-18,26.8643,27.6442,26.8643,27.0893,39073.405017685
2001-04-19,27.8692,27.8692,27.195,27.2539,34795.368431872
2001-04-20,26.9756,27.9209,26.9756,27.7572,27259.432770121
2001-04-23,27.5321,27.8692,27.3667,27.5321,19923.499406854
2001-04-24,27.6442,27.7572,27.4788,27.6442,11322.142695947
2001-04-25,27.0893,27.6442,26.9756,27.5321,27318.552946402
2001-04-26,27.5321,27.9209,27.4788,27.9209,58653.504251671
2001-04-27,27.5321,27.7572,27.4788,27.5321,25687.087656253
2001-04-30,27.0893,27.0893,26.191,26.8054,41228.146761732
2001-05-02,26.8643,27.9209,25.7474,25.9126,91884.074826221
2001-05-04,25.7474,26.8054,25.6352,26.4159,45848.325644324
2001-05-07,26.191,26.191,25.2456,25.3579,61224.602981869
2001-05-08,25.3579,25.5224,24.7974,24.9627,26616.658087572
2001-05-09,25.074,25.1337,24.407,24.8491,29417.948142441
2001-05-10,24.6837,25.7474,24.4602,25.3579,69204.568903778
2001-05-11,25.4644,25.7474,25.3579,25.3579,42111.17577768
2001-05-14,25.074,25.4644,24.7974,25.074,75534.201394167
2001-05-15,25.074,25.1337,24.8491,24.9627,80792.123454945
2001-05-16,24.9627,25.074,24.4602,24.4602,132108.43646727
2001-05-17,24.7974,24.9627,24.4602,24.7974,45626.939452291
2001-05-18,24.7974,25.074,24.7974,24.9627,10597.606067476
2001-05-21,25.1337,25.6352,24.7974,25.6352,360509.80346003
2001-05-22,25.7474,26.5272,25.7474,26.4159,131557.48673935
2001-05-23,26.5272,26.8054,26.4159,26.6934,23376.36927691
2001-05-24,26.1377,26.1377,25.4644,25.4644,49752.773031082
2001-05-25,25.4644,25.5224,25.1337,25.1337,24879.531205769
2001-05-28,25.074,25.5224,25.074,25.2456,1759.768651442
2001-05-29,25.2456,25.9126,25.2456,25.8594,18561.219600199
2001-05-30,25.8594,25.8594,25.4644,25.8594,37287.22096833
2001-05-31,25.4644,26.3032,25.4644,26.3032,45287.312907695
2001-06-01,26.3032,26.3032,25.8594,26.3032,53184.259007591
2001-06-04,25.9126,26.191,25.9126,25.9126,7535.9356617505
2001-06-05,25.6352,26.191,25.6352,26.191,8430.2855625191
2001-06-06,26.0256,26.4159,25.7474,26.0256,231405.17509831
2001-06-07,25.9126,25.9126,25.8594,25.9126,9530.9271422273
2001-06-08,25.7474,25.7474,25.4644,25.4644,78424.800651504
2001-06-11,25.4644,25.9126,25.4644,25.8594,15468.102292196
2001-06-12,25.3579,25.3579,24.9627,25.2456,111245.30362036
2001-06-13,24.9627,25.2456,24.9627,24.9627,15203.948313067
2001-06-25,22.8416,24.9627,22.8416,24.407,4698.1672002401
2001-06-26,23.6271,23.7336,23.6271,23.7336,98982.26960827
2001-06-27,23.4553,23.4553,23.0111,23.0111,69960.552434525
2001-06-28,22.4513,23.7336,21.89,23.7336,15825.339102067
2001-06-29,22.8989,24.1296,22.8989,23.7336,37880.938483328
2001-07-02,23.4553,23.7336,23.4553,23.4553,4069.2291546925
2001-07-03,23.0659,23.0659,22.3384,22.3973,871.70813112888
2001-07-04,21.2214,21.8361,21.2214,21.5578,39385.358288278
2001-07-05,21.2214,23.4553,21.2214,21.7843,11947.307113221
2001-07-06,21.5578,22.0602,21.5578,21.7843,7207.6300019747
2001-07-09,21.4997,22.0022,21.2214,21.6706,23721.02732587
2001-07-10,21.7843,21.7843,21.4997,21.611,46122.542632183
2001-07-11,21.2214,21.3343,20.7731,20.7731,27367.610113956
2001-07-12,20.9433,21.7843,20.9433,21.3343,61781.842090225
2001-07-13,21.3869,21.7239,21.3869,21.7239,37579.048221465
2001-07-16,21.2819,21.7843,21.2214,21.7843,7634.0499968559
2001-07-17,21.7239,21.7239,21.5578,21.5578,14063.054698443
2001-07-18,21.2214,21.5578,21.1102,21.3343,20090.796926971
2001-07-19,21.3343,21.3343,20.7731,20.7731,72774.421250305
2001-07-20,20.719,20.8844,20.1061,20.1061,40436.942700433
2001-07-23,20.2166,20.2166,19.6561,19.715,41932.557372745
2001-07-24,19.544,19.544,19.2665,19.4916,83005.985375272
2001-07-25,19.3255,19.4916,18.7117,18.7117,43737.609563467
2001-07-26,18.9884,19.544,18.9884,19.3255,87330.563376457
2001-07-27,19.6037,19.715,19.4916,19.544,28934.923723459
2001-07-30,19.0424,19.0424,18.2617,18.8771,146899.80142245
2001-07-31,18.9884,19.3255,18.8238,18.9884,8010.1549480934
2001-08-01,18.8238,19.102,18.6521,18.6521,5051.6303818378
2001-08-02,18.6521,18.6521,18.4278,18.5392,1407.5633459354
2001-08-03,18.4278,18.4278,17.4231,17.4231,71365.600028278
2001-08-06,17.4826,17.5947,17.0923,17.2576,119323.38387737
2001-08-07,16.8085,17.0326,16.1939,16.1939,39382.842536095
2001-08-08,15.9165,15.9165,15.4666,15.4666,143802.91048617
2001-08-09,15.6915,15.9165,15.4149,15.9165,21471.944874993
2001-08-10,15.9165,16.4778,15.7519,15.9165,69310.230495429
2001-08-13,15.9165,16.4778,15.9165,16.1939,28534.919126491
2001-08-14,16.1939,17.0326,16.1939,17.0326,101306.82462461
2001-08-16,16.2528,16.4182,16.0819,16.0819,71902.713119176
2001-08-17,16.1939,16.1939,15.7519,15.7519,3254.1254476629
2001-08-20,15.6391,16.1939,15.6391,15.9165,25543.689781868
2001-08-21,16.1939,16.7561,16.1939,16.6956,85995.956843805
2001-08-22,16.7561,17.0326,16.6956,17.0326,49404.34135385
2001-08-23,16.9793,16.9793,16.306,16.7561,22865.671583926
2001-08-24,16.7561,17.3101,16.7561,17.3101,29527.383362365
2001-08-27,17.6463,18.3142,17.6463,18.1496,49696.168606983
2001-08-28,18.1496,18.9884,18.1496,18.8771,170713.91157905
2001-08-29,18.8771,18.8771,18.5392,18.8238,22522.271411057
2001-08-30,18.5392,19.544,18.5392,19.4916,206484.13398153
2001-08-31,19.4391,20.3827,19.2665,20.3827,89572.098570788
2001-09-03,20.052,20.5544,20.052,20.1061,38646.985022804
2001-09-04,20.1586,20.1586,19.6037,20.1061,34704.801353313
2001-09-05,19.6037,20.1061,19.2665,20.1061,4913.2640118173
2001-09-06,19.6561,19.8812,18.9884,19.544,32767.672173026
2001-09-07,19.102,19.8812,19.102,19.8812,205262.73629708
2001-09-10,20.1061,20.1061,19.6561,20.1061,154366.55389919
2001-09-11,19.769,20.1061,19.544,19.94,61635.928463658
2001-09-12,19.2665,20.1061,18.9884,20.1061,9351.0508612007
2001-09-13,20.1061,20.3827,19.715,20.3827,59835.907777301
2001-09-14,20.3827,20.3827,19.2665,20.1586,88291.580710054
2001-09-17,17.1455,19.544,17.1455,19.544,559520.89558436
2001-09-18,18.9884,19.0424,18.5988,18.7117,236866.87308584
2001-09-19,18.8238,19.3787,18.8238,19.3787,365303.5692432
2001-09-20,18.8771,18.9884,18.5392,18.9884,127636.68696342
2001-09-21,18.4278,18.8771,18.1496,18.8771,109299.36930743
2001-09-24,18.4278,18.7642,18.4278,18.7117,168927.72752971
2001-09-25,18.4278,18.8771,18.4278,18.8771,285740.39072924
2001-09-26,18.7117,19.2665,18.6521,19.2665,344603.96028813
2001-09-27,18.9884,19.2665,18.9295,19.2665,296052.45892404
2001-09-28,19.102,19.4391,19.0424,19.4391,195478.97606053
2001-10-01,19.0424,19.4916,19.0424,19.4391,71990.764445553
2001-10-02,19.2665,19.544,19.1545,19.544,203923.09826006
2001-10-03,19.3787,19.544,19.3255,19.4391,83165.735638841
2001-10-04,19.3255,19.9925,19.3255,19.8287,94603.602935168
2001-10-05,19.544,19.94,19.544,19.94,43444.524434241
2001-10-08,19.715,19.8812,19.6561,19.769,57390.596656212
2001-10-09,19.6561,20.607,19.6561,20.4431,148336.29591848
2001-10-10,20.2714,22.3384,20.2166,21.89,120054.2098863
2001-10-11,22.0022,25.1337,22.0022,23.2296,279139.05700318
2001-10-12,22.4513,23.2296,22.3384,22.8416,74346.766364174
2001-10-15,22.3384,22.7868,22.2851,22.7868,65318.989658384
2001-10-16,22.8989,23.7336,22.5046,23.6271,117183.73664642
2001-10-17,23.4553,23.9578,23.29,23.7932,170132.77282497
2001-10-18,23.0111,23.6271,22.8989,23.5143,81178.291414911
2001-10-19,22.7288,23.4553,22.7288,23.29,116745.99576672
2001-10-22,22.8416,23.7336,22.8416,23.6796,57634.624617884
2001-10-23,23.9578,24.1828,23.7336,24.0167,121430.32632995
2001-10-24,23.6271,24.5715,23.6271,24.5715,100760.90640108
2001-10-25,24.5715,25.4111,24.5715,25.1337,214606.23990173
2001-10-26,24.9078,25.3579,24.4602,24.5715,233113.37083001
2001-10-29,24.3474,25.0215,24.2949,24.8491,36698.534957698
2001-10-30,24.1828,24.5715,23.9578,24.0167,186427.29970902
2001-10-31,24.0167,24.0167,23.2296,23.6796,129093.3074769
2001-11-02,23.4553,23.9038,23.4553,23.7336,22651.832648439
2001-11-05,23.3433,23.5143,22.7288,23.1779,112064.18095566
2001-11-06,22.8989,23.7336,22.7868,23.0659,68907.710146279
2001-11-07,22.5046,22.8416,22.3384,22.5626,26544.959150379
2001-11-08,22.2264,23.0659,22.2264,23.0111,43769.056465744
2001-11-09,23.0659,24.5715,22.8989,23.5143,195817.34472904
2001-11-12,23.5675,23.9038,23.5675,23.7336,88277.744073051
2001-11-13,23.7336,24.6837,23.7336,24.6837,46906.199436935
2001-11-14,24.8491,26.8054,24.8491,25.9716,212471.62417515
2001-11-15,26.2499,27.3667,25.9716,27.3667,136482.07163599
2001-11-16,27.0893,27.3071,26.3032,26.3032,106315.68721935
2001-11-19,26.3032,27.0305,26.2499,27.0305,46665.945103535
2001-11-20,26.8054,26.9756,26.5805,26.9176,101466.57488818
2001-11-21,26.6401,26.6934,26.2499,26.2499,70643.57915199
2001-11-22,25.187,26.2499,25.187,26.2499,68625.945901874
2001-11-23,26.3032,26.8054,25.7474,25.7474,31170.169537336
2001-11-26,25.7474,26.0788,25.1337,26.0788,72425.989573071
2001-11-27,25.9716,27.0893,25.9716,27.0305,64668.667719288
2001-11-28,26.5272,26.9756,26.5272,26.8054,41244.499150916
2001-11-29,26.5272,27.0305,26.5272,26.9756,50525.108951016
2001-11-30,26.9176,27.2539,26.9176,27.1426,41248.27277919
2001-12-03,26.474,26.9756,26.4159,26.9756,87437.4828442
2001-12-04,26.8054,27.1426,26.5272,27.0893,88009.816465649
2001-12-05,27.0893,27.0893,26.8643,27.0305,105688.0070499
2001-12-06,26.8054,26.9756,25.7474,25.7474,96202.36344695
2001-12-07,25.8015,26.2499,25.4644,25.7474,235615.2863752
2001-12-10,25.4111,25.6893,25.187,25.2456,210310.59305064
2001-12-11,24.9627,25.9716,24.9627,25.4111,45357.753968797
2001-12-12,25.6893,25.6893,25.187,25.2456,143791.58960136
2001-12-13,25.1337,25.5748,24.6837,24.8491,124832.88115637
2001-12-14,24.5715,25.2983,24.5715,25.2983,43245.780011848
2001-12-17,25.3579,25.7474,25.187,25.6893,77838.630393054
2001-12-18,25.2983,25.8594,25.2983,25.6893,41826.895781094
2001-12-19,25.5224,26.2499,25.5224,26.2499,64278.726131049
2001-12-20,26.1377,26.3618,25.8594,26.3618,45189.19857259
2001-12-21,26.2499,26.5272,26.0256,26.5272,59984.337156051
2001-12-27,26.2499,27.0893,26.2499,27.0893,29378.953983617
2001-12-28,26.5272,27.195,26.5272,27.195,65940.380447386
2001-12-31,27.195,27.9209,27.0893,27.9209,112713.24501866
2002-01-02,27.1426,27.8088,27.1426,27.3667,33098.493584984
2002-01-03,27.0893,28.82,27.0893,28.595,244196.51706865
2002-01-04,28.2588,31.166,28.2588,30.4387,205744.50283997
2002-01-07,29.6524,30.8814,29.6524,30.4387,232888.21100971
2002-01-08,29.9887,30.8814,29.8773,29.8773,118232.80530639
2002-01-09,29.7128,31.166,29.7128,30.8814,87945.664785003
2002-01-10,30.3257,30.9943,29.5999,30.5506,90339.402986356
2002-01-11,30.1556,30.6039,29.7652,29.7652,23409.074055279
2002-01-14,29.0379,29.3758,28.7612,29.0379,37677.16255657
2002-01-15,28.7612,29.5999,28.3184,29.3217,18671.912696215
2002-01-16,28.82,30.0491,28.82,30.0491,33585.291632238
2002-01-17,30.0491,30.1556,29.4871,30.1014,81899.054415108
2002-01-18,29.8241,31.5548,29.8241,30.492,111472.97919284
2002-01-21,30.3257,30.8814,30.2137,30.7701,197543.15072602
2002-01-22,30.7701,32.8959,30.7701,32.2822,47104.943859327
2002-01-23,32.3943,33.6233,32.1105,32.9492,145370.22409567
2002-01-24,32.9492,33.5105,32.5589,32.7242,138619.20311477
2002-01-25,32.7242,35.1832,32.7242,34.2902,154323.78611209
2002-01-28,34.6274,34.8469,32.2225,32.9492,92271.500662278
2002-01-29,32.9492,33.5105,32.9492,32.9492,55347.805884274
2002-01-30,32.8371,32.8371,31.8338,32.3943,51287.381862218
2002-01-31,32.8959,34.0662,32.2822,34.0121,276525.19048588
2002-02-01,34.0662,34.9589,32.9492,33.7887,60180.565826261
2002-02-04,33.1161,33.4525,32.9492,33.4525,15432.881761645
2002-02-05,32.6717,32.6717,32.1693,32.1693,61687.501383393
2002-02-06,32.1693,32.3943,31.6089,31.7814,60868.62404809
2002-02-07,30.1556,31.3847,30.1556,31.2774,119276.842462
2002-02-08,30.8814,33.3395,30.8814,32.5589,37713.640963213
2002-02-11,32.5008,33.5105,32.5008,33.2267,109800.00399169
2002-02-12,33.2267,33.5629,32.7242,32.7242,57063.548872527
2002-02-13,32.6717,33.7887,32.4484,33.5105,42825.649397423
2002-02-14,33.3983,34.0121,33.3983,33.5105,151126.26508853
2002-02-15,33.1161,33.7291,33.0096,33.6233,76773.209343896
2002-02-18,33.5105,33.5629,33.1742,33.5105,74300.224948803
2002-02-19,33.5105,33.6233,33.2267,33.6233,156125.06467453
2002-02-20,33.5105,33.6765,33.5105,33.6765,23337.375118086
2002-02-21,33.7887,33.842,33.6233,33.7887,27665.726747545
2002-02-22,33.2267,34.0121,33.2267,33.842,25629.225356062
2002-02-25,33.6765,33.9533,33.6765,33.9533,17525.987577227
2002-02-26,34.0662,35.071,34.0121,34.9049,64661.120462742
2002-02-27,34.6274,35.0177,34.4564,34.9049,37504.833532091
2002-02-28,34.7394,35.4605,34.7394,35.4605,85432.428354994
2002-03-01,35.1299,37.1396,35.1299,36.8598,61227.118734052
2002-03-04,38.0895,38.8162,37.4751,37.5283,94320.580814672
2002-03-05,37.4155,37.9767,36.9734,37.4155,27824.219135023
2002-03-06,37.1976,37.6404,37.1976,37.6404,141402.88290436
2002-03-07,37.4751,38.3678,37.4751,37.9171,34435.615869819
2002-03-08,38.255,38.8162,38.0895,38.6445,34529.956576651
2002-03-11,38.4791,38.6445,37.4751,37.5872,116411.40072648
2002-03-12,36.5251,36.8598,35.8564,35.9694,108611.3110856
2002-03-13,35.7451,36.7492,35.296,35.9089,55549.066058849
2002-03-14,35.8564,36.5831,35.8564,36.4718,34060.768794672
2002-03-15,36.3589,37.3041,36.3001,37.3041,55264.786062262
2002-03-18,37.0266,37.3638,36.0743,36.3001,27153.77117847
2002-03-19,36.3001,37.1976,35.9089,37.1976,65257.35372992
2002-03-20,36.6364,37.0266,36.4718,36.7492,20303.377986366
2002-03-21,36.6364,37.1976,36.6364,36.9734,35038.138517453
2002-03-22,36.6888,37.2501,36.6364,37.1396,71590.759848584
2002-03-25,37.1396,37.3041,37.1396,37.1396,69414.63421099
2002-03-26,36.8598,37.1976,36.7492,37.1976,18137.315357499
2002-03-27,37.4155,38.5332,37.4155,38.2017,96521.863974088
2002-03-28,38.0895,38.5332,37.9171,38.0308,167883.69037409
2002-04-02,37.3041,37.4155,37.3041,37.4155,28277.054527817
2002-04-03,36.8026,37.6404,36.6888,37.1396,28152.524794799
2002-04-04,36.8598,37.4155,36.8598,37.1976,70895.154370209
2002-04-05,37.4155,38.255,37.1976,38.2017,35859.531604938
2002-04-08,37.9767,38.7042,37.5872,38.5332,58498.785492467
2002-04-09,38.592,40.4882,38.592,39.9857,131074.46232038
2002-04-10,39.2065,41.1622,39.2065,41.0501,117103.23257659
2002-04-11,41.2744,42.5559,41.2744,41.8292,255663.31551507
2002-04-12,41.6043,41.8888,41.3276,41.7171,215514.4264395
2002-04-15,41.6043,43.8389,41.3276,43.6727,40562.730309543
2002-04-16,43.2832,44.0623,42.6671,42.834,117304.49275116
2002-04-17,42.5559,42.834,41.4922,41.4922,101006.19223884
2002-04-18,41.3276,41.4922,40.376,40.4364,94621.213200443
2002-04-19,40.2631,40.7655,39.5429,39.5429,70390.74605768
2002-04-22,39.4848,39.4848,38.5332,38.8703,269554.04118903
2002-04-23,38.8162,40.1574,38.8162,39.8735,79646.198335957
2002-04-24,39.8735,39.9324,39.6494,39.709,149958.95607599
2002-04-25,40.0993,40.4882,39.6494,40.1574,38980.322186945
2002-04-26,39.7614,40.938,39.7614,40.938,47127.585628968
2002-04-29,41.0501,41.1034,40.7655,40.8252,35445.690370968
2002-04-30,40.5477,40.5477,39.9324,40.4882,7044.1061101323
2002-05-02,40.2114,40.4882,40.2114,40.2631,13665.565853657
2002-05-06,40.2114,40.4882,39.6494,40.4364,105279.19732029
2002-05-07,40.1574,40.4364,39.9324,40.0993,67437.252995789
2002-05-08,40.0993,40.0993,38.5332,39.147,42616.841966301
2002-05-09,39.0944,39.5961,39.0944,39.2598,8295.6928207719
2002-05-10,39.147,40.1574,39.147,39.709,52254.688576272
2002-05-13,39.7614,39.7614,39.372,39.4307,20191.427014258
2002-05-14,39.4307,40.4364,39.3187,40.0461,41771.549233084
2002-05-15,39.9324,40.2114,39.6494,39.9857,7661.72327086
2002-05-16,40.2114,42.1067,39.9857,41.8888,79455.001170111
2002-05-17,42.7228,44.0099,42.443,43.005,157226.96413034
2002-05-20,41.8888,42.443,41.6043,41.8292,41374.060388299
2002-05-21,41.3276,41.4405,41.2147,41.2147,93791.014980321
2002-05-22,40.938,41.4922,40.8784,40.9897,62946.63535058
2002-05-23,40.8784,41.5526,40.8252,41.4922,17923.476422013
2002-05-24,41.2744,41.4922,41.0501,41.0501,17026.610769063
2002-05-27,40.7655,41.2147,40.5477,40.7131,14275.635757838
2002-05-28,40.6001,40.7655,40.5477,40.5477,21044.26700402
2002-05-29,40.4882,40.7131,40.2114,40.3227,13905.820187056
2002-05-31,40.2631,40.376,39.9857,40.2114,7161.0885866042
2002-06-03,40.2114,40.9897,40.2114,40.7655,6288.1225793842
2002-06-04,40.4364,40.7655,40.4364,40.5477,5613.9009945573
2002-06-05,40.4882,40.5477,40.2114,40.3227,30067.012205445
2002-06-06,40.3227,40.6001,40.3227,40.376,30789.033081734
2002-06-07,40.2631,40.4364,40.2631,40.3227,58835.89628488
2002-06-10,40.2114,40.6598,40.2114,40.376,11508.308357429
2002-06-11,40.3227,41.2744,40.3227,40.4882,38282.200956387
2002-06-12,40.5477,40.7655,40.376,40.7131,13573.740899007
2002-06-13,40.7655,40.8784,40.5477,40.6001,32664.526333556
2002-06-14,40.376,40.4882,39.6494,39.6494,25407.839164029
2002-06-17,39.0944,39.5961,38.8162,39.372,14265.572749109
2002-06-18,39.0944,39.6494,38.5332,38.5332,18938.582427528
2002-06-19,38.3129,38.3129,36.1888,36.8598,127480.71032812
2002-06-20,36.8598,37.7,36.5831,37.3041,57203.173118639
2002-06-21,37.5872,38.255,36.9138,37.9767,26835.528527422
2002-06-24,37.9767,38.255,37.4155,37.9171,82842.461483429
2002-06-25,37.9767,38.3678,36.9138,36.9138,46164.052543189
2002-06-26,35.7451,36.1888,35.296,35.3541,38314.905734756
2002-06-27,35.2411,36.0743,35.1832,36.0218,29543.73575155
2002-06-28,36.4129,36.4129,35.3541,35.3541,86257.595070753
2002-07-01,34.6274,35.7451,34.6274,35.2411,16334.778918961
2002-07-02,35.6324,35.6324,33.9533,34.3452,97695.462367081
2002-07-03,33.9007,34.1783,33.3983,34.0662,163903.77042187
2002-07-04,34.2371,35.2411,33.5105,33.5105,84047.506778699
2002-07-05,33.842,35.296,33.5105,34.6815,87930.570271909
2002-07-08,35.4073,35.4073,34.6815,34.7394,63810.796225161
2002-07-09,34.7936,35.3541,34.7394,34.7394,46821.921738831
2002-07-10,34.6274,34.7936,34.3452,34.5686,86175.833124831
2002-07-11,34.5154,34.6274,33.9007,34.1783,70205.838272288
2002-07-12,34.2902,35.0177,33.5105,33.5105,31141.238387241
2002-07-15,33.2863,34.0662,32.3346,32.8959,130759.99329761
2002-07-16,32.8371,33.7887,32.5008,33.2267,34609.202770389
2002-07-17,33.2863,34.0662,33.2267,34.0662,80766.965933123
2002-07-18,34.6274,34.6274,32.6717,32.6717,21094.582047664
2002-07-19,32.9492,32.9492,31.2774,31.2774,53580.489976286
2002-07-22,30.9943,32.3346,30.1556,31.2774,47767.844559335
2002-07-23,31.2774,31.7217,30.8289,31.3306,99939.513313594
2002-07-24,30.9943,31.8338,30.9943,30.9943,113361.05120558
2002-07-25,31.5548,31.8338,30.8289,31.0539,146606.71629323
2002-07-26,31.0539,32.9492,30.8289,32.3943,128865.63190441
2002-07-29,32.3943,32.9492,31.5548,32.6121,62695.060132361
2002-07-30,33.3395,33.3395,31.5548,31.8338,57635.882493976
2002-07-31,31.8919,32.9492,31.2774,31.9984,118908.28476731
2002-08-01,32.3943,34.5686,32.3943,33.7887,61876.182797057
2002-08-02,33.842,34.1257,33.3983,33.4525,134370.09767904
2002-08-05,32.9492,33.5105,32.7242,32.8959,3196.2631474726
2002-08-06,32.4484,34.0662,32.4484,33.2267,16582.580508906
2002-08-07,34.0121,34.2371,33.3983,33.5629,41424.375431943
2002-08-08,33.5629,34.6274,33.5105,33.7887,28064.473468422
2002-08-09,33.9007,34.4564,33.7887,33.842,85258.841454423
2002-08-12,33.5629,33.7887,32.9492,33.4525,15502.064946655
2002-08-13,33.6765,34.6274,33.2267,34.6274,89765.811488816
2002-08-14,34.0662,34.3452,33.4525,33.7887,78627.31870217
2002-08-16,33.7887,35.7451,33.7887,34.7394,63965.514984367
2002-08-19,34.6815,35.1832,34.5154,34.6274,22302.143095115
2002-08-20,34.6274,35.071,34.6274,34.7936,101079.14905213
2002-08-21,35.0177,36.3001,34.9049,36.1888,46084.80634945
2002-08-22,36.3001,36.8026,36.1348,36.3001,32085.903331652
2002-08-23,36.6364,37.3638,36.6364,36.9138,20991.436208194
2002-08-26,36.9138,37.2501,36.9138,36.9734,3797.527919016
2002-08-27,37.1976,38.5332,36.9138,38.3129,106110.65341651
2002-08-28,37.4155,37.7526,36.9138,37.5283,185530.43405606
2002-08-29,37.3638,37.3638,36.0743,36.6888,106586.13057894
2002-08-30,36.5831,36.6888,36.3001,36.3589,7278.071063076
2002-09-02,36.4718,36.6888,35.1832,35.1832,19190.157645747
2002-09-03,35.1299,35.1299,33.842,34.6274,59819.555388117
2002-09-04,34.2371,34.6274,33.6765,34.4025,41504.879501773
2002-09-05,34.1783,34.6274,33.6233,33.9533,59072.376990007
2002-09-06,34.0662,35.9694,34.0662,35.8564,67786.942549113
2002-09-09,36.0743,36.0743,35.4073,35.7451,22180.129114279
2002-09-10,35.7451,36.5251,35.7451,36.1348,22639.253887528
2002-09-11,36.5831,36.6364,35.7451,36.1348,21217.853904591
2002-09-12,36.0218,36.0218,35.3541,35.6856,27162.576311107
2002-09-13,35.296,35.7451,35.1832,35.4605,23402.784674824
2002-09-16,35.1832,36.0218,35.1832,35.4605,7820.215658338
2002-09-17,36.0218,36.246,35.7984,35.7984,50464.730898643
2002-09-18,35.7451,35.7451,34.9049,35.6856,17971.275713476
2002-09-19,35.4605,35.9089,35.4605,35.4605,7439.0792027362
2002-09-20,35.4605,36.6888,35.4605,36.5251,29890.909552691
2002-09-23,36.8026,36.8026,35.8564,35.8564,4918.2955161817
2002-09-24,35.4605,36.0218,34.9589,35.6856,230717.11687647
2002-09-25,35.6324,37.4155,35.6324,37.3041,70137.912963369
2002-09-26,37.4155,38.255,36.9138,37.9767,763740.85260192
2002-09-27,37.4155,37.8647,37.0848,37.4155,82740.573520051
2002-09-30,37.3041,37.3041,36.8598,37.0848,42171.553830053
2002-10-01,36.9734,37.4155,36.6364,37.0848,6473.0303647752
2002-10-02,37.3041,37.3041,36.5251,36.8598,41580.352067239
2002-10-03,36.8598,37.3638,36.5831,37.3041,15817.79184552
2002-10-04,36.9734,37.4155,36.5831,36.7492,111583.67228886
2002-10-07,36.7492,36.8598,36.0218,36.3001,224592.51818893
2002-10-08,36.1888,36.8598,36.1888,36.8598,29299.707789877
2002-10-09,36.5831,37.0848,36.5831,36.7492,86977.100194859
2002-10-10,37.1396,37.1396,36.1348,36.8598,136255.6539396
2002-10-11,37.0848,37.4155,36.6364,37.2501,31923.637315901
2002-10-14,37.2501,37.2501,36.4718,37.2501,18240.46119697
2002-10-15,37.4155,38.5332,37.4155,38.5332,103464.08212084
2002-10-16,38.3678,38.8162,37.9767,38.2017,30171.415921006
2002-10-17,38.2017,38.5332,37.7,37.9767,113144.69651791
2002-10-18,37.9767,38.255,37.4751,37.8647,461858.13799564
2002-10-21,37.8647,39.0357,37.5872,38.9824,290857.43066782
2002-10-22,38.6445,40.0461,38.5332,39.6494,448374.9641752
2002-10-23,39.6494,40.0993,39.3187,40.0993,224293.14367925
2002-10-24,40.0993,40.376,39.709,40.0461,112470.47493308
2002-10-25,39.6494,40.0461,39.372,39.4307,157976.65828063
2002-10-28,39.9857,40.8252,39.6494,40.6001,32799.119075304
2002-10-29,40.7655,40.7655,40.2631,40.6001,71202.076136436
2002-10-30,40.3227,40.9897,39.9857,40.0993,30426.764767498
2002-10-31,40.7131,40.7131,40.0993,40.2114,101696.76621285
2002-11-04,40.2631,41.3276,40.2631,41.3276,21270.684700418
2002-11-05,40.7655,41.1034,40.4882,41.1034,69165.574744953
2002-11-06,40.9897,41.1034,39.4307,39.4307,66092.583454407
2002-11-07,39.4307,39.6494,38.0308,38.0308,51606.882389358
2002-11-08,38.0308,38.3129,37.7,38.2017,44792.967603895
2002-11-12,38.0308,38.5332,38.0308,38.255,41094.811896076
2002-11-13,38.0895,38.5332,37.4751,37.9171,82252.517596706
2002-11-14,38.1428,39.0357,38.1428,38.8162,105299.32333775
2002-11-15,39.0944,39.6494,39.0944,39.372,20053.060644238
2002-11-18,39.0357,40.2114,39.0357,39.8735,45152.720165949
2002-11-19,39.6494,40.4882,39.6494,40.4882,79164.431793068
2002-11-20,40.4882,41.1034,40.2114,41.0501,30243.114858198
2002-11-21,41.0501,41.8292,41.0501,41.8292,45789.205468043
2002-11-22,41.8888,42.167,41.6639,41.8888,79073.864714508
2002-11-25,41.6043,42.443,40.8784,42.443,52835.827330357
2002-11-26,41.8888,42.6099,41.8888,42.443,56609.455603642
2002-11-27,41.8888,42.7228,41.7171,42.167,31299.730774718
2002-11-28,42.167,42.443,41.8888,42.443,26972.637021351
2002-11-29,41.8888,42.3913,41.8888,42.2188,49621.953917609
2002-12-02,41.9414,43.5082,41.9414,42.7228,54146.534217278
2002-12-03,42.7228,43.5082,42.6671,42.7817,99567.18199063
2002-12-04,42.2188,43.2245,41.8888,42.0542,17351.142800565
2002-12-05,42.0542,42.443,41.8888,42.167,12659.26498078
2002-12-06,41.776,42.2188,41.0501,41.2744,16497.044934712
2002-12-09,41.0501,42.167,40.7655,40.7655,58015.761073487
2002-12-10,40.4882,41.5526,40.376,40.9897,54459.745363961
2002-12-11,41.2744,41.5526,40.7131,40.7655,21158.73372831
2002-12-12,41.3276,41.4922,40.5477,41.3276,9689.4195297053
2002-12-13,41.2147,41.2744,40.6598,41.0501,96433.812647712
2002-12-16,40.8784,41.2744,40.6598,41.2744,36694.761329426
2002-12-17,41.3276,41.3276,39.9857,40.0993,108891.81745392
2002-12-18,39.9324,39.9857,39.2065,39.2065,140636.83636488
2002-12-19,39.2065,39.6494,38.1428,38.3129,133058.13291603
2002-12-20,38.7575,38.8162,38.255,38.5332,216608.77863875
2002-12-23,38.5332,40.1574,38.5332,39.147,60703.842280156
2002-12-27,39.2598,39.372,38.9283,39.2065,7461.7209723759
2002-12-30,38.8703,39.6494,38.8703,39.2598,17759.952530171
2002-12-31,38.9824,39.6494,38.9824,39.2598,5607.6116141018
2003-01-02,39.0944,40.1574,38.9824,40.1574,46423.175017955
2003-01-03,40.7655,42.7228,40.4882,42.3913,109602.51744539
2003-01-06,42.3913,43.5082,41.8888,43.4486,104947.11803224
2003-01-07,43.56,43.6195,42.893,43.2832,113184.94855283
2003-01-08,42.2188,42.834,41.8888,42.2188,38563.965200792
2003-01-09,42.1067,43.2832,42.1067,43.005,52074.812295244
2003-01-10,43.2245,43.8389,43.005,43.56,55206.923762071
2003-01-13,43.7268,44.4002,43.2832,44.3406,34435.615869819
2003-01-14,44.1227,44.4002,43.56,44.0623,262931.32356942
2003-01-15,43.7857,43.7857,43.3358,43.56,38638.179890168
2003-01-16,43.3358,43.3358,42.443,42.893,31484.638560109
2003-01-17,42.7228,42.834,42.0542,42.2784,32468.297663346
2003-01-20,41.9414,42.167,40.938,41.4405,6377.431781852
2003-01-21,41.3276,41.3276,40.6001,40.938,39248.249794349
2003-01-22,40.5477,40.7655,39.2598,39.8212,75883.890947492
2003-01-23,39.8212,41.0501,39.8212,40.5477,24710.975809562
2003-01-24,40.5477,41.0501,39.9324,39.9324,35001.660110811
2003-01-27,39.5961,40.2114,38.9824,40.2114,31015.450778131
2003-01-28,39.8212,40.4364,39.8212,40.376,16885.72864686
2003-01-29,40.6001,40.6001,39.4307,39.709,72238.566035498
2003-01-30,40.1574,40.1574,38.6445,38.6445,109550.94452565
2003-01-31,38.5332,39.147,38.5332,38.7575,9372.4347547493
2003-02-03,39.4307,39.8212,39.147,39.5961,10961.132257802
2003-02-04,39.8735,39.8735,39.4307,39.5961,14452.996286682
2003-02-05,39.6494,39.8212,38.8162,38.9283,23176.366978427
2003-02-06,38.9283,38.9283,37.7,37.9171,75651.18387064
2003-02-07,37.7,37.9171,37.4155,37.5283,45425.679277715
2003-02-10,37.5283,38.0895,37.4751,38.0895,38792.898649372
2003-02-11,38.2017,38.8162,37.5872,37.5872,49623.2117937
2003-02-12,37.4751,37.9767,37.1396,37.1396,52864.758480453
2003-02-13,37.1396,37.5283,36.8598,37.1396,290542.96164505
2003-02-14,37.2501,37.8121,37.2501,37.7,27329.873831223
2003-02-17,38.6445,38.6445,37.7,38.0895,42336.335597987
2003-02-18,38.5332,38.5332,37.8121,37.9767,34943.797810621
2003-02-19,37.8121,38.5332,37.4751,37.9767,127603.98218505
2003-02-20,37.9767,38.3678,37.3041,38.3678,73043.606733799
2003-02-21,37.9767,38.9824,37.9767,38.8162,16453.019271523
2003-02-24,38.9824,38.9824,38.1428,38.5332,12532.21949558
2003-02-25,38.5332,38.5332,37.8647,38.0895,25465.70146422
2003-02-26,38.0895,38.2017,37.5283,37.5872,40912.419862867
2003-02-27,37.9171,38.255,37.1976,37.6404,11629.064462174
2003-02-28,37.7526,37.9171,37.5283,37.7526,3952.2466782207
2003-03-03,37.5283,37.5283,37.2501,37.4155,1996.2493565679
2003-03-04,37.4155,37.9171,36.9734,37.9171,29440.58991208
2003-03-05,37.3638,38.255,37.3638,38.255,9191.3005976316
2003-03-06,38.0308,38.6445,38.0308,38.4203,5535.9126769094
2003-03-07,38.5332,38.8162,38.255,38.8162,30658.213968259
2003-03-10,38.8162,39.709,38.592,39.372,101787.33329141
2003-03-11,38.7042,39.0944,38.6445,38.7042,20889.548244816
2003-03-12,38.5332,38.8162,37.4155,37.9171,40935.061632506
2003-03-13,37.8121,38.5332,37.8121,37.9767,50213.155680424
2003-03-14,38.4203,38.4203,37.4751,37.4751,27181.444452473
2003-03-17,37.3638,37.4155,35.7451,35.7984,30511.042465602
2003-03-18,36.3589,36.8598,36.0743,36.4718,34940.024182348
2003-03-19,36.0743,36.3589,34.9049,35.5726,68361.791922744
2003-03-20,35.3541,36.5831,35.1832,36.5831,64077.465956474
2003-03-21,36.6364,36.8598,36.3589,36.8598,39924.987131357
2003-03-24,37.0266,37.0266,36.3001,36.4129,17444.225631306
2003-03-25,36.3001,36.4129,36.0743,36.246,63035.944553046
2003-03-26,36.4718,36.5831,36.1348,36.4129,63173.053046977
2003-03-27,36.3001,36.3001,35.9089,36.0218,23124.794058691
2003-03-28,36.0218,36.0218,35.4073,35.6856,21166.280984857
2003-03-31,35.4073,35.4605,35.071,35.1299,37160.175483131
2003-04-01,35.1832,35.6324,35.1299,35.1832,20015.324361505
2003-04-02,35.5202,36.0743,35.1832,35.9089,28196.550457987
2003-04-03,36.5831,37.4155,36.3001,36.8598,80179.537798582
2003-04-04,36.8598,37.1396,36.3589,36.8598,101172.23188287
2003-04-07,37.4155,38.3678,37.1976,37.9767,159400.57401575
2003-04-08,38.1428,38.1428,37.1396,37.4751,25431.738809759
2003-04-09,37.8121,38.1428,37.3041,37.9767,19737.333745373
2003-04-10,37.3638,37.8647,37.3638,37.4155,33732.463134897
2003-04-11,37.3638,37.4155,36.7492,36.8598,18770.027031321
2003-04-14,36.8598,37.1976,35.8564,35.8564,24942.425010324
2003-04-15,36.1888,36.1888,34.8469,34.8469,17274.412359008
2003-04-16,34.9049,35.0177,34.2902,34.6815,134326.07201586
2003-04-17,34.9049,35.3541,34.6274,35.2411,73737.954336084
2003-04-22,35.1832,35.1832,34.7936,34.8469,4417.6608319259
2003-04-23,34.6274,35.071,34.6274,34.6274,169784.34114774
2003-04-24,34.6274,34.6274,33.1161,33.5105,46452.106168049
2003-04-25,33.5105,33.5105,32.0572,32.9492,80055.008065563
2003-04-28,32.3943,32.5589,31.8338,32.0572,73720.344070809
2003-04-29,31.8338,32.1105,31.0539,31.8919,183465.00151449
2003-04-30,31.5548,33.2863,31.1064,32.9492,530545.71982599
2003-05-02,33.1161,33.5105,32.3943,32.9492,36097.270186155
2003-05-05,33.3983,33.6765,32.8371,33.2863,43024.393819815
2003-05-06,33.4525,33.5105,32.7846,33.5105,191111.63027226
2003-05-07,33.4525,33.6233,32.7242,32.9492,193580.84103907
2003-05-08,32.9492,33.2267,32.6121,33.0096,35431.853733965
2003-05-09,32.9492,33.2267,32.9492,33.0096,64013.314275828
2003-05-12,32.9492,33.1742,32.8371,32.8959,39185.355989794
2003-05-13,32.7846,32.7846,32.2225,32.4484,30631.798570347
2003-05-14,32.5589,33.2863,32.4484,32.9492,82633.654052307
2003-05-15,32.9492,33.2267,32.5008,33.0096,40496.062876714
2003-05-16,32.7846,33.5105,32.7846,33.5105,31760.113424059
2003-05-19,33.1742,33.7887,33.0613,33.5105,12026.55330696
2003-05-20,33.5105,33.9533,33.5105,33.6233,33148.808628628
2003-05-21,33.5629,33.7887,33.3983,33.4525,42997.978421902
2003-05-22,33.3395,33.6233,33.3395,33.3983,203858.94657941
2003-05-23,33.2267,33.4525,32.6717,32.9492,229332.19530018
2003-05-26,33.2863,33.2863,32.6717,32.9492,143391.58500438
2003-05-27,32.8959,32.9492,32.5589,32.7846,39043.215991499
2003-05-28,32.7242,33.1742,32.3943,32.3943,20487.027895666
2003-05-29,32.6717,33.6233,32.5008,33.0096,85463.875257271
2003-05-30,33.2863,34.9049,33.2863,34.9049,186002.13759023
2003-06-02,35.7451,36.3589,35.7451,35.8564,73261.219297559
2003-06-03,35.6856,37.0266,35.5202,36.8598,136233.01216996
2003-06-04,36.8598,37.9171,36.8598,37.8647,103525.71804931
2003-06-05,37.4155,38.0895,37.4155,38.0308,198751.96964956
2003-06-06,37.7,38.5332,37.5872,38.3678,118854.19609539
2003-06-09,38.0895,38.4203,37.4751,37.9171,95465.248057568
2003-06-10,37.3638,37.9767,37.2501,37.9767,20860.61709472
2003-06-11,37.4155,37.9767,37.3041,37.3638,119920.87502064
2003-06-12,37.4155,38.1428,37.3638,37.9171,148039.43716098
2003-06-13,37.7526,38.4203,36.3001,37.1396,114007.5995164
2003-06-16,36.3001,37.1976,36.3001,37.1976,44670.953623058
2003-06-17,37.1976,37.4155,36.8598,37.1976,79097.76436024
2003-06-18,37.0266,38.3129,37.0266,38.255,165547.81447293
2003-06-20,37.7526,38.255,37.7,38.0895,116479.3260354
2003-06-23,37.9767,38.0895,37.7,37.8121,9913.3214739202
2003-06-24,37.2501,37.8121,36.8598,37.8121,18016.559252754
2003-06-25,37.9767,38.2017,37.7526,38.2017,64315.204537691
2003-06-26,37.9767,38.255,37.7,37.9767,65454.840276223
2003-06-27,37.8647,37.9171,37.4751,37.7,6166.108598548
2003-06-30,37.4155,37.7,37.2501,37.4751,7715.8119427771
2003-07-01,37.1396,37.6404,36.9734,37.6404,15269.357869803
2003-07-02,37.6404,37.9767,37.4155,37.8121,84091.532441888
2003-07-03,37.5872,37.8647,37.3041,37.5283,129546.1428697
2003-07-04,37.4155,38.8162,37.3638,38.8162,110589.9501769
2003-07-07,39.0357,41.3276,39.0357,40.7655,130480.74480538
2003-07-08,40.7655,41.4922,40.2114,40.2114,199343.17141238
2003-07-09,39.709,41.3276,39.709,41.1622,112527.07935718
2003-07-10,40.2631,42.3309,40.2631,41.8292,109437.73567745
2003-07-11,40.938,42.2188,40.938,41.5526,96910.547686236
2003-07-14,41.6043,43.2832,41.5526,43.1712,94033.785065903
2003-07-15,43.1712,43.1712,42.0542,42.167,117284.3667337
2003-07-16,41.6639,42.167,41.6043,41.8888,163533.95485109
2003-07-17,41.3809,41.5526,41.0501,41.2147,131045.53117028
2003-07-18,40.8784,41.8888,40.8784,41.7171,61305.107051701
2003-07-21,41.6043,41.7171,39.9857,41.0501,72163.093470032
2003-07-22,40.7655,40.7655,40.376,40.4882,34168.946138506
2003-07-23,40.5477,40.5477,39.0944,39.0944,29356.312213976
2003-07-24,38.8703,39.0944,38.3129,38.6445,109169.80807005
2003-07-25,38.3129,38.6445,38.1428,38.6445,55822.025170616
2003-07-28,39.0944,39.9324,39.0944,39.3187,65746.667529356
2003-07-29,39.8735,41.1034,39.4848,40.7655,127280.70802963
2003-07-30,40.7655,41.2147,40.7655,40.9897,176477.49982846
2003-07-31,40.9897,41.0501,39.8212,40.7655,104833.90918405
2003-08-01,40.6598,41.0501,40.3227,40.8252,41498.590121317
2003-08-04,39.9857,40.6598,39.709,39.9324,29628.013449653
2003-08-05,40.1574,40.2114,39.6494,40.2114,26092.123757584
2003-08-06,40.1574,40.7655,39.7614,40.4882,79027.323299139
2003-08-07,40.3227,41.6043,39.9857,40.9897,28046.863203147
2003-08-08,41.0501,41.5526,40.9897,41.0501,42614.326214118
2003-08-11,40.7655,41.8292,40.7655,41.4922,14889.479290293
2003-08-12,41.5526,41.776,41.3809,41.6043,19714.691975732
2003-08-13,41.8292,42.2188,41.6639,41.6639,55605.670482949
2003-08-14,41.6639,42.443,41.6639,42.167,67946.692812682
2003-08-18,42.1067,42.167,41.3276,41.6639,42013.061442575
2003-08-19,41.3276,41.8888,40.8784,41.8292,22263.148936291
2003-08-20,41.3809,41.4405,41.0501,41.3276,68671.229441152
2003-08-21,41.3276,42.2784,41.0501,41.9954,76904.028457369
2003-08-22,41.9954,44.1227,41.8888,44.0099,133990.21909953
2003-08-25,43.3358,44.677,43.2245,44.176,56517.630648992
2003-08-26,44.2865,46.5786,44.1227,45.2381,99401.142346605
2003-08-27,46.131,46.6326,44.176,45.2381,152121.24507658
2003-08-28,45.7398,45.7398,44.5115,45.2381,63690.040120416
2003-08-29,45.7946,46.9108,45.5156,46.6326,170321.45423863
2003-09-01,47.5261,50.2601,47.5261,50.2601,64389.419227065
2003-09-02,50.319,52.4409,50.319,51.9384,229868.05051499
2003-09-03,51.3826,51.9384,50.2601,50.3722,105469.13661005
2003-09-04,48.5882,49.369,48.2512,48.3107,143459.5103133
2003-09-05,47.5833,48.5295,45.8527,47.472,84413.548721207
2003-09-08,47.3592,49.7052,45.2914,49.0907,75871.312186581
2003-09-09,48.9254,48.9254,46.6326,46.6326,226169.89480717
2003-09-10,45.4647,45.5689,43.3954,44.4002,154150.19921152
2003-09-11,43.7268,45.2381,42.443,44.2865,96675.324857202
2003-09-12,44.4002,44.677,41.1622,41.8292,93779.694095501
2003-09-15,41.9414,42.2784,41.0501,42.167,70969.369059583
2003-09-16,41.9954,43.6195,41.9954,43.2245,169456.03548796
2003-09-17,44.677,44.677,42.2188,42.2188,110451.58380687
2003-09-18,41.8888,42.6671,41.8888,42.167,23714.737945415
2003-09-19,42.2784,43.56,42.2784,43.56,102524.44868079
2003-09-22,43.005,43.005,41.9414,42.443,29302.223542059
2003-09-23,42.0542,43.3358,42.0542,43.005,60500.0663534
2003-09-24,43.7857,43.7857,43.005,43.3358,93036.289325664
2003-09-25,43.2832,43.2832,41.9954,42.443,50637.059923123
2003-09-26,42.5559,43.7268,42.3913,43.7268,44591.70742932
2003-09-29,44.0623,44.0623,42.7817,42.7817,7717.0698188682
2003-09-30,42.2188,43.5082,41.9954,41.9954,68436.006612118
2003-10-01,42.7817,43.005,42.2784,42.443,72736.684967572
2003-10-02,43.005,43.1179,42.443,43.005,78330.459944672
2003-10-03,43.005,44.4002,42.7817,44.2865,30897.210425568
2003-10-06,44.1227,47.472,43.56,46.9108,59624.584593997
2003-10-07,46.9108,47.4133,45.6817,46.0785,128797.7065955
2003-10-08,46.3551,47.9142,46.1834,47.9142,78370.711979587
2003-10-09,47.5261,49.6447,47.5261,48.5882,205302.98833199
2003-10-10,47.9142,48.7544,47.7503,48.5882,93468.998701001
2003-10-13,49.2028,49.2028,47.472,47.472,36257.020449724
2003-10-14,47.2472,48.3648,47.193,48.027,60341.573965921
2003-10-15,47.6382,49.1439,47.3012,47.3012,126011.51105372
2003-10-16,47.5833,48.027,45.8527,46.5213,46039.522810171
2003-10-17,46.131,46.3551,44.9543,45.2381,112391.22873934
2003-10-20,44.9543,45.2381,44.677,44.9011,15059.292562591
2003-10-21,44.9543,45.351,43.005,43.1179,25360.039872568
2003-10-22,42.5034,43.7857,41.9414,42.3309,111527.06786476
2003-10-23,41.8292,43.56,41.4922,43.56,35820.537446115
2003-10-24,42.834,43.56,42.7228,43.2832,25351.23473993
2003-10-27,43.059,43.8389,42.7228,43.56,33856.992867915
2003-10-28,43.56,46.3551,41.4922,45.5156,198011.08063191
2003-10-29,46.3551,46.5213,44.8494,45.1794,113471.74430159
2003-10-30,45.6285,47.6382,44.677,46.2964,204796.06426727
2003-10-31,45.5689,46.7446,45.2381,45.2381,191882.7083161
2003-11-03,45.014,45.7946,44.2341,44.5115,70477.539507965
2003-11-04,44.5115,45.2381,43.56,43.56,46151.473782278
2003-11-05,43.56,44.9011,43.005,44.9011,23322.280604994
2003-11-06,43.7268,46.2423,43.7268,45.9051,56167.941095667
2003-11-07,46.2964,46.6326,45.2381,45.2381,138733.66983905
2003-11-10,44.7365,45.1794,44.4002,44.7365,4314.5149924561
2003-11-12,45.1794,45.6817,44.4535,44.4535,44130.066903888
2003-11-13,44.4002,44.7898,44.1227,44.2865,24065.685374831
2003-11-14,44.2865,45.2381,44.2865,44.677,13297.008158966
2003-11-17,44.2865,44.677,42.5034,42.5559,55058.494383322
2003-11-18,42.6099,42.893,42.1067,42.167,67067.437425006
2003-11-19,41.9414,42.6671,41.6043,42.443,23456.87334674
2003-11-20,42.5034,42.5559,40.2631,40.8784,79652.487716412
2003-11-21,40.7655,41.6043,40.376,41.3276,54313.831737393
2003-11-24,41.776,41.8292,40.1574,40.7655,18177.567392415
2003-11-25,41.2744,41.6043,40.8784,41.2147,117065.49629385
2003-11-26,41.1622,41.2147,40.7655,40.7655,18333.544027711
2003-11-27,40.938,41.3276,40.8784,41.3276,29041.843191202
2003-11-28,41.2744,41.3276,39.8735,40.2114,46805.569349647
2003-12-01,41.0501,42.167,40.4882,42.167,10086.908374491
2003-12-02,41.8888,43.3954,41.3276,41.6043,123829.09603567
2003-12-03,41.3809,42.443,41.3276,42.2188,57531.478778415
2003-12-04,41.8888,42.167,41.5526,41.8292,19255.567202483
2003-12-05,41.3276,41.776,40.6001,41.4405,22733.594594361
2003-12-08,40.938,43.005,40.938,42.443,27381.446750957
2003-12-09,42.9463,43.3954,42.9463,43.1179,155005.55495346
2003-12-10,42.893,43.5082,42.5034,43.4486,20081.991794333
2003-12-11,43.5082,43.5082,43.2245,43.4486,33572.712871327
2003-12-12,43.7268,45.1794,43.005,44.1227,141483.38697419
2003-12-15,44.677,45.1268,43.8962,44.1227,82759.441661417
2003-12-16,44.1227,44.1227,43.1712,43.56,20361.240286556
2003-12-17,43.56,43.56,42.443,42.443,59424.582295513
2003-12-18,43.2245,43.2245,42.6099,42.9463,50074.789310403
2003-12-19,42.9463,43.2832,41.776,41.776,175015.8478106
2003-12-22,42.3309,42.3913,41.0501,41.776,33226.796946276
2003-12-23,41.8888,42.7228,41.6043,42.2188,60896.297322095
2003-12-29,42.443,42.443,41.2147,41.4405,119402.63007111
2003-12-30,41.3276,42.2188,41.2744,42.167,55030.821109318
2003-12-31,42.2784,42.3913,41.9414,42.2784,13247.950991414
2004-01-02,41.9414,43.005,41.9414,42.9463,13787.579834493
2004-01-05,43.1179,44.677,43.005,44.677,92119.297655256
2004-01-06,44.677,45.7946,44.677,44.9011,161985.50938295
2004-01-07,44.5115,45.7946,44.176,44.677,95593.551418861
2004-01-08,44.9011,45.5156,44.677,44.7365,63447.270034835
2004-01-09,44.677,44.9543,44.1227,44.176,166652.22968091
2004-01-12,44.176,45.2381,43.56,44.7898,286664.9296562
2004-01-13,45.1268,46.5786,45.1268,46.2423,515039.88125105
2004-01-14,46.4672,46.8576,45.5689,45.6285,104704.34794666
2004-01-15,44.7365,46.6326,44.677,46.2423,21609.053368922
2004-01-16,46.5786,46.6326,45.7946,45.8527,30745.007418546
2004-01-19,45.8527,46.3551,45.2381,45.4647,22729.820966088
2004-01-20,45.2914,46.3551,45.2381,46.0785,22742.399726999
2004-01-21,46.0785,46.0785,44.4535,44.677,88333.090621059
2004-01-22,44.9543,45.2914,44.2341,44.9543,111747.1961807
2004-01-23,44.9543,45.2381,44.677,44.9543,413848.78122682
2004-01-26,44.9011,45.014,44.4535,44.9543,233914.63790004
2004-01-27,45.0672,45.7398,44.9543,45.0672,86036.20887872
2004-01-28,44.677,45.0672,44.2341,44.6236,529607.34426203
2004-01-29,44.1227,44.7365,44.0623,44.4535,231125.92660608
2004-01-30,44.677,44.677,44.2865,44.677,188291.47207602
2004-02-02,44.2341,45.5156,44.2341,44.9543,117405.12283845
2004-02-03,45.5156,45.5156,44.564,45.2381,195528.03322809
2004-02-04,44.5115,45.7398,44.5115,45.5156,128402.7335029
2004-02-05,45.5689,45.7946,45.2381,45.5156,152956.47480106
2004-02-06,45.2381,46.6326,45.2381,46.0189,602434.59630815
2004-02-09,46.3551,48.5882,45.9051,48.5882,102455.26549578
2004-02-10,49.1439,49.9826,48.6423,49.1439,195997.22101006
2004-02-11,49.3149,49.3149,48.6423,48.9254,52762.870517074
2004-02-12,48.6423,49.369,48.6423,49.2028,322326.97471483
2004-02-13,49.7052,49.8698,48.1407,48.9786,95723.112656243
2004-02-16,47.6963,48.7544,47.5261,48.5882,17746.115893169
2004-02-17,48.9254,49.1439,47.6382,48.0866,35445.690370968
2004-02-18,48.4769,48.4769,47.5833,47.9142,197704.15886568
2004-02-19,47.472,47.472,46.0189,46.6326,271466.0128475
2004-02-20,46.3551,46.9108,46.2964,46.9108,159765.35808217
2004-02-23,46.4076,46.8576,46.131,46.1834,21592.700979738
2004-02-24,45.9051,46.5786,45.7398,45.9051,288424.69830764
2004-02-25,45.9051,46.5786,44.9011,45.5156,46231.977852108
2004-02-26,45.5689,46.3551,45.4035,45.7946,56067.31100838
2004-02-27,45.8527,46.6874,45.8527,46.5213,318775.99050968
2004-03-01,48.027,48.9254,46.6874,48.3648,80709.103632932
2004-03-02,49.1439,49.4269,48.3107,49.0374,78897.762061755
2004-03-03,49.0374,49.0374,47.7503,47.7503,24304.681832139
2004-03-04,48.5882,48.5882,47.193,47.472,69395.766069623
2004-03-05,47.0238,48.9786,46.9108,48.1407,41109.906409169
2004-03-08,48.5882,49.4269,48.1407,48.8673,367779.06939047
2004-03-09,48.027,48.7544,47.8084,48.027,58361.676998538
2004-03-10,47.472,48.3107,47.193,48.027,57742.801961719
2004-03-11,47.3012,47.6963,47.3012,47.6963,63315.19304527
2004-03-12,47.2472,48.027,47.193,47.472,27968.874885499
2004-03-15,47.0238,47.3012,46.4076,46.5213,344339.806309
2004-03-16,47.3012,47.472,46.6326,47.2472,66890.076896163
2004-03-17,47.5261,47.6963,47.472,47.5833,137614.16011798
2004-03-18,47.472,47.7503,46.6326,47.0818,27869.502674302
2004-03-19,46.9108,47.2472,46.4076,46.9696,64400.740111884
2004-03-22,46.9108,46.9108,46.7446,46.9108,58100.03877159
2004-03-23,46.8576,47.0238,46.6874,47.0238,270088.63852774
2004-03-24,47.0238,47.193,47.0238,47.193,134370.09767904
2004-03-25,47.0238,47.472,46.9108,47.472,81896.538662927
2004-03-26,46.9108,47.5833,46.9108,47.472,98408.678110731
2004-03-29,47.6963,47.7503,47.0818,47.5833,11844.161273751
2004-03-30,47.5833,48.4229,47.5833,47.9142,8857.9634334914
2004-03-31,48.027,48.027,47.5833,48.027,143519.88836567
2004-04-01,47.472,48.3107,47.472,48.027,109261.6330247
2004-04-02,48.2512,48.5882,48.027,48.3107,79067.575334053
2004-04-05,48.5882,48.8124,48.0866,48.3107,14329.724429755
2004-04-06,47.8625,48.5295,47.7503,48.3107,347791.41830297
2004-04-07,48.027,48.3648,47.5833,48.1987,103456.5348643
2004-04-08,47.6963,48.3107,47.6382,48.1987,7664.2390230422
2004-04-13,48.3107,49.1439,47.8625,49.1439,49510.002945502
2004-04-14,48.0866,49.0374,48.0866,48.5882,71956.801791093
2004-04-15,48.9786,49.0374,48.3107,49.0374,48024.451281918
2004-04-16,48.9254,48.9254,48.3107,48.5882,39800.457398339
2004-04-19,49.0907,49.4269,48.2512,48.8673,110280.51265849
2004-04-20,49.0374,49.0374,48.5882,48.8673,42533.822144288
2004-04-21,48.8124,49.0374,48.7544,48.8673,384911.34175119
2004-04-22,48.8673,48.8673,48.1987,48.3107,50234.539573973
2004-04-23,48.6423,50.0947,48.6423,49.9294,183828.52770481
2004-04-26,50.1544,51.3239,49.9826,51.0988,84772.043407169
2004-04-27,51.0988,51.5488,50.2601,51.0988,290412.14253158
2004-04-28,51.0988,51.3239,50.319,50.8222,98909.312794987
2004-04-29,48.027,50.2601,48.027,49.1439,177910.22069621
2004-04-30,50.2601,50.5439,48.9254,50.2601,54874.844474022
2004-05-04,50.5439,50.6552,50.0423,50.4311,52691.171579881
2004-05-05,49.9294,50.2601,48.6423,49.7585,7308.2600892623
2004-05-06,49.2552,49.6447,48.7012,49.4269,231660.52394479
2004-05-07,49.2028,49.8173,49.2028,49.3149,221388.70778491
2004-05-10,48.5882,48.5882,47.472,47.472,77672.590749029
2004-05-11,47.5833,48.027,46.3551,46.3551,66326.548407351
2004-05-12,46.3551,46.9696,46.0785,46.2423,165521.39907502
2004-05-13,46.7995,46.9108,44.677,45.2381,71009.621094499
2004-05-14,45.2914,45.6817,44.1227,44.1227,21754.966995489
2004-05-17,43.56,45.1268,43.56,44.677,18076.937305127
2004-05-18,45.1268,46.1834,45.0672,46.1834,46050.84369499
2004-05-19,45.7946,47.472,45.7946,47.1359,50676.054081947
2004-05-20,45.9649,47.4133,45.9649,47.1359,42439.481437456
2004-05-21,47.472,48.027,46.8576,47.472,30882.115912475
2004-05-24,46.9696,47.9142,46.0785,46.9108,24804.058640303
2004-05-25,45.6817,46.2964,45.5156,45.7946,54678.615803811
2004-05-26,46.6326,46.6326,45.9649,46.2423,24167.573338209
2004-05-27,47.3592,47.472,46.5213,47.472,22027.926107257
2004-05-28,46.9696,48.027,46.9696,48.027,51575.43548708
2004-05-31,48.027,48.5882,47.472,48.3107,8919.5993619551
2004-06-01,47.5833,48.3107,47.3012,48.2512,41848.279674641
2004-06-02,47.8625,48.8673,47.5833,48.5882,66563.029112478
2004-06-03,48.0866,48.5882,47.9142,48.5882,56458.510472711
2004-06-04,48.8124,48.8673,46.7995,47.8084,47654.635711136
2004-06-07,47.472,47.472,46.4672,46.9108,45707.443522122
2004-06-08,46.9108,46.9108,46.131,46.3551,75844.896788668
2004-06-09,46.3551,46.6326,44.7365,45.5156,47876.021903169
2004-06-11,45.2381,46.3551,45.2381,46.3551,108369.79887611
2004-06-14,45.2914,46.1834,45.2914,45.351,36467.085756937
2004-06-15,44.9543,46.9108,44.9543,46.9108,22324.784864755
2004-06-16,46.0785,46.7995,45.6285,45.8527,19626.640649356
2004-06-17,45.6817,46.5786,44.677,44.9543,46665.945103535
2004-06-18,44.5115,46.9696,44.5115,45.7946,52567.899722954
2004-06-21,45.7946,47.3592,45.7946,47.3592,13247.950991414
2004-06-22,47.4133,48.5295,47.4133,48.4229,202918.05526327
2004-06-23,48.4769,48.5882,47.8084,48.5295,61818.320496867
2004-06-24,48.5295,48.5295,48.2512,48.3648,5595.0328531908
2004-06-25,48.2512,48.5882,48.2512,48.5882,15673.136095044
2004-06-28,48.3648,48.5295,48.2512,48.4229,26724.835431406
2004-06-29,48.4229,48.4229,47.6963,48.2512,92414.898536663
2004-06-30,48.027,48.4769,47.7503,48.4769,18549.898715379
2004-07-01,47.5833,48.027,47.193,47.193,23346.180250724
2004-07-02,47.193,47.4133,46.3551,47.4133,12569.955778312
2004-07-05,46.4672,47.7503,46.4076,47.7503,26233.005879788
2004-07-06,46.7446,48.027,46.7446,47.5833,20971.310190737
2004-07-07,47.5833,47.9142,47.2472,47.7503,14964.951855758
2004-07-08,47.0238,47.8625,46.9696,47.2472,43930.064605404
2004-07-09,46.9108,47.7503,46.9108,47.7503,19985.135335318
2004-07-12,47.1359,47.6963,46.0785,47.4133,22954.980786394
2004-07-13,47.472,47.5261,46.2964,46.3551,21059.361517114
2004-07-14,45.9051,46.7446,45.7946,45.7946,22825.419549011
2004-07-15,45.7946,46.3551,44.677,44.677,55258.496681806
2004-07-16,45.2381,45.4647,44.7898,45.4035,59617.03733745
2004-07-19,45.351,45.5689,44.7365,45.4647,34704.801353313
2004-07-20,45.1268,46.3551,45.1268,46.3551,43703.646909007
2004-07-21,46.5786,46.5786,45.4647,45.4647,3852.8744670242
2004-07-22,45.7946,46.2964,45.2381,45.9649,35523.678688616
2004-07-23,46.2964,46.3551,44.9543,44.9543,14060.53894626
2004-07-26,44.9011,45.7398,44.8494,44.9011,5900.6967433269
2004-07-27,45.4647,45.4647,44.7898,44.8494,10088.166250582
2004-07-28,44.9543,44.9543,43.56,43.56,80010.982402374
2004-07-29,43.6195,44.4002,43.6195,44.2865,7517.0675203841
2004-07-30,44.2865,44.677,43.9511,44.677,66969.323089901
2004-08-02,44.677,45.0672,44.2341,44.677,30703.497507539
2004-08-03,44.4002,44.677,44.4002,44.6236,11631.580214356
2004-08-04,44.564,44.6236,43.56,44.564,17122.209351986
2004-08-05,44.4002,44.8494,44.1227,44.7898,114647.85844677
2004-08-06,44.677,44.677,43.8962,44.4002,17441.709879124
2004-08-09,43.8389,44.6236,43.6727,43.8389,12946.060729551
2004-08-10,43.8389,44.0099,43.7857,43.8389,48258.416234862
2004-08-11,43.7857,43.7857,43.005,43.005,36489.727526576
2004-08-12,43.005,43.2245,41.9414,41.9414,167588.08949269
2004-08-13,41.9414,42.3913,41.5526,42.1067,88336.864249333
2004-08-16,41.9414,42.6099,41.5526,41.6043,11678.121629727
2004-08-17,41.6639,42.9463,41.3809,42.443,150511.16367998
2004-08-18,43.005,43.005,42.3913,42.834,16182.575911938
2004-08-19,43.5082,44.0623,43.059,44.0623,138796.56364361
2004-08-20,44.4535,44.677,43.8389,44.4535,166005.68137008
2004-08-23,44.4535,44.5115,43.6727,44.0623,1372.3428153847
2004-08-24,44.0099,44.5115,43.56,44.5115,125793.89848996
2004-08-25,44.9011,45.0672,43.56,43.56,37324.957251063
2004-08-26,43.7268,44.0099,43.1712,43.56,60525.223875222
2004-08-27,43.3954,44.677,43.3954,44.677,62048.511821537
2004-08-30,44.4535,45.1794,44.4535,44.7898,32518.61270699
2004-08-31,44.5115,45.351,44.176,45.2381,27410.377901053
2004-09-01,44.677,46.9108,44.677,45.5156,60422.078035751
2004-09-02,45.5156,45.9051,45.014,45.4035,944.66494441239
2004-09-03,45.4647,45.4647,44.9543,45.4035,11915.860210944
2004-09-06,45.7398,45.7398,45.4035,45.4035,1783.6682971728
2004-09-07,45.5156,46.0785,45.5156,46.0785,10649.178987211
2004-09-08,45.5156,46.2964,45.5156,46.0785,11534.723755342
2004-09-09,45.4035,46.4672,45.2914,46.3551,22932.339016754
2004-09-10,45.7946,46.5213,45.6285,46.3551,6342.2112513013
2004-09-13,45.9051,46.9696,45.9051,46.9108,35294.745240036
2004-09-14,46.4672,46.9108,46.3551,46.5213,112422.67564162
2004-09-15,45.2381,46.5213,45.2381,45.6285,27375.157370501
2004-09-16,45.7946,46.3551,45.5156,45.9051,8891.926087951
2004-09-17,46.0785,46.9108,45.8527,46.9108,114685.5947295
2004-09-20,46.9696,46.9696,45.4035,46.2423,13020.275418925
2004-09-21,45.7946,46.7446,45.7946,46.6326,35043.170021817
2004-09-22,46.0785,46.8576,46.0785,46.7446,5874.2813454139
2004-09-23,45.9051,46.4076,45.8527,45.9649,35111.095330736
2004-09-24,45.9051,46.0785,45.2381,46.0785,73243.609032283
2004-09-27,45.4647,45.7946,45.014,45.351,25448.091198944
2004-09-28,45.0672,45.7946,45.0672,45.7946,25949.983759291
2004-09-29,45.5156,46.131,45.5156,46.131,17772.531291082
2004-09-30,45.9051,46.2423,45.8527,46.1834,41516.200386593
2004-10-01,45.6285,45.8527,45.351,45.5689,30890.921045112
2004-10-04,45.7946,46.0785,44.8494,45.2381,21271.942576509
2004-10-05,45.7398,46.6326,45.2381,46.3551,170625.86025268
2004-10-06,45.9649,47.8084,45.9649,47.7503,106077.94863814
2004-10-07,47.8625,48.3107,47.193,48.3107,81584.585392334
2004-10-08,47.6963,47.6963,46.8576,46.8576,64810.807717582
2004-10-11,46.3551,47.3012,45.9051,46.3551,37153.886102675
2004-10-12,45.5689,46.3551,45.5689,45.6817,27614.153827809
2004-10-13,45.351,46.0189,45.2914,45.5689,25762.560221718
2004-10-14,45.5689,45.6817,44.7365,45.2914,18557.445971925
2004-10-15,45.2381,45.5689,44.7898,44.9543,37948.863792247
2004-10-18,44.8494,44.9011,44.3406,44.5115,20814.07567935
2004-10-19,44.6236,46.0785,44.6236,46.0785,56074.858264927
2004-10-20,45.2381,45.7946,44.7898,45.1268,23517.251399114
2004-10-21,44.9011,45.4647,44.8494,45.2381,36443.186111207
2004-10-22,44.7365,45.6817,44.7365,45.2914,33850.703487459
2004-10-25,44.677,45.5156,44.677,45.5156,13396.380370162
2004-10-26,45.4035,45.8527,45.4035,45.5156,213080.43620323
2004-10-27,45.2381,45.8527,45.2381,45.4035,126095.78875182
2004-10-28,45.8527,46.1834,45.7946,45.9051,127152.40466834
2004-10-29,45.5156,47.9745,45.5156,47.7503,137556.29781779
2004-11-02,47.7503,49.0374,47.7503,48.5882,196846.28737156
2004-11-03,48.5882,48.5882,47.472,48.5295,59535.275391529
2004-11-04,48.3107,48.8124,47.472,48.027,405019.74894342
2004-11-05,47.472,47.9745,47.0818,47.472,97375.961839942
2004-11-08,47.472,47.472,47.0238,47.3592,116544.73559214
2004-11-09,48.0866,49.4269,47.7503,49.0907,333486.85139503
2004-11-10,49.1439,49.369,48.8673,49.0374,259665.87723694
2004-11-12,48.8673,49.7052,48.7012,49.7052,1125124.8799453
2004-11-15,49.9826,50.2068,49.3149,49.3149,852404.76463493
2004-11-16,49.2552,49.7585,48.6423,49.3149,27373.899494411
2004-11-17,49.3149,49.5931,49.2552,49.4802,8508.273880167
2004-11-18,49.369,50.0423,49.3149,49.9826,208773.46846732
2004-11-19,49.5391,49.9826,49.2552,49.7052,26302.189064798
2004-11-22,48.9786,49.369,48.5882,49.1439,72831.025674404
2004-11-23,49.2552,49.7052,48.9254,49.1439,148601.70777369
2004-11-24,48.8673,49.5931,48.7544,48.9786,89021.148842889
2004-11-25,48.6423,49.4269,48.6423,48.9254,48499.928444353
2004-11-26,48.9786,49.1439,48.5882,49.0374,15268.099993711
2004-11-29,49.0907,49.369,49.0374,49.3149,23890.840598168
2004-11-30,49.0374,50.8222,48.6423,48.7544,158871.0081814
2004-12-01,48.8673,50.8222,48.8673,50.8222,38400.44130895
2004-12-02,50.9334,53.1149,50.9334,52.9416,332847.85034075
2004-12-03,52.9416,53.0552,51.9384,53.0552,42870.932936702
2004-12-06,52.6054,52.9416,52.4996,52.7778,47176.64279652
2004-12-07,52.7183,53.5044,52.2755,53.5044,61317.685812611
2004-12-08,53.0552,53.557,52.8907,53.1665,111598.76680195
2004-12-09,53.002,53.8932,52.6054,53.5044,257485.97797106
2004-12-10,53.557,54.1707,53.0552,53.0552,152937.60665971
2004-12-13,52.9416,54.119,52.1045,54.119,46384.18085913
2004-12-14,53.669,54.6732,53.2206,53.669,142898.49757668
2004-12-15,53.557,54.119,53.557,53.8932,14104.564609448
2004-12-16,53.8344,54.7335,53.0552,54.7335,41420.601803669
2004-12-17,54.7335,55.2884,53.7286,55.2884,83755.679525565
2004-12-20,55.5659,55.5659,54.0061,54.4497,112870.47953005
2004-12-21,55.0094,55.0094,53.669,54.1707,51281.092481763
2004-12-22,53.8932,54.0595,51.9909,52.4996,155005.55495346
2004-12-23,52.6054,52.7183,51.6021,52.3882,18588.892874202
2004-12-24,51.8263,52.4996,51.773,52.4996,2261.6612117889
2004-12-27,52.1045,52.8907,52.0513,52.4996,28133.656653432
2004-12-28,53.1665,53.1665,52.1045,52.3882,55772.968003064
2004-12-29,52.7778,53.7812,52.4996,53.7812,103450.24548384
2004-12-30,53.5044,54.119,53.4448,53.8344,8899.4733444976
2004-12-31,53.6166,54.4497,53.6166,54.1707,6246.6126683781
2005-01-03,53.9473,54.7852,52.7778,53.3327,25392.744650937
2005-01-04,53.3327,53.3925,52.7778,53.3327,126064.34184955
2005-01-05,52.7778,53.1149,52.7183,53.0552,323837.68390024
2005-01-06,52.4996,53.6166,52.4996,53.3327,64735.335152116
2005-01-07,53.3327,53.6166,53.0552,53.1665,94718.069659458
2005-01-10,53.1665,53.3327,52.6657,53.0552,49541.449847779
2005-01-11,53.0552,53.0552,51.6617,51.9909,135577.6587265
2005-01-12,51.9384,52.7778,51.773,52.6054,90837.52191843
2005-01-13,52.6054,52.9416,52.3278,52.6054,53637.094400385
2005-01-14,52.6054,53.7812,52.6054,53.7812,22892.086981839
2005-01-17,54.1707,54.4497,53.3327,54.1707,59430.871675969
2005-01-18,53.669,54.0061,50.8222,50.8222,48474.770922531
2005-01-19,51.6617,52.4996,51.6617,51.9384,157913.76447607
2005-01-20,51.9384,52.8303,50.8754,51.3826,334183.71474949
2005-01-21,50.9334,51.8851,50.9334,51.0464,1415.1106024819
2005-01-24,50.7689,51.0464,50.4311,50.8222,106309.3978389
2005-01-25,51.3239,51.4891,50.8222,51.3826,191852.51928991
2005-01-26,51.773,51.8263,51.0464,51.3826,12324.669940549
2005-01-27,51.5488,51.9384,51.5488,51.7134,12393.85312556
2005-01-28,51.9384,52.4996,51.7134,51.8263,54144.018465096
2005-01-31,52.0513,52.4996,52.0513,52.3882,44425.667785295
2005-02-01,52.3882,54.0595,52.1633,53.8932,158623.20659145
2005-02-02,54.1707,54.6206,52.8303,52.8303,78706.564895909
2005-02-03,52.6054,53.8932,52.4996,53.557,210968.46224628
2005-02-04,52.4996,53.4448,52.4996,53.0552,35815.505941749
2005-02-07,53.0552,54.2835,52.7778,54.2304,19507.142420702
2005-02-08,54.2304,54.2304,53.3925,53.8344,46726.323155909
2005-02-09,53.8932,54.1707,53.3925,53.6166,45595.492550013
2005-02-10,54.2304,54.2304,52.8907,53.0552,30372.676095582
2005-02-11,53.6166,53.7812,52.8303,52.8303,51671.034070002
2005-02-14,53.0552,53.557,52.8303,53.3327,107206.26349185
2005-02-15,53.2803,53.557,51.7134,52.8907,64651.057454013
2005-02-16,52.8907,54.4497,52.5521,54.3956,157235.76926298
2005-02-17,54.561,56.6892,54.561,56.1279,156333.87210566
2005-02-18,55.6255,58.9207,55.2884,57.5215,264873.48425407
2005-02-21,56.1279,59.4789,56.1279,58.3602,144304.80304651
2005-02-22,58.3602,58.9207,56.9658,57.5215,42113.691529863
2005-02-23,56.4046,57.8062,55.5659,57.5215,73550.530798511
2005-02-24,57.5215,58.3602,57.5215,57.8062,111763.54856989
2005-02-25,58.6385,59.4789,58.082,58.082,210428.83340321
2005-02-28,58.082,58.6385,57.244,58.082,131830.44585112
2005-03-01,58.082,58.9207,57.244,58.3602,140692.18291289
2005-03-02,56.9658,58.082,56.6892,57.244,46195.499445466
2005-03-03,57.244,57.8062,56.4046,56.9658,98261.506608073
2005-03-04,56.9658,57.5215,56.1279,56.9658,98398.615102003
2005-03-07,56.9658,57.244,56.4046,56.9658,5367.3572807026
2005-03-08,56.4046,58.6385,56.4046,58.3602,66917.750170166
2005-03-09,58.082,59.1997,58.082,58.6385,1077836.2861766
2005-03-10,58.3602,58.6385,56.6892,56.6892,84794.685176809
2005-03-11,56.6892,57.244,55.5659,56.1279,281373.04494097
2005-03-14,55.8496,56.4046,55.8496,56.4046,10191.312090052
2005-03-15,56.4046,57.8062,56.4046,57.244,23129.825563056
2005-03-16,56.4046,56.9658,55.5659,55.8496,61547.877137281
2005-03-17,56.9658,56.9658,55.3473,55.8496,228110.79761573
2005-03-18,55.8496,56.1279,55.4601,55.8496,65409.556736943
2005-03-21,56.4046,56.6892,55.678,55.7909,134079.528302
2005-03-22,55.8496,56.4046,55.5659,55.678,24093.358648835
2005-03-23,55.2884,55.678,52.9416,53.0552,50458.441518187
2005-03-24,53.7286,54.561,53.669,54.1707,74946.773259626
2005-03-29,54.6732,55.678,54.1707,55.6255,47069.723328777
2005-03-30,55.5135,56.1279,54.7335,56.1279,117324.61876862
2005-03-31,55.8496,56.9658,55.3473,55.8496,137059.4367618
2005-04-01,55.8496,56.9658,55.8496,55.8496,44284.785663093
2005-04-04,56.1279,56.4046,55.0094,55.0094,7349.7700002684
2005-04-05,54.7335,54.7335,53.7812,54.4497,18514.678184828
2005-04-06,54.4497,55.2884,54.4497,55.2343,33116.10385026
2005-04-07,55.2343,55.2884,53.3925,53.3925,53181.743255408
2005-04-11,54.1707,54.1707,52.4996,52.5521,38230.628036652
2005-04-12,52.5521,52.5521,51.9909,51.9909,91480.29660098
2005-04-13,52.6054,53.2803,52.6054,53.0552,35719.907358827
2005-04-14,52.5521,53.2803,52.4996,53.0552,11518.371366157
2005-04-15,53.0552,53.1665,52.2755,52.2755,7207.6300019747
2005-04-18,51.9384,51.9909,50.8222,50.8222,24248.07740804
2005-04-19,50.9868,52.1045,50.5439,51.6617,58365.450626811
2005-04-20,51.9384,51.9384,51.2699,51.2699,357526.12137194
2005-04-21,51.9384,51.9909,51.3826,51.7134,2474.242271184
2005-04-22,52.0513,52.8303,52.0513,52.4996,7391.2799112746
2005-04-25,52.7778,53.6166,52.2755,52.3278,73044.86460989
2005-04-26,52.6054,52.6054,51.9384,52.2158,175188.17683508
2005-04-27,50.3722,50.8222,50.3722,50.8222,204598.57772097
2005-04-28,51.6617,51.6617,50.8222,51.0988,6493.1563822327
2005-04-29,51.6021,51.6617,49.2028,50.9868,25337.398102927
2005-05-02,50.9868,51.4375,50.8222,51.0988,12987.570640557
2005-05-04,51.3826,51.4375,51.2117,51.3826,38465.850865687
2005-05-05,51.5488,51.5488,51.1577,51.4891,5979.9429370659
2005-05-06,51.4375,51.6021,51.1577,51.3826,12380.016488558
2005-05-09,51.3826,51.3826,50.8754,51.3826,146941.31133345
2005-05-10,51.4375,51.4375,50.8222,51.0988,27283.332415852
2005-05-11,50.9334,51.3239,50.2601,50.9868,162497.46495203
2005-05-12,50.8754,51.4375,50.8754,51.1577,126920.95546759
2005-05-13,50.8222,51.3826,50.8222,50.8222,124377.53001139
2005-05-16,51.2699,51.2699,50.7689,51.0464,49458.430025767
2005-05-17,51.3826,51.3826,50.9868,51.3826,93114.277643312
2005-05-18,51.9384,52.2158,51.773,52.1045,77341.769337071
2005-05-19,52.4996,52.4996,51.6617,51.773,74877.590074616
2005-05-20,51.7134,51.9384,51.3826,51.4375,39119.946433056
2005-05-23,51.8263,51.8263,51.4375,51.4375,16578.806880633
2005-05-24,51.3826,51.3826,50.7101,51.3826,69843.569958053
2005-05-25,51.3826,51.8851,50.8754,51.3826,7925.87724999
2005-05-27,51.4375,52.4996,51.4375,51.9384,20853.069838173
2005-05-30,51.9384,52.3278,51.3826,51.9384,14575.010267519
2005-05-31,51.3826,51.9384,51.2699,51.3826,101052.73365421
2005-06-01,51.2699,51.6617,50.9868,51.2117,134432.9914836
2005-06-02,51.3826,52.1633,51.0464,51.7134,53799.360416136
2005-06-03,51.9384,52.8907,51.9384,52.7778,39058.310504593
2005-06-06,52.0513,53.6166,52.0513,53.5044,98598.617400486
2005-06-07,53.669,54.6732,53.6166,54.4497,27020.436312813
2005-06-08,54.5086,55.0094,54.1707,54.7335,106391.15978482
2005-06-09,54.1707,55.2884,53.8932,55.2884,6636.5542566175
2005-06-10,55.2884,55.678,54.7335,55.2884,49249.622594644
2005-06-13,55.2884,56.4046,54.4497,56.4046,68705.192095612
2005-06-14,55.5659,56.4046,55.4005,55.8496,119451.68723866
2005-06-15,55.5659,56.6892,55.3473,56.4046,303993.43068713
2005-06-16,56.6892,56.6892,55.6255,55.8496,137377.67941285
2005-06-17,55.3473,56.6892,55.3473,56.6892,7171.1515953329
2005-06-20,56.1279,56.9658,55.8496,55.8496,8856.7055574003
2005-06-21,55.8496,56.9658,55.8496,56.4046,162293.68902527
2005-06-22,56.4046,57.244,56.4046,57.244,27049.367462908
2005-06-23,57.5215,58.082,56.9658,58.082,176095.10549677
2005-06-24,56.4046,58.082,56.4046,57.8062,214028.87477592
2005-06-27,57.8062,58.082,57.244,57.5215,159327.61720246
2005-06-28,58.082,59.1997,57.5215,59.1997,79867.58452799
2005-06-29,58.9207,60.3167,58.6385,58.6385,230991.33386433
2005-06-30,58.082,60.0385,58.082,59.1997,380408.14534506
2005-07-01,59.4789,59.4789,57.5215,57.8062,23337.375118086
2005-07-04,57.5215,59.7539,57.5215,59.7539,55528.940041392
2005-07-05,60.0385,60.0385,58.6385,59.1997,39953.918281452
2005-07-06,59.1997,60.0385,58.082,60.0385,134328.58776804
2005-07-07,58.6385,59.7539,58.082,58.6385,69825.959692778
2005-07-08,58.6385,60.0385,58.6385,60.0385,30049.40194017
2005-07-11,60.0385,60.3167,59.1997,60.3167,75051.176975187
2005-07-12,59.7539,59.7539,58.6385,59.4789,32400.372354426
2005-07-13,59.4789,61.7103,59.1997,61.7103,230876.86714004
2005-07-14,60.8716,62.5498,60.8716,62.2716,179009.60439982
2005-07-15,61.9934,64.5055,61.9934,63.3894,220007.55983689
2005-07-18,62.8265,63.3894,60.8716,61.4328,134404.06033351
2005-07-19,61.1546,61.7103,60.8716,61.1546,179589.48527783
2005-07-20,61.1546,61.7103,60.8716,61.4328,25718.53455853
2005-07-21,62.5498,62.5498,61.7103,62.2716,61256.049884147
2005-07-22,61.9934,62.8265,61.1546,62.8265,42965.273643535
2005-07-25,62.8265,63.3894,62.5498,63.1104,30224.246716832
2005-07-26,62.8265,63.3894,62.2716,62.5498,98665.284833314
2005-07-27,61.9934,62.8265,60.8716,62.8265,24899.657223227
2005-07-28,61.9934,63.3894,61.9934,63.3894,45843.29413996
2005-07-29,63.1104,65.3443,63.1104,64.2281,58218.279124152
2005-08-01,65.6209,65.6209,64.7822,65.6209,71147.987464519
2005-08-02,66.462,67.0153,65.0604,66.462,94846.37302075
2005-08-03,66.462,66.462,63.3894,63.9427,107706.89817611
2005-08-04,63.1104,63.666,60.3167,61.4328,522297.82629668
2005-08-05,61.4328,62.5498,60.8716,61.9934,171191.90449368
2005-08-08,61.9934,62.5498,61.9934,62.5498,10334.709964437
2005-08-09,63.1104,63.1104,60.8716,62.2716,46462.169176779
2005-08-10,62.5498,62.8265,61.9934,62.5498,45244.545120598
2005-08-11,61.7103,62.5498,61.4328,62.2716,55035.852613682
2005-08-12,62.2716,62.5498,61.4328,61.4328,279693.78035935
2005-08-16,62.5498,63.1104,61.4328,61.9934,102879.16973848
2005-08-17,61.9934,61.9934,60.8716,61.4328,55843.409064165
2005-08-18,61.1546,61.9934,58.6385,60.0385,22482.019376142
2005-08-19,60.0385,60.3167,58.9207,60.0385,134104.68582383
2005-08-22,60.0385,60.0385,58.9207,58.9207,128790.15933894
2005-08-23,59.4789,59.4789,58.082,58.3602,28861.966910176
2005-08-24,58.082,59.7539,58.082,58.9207,76485.155719035
2005-08-25,58.6385,59.7539,58.6385,59.7539,6172.3979790035
2005-08-26,59.7539,61.4328,59.1997,61.4328,29494.678583997
2005-08-29,61.4328,63.1104,60.3167,61.7103,73868.773449558
2005-08-30,61.7103,62.5498,61.1546,61.4328,22015.347346346
2005-08-31,61.7103,63.3894,60.3167,60.3167,261060.86182196
2005-09-01,61.1546,62.8265,60.8716,61.9934,31279.604757261
2005-09-02,61.9934,63.1104,60.8716,61.4328,12315.864807912
2005-09-05,61.4328,62.5498,61.4328,62.2716,71331.637373818
2005-09-06,62.5498,63.666,61.9934,63.666,50367.874439629
2005-09-07,63.666,63.9427,61.9934,63.666,53883.63811424
2005-09-08,62.8265,63.3894,61.9934,63.3894,36575.263100772
2005-09-09,62.5498,63.9427,62.5498,63.9427,21282.005585237
2005-09-12,63.3894,64.5055,63.1104,64.5055,46694.876253631
2005-09-13,65.0604,65.6209,64.2281,64.7822,133431.7221151
2005-09-14,64.2281,65.3443,64.2281,65.3443,3334.629517493
2005-09-15,65.6209,65.6209,64.7822,65.3443,85139.343225769
2005-09-16,65.3443,65.3443,64.5055,64.7822,121514.60402806
2005-09-19,64.2281,67.2992,63.666,66.462,547401.25944666
2005-09-20,67.0153,67.5742,65.0604,65.8991,425792.31471177
2005-09-21,65.8991,65.8991,64.7822,65.6209,243341.1613267
2005-09-22,65.0604,66.1766,65.0604,65.8991,133209.07804697
2005-09-23,65.3443,65.8991,64.7822,64.7822,20942.379040641
2005-09-26,64.7822,66.462,63.666,66.1766,27373.899494411
2005-09-27,65.8991,67.5742,65.0604,67.0153,51810.658316114
2005-09-28,67.5742,67.8525,65.8991,67.2992,289775.65722948
2005-09-29,67.8525,68.1298,66.7371,67.8525,187725.42783502
2005-09-30,68.1298,69.8058,67.0153,69.2492,91783.444738934
2005-10-03,69.2492,69.8058,67.8525,69.5275,60293.774674459
2005-10-04,69.8058,70.0911,68.6912,68.9686,54286.15846339
2005-10-05,68.4137,68.4137,67.5742,67.5742,47326.33005136
2005-10-06,65.8991,68.1298,63.3894,64.2281,53351.556527706
2005-10-07,64.2281,65.3443,63.3894,65.0604,627212.23955055
2005-10-10,64.5055,67.5742,62.5498,62.8265,47654.635711136
2005-10-11,63.3894,65.3443,62.8265,64.7822,27656.921614908
2005-10-12,64.7822,65.3443,62.5498,63.666,37289.736720513
2005-10-13,63.3894,63.9427,61.9934,61.9934,66788.188932784
2005-10-14,61.7103,62.8265,61.4328,61.4328,298102.79695253
2005-10-17,61.9934,63.666,61.9934,63.666,14913.378936023
2005-10-18,63.666,66.1766,63.666,64.2281,146509.85983421
2005-10-19,63.666,64.2281,60.5934,63.666,137953.78666258
2005-10-20,64.2281,64.2281,61.9934,62.2716,50662.217444945
2005-10-21,62.5498,63.9427,61.9934,61.9934,32405.403858791
2005-10-24,62.5498,64.5055,62.2716,64.5055,40508.641637625
2005-10-25,64.7822,64.7822,63.9427,64.2281,62661.097477901
2005-10-26,64.2281,64.5055,62.5498,62.5498,26414.140036905
2005-10-27,62.2716,62.8265,61.7103,62.8265,25212.868369909
2005-10-28,62.5498,62.8265,61.1546,61.4328,30536.199987424
2005-10-31,62.2716,63.3894,61.9934,62.2716,16762.456789933
2005-11-02,63.1104,65.3443,63.1104,65.3443,150799.21730484
2005-11-03,65.6209,66.462,64.7822,65.3443,33579.002251783
2005-11-04,65.0604,66.1766,64.7822,66.1766,18287.00261234
2005-11-07,65.8991,66.462,63.666,66.462,29834.305128592
2005-11-08,66.462,69.2492,65.8991,69.2492,184851.18096688
2005-11-09,69.5275,70.6477,67.8525,69.2492,33956.365079111
2005-11-10,69.8058,70.6477,68.1298,69.5275,21621.632129833
2005-11-14,68.6912,70.6477,68.1298,70.3702,32838.113234128
2005-11-15,70.3702,70.6477,69.2492,69.5275,21500.876025087
2005-11-16,69.2492,70.3702,68.4137,69.2492,53557.848206645
2005-11-17,69.2492,69.8058,68.9686,69.8058,96814.949103314
2005-11-18,69.8058,70.3702,68.6912,70.0911,133300.90300161
2005-11-21,70.3702,70.3702,68.9686,69.5275,98569.686250392
2005-11-22,69.2492,69.8058,68.6912,69.2492,79627.33019459
2005-11-23,69.2492,69.8058,68.4137,69.2492,11366.168359135
2005-11-24,69.2492,69.8058,68.9686,69.5275,62745.375176004
2005-11-25,70.0911,70.0911,68.9686,69.8058,152565.27533674
2005-11-28,69.2492,70.0911,69.2492,69.8058,75033.566709912
2005-11-29,69.8058,70.0911,69.2492,69.8058,37976.537066251
2005-11-30,69.5275,70.933,69.2492,70.933,77871.335171423
2005-12-01,71.4832,73.7187,70.6477,72.6089,33975.233220478
2005-12-02,73.4333,77.0799,72.8864,76.5115,127339.82820592
2005-12-05,76.5115,77.6253,75.3897,77.0799,34336.243658622
2005-12-06,77.0799,77.0799,74.2823,75.121,83566.9981119
2005-12-07,74.8444,75.3897,74.0009,75.121,15320.930789538
2005-12-08,74.8444,75.121,73.7187,74.5598,85979.60445462
2005-12-09,74.5598,74.8444,74.0009,74.2823,24224.177762308
2005-12-12,74.8444,75.3897,73.7187,74.8444,185241.12255512
2005-12-13,74.2823,75.9511,74.2823,74.8444,100329.45490183
2005-12-14,74.8444,75.121,74.2823,75.121,156419.40767985
2005-12-15,75.121,75.6665,74.8444,75.121,157916.28022825
2005-12-16,74.8444,78.1858,74.8444,76.242,73231.030271372
2005-12-19,76.242,79.8568,76.242,79.0325,23610.334229854
2005-12-20,79.0325,84.3332,79.0325,81.8126,24154.994577298
2005-12-21,82.6471,82.6471,80.9854,81.8126,44287.301415274
2005-12-22,81.5339,81.5339,79.0325,79.8568,86524.264802065
2005-12-23,80.6914,81.5339,79.8568,81.5339,8202.6099900309
2005-12-27,81.5339,82.6471,80.9854,81.8126,72095.168161113
2005-12-28,81.8126,81.8126,80.4216,81.264,58822.059647878
2005-12-29,81.264,81.264,77.91,79.3083,242821.65850108
2005-12-30,78.4704,79.0325,76.242,79.0325,59684.962646369
2006-01-02,78.1858,80.135,77.0799,80.135,43205.527976933
2006-01-03,81.5339,82.0985,78.1858,78.1858,102154.63311001
2006-01-04,79.3083,81.5339,79.3083,81.5339,61863.604036146
2006-01-05,81.5339,83.2197,81.264,82.3772,70696.409947815
2006-01-06,82.0985,87.1229,82.0985,86.0099,114532.13384639
2006-01-09,87.1229,89.3575,80.9854,83.2197,115431.51525152
2006-01-10,83.2197,84.6108,81.8126,82.6471,111476.75282112
2006-01-11,82.9337,83.7682,82.0985,83.2197,325547.13750804
2006-01-12,83.7682,83.7682,82.0985,82.9337,94840.083640295
2006-01-13,80.9854,82.3772,80.9854,81.5339,47678.535356867
2006-01-16,81.5339,86.566,80.4216,86.0099,94508.004352245
2006-01-17,84.6108,86.566,83.7682,86.0099,65979.374606209
2006-01-18,83.7682,85.4462,82.6471,85.4462,214591.14538864
2006-01-19,86.566,88.7921,83.2197,86.0099,220096.86903936
2006-01-20,86.566,88.2436,82.9337,85.1669,88328.059116695
2006-01-23,83.4976,84.0389,82.3772,82.3772,116371.14869157
2006-01-24,83.2197,83.2197,82.3772,82.6471,144319.89755961
2006-01-25,83.4976,86.566,82.6471,84.8817,86828.670816109
2006-01-26,86.0099,86.2799,84.6108,84.6108,49107.482596351
2006-01-27,85.7314,87.6791,84.0389,87.1229,67688.828214008
2006-01-30,88.2436,89.0782,86.0099,87.1229,34121.146847045
2006-01-31,87.6791,88.7921,83.2197,83.7682,59595.653443901
2006-02-01,84.6108,85.4462,82.6471,85.4462,170043.4636225
2006-02-02,86.566,88.2436,84.8817,87.1229,60058.551845425
2006-02-03,87.6791,87.6791,86.2799,87.1229,152280.99534015
2006-02-06,86.2799,88.2436,86.2799,88.2436,17571.271116507
2006-02-07,88.2436,89.3575,87.1229,89.3575,19687.018701729
2006-02-08,89.0782,89.6427,86.0099,89.0782,61658.570233297
2006-02-09,89.0782,91.3043,89.0782,91.3043,18219.077303421
2006-02-10,89.3575,91.59,87.4014,87.4014,68500.158292764
2006-02-13,88.2436,91.035,87.4014,89.3575,124107.0866518
2006-02-14,89.906,91.035,88.7921,89.3575,100929.46179729
2006-02-15,89.906,90.1912,87.4014,89.3575,56961.660909149
2006-02-16,90.1912,90.1912,87.9584,89.3575,6528.3769127834
2006-02-17,88.7921,94.9461,88.2436,94.9461,79443.680285291
2006-02-20,96.0507,97.4501,95.7798,97.1719,43226.911870482
2006-02-21,96.6081,98.8412,95.2243,96.329,43755.219828742
2006-02-22,96.0507,96.0507,91.59,92.9903,84858.836857456
2006-02-23,93.5385,94.3814,92.1391,92.9903,41702.366048074
2006-02-24,92.9903,95.7798,92.9903,95.7798,33404.157475121
2006-02-27,95.7798,97.1719,93.5385,97.1719,76166.913067989
2006-02-28,96.329,97.7365,91.035,91.59,78853.736398567
2006-03-01,92.7121,96.8854,92.1391,95.4952,57969.219658116
2006-03-02,95.2243,95.7798,93.825,94.6441,126346.10609396
2006-03-03,94.6441,95.7798,91.3043,94.9461,26376.403754172
2006-03-06,94.9461,96.6081,93.825,96.6081,61447.247049994
2006-03-07,96.329,96.329,92.1391,92.1391,60751.641571619
2006-03-08,91.8701,92.1391,85.7314,85.7314,128975.06712434
2006-03-09,86.2799,87.4014,86.0099,86.0099,88627.433626375
2006-03-10,84.8817,86.2799,81.5339,84.0389,54411.9460725
2006-03-13,85.1669,85.1669,81.5339,83.7682,31991.56262482
2006-03-14,83.2197,84.6108,82.9337,83.7682,103464.08212084
2006-03-15,84.6108,84.8817,83.2197,83.2197,415434.96297769
2006-03-16,83.7682,85.1669,83.4976,83.7682,152850.81320942
2006-03-17,84.6108,84.8817,82.6471,82.9337,216243.99457233
2006-03-20,82.9337,84.6108,82.0985,83.7682,80273.878505414
2006-03-21,82.9337,83.7682,82.0985,82.0985,72829.767798313
2006-03-22,82.0985,83.7682,81.264,82.3772,96553.310876366
2006-03-23,82.6471,83.7682,82.3772,82.3772,85124.248712676
2006-03-24,82.6471,83.7682,79.3083,81.5339,254726.19782721
2006-03-27,82.3772,83.7682,82.3772,83.7682,105430.14245122
2006-03-28,83.7682,83.7682,82.6471,83.2197,29312.286550788
2006-03-29,82.9337,82.9337,81.8126,82.3772,126590.13405562
2006-03-30,83.2197,84.0389,82.3772,82.6471,67180.646273205
2006-03-31,82.6471,82.6471,82.0985,82.6471,93213.649854508
2006-04-03,82.6471,82.9337,81.5339,82.3772,303320.46697838
2006-04-04,82.3772,85.1669,82.0985,84.8817,852657.59772924
2006-04-05,86.0099,87.9584,85.1669,86.566,628141.80998187
2006-04-06,86.566,87.1229,86.0099,86.566,115262.95985531
2006-04-07,87.1229,88.7921,86.566,87.9584,807264.62322989
2006-04-10,88.7921,89.906,87.4014,87.4014,100300.52375174
2006-04-11,87.6791,88.7921,87.6791,88.5229,295693.96423808
2006-04-12,88.2436,91.3043,87.6791,91.3043,168955.4008037
2006-04-13,91.8701,94.3814,89.6427,93.2676,130246.77985244
2006-04-18,93.2676,96.8854,93.2676,95.4952,136976.4169398
2006-04-19,97.2359,97.2359,92.5931,94.9223,84917.957033736
2006-04-20,94.6285,97.5215,93.7691,97.5215,103246.46955708
2006-04-21,96.9485,100.137,95.4952,100.137,133006.55999631
2006-04-24,100.137,104.756,98.3882,103.889,282223.36917855
2006-04-25,104.756,104.756,101.879,103.031,149696.05997295
2006-04-26,104.176,109.964,103.317,109.668,182502.7263048
2006-04-27,108.222,110.266,106.219,107.657,80866.338144319
2006-04-28,107.077,109.383,105.925,107.657,96842.622377318
2006-05-02,108.811,111.703,108.811,111.132,24524.810148081
2006-05-04,112.866,117.198,112.57,116.919,249204.1217873
2006-05-05,118.938,120.68,113.445,115.751,164911.32917084
2006-05-08,115.751,117.198,113.445,114.892,21097.097799847
2006-05-09,115.465,115.751,113.74,114.598,109449.05656227
2006-05-10,115.751,115.751,114.598,115.186,50609.386649118
2006-05-11,115.751,117.492,114.598,116.339,396800.78656421
2006-05-12,115.465,116.339,114.598,116.339,31007.903521585
2006-05-15,114.598,115.751,107.951,109.383,135996.53146483
2006-05-16,111.132,114.598,109.097,111.703,52167.895125985
2006-05-17,113.143,113.143,105.352,108.222,162649.66795905
2006-05-18,106.498,109.097,104.756,108.222,188429.83844604
2006-05-19,109.964,109.964,105.631,107.657,65841.008236188
2006-05-22,107.951,107.951,101.879,103.031,153443.27284832
2006-05-23,100.709,103.889,100.137,101.289,216815.07031769
2006-05-24,98.3882,101.879,96.0745,97.2359,212465.33479469
2006-05-25,96.6548,98.1017,94.0556,97.2359,132682.0279648
2006-05-26,99.5486,103.031,98.9766,99.5486,89133.099814996
2006-05-29,100.137,103.031,98.6902,102.443,147254.52248013
2006-05-30,101.289,102.156,98.9766,101.289,135444.32386085
2006-05-31,98.3882,102.737,97.2359,102.156,148508.62494296
2006-06-01,102.443,105.352,101.289,103.031,134499.65891643
2006-06-02,104.756,111.132,104.47,109.097,147536.28672454
2006-06-05,107.951,109.964,107.657,108.222,87233.706917443
2006-06-06,108.222,108.222,102.443,103.317,206197.33823276
2006-06-07,103.031,105.05,103.031,103.317,106267.88792789
2006-06-08,101.289,106.219,100.137,104.176,183316.57213574
2006-06-09,105.05,106.219,100.137,101.583,110582.40292035
2006-06-12,100.431,101.583,94.0556,99.5486,85772.05489959
2006-06-13,93.1806,96.6548,90.8677,93.7691,212655.27408444
2006-06-14,93.7691,95.2078,89.4281,93.7691,209548.32013944
2006-06-16,97.2359,98.3882,93.7691,93.7691,162288.6575209
2006-06-19,94.9223,97.8235,94.9223,96.6548,24646.824128916
2006-06-20,96.0745,100.137,93.1806,98.3882,43508.676114887
2006-06-21,98.9766,101.289,96.3692,99.2631,196797.230204
2006-06-22,101.583,102.737,98.3882,98.3882,65068.672316256
2006-06-23,98.3882,99.5486,95.4952,99.2631,35684.686828276
2006-06-26,98.3882,100.137,95.7972,99.8351,23202.78237634
2006-06-27,100.431,102.443,96.6548,101.289,85246.262693512
2006-06-28,102.156,106.498,100.996,106.498,97661.499712621
2006-06-29,106.498,106.498,102.156,104.176,62127.758015276
2006-06-30,105.631,106.792,102.443,103.603,58671.114516946
2006-07-03,104.756,104.756,101.879,104.176,35249.461700756
2006-07-04,104.756,105.925,103.889,104.176,48692.38348629
2006-07-05,103.889,105.05,103.031,104.176,42395.455774268
2006-07-06,104.176,107.077,103.889,107.077,64540.364357996
2006-07-07,107.364,110.543,105.631,108.811,92267.727034006
2006-07-10,107.077,115.751,106.498,112.866,116418.94798303
2006-07-11,114.017,114.598,107.657,109.383,39010.511213131
2006-07-12,109.383,114.017,109.383,112.57,50253.407715339
2006-07-13,112.866,113.445,105.925,106.498,56361.654013697
2006-07-14,104.176,107.951,101.879,104.176,69149.222355768
2006-07-17,104.756,104.756,100.709,100.709,61679.954126846
2006-07-18,100.996,105.925,100.709,104.176,75454.955200429
2006-07-19,105.352,106.219,102.443,104.756,23913.482367808
2006-07-20,107.657,112.006,107.657,112.006,84589.65137396
2006-07-21,111.703,112.866,109.964,110.266,59072.376990007
2006-07-24,111.703,112.866,109.964,111.132,49766.609668085
2006-07-25,112.866,114.304,110.266,110.543,97823.765728372
2006-07-26,111.418,112.57,107.951,109.383,50484.8569161
2006-07-27,111.132,115.186,110.266,115.186,116509.51506159
2006-07-28,115.186,118.66,113.445,116.339,104713.1530793
2006-07-31,116.339,120.974,114.017,118.66,106845.25305371
2006-08-01,121.537,123.86,118.071,118.071,121156.10934209
2006-08-02,120.974,121.26,115.186,117.492,43058.356474275
2006-08-03,117.198,117.198,109.964,109.964,127170.01493361
2006-08-04,110.83,113.445,108.222,112.57,149255.80334107
2006-08-07,111.703,112.57,105.925,109.383,82452.51989519
2006-08-08,109.668,111.418,109.383,109.383,112328.33493479
2006-08-09,107.077,115.751,107.077,115.186,143284.66553664
2006-08-10,114.017,114.017,111.418,112.284,41402.991538394
2006-08-11,113.445,115.751,105.352,105.352,212368.47833567
2006-08-14,108.516,109.383,105.925,108.516,41616.83047388
2006-08-16,110.83,112.866,110.266,111.418,43586.664432535
2006-08-17,111.418,112.866,111.132,111.418,76458.740321122
2006-08-18,111.132,112.866,110.543,112.57,117542.23133238
2006-08-21,110.83,114.598,110.83,113.143,147293.51663896
2006-08-22,114.017,114.598,111.703,112.57,35719.907358827
2006-08-23,113.445,113.445,111.132,111.132,15590.116273032
2006-08-24,111.703,112.866,109.964,110.266,54515.091911969
2006-08-25,110.83,110.83,107.657,109.097,60691.263519245
2006-08-28,108.222,109.964,106.498,108.222,67703.9227271
2006-08-29,109.383,112.57,108.516,111.703,43777.861598381
2006-08-30,112.57,114.017,111.703,112.866,116548.50922041
2006-08-31,113.445,113.74,109.097,109.668,78971.976751131
2006-09-01,109.668,111.068,109.668,110.726,42833.19665397
2006-09-04,111.132,115.751,111.132,115.639,93148.240297772
2006-09-05,115.465,115.751,113.445,115.186,62834.684378471
2006-09-06,113.445,115.186,112.405,115.186,41289.782690195
2006-09-07,112.284,114.598,111.76,114.598,49779.188428996
2006-09-08,114.598,114.598,112.284,113.143,34551.340470199
2006-09-11,113.445,116.044,112.333,115.751,48336.40455251
2006-09-12,114.598,115.465,113.74,115.465,28802.846733894
2006-09-13,115.465,116.339,114.542,115.234,63418.33888474
2006-09-14,115.696,115.696,112.284,112.405,42767.787097232
2006-09-15,112.405,114.304,111.418,112.054,32762.640668662
2006-09-18,112.221,115.297,111.935,114.017,39580.329082397
2006-09-19,112.866,114.892,112.405,114.892,62913.930572211
2006-09-20,114.542,114.542,112.866,113.445,188911.60498893
2006-09-21,113.97,113.97,111.132,111.132,43996.732038232
2006-09-22,109.383,110.957,107.776,110.83,93084.088617126
2006-09-25,111.132,112.221,110.44,112.054,15197.658932611
2006-09-26,112.054,112.57,109.74,109.852,43111.187270101
2006-09-27,110.957,111.703,108.516,109.668,105363.4750184
2006-09-28,110.543,112.523,110.543,112.284,38779.062012369
2006-09-29,112.866,112.866,111.132,111.418,10817.734383418
2006-10-02,112.866,112.866,111.418,112.866,77066.294473122
2006-10-03,113.381,114.017,112.57,114.017,72994.549566246
2006-10-04,112.866,114.709,112.405,112.761,21495.844520723
2006-10-05,115.186,116.919,114.017,115.751,51993.050349323
2006-10-06,114.598,116.864,114.598,116.339,19697.081710457
2006-10-09,115.297,116.793,114.765,115.696,19044.244019179
2006-10-10,116.625,120.736,115.52,119.861,123421.54418216
2006-10-11,119.233,121.26,118.367,119.408,102996.15221496
2006-10-12,119.408,121.537,116.919,120.393,60874.913428546
2006-10-13,120.441,124.137,120.441,123.104,139108.5169142
2006-10-16,123.161,124.439,118.66,122.7,107235.19464195
2006-10-17,121.428,124.376,120.33,121.537,47928.852698995
2006-10-18,121.537,126.753,120.846,126.125,109684.27939131
2006-10-19,126.125,128.613,123.86,128.613,58769.228852053
2006-10-20,128.613,130.227,125.585,127,61742.847931401
2006-10-23,126.173,130.505,124.726,126.403,27952.522496315
2006-10-24,127.326,129.068,126.403,127.914,91921.811108954
2006-10-25,127.914,127.914,125.187,127.914,122693.23392541
2006-10-26,128.9,132.661,126.936,132.254,86665.146924267
2006-10-27,131.038,135.442,124.439,127.326,98870.318636163
2006-10-30,124.439,126.403,119.813,119.813,61678.696250755
2006-10-31,120.791,123.756,118.938,119.518,84829.90570736
2006-11-02,119.813,120.393,118.175,118.66,134630.4780299
2006-11-03,119.861,119.861,117.794,118.773,130528.54409684
2006-11-06,118.938,121.833,118.938,119.749,524090.29972648
2006-11-07,121.537,125.585,121.26,124.439,670553.61814532
2006-11-08,124.439,124.439,122.127,122.7,84746.885885347
2006-11-09,122.755,122.993,119.288,119.749,152780.37214831
2006-11-10,119.917,119.917,115.815,115.815,52434.564857298
2006-11-13,116.044,118.938,116.044,117.794,38440.693343865
2006-11-14,119.233,119.233,114.138,115.465,223070.48811871
2006-11-15,115.465,115.696,113.445,114.598,103028.85699332
2006-11-16,114.661,118.071,113.445,116.968,44868.440169361
2006-11-17,116.68,118.66,114.017,118.66,96670.293352838
2006-11-20,118.598,118.598,114.598,116.044,44287.301415274
2006-11-21,116.864,118.66,116.864,118.175,33197.865796181
2006-11-22,119.113,120.974,117.198,120.974,442117.030622
2006-11-23,119.813,122.7,119.813,122.7,247791.52693699
2006-11-24,122.7,122.7,118.938,119.749,31888.416785351
2006-11-27,120.974,122.7,119.749,121.26,130490.80781412
2006-11-28,120.108,122.412,118.66,120.68,172330.28235612
2006-11-29,121.26,124.137,121.26,123.86,93139.435165134
2006-11-30,123.86,124.726,123.86,124.726,137835.54631001
2006-12-01,125.028,129.654,125.028,127.326,182569.39373763
2006-12-04,127.914,129.536,125.314,128.207,174746.66232711
2006-12-05,127.914,130.227,126.244,129.536,88296.612214418
2006-12-06,128.829,131.961,127.326,131.674,50133.909486685
2006-12-07,131.674,133.233,131.372,132.366,43272.195409761
2006-12-08,131.038,135.442,130.227,133.001,86341.872768856
2006-12-11,134.043,134.64,131.269,131.316,52232.046806631
2006-12-12,131.492,131.961,129.654,131.492,30175.189549279
2006-12-13,133.121,133.709,130.227,130.227,84563.235976048
2006-12-14,130.29,136.022,130.227,136.022,56401.906048611
2006-12-15,136.127,136.127,130.227,133.121,136068.23040202
2006-12-18,133.121,140.641,131.372,140.641,36347.587528283
2006-12-19,138.456,139.489,134.863,135.442,54506.286779332
2006-12-20,135.204,137.756,130.29,134.8,60004.463173507
2006-12-21,134.64,137.065,133.749,135.959,35709.844350097
2006-12-22,137.756,138.845,130.227,130.227,22250.57017538
2006-12-27,131.961,138.344,131.961,133.709,29731.159289123
2006-12-28,133.709,133.709,130.108,130.227,22388.936545401
2006-12-29,130.354,131.842,127.914,130.227,474046.95731836
2007-01-02,130.807,133.289,130.227,132.827,25250.604652642
2007-01-03,132.891,139.195,132.891,138.098,102441.42885878
2007-01-04,135.14,138.041,135.14,136.022,129868.15914902
2007-01-05,135.442,137.167,129.479,130.227,59796.913618477
2007-01-08,128.207,130.807,125.084,125.95,140220.47937873
2007-01-09,127.326,128.439,126.3,127.326,310385.95698207
2007-01-10,126.173,127.326,123.279,124.439,371340.11660436
2007-01-11,127.326,132.477,125.585,131.961,78714.112152456
2007-01-12,131.618,138.041,130.29,136.889,128349.90270706
2007-01-15,138.344,140.014,137.001,138.344,65742.893901083
2007-01-16,136.945,137.756,133.709,134.863,109309.43231616
2007-01-17,136.022,136.022,133.709,133.709,247319.82340284
2007-01-18,137.167,147.59,137.001,143.528,150425.62810578
2007-01-19,142.097,148.743,142.097,146.437,165027.05377122
2007-01-22,147.947,148.743,139.775,140.641,40116.184297204
2007-01-23,140.641,142.963,138.965,140.014,134312.23537886
2007-01-24,142.963,142.963,140.244,140.641,305397.22040479
2007-01-25,142.097,143.424,132.54,136.595,82374.531577543
2007-01-26,137.693,140.532,135.442,138.908,139095.93815329
2007-01-29,140.307,147.025,140.307,145.276,47830.73836389
2007-01-30,146.151,146.437,144.116,144.982,91169.601206479
2007-01-31,146.024,154.817,144.743,154.817,121455.48385178
2007-02-01,157.376,157.424,150.777,150.777,115344.72180123
2007-02-02,151.644,154.26,150.483,154.26,53266.020953512
2007-02-05,153.958,155.119,152.685,153.092,66740.389641321
2007-02-06,153.672,153.672,148.457,151.073,491010.67428286
2007-02-07,151.073,152.511,148.336,150.483,37516.15441691
2007-02-08,151.073,151.073,144.689,149.331,35077.132676277
2007-02-09,147.821,151.12,144.116,149.156,74114.059287321
2007-02-12,145.34,149.101,144.116,144.116,109683.02151522
2007-02-13,144.18,150.483,144.18,146.843,24024.175463824
2007-02-14,149.618,150.254,146.199,150.191,25572.620931963
2007-02-15,148.695,149.903,145.627,149.029,49938.938692565
2007-02-16,149.029,149.212,145.857,147.821,20918.479394911
2007-02-19,149.331,154.307,148.336,150.834,33083.399071891
2007-02-20,152.384,153.036,144.743,147.025,42123.754538591
2007-02-21,148.52,151.073,146.485,147.526,53462.249623723
2007-02-22,149.847,150.191,143.194,144.593,159972.9076372
2007-02-23,144.593,144.593,141.452,141.452,132055.60567143
2007-02-26,142.788,142.788,139.489,142.097,61761.716072768
2007-02-27,140.062,141.699,135.491,136.301,126353.6533505
2007-02-28,134.282,134.282,129.767,130.807,312183.46191624
2007-03-01,131.961,135.442,126.173,131.842,219719.50621204
2007-03-02,131.961,135.14,128.9,132.032,72158.061965668
2007-03-05,129.654,135.386,127.397,134.863,92383.451634386
2007-03-06,134.863,136.022,130.227,136.022,135529.85943504
2007-03-07,136.532,137.399,135.491,136.595,134278.2727244
2007-03-08,137.812,139.259,136.022,138.908,82032.389280764
2007-03-09,137.287,141.572,136.022,137.573,115161.07189194
2007-03-12,138.965,139.775,136.19,137.756,60120.187773889
2007-03-13,137.756,139.489,136.127,138.615,77189.566330048
2007-03-14,132.254,139.195,132.254,139.195,96056.449820383
2007-03-15,137.629,142.033,136.651,140.824,77887.687560606
2007-03-16,141.508,144.354,141.23,141.922,198621.15053609
2007-03-19,144.061,147.025,143.528,147.025,112350.97670443
2007-03-20,145.857,146.724,144.402,145.572,60659.816616968
2007-03-21,145.276,149.274,145.276,147.296,139405.3756717
2007-03-22,149.618,153.608,149.618,150.483,123175.0004683
2007-03-23,148.743,153.322,147.996,152.217,81577.038135788
2007-03-26,151.12,153.37,151.12,153.092,141250.67989734
2007-03-27,153.735,155.699,151.819,153.958,239293.31606556
2007-03-28,153.37,155.119,150.317,151.644,218252.82268981
2007-03-29,151.073,155.977,151.073,154.538,106724.49694896
2007-03-30,156.271,159.062,153.092,156.319,229585.02839448
2007-04-02,156.215,159.8,154.595,156.271,239694.57853862
2007-04-03,158.585,159.737,156.566,158.012,93168.366315229
2007-04-04,159.101,162.06,158.012,162.06,71662.458785777
2007-04-05,160.604,164.659,160.604,163.275,146490.99169284
2007-04-10,164.023,164.547,162.123,164.023,140673.31477153
2007-04-11,162.06,165.405,162.06,163.808,109299.36930743
2007-04-12,164.89,164.89,159.165,160.898,405477.61584059
2007-04-13,162.647,163.156,156.621,156.621,51536.441328256
2007-04-16,162.06,162.06,159.101,160.779,42933.826741257
2007-04-17,160.032,163.211,157.185,160.898,48961.568969784
2007-04-18,161.605,162.06,157.718,158.585,39728.758461146
2007-04-19,157.543,157.543,154.307,155.119,35215.499046298
2007-04-20,155.294,161.47,155.294,160.898,84941.856679467
2007-04-23,162.647,167.846,159.284,167.846,72213.408513676
2007-04-24,170.454,170.454,160.898,160.898,116631.52904243
2007-04-25,167.846,169.874,163.275,165.136,95925.630706909
2007-04-26,169.111,169.111,165.526,167.846,261472.18730374
2007-04-27,166.176,171.321,166.176,170.622,187151.83633749
2007-04-30,168.976,180.192,168.976,180.192,44411.831148294
2007-05-02,181.322,183.142,174.285,180.44,99992.344109419
2007-05-04,180.494,188.476,180.494,186.282,66731.584508684
2007-05-07,181.369,183.142,178.427,179.612,64994.457626882
2007-05-08,181.369,181.369,170.741,173.038,79787.08045816
2007-05-09,174.285,176.059,168.443,168.976,43273.453285853
2007-05-10,170.677,172.522,159.642,160.175,138282.09232235
2007-05-11,160.699,168.378,159.523,168.378,248075.80693358
2007-05-14,176.655,177.242,171.932,177.131,82262.580605434
2007-05-15,176.759,176.759,166.623,171.329,55520.134908753
2007-05-16,171.932,172.458,164.547,165.421,84501.600047584
2007-05-17,169.086,169.086,157.989,159.523,65469.934789315
2007-05-18,160.349,168.378,160.111,168.378,44638.248844691
2007-05-21,168.197,172.522,166.662,171.329,49642.079935067
2007-05-22,175.525,176.13,174.285,175.415,137883.34560147
2007-05-23,173.403,173.991,169.986,170.152,76891.449696458
2007-05-24,167.194,170.741,165.421,169.857,115749.75790257
2007-05-25,169.572,169.572,166.623,168.378,27907.238957035
2007-05-28,169.382,171.329,168.378,169.445,32378.988460878
2007-05-29,168.443,174.469,168.378,174.469,42409.29241127
2007-05-30,171.75,171.75,169.675,171.106,13915.883195784
2007-05-31,175.47,180.192,171.932,180.192,91160.796073842
2007-06-01,180.192,180.192,176.655,177.999,111054.10645451
2007-06-04,178.427,183.142,175.47,183.142,87578.364966402
2007-06-05,183.142,186.116,180.789,184.923,50725.1112495
2007-06-06,184.215,184.215,177.242,180.192,70573.138090888
2007-06-08,175.947,178.427,171.281,171.281,106671.66615313
2007-06-11,174.826,176.949,171.4,171.511,72444.857714437
2007-06-12,173.038,174.285,172.458,172.458,66859.887869975
2007-06-13,172.807,178.427,172.807,178.427,64545.39586236
2007-06-14,177.242,181.973,176.059,176.059,112064.18095566
2007-06-15,177.832,184.025,177.832,180.192,137776.42613373
2007-06-18,180.138,181.663,177.242,177.832,32438.108637159
2007-06-19,178.245,180.494,177.242,178.427,23949.96077445
2007-06-20,180.081,181.369,172.807,172.807,68003.297236782
2007-06-21,174.993,177.242,171.932,173.101,55020.758100589
2007-06-22,174.826,176.456,172.522,172.807,23638.007503859
2007-06-25,172.934,175.415,168.443,175.415,22626.675126617
2007-06-26,175.177,176.759,172.64,175.884,20410.297454109
2007-06-27,173.101,177.187,161.939,161.939,58898.790089435
2007-06-28,169.675,172.458,168.378,171.329,95554.557260036
2007-06-29,173.038,173.705,170.152,171.329,73185.746732093
2007-07-02,170.279,174.285,168.378,174.285,43553.959654167
2007-07-03,177.187,179.008,171.329,171.329,42756.466212413
2007-07-04,171.4,175.717,171.4,172.879,31355.077322727
2007-07-05,174.651,175.47,171.329,171.329,55169.187479338
2007-07-06,174.231,174.285,168.378,171.329,67597.003259357
2007-07-09,172.458,172.458,166.623,167.735,76266.285279185
2007-07-10,167.735,170.51,165.421,165.421,138416.6850641
2007-07-11,167.194,169.508,164.245,165.421,64725.272143388
2007-07-12,167.369,171.932,166.623,169.143,110649.07035318
2007-07-13,171.932,173.705,164.3,165.421,82316.669277352
2007-07-16,165.421,165.421,155.85,160.994,150307.38775322
2007-07-17,161.303,163.418,157.145,161.526,274388.05900711
2007-07-18,161.462,164.245,159.523,163.06,263152.70976145
2007-07-19,164.833,166.495,162.465,165.318,142189.0554613
2007-07-20,166.623,166.623,163.299,164.833,49774.156924632
2007-07-23,165.192,168.674,165.136,168.378,109986.16965317
2007-07-24,167.846,169.198,166.018,168.022,121773.72650282
2007-07-25,166.623,169.445,164.833,168.745,127850.5258989
2007-07-26,168.378,169.508,163.84,168.378,124498.28611613
2007-07-27,165.421,166.552,162.226,165.421,127722.22253761
2007-07-30,163.777,167.138,162.528,163.06,48649.615699193
2007-07-31,164.714,166.552,163.665,166.018,125237.9172577
2007-08-01,161.303,162.465,159.642,160.755,125985.09565581
2007-08-02,161.883,165.421,161.303,162.465,92206.091105541
2007-08-03,164.134,164.714,153.608,154.205,1470606.837745
2007-08-06,154.268,154.268,148.583,148.583,36368.971421831
2007-08-07,151.899,155.674,151.605,153.02,40308.639339141
2007-08-08,154.49,155.318,151.485,154.666,50118.814973591
2007-08-09,155.381,156.438,152.662,153.02,163282.37963287
2007-08-10,150.651,153.02,142.383,144.736,100017.50163124
2007-08-13,146.214,150.062,145.874,149.172,77782.025968955
2007-08-14,148.878,150.062,147.169,148.997,27766.356834832
2007-08-16,143.09,147.701,140.022,144.163,200509.22254883
2007-08-17,142.971,150.062,137.312,147.701,230613.97103701
2007-08-20,148.878,151.247,144.736,150.245,112418.90201335
2007-08-21,145.928,147.065,143.559,144.459,159625.73383606
2007-08-22,144.799,150.651,144.736,150.062,137587.74472007
2007-08-23,153.552,155.977,148.583,149.537,143006.67492051
2007-08-24,148.234,151.247,147.105,148.059,33677.116586888
2007-08-27,149.483,153.608,148.417,149.65,52834.569454265
2007-08-28,150.062,150.651,145.404,146.819,78277.629148846
2007-08-29,145.045,147.407,143.273,145.284,99833.851721942
2007-08-30,146.938,148.234,143.559,143.854,123942.30488387
2007-08-31,147.462,150.651,145.928,149.65,138051.90099768
2007-09-03,150.602,153.322,149.483,151.962,22461.893358685
2007-09-04,152.423,152.423,150.945,151.247,38999.190328311
2007-09-05,151.843,152.423,148.298,148.298,165203.15642397
2007-09-06,149.483,152.725,144.736,144.736,58667.340888674
2007-09-07,144.864,148.83,143.63,144.736,40366.501639332
2007-09-10,143.273,144.648,142.439,143.559,27806.608869748
2007-09-11,143.759,148.583,143.759,147.343,41561.483925872
2007-09-12,148.83,154.904,148.115,154.904,34439.389498091
2007-09-13,153.322,159.229,149.76,159.229,46506.194839967
2007-09-14,159.229,162.226,156.861,158.934,92422.44579321
2007-09-17,158.934,159.523,157.273,158.807,37078.41353721
2007-09-18,158.807,161.883,155.977,160.111,153004.27409252
2007-09-19,164.833,164.833,160.699,163.06,176317.74956488
2007-09-20,163.116,165.374,162.465,164.245,113696.9041219
2007-09-21,164.245,166.32,156.271,156.271,208934.47660699
2007-09-24,160.699,161.049,154.848,154.848,55740.263224695
2007-09-25,155.269,156.271,150.714,150.714,150863.36898548
2007-09-26,152.423,154.379,150.181,150.309,183034.80789133
2007-09-27,151.962,154.205,151.899,153.02,115740.95276993
2007-09-28,151.485,153.195,147.701,149.483,76847.42403327
2007-10-01,149.483,151.247,147.701,149.483,38922.459886754
2007-10-02,151.843,156.215,151.534,154.785,337328.40497723
2007-10-03,154.785,156.861,153.966,156.566,209130.70527719
2007-10-04,154.967,158.267,153.608,157.145,175264.90727664
2007-10-05,157.145,164.245,156.684,162.465,202061.44164523
2007-10-08,163.665,164.476,162.465,163.665,51242.09832294
2007-10-09,163.665,168.674,163.06,168.085,450024.03973063
2007-10-10,168.378,168.905,165.136,165.136,150196.69465721
2007-10-11,167.735,168.976,166.662,168.378,125635.40610249
2007-10-12,168.197,168.197,163.116,165.421,219794.97877749
2007-10-15,167.092,168.855,167.092,168.378,89521.783527144
2007-10-16,166.32,167.194,160.994,163.363,182648.63993136
2007-10-17,161.717,168.674,161.717,165.318,104693.02706184
2007-10-18,165.421,165.421,158.641,158.641,149909.89890844
2007-10-19,160.23,162.465,158.934,162.465,29270.776639782
2007-10-22,159.523,159.523,155.381,157.273,114325.84216745
2007-10-23,158.871,161.883,158.458,160.636,59103.823892284
2007-10-24,161.758,161.758,157.145,157.989,44264.659645635
2007-10-25,158.045,159.754,157.757,158.934,241382.64825287
2007-10-26,159.467,160.349,157.145,157.145,51406.880090873
2007-10-29,158.76,162.711,158.76,159.57,70488.860392785
2007-10-30,160.699,162.465,160.111,162.416,74925.389366077
2007-10-31,160.755,164.245,158.99,164.134,45640.776089293
2007-11-02,161.82,161.883,158.394,158.688,73023.480716341
2007-11-05,158.339,158.99,153.672,154.785,85779.602156136
2007-11-06,156.319,156.319,154.205,154.205,104811.2674144
2007-11-07,155.794,156.215,151.962,154.205,59528.986011074
2007-11-08,150.89,152.313,149.172,151.962,72056.174002289
2007-11-09,153.489,153.489,144.864,146.636,152616.84825648
2007-11-12,144.459,148.298,143.154,144.163,132577.62424924
2007-11-13,144.163,146.214,143.63,145.928,348874.4496174
2007-11-14,148.353,148.997,141.206,142.685,158011.87881117
2007-11-15,142.685,144.163,137.963,141.794,88856.367074955
2007-11-16,138.837,147.582,138.25,145.928,152819.36630714
2007-11-19,147.645,147.645,142.152,143.559,73042.348857708
2007-11-20,144.577,147.996,141.794,147.996,45570.335028191
2007-11-21,144.736,151.485,144.513,147.582,184156.83336459
2007-11-22,147.105,150.062,145.166,147.105,233415.26109188
2007-11-23,148.298,149.537,146.516,146.516,71392.015426192
2007-11-26,147.996,147.996,141.794,142.971,91837.53341085
2007-11-27,142.685,144.736,139.441,144.394,75916.59572586
2007-11-28,143.559,146.516,141.794,144.736,82577.049628208
2007-11-29,148.298,150.062,146.636,147.947,147987.86424124
2007-11-30,149.172,149.483,138.837,138.837,85217.331543418
2007-12-03,142.916,144.736,140.61,141.913,122125.93180833
2007-12-04,143.328,144.266,140.674,141.794,78087.68985909
2007-12-05,142.971,144.68,141.985,143.63,152316.2158707
2007-12-06,144.799,147.105,143.273,146.047,105062.84263262
2007-12-07,147.105,152.13,146.516,152.13,127713.41740497
2007-12-10,151.843,155.977,150.372,155.977,122502.03675957
2007-12-11,152.488,155.031,151.31,153.02,90219.904757702
2007-12-12,149.172,154.785,149.172,152.79,122244.17216089
2007-12-13,152.249,152.313,147.821,151.787,71107.735429604
2007-12-14,150.372,150.372,142.86,145.34,170360.44839746
2007-12-17,144.092,145.045,137.716,137.716,114905.72304544
2007-12-18,138.837,143.559,137.716,141.143,158166.59757039
2007-12-19,141.143,143.035,137.963,143.035,162589.28990667
2007-12-20,142.971,144.736,142.916,144.736,120938.49677833
2007-12-21,145.928,149.172,142.439,147.757,301451.26310703
2007-12-27,147.169,153.258,147.169,153.258,58303.814698347
2007-12-28,152.423,153.322,147.701,148.298,153997.9962045
2008-01-02,148.655,150.834,145.928,147.582,106864.12119507
2008-01-03,145.699,145.699,142.502,144.648,51716.317609282
2008-01-04,143.559,144.648,138.837,138.837,97740.745906359
2008-01-07,139.323,140.49,135.474,135.888,62357.949339946
2008-01-08,136.078,138.129,132.048,133.535,191676.41663716
2008-01-09,130.339,131.174,124.186,126.904,226631.5353326
2008-01-10,128.327,128.915,122.834,124.011,264365.30231326
2008-01-11,124.011,125.25,118.875,120.465,164873.5928881
2008-01-14,119.225,124.066,118.168,123.422,180541.69747879
2008-01-15,122.294,127.198,117.572,117.572,97163.380780547
2008-01-16,112.18,116.036,108.303,114.025,384606.93573713
2008-01-17,118.104,118.104,108.826,115.147,230805.16820285
2008-01-18,114.025,116.974,112.253,115.503,186987.05456956
2008-01-21,112.253,113.914,105.749,106.354,162964.13698182
2008-01-22,98.6655,110.957,98.6655,105.749,302803.47990495
2008-01-23,107.88,109.303,99.2631,103.986,171141.58945002
2008-01-24,106.458,110.425,106.458,108.11,235993.90707862
2008-01-25,109.597,110.774,105.749,106.29,189312.86746199
2008-01-28,105.749,107.467,101.679,104.581,113134.63350918
2008-01-29,104.868,108.643,104.581,108.055,265590.47362599
2008-01-30,109.191,109.892,106.354,109.892,137183.96649483
2008-01-31,108.715,109.892,105.352,109.892,154540.14079976
2008-02-01,109.892,113.437,106.989,112.848,280323.97628099
2008-02-04,112.848,114.621,112.253,112.555,68092.606439249
2008-02-05,111.363,111.363,106.64,106.934,82850.008739976
2008-02-06,105.162,106.934,101.633,106.823,250297.21611046
2008-02-07,106.354,106.354,102.809,105.749,155654.61901647
2008-02-08,106.458,107.467,102.809,105.694,98686.668726863
2008-02-11,104.216,106.29,103.094,106.115,160901.22019243
2008-02-12,106.234,109.12,104.622,108.715,366357.66940753
2008-02-13,108.595,111.72,107.833,111.72,141995.34254326
2008-02-14,112.848,113.437,110.472,112.18,84272.666599005
2008-02-15,111.601,112.253,107.523,112.253,87257.606563173
2008-02-18,111.196,112.141,108.405,111.021,266462.18175712
2008-02-19,111.021,111.021,107.355,108.11,168861.06009688
2008-02-20,105.162,105.162,100.558,103.986,254864.56419723
2008-02-21,105.042,105.042,102.443,103.396,305436.21456361
2008-02-22,102.332,105.94,101.925,105.94,115881.83489213
2008-02-25,106.458,107.165,103.396,105.94,79763.180812429
2008-02-26,106.87,106.87,102.809,104.924,99168.435269752
2008-02-27,104.868,106.234,101.735,106.234,152238.22755305
2008-02-28,105.694,106.234,102.68,106.234,114840.31348871
2008-02-29,105.408,106.171,101.735,102.196,258479.70008304
2008-03-03,98.9611,98.9611,96.2493,98.0697,172640.97775062
2008-03-04,98.0697,99.135,93.706,95.1126,298131.72810262
2008-03-05,95.2481,96.8854,94.5324,96.8854,105230.14015274
2008-03-06,97.4812,97.4812,94.6358,95.6535,78180.772689831
2008-03-07,94.6358,94.9461,89.2776,91.7493,221264.1780519
2008-03-10,91.5754,95.7167,90.6842,94.5324,277659.79472004
2008-03-11,93.641,102.68,93.641,101.633,138167.62559806
2008-03-12,103.986,103.986,100.09,101.679,114137.16075378
2008-03-13,100.32,100.32,96.2978,96.2978,76527.923506132
2008-03-14,96.8854,97.9031,94.2304,95.1126,144280.90340078
2008-03-17,92.2755,96.1313,91.1065,96.1313,108616.34258997
2008-03-18,95.2481,102.809,95.2481,101.035,76311.568818465
2008-03-19,99.9623,103.747,96.8854,101.035,154614.35548913
2008-03-20,99.9065,103.396,99.016,101.633,290612.14483006
2008-03-25,104.288,108.001,104.288,105.749,139294.68257568
2008-03-26,106.585,108.882,104.581,106.29,86890.306744574
2008-03-27,106.87,109.01,106.171,108.11,92101.68738998
2008-03-28,107.236,108.882,105.352,107.165,102652.75204209
2008-03-31,106.989,109.303,104.995,109.01,114937.16994772
2008-04-01,108.11,111.363,108.11,110.719,125617.79583721
2008-04-02,110.535,111.672,109.303,109.415,315689.16258213
2008-04-03,109.415,110.313,105.162,106.29,59091.245131373
2008-04-04,106.234,107.062,105.162,105.749,207523.13963277
2008-04-07,106.64,107.523,105.812,106.29,235654.28053402
2008-04-08,106.234,106.234,104.288,105.042,84183.357396537
2008-04-09,104.812,105.162,103.986,104.685,107147.14331557
2008-04-10,104.74,105.749,102.332,103.325,54219.491030561
2008-04-11,103.986,104.995,97.7768,97.7768,112285.56714769
2008-04-14,98.0697,99.5486,96.5999,98.3635,247450.64251631
2008-04-15,98.142,99.135,97.4812,98.0074,170638.43901359
2008-04-16,99.4379,99.4379,97.7768,98.3635,83478.946785524
2008-04-17,99.2631,99.5486,94.6358,96.7262,90811.106520517
2008-04-18,95.9473,98.5474,95.4229,96.846,223784.96173845
2008-04-21,97.4812,98.6655,95.4778,96.4717,41660.856137068
2008-04-22,96.4717,97.2991,94.2304,95.5336,135671.99943334
2008-04-23,95.5336,95.5336,91.8701,92.1163,124800.176378
2008-04-24,92.9985,93.2365,90.1037,91.9881,211723.18790093
2008-04-25,92.7597,95.1126,92.2755,95.0568,96355.824330064
2008-04-28,96.0105,98.0697,96.0105,97.4254,76454.966692849
2008-04-29,96.782,96.9568,94.2304,96.846,68911.483774552
2008-04-30,97.7439,97.9827,95.2719,97.7988,58297.525317892
2008-05-05,99.8351,100.447,98.6975,100.447,132766.3056629
2008-05-06,101.106,101.704,100.502,101.409,120138.4875844
2008-05-07,102.076,107.411,101.591,105.925,186351.82714355
2008-05-08,104.716,106.458,102.919,105.329,240016.59481794
2008-05-09,106.529,108.381,105.074,107.125,130404.01436383
2008-05-12,108.334,109.948,107.73,107.801,171617.06661247
2008-05-13,109.479,109.479,107.244,108.334,52160.347869439
2008-05-14,109.534,109.948,105.329,106.879,120284.40121097
2008-05-15,105.447,106.704,101.704,104.422,181436.04737955
2008-05-16,103.818,105.329,103.516,104.422,65364.273197664
2008-05-19,104.716,106.529,102.188,104.716,44228.181238994
2008-05-20,104.645,105.734,102.434,103.881,78194.609326833
2008-05-21,102.236,103.516,100.217,102.307,48450.871276799
2008-05-23,100.566,102.617,97.6807,101.647,27792.772232745
2008-05-26,101.704,103.698,99.6685,99.6685,43436.977177695
2008-05-27,100.264,103.207,98.7616,102.919,112470.47493308
2008-05-28,102.617,104.716,100.447,100.447,112117.01175149
2008-05-29,102.919,102.919,99.8992,100.018,132158.75151091
2008-05-30,100.733,101.409,98.6975,98.6975,89763.295736635
2008-06-02,98.8732,99.4855,96.8854,97.4345,42969.047271807
2008-06-03,97.4345,100.868,97.4345,99.8992,79200.910199709
2008-06-04,100.447,100.733,97.4894,99.6685,136561.31782974
2008-06-05,100.502,101.591,98.6975,99.2942,36290.983104184
2008-06-06,100.502,102.919,98.8732,100.264,38896.044488842
2008-06-09,98.6975,99.6036,95.8128,97.9827,92182.19145981
2008-06-10,95.0898,97.4894,93.3948,95.1438,105623.85536925
2008-06-11,95.0898,95.0898,90.3426,91.5992,170383.0901671
2008-06-12,91.1697,93.2292,90.5731,91.4801,150176.56863975
2008-06-13,91.4801,93.825,90.5731,92.6809,52254.688576272
2008-06-16,93.2292,93.7691,89.2531,89.2531,153514.97178552
2008-06-17,90.0322,91.1217,89.0714,90.2787,318665.29741366
2008-06-18,90.2787,90.8197,86.8453,88.3479,174868.67630794
2008-06-19,85.1509,92.0989,85.1509,92.0989,169159.17673046
2008-06-20,91.7813,93.4671,87.3771,87.3771,310728.09927885
2008-06-23,89.2531,90.0961,85.5808,86.0578,84763.238274532
2008-06-24,86.3515,87.266,83.8317,84.2616,80277.652133687
2008-06-25,84.5552,86.3515,83.6566,84.3163,100243.91932764
2008-06-26,85.3974,86.5349,84.0702,84.7303,49081.067198438
2008-06-27,83.2358,84.0702,80.9541,81.852,111791.22184389
2008-06-30,81.9796,82.9337,80.2225,82.0905,61261.081388512
2008-07-01,82.4487,82.4487,78.953,80.0476,41282.235433649
2008-07-02,79.4434,80.8905,77.7,78.2311,217993.70021505
2008-07-03,77.5211,80.9541,77.4529,79.6263,146370.2355881
2008-07-04,80.0476,81.1845,80.0476,80.0476,53580.489976286
2008-07-07,80.8905,82.9337,80.0476,81.852,62175.557306738
2008-07-08,81.1845,83.4822,77.7,81.9082,64400.740111884
2008-07-09,82.5121,83.5931,80.636,82.329,65590.690894061
2008-07-10,80.5807,83.0446,80.3422,80.3422,109340.87921844
2008-07-11,81.0729,82.1547,79.2049,80.0476,51023.227883089
2008-07-14,80.5245,81.6616,80.3422,80.8905,82271.385738073
2008-07-15,80.636,82.4487,77.1022,79.4434,58760.423719414
2008-07-16,79.5706,80.636,77.7525,78.8981,67241.024325578
2008-07-17,80.636,86.3044,80.636,86.3044,164907.55554256
2008-07-18,85.3419,89.6755,83.1723,85.5808,172297.57757775
2008-07-21,84.8489,89.6755,84.2616,89.6755,110684.29088373
2008-07-22,87.266,88.2276,86.3515,86.4154,157499.9232421
2008-07-23,88.4741,89.1429,87.266,89.1429,133607.82476785
2008-07-24,89.7857,89.7857,87.3223,87.3223,150737.58137637
2008-07-25,86.9555,90.2787,85.8197,90.2071,137631.77038325
2008-07-28,89.1901,92.0989,89.1901,91.1697,139258.20416904
2008-07-29,89.0714,91.4801,89.0714,90.5731,100939.52480601
2008-07-30,95.0898,101.704,95.0898,101.106,594774.13091339
2008-07-31,99.8992,101.591,95.0898,97.9196,106015.05483358
2008-08-01,98.8092,100.09,98.3964,100.018,161769.15469528
2008-08-04,100.502,102.188,99.2549,99.8992,245505.96607948
2008-08-05,100.932,104.597,100.629,101.178,366116.15719803
2008-08-06,104.534,104.534,99.4855,99.5404,73819.716282005
2008-08-07,99.2942,102.013,97.6176,99.2942,112096.88573403
2008-08-08,99.1917,99.1917,96.4644,96.5916,151272.17871509
2008-08-11,98.2207,101.043,98.0944,101.043,99474.099159889
2008-08-12,100.566,104.12,100.566,104.12,346586.37300769
2008-08-13,103.039,103.15,101.409,101.704,117948.5253098
2008-08-14,101.591,102.49,99.7234,101.409,79736.765414516
2008-08-18,100.566,103.755,98.6975,101.704,78749.332683006
2008-08-19,100.694,101.591,98.6426,99.2942,332480.55052216
2008-08-20,98.3964,99.9623,98.1575,99.771,52355.318663559
2008-08-21,100.502,100.502,98.2207,99.6036,30994.066884582
2008-08-22,99.6036,103.453,99.6036,101.289,117064.23841776
2008-08-25,101.775,102.673,100.502,102.013,18209.014294692
2008-08-26,100.797,102.307,99.6036,100.09,149882.22563443
2008-08-27,101.043,101.704,98.0944,98.9922,147262.06973668
2008-08-28,98.3964,102.919,96.6548,102.919,240025.39995057
2008-08-29,102.919,105.925,102.307,105.67,198731.84363211
2008-09-01,104.422,105.329,103.572,103.572,50574.166118568
2008-09-02,103.516,110.073,102.967,108.27,134063.17591282
2008-09-03,107.411,109.344,105.67,107.73,104367.23715425
2008-09-04,108.27,108.27,105.925,106.823,48421.940126704
2008-09-05,105.734,106.529,99.4223,102.307,214432.65300116
2008-09-08,104.597,108.079,103.634,106.997,104564.72370055
2008-09-09,106.044,106.879,104.12,104.12,42040.73471658
2008-09-10,104.12,106.044,98.2207,100.932,145023.05029453
2008-09-11,99.8992,100.868,98.2207,98.6975,99014.974386639
2008-09-12,99.8351,101.106,98.3964,98.6975,105432.65820341
2008-09-15,97.0199,97.9827,91.5992,94.6523,130982.63736572
2008-09-16,92.0989,97.1874,90.8761,91.2411,148694.79060443
2008-09-17,93.8881,95.0339,88.2276,90.2787,162883.63291199
2008-09-18,87.9811,93.825,87.4409,90.8761,216831.42270688
2008-09-19,94.1901,97.9827,91.7813,97.9827,232644.18304803
2008-09-22,97.4894,99.2549,94.6038,94.8417,143499.76234822
2008-09-23,94.5004,94.5004,90.2787,91.9012,165508.8203141
2008-09-24,93.2923,95.0898,90.8761,91.4801,40620.592609732
2008-09-25,90.8761,97.1874,90.8761,93.9998,118125.88583865
2008-09-26,94.5004,98.2765,93.8881,98.0944,182165.61551239
2008-09-29,97.4894,98.3964,90.8761,91.7813,119016.46211114
2008-09-30,87.1465,93.4671,87.1465,91.7813,159082.3313647
2008-10-01,92.7441,96.2896,92.1877,93.2923,80587.089652097
2008-10-02,94.4363,96.782,91.8371,93.825,191568.23929332
2008-10-03,93.5788,94.9626,90.9947,92.5601,115340.94817296
2008-10-06,90.8761,90.8761,85.5177,87.1465,95182.225937072
2008-10-07,88.109,89.6755,83.6566,84.8489,202677.80092988
2008-10-08,79.4434,86.6619,75.6441,81.852,377946.48183479
2008-10-09,82.4487,84.1977,78.8265,80.5245,341259.26776191
2008-10-10,74.7474,76.0099,67.3444,71.3163,397132.86585226
2008-10-13,75.2261,75.7117,71.6215,72.6462,162549.03787177
2008-10-14,78.1715,78.1715,75.2261,76.4217,404716.60080548
2008-10-15,76.6761,76.7357,69.2716,71.0165,145697.27187936
2008-10-16,65.0581,72.8283,65.0581,68.3048,238835.4491684
2008-10-17,72.1009,72.7623,58.5574,64.1549,318528.18891973
2008-10-20,66.2005,66.2005,62.1095,63.9133,243714.75052576
2008-10-21,66.2005,69.8137,64.0333,66.8046,416473.96862894
2008-10-22,65.9,68.3048,60.1832,60.7842,232366.1924319
2008-10-23,60.1832,63.1318,55.0062,57.776,333426.47334266
2008-10-24,54.1651,56.9324,54.1651,56.8435,316574.70735026
2008-10-27,55.5492,65.237,54.3448,60.1832,189924.19524226
2008-10-28,64.3958,65.1781,62.3504,65.1781,255931.24312248
2008-10-29,68.7317,69.0903,67.4056,68.4869,353805.32389449
2008-10-30,69.8137,71.0165,66.5018,68.3661,604523.92849547
2008-10-31,67.703,72.8283,65.0581,72.8283,152440.74560372
2008-11-03,73.4778,75.2261,69.8137,70.3551,279771.768677
2008-11-04,71.4411,73.7187,71.0165,73.6599,301726.73797098
2008-11-05,72.8283,73.9119,70.4744,72.4014,512515.32393623
2008-11-06,69.5696,71.5588,67.703,69.8137,200724.3193604
2008-11-07,69.6324,71.6215,68.6101,71.6215,141395.33564782
2008-11-10,72.6964,74.268,71.6215,72.2194,80939.294957603
2008-11-12,72.2194,72.2194,61.448,66.5018,320631.35774404
2008-11-13,61.0856,63.6723,59.8223,61.0856,461537.37959241
2008-11-14,63.7932,64.3958,61.7469,61.9878,234880.686738
2008-11-17,61.8686,62.5309,59.5806,59.5806,221401.28654582
2008-11-18,59.5806,59.5806,55.9698,58.0168,327571.06013861
2008-11-19,58.9795,59.5806,56.9928,59.5806,299699.04171213
2008-11-20,56.0309,57.2036,54.2255,55.9093,528086.57206789
2008-11-21,56.8729,57.6854,55.6692,56.5715,479561.48610172
2008-11-24,57.7156,62.5309,57.1129,61.9878,396156.75400557
2008-11-25,62.8917,62.8917,59.8223,62.7709,366707.35896085
2008-11-26,62.1691,64.0946,60.7842,63.1318,140994.07317476
2008-11-27,64.6972,66.2005,63.5539,64.9977,267828.23519205
2008-11-28,65.2981,65.2981,63.1922,63.7932,114306.97402608
2008-12-01,63.7932,63.7932,60.7253,61.3868,181398.31109682
2008-12-02,59.8223,62.8304,57.5351,61.3868,307759.51170386
2008-12-03,62.049,62.1691,59.8819,60.1522,177581.91503644
2008-12-04,61.2063,61.6881,59.04,61.3272,341558.64227159
2008-12-05,60.9654,61.5672,59.1894,59.5202,210250.21499826
2008-12-08,62.5888,63.1318,61.0856,61.9878,431752.13163138
2008-12-09,62.4704,62.65,61.0251,61.3272,591409.31236971
2008-12-10,62.1691,62.5888,60.5434,62.5888,375433.24540478
2008-12-11,61.9878,64.275,61.3868,64.275,90992.240677634
2008-12-12,61.9281,64.275,61.8082,63.5539,245002.81564305
2008-12-15,63.7932,65.8404,63.6136,64.9381,152020.61498929
2008-12-16,65.9,67.2253,65.0581,66.8046,217291.80535622
2008-12-17,67.3444,67.8246,65.0581,65.6002,261126.2713787
2008-12-18,66.0209,66.2005,62.65,64.4555,198887.8202674
2008-12-19,63.7344,65.2981,63.5539,64.3958,289480.05634807
2008-12-22,64.9977,65.2981,63.0109,64.3354,139602.862218
2008-12-23,63.9754,65.9,63.9133,65.6002,133826.6952077
2008-12-29,65.8404,67.044,64.8768,65.419,74381.986894724
2008-12-30,66.2005,66.9844,65.6002,66.683,97426.276883585
2008-12-31,66.683,67.2253,65.9604,66.683,71905.228871358
2009-01-05,69.2151,70.2939,68.3048,70.0499,69261.173327877
2009-01-06,70.418,71.0165,69.5696,70.418,233118.40233438
2009-01-07,70.418,70.418,68.0679,68.7317,157282.31067834
2009-01-08,68.0083,68.5488,67.1035,67.4056,88008.558589557
2009-01-09,67.5885,68.4869,65.237,67.284,277261.04799918
2009-01-12,65.6002,66.8046,65.0581,65.8404,142790.32023284
2009-01-13,64.9381,64.9977,63.3727,63.7932,110646.55460099
2009-01-14,64.3958,64.6972,60.4233,61.2063,94272.781523211
2009-01-15,60.1832,61.6881,58.7697,59.5806,260605.51067699
2009-01-16,60.5434,61.7469,58.377,58.9795,120397.61005916
2009-01-19,60.0632,60.0632,54.8861,55.9698,96094.186103116
2009-01-20,56.271,56.5715,54.1651,56.1503,176412.09027172
2009-01-21,54.1349,55.9698,52.1785,55.8791,152750.18312213
2009-01-22,57.1439,57.1439,48.7481,51.7579,276779.28145628
2009-01-23,49.7712,50.7943,47.6954,50.2521,215650.27705733
2009-01-26,49.0494,53.8033,48.8092,53.8033,135958.7951821
2009-01-27,53.8033,54.7653,50.885,50.885,107435.19694043
2009-01-28,52.3001,53.5624,51.2157,52.5989,80057.523817745
2009-01-29,53.5029,53.5624,50.6742,52.5989,70915.280387667
2009-01-30,52.0591,53.6516,51.2753,52.9614,75910.306345404
2009-02-02,52.3597,52.3597,49.109,49.9524,134926.07891132
2009-02-03,50.4636,50.7332,45.4394,47.1836,214504.35193835
2009-02-04,47.8457,48.0858,45.1372,47.0023,193722.98103737
2009-02-05,46.852,48.1454,44.6554,46.34,447061.7415361
2009-02-06,47.8457,50.5543,47.0023,50.5543,272013.18894713
2009-02-09,51.005,55.9698,49.0494,54.1651,142677.11138464
2009-02-10,52.9614,55.6692,52.6594,55.3083,84572.041108685
2009-02-11,53.0211,54.7653,51.8175,52.9614,119832.82369426
2009-02-12,53.262,53.262,48.7194,49.9524,236136.04707691
2009-02-13,49.9524,51.1561,47.6048,47.7551,147450.75115035
2009-02-16,46.9418,47.7257,43.9932,44.1746,288934.13812454
2009-02-17,42.4588,43.3318,39.7807,40.2018,411301.58214235
2009-02-18,40.4435,42.0678,36.7119,42.0678,783913.4114748
2009-02-19,42.3388,44.6856,41.225,43.9336,404948.05000623
2009-02-20,41.5271,43.9336,39.9316,41.826,180112.76173172
2009-02-23,43.7523,43.8732,40.1725,40.6528,149038.19077731
2009-02-24,39.1191,40.2934,37.9744,39.6907,135400.29819765
2009-02-25,40.7139,41.3148,37.9139,38.8186,375055.88257745
2009-02-26,38.5173,41.9469,37.9744,41.826,98583.522887393
2009-02-27,40.9253,43.3318,40.0206,42.4287,131888.30815132
2009-03-02,39.7217,42.0081,38.9689,41.6456,110290.57566722
2009-03-03,40.5636,43.0011,40.5636,41.5271,109597.48594102
2009-03-04,41.826,43.3016,41.5271,42.1282,256821.81939497
2009-03-05,42.1282,42.4883,41.4961,42.1282,137982.71781267
2009-03-06,41.225,44.6554,41.225,44.2341,297602.16226827
2009-03-09,44.4153,44.4757,42.4287,42.7299,296410.95361001
2009-03-10,42.7595,43.3318,42.3992,42.699,227496.95408328
2009-03-11,43.4517,43.4517,41.4961,42.1282,326690.54687484
2009-03-12,41.8874,42.3992,41.0455,41.5271,382822.00956387
2009-03-13,43.0305,43.1219,40.6528,41.5271,319575.99970361
2009-03-16,41.3148,43.2722,41.1654,43.2722,215114.42184253
2009-03-17,43.4517,43.7523,41.6162,41.6766,190364.45187414
2009-03-18,42.5494,42.579,40.7743,41.5271,81506.597074687
2009-03-19,41.586,44.9567,41.586,44.1746,705830.75312008
2009-03-20,44.2643,46.2812,43.2411,46.2812,204374.67577676
2009-03-23,46.34,48.1454,46.34,47.8457,249165.12762848
2009-03-24,49.3498,49.6504,47.364,47.364,148765.23166554
2009-03-25,47.4244,49.1685,46.6429,49.0494,178820.92298616
2009-03-26,49.2903,49.2903,46.9418,46.9418,163233.32246531
2009-03-27,47.7257,47.7257,45.3176,45.619,80046.202932926
2009-03-30,45.1062,45.1062,41.105,42.0678,151850.801717
2009-03-31,42.7299,43.8128,41.0144,41.0144,270747.76559948
2009-04-01,41.826,42.0081,39.3297,41.2854,524768.29493959
2009-04-02,43.3016,46.0992,42.85,46.0992,453842.95154319
2009-04-03,45.1372,49.1392,45.0769,48.1454,568083.25813644
2009-04-06,48.7481,49.6504,46.821,48.4467,359300.98453649
2009-04-07,47.9062,49.5907,47.6048,48.7481,410373.26958713
2009-04-08,47.7861,54.1651,47.7551,51.7579,478819.33920797
2009-04-09,52.3597,52.6594,50.2832,50.7332,438095.60075878
2009-04-14,50.7332,50.7332,48.8092,48.8379,454720.94905477
2009-04-15,48.989,49.2903,46.6429,48.0254,329015.10189119
2009-04-16,48.7481,49.0494,46.9418,46.9418,360906.03442872
2009-04-17,47.5452,47.996,45.4394,45.4394,376639.54857615
2009-04-20,45.5283,46.1302,45.0769,45.619,303340.59299585
2009-04-21,46.34,46.34,45.0769,45.9791,188993.36693485
2009-04-22,45.9187,49.6504,45.4394,49.0494,711981.76720554
2009-04-23,49.3498,49.6504,48.5669,49.2903,160621.9717002
2009-04-24,48.7783,49.9215,48.7481,49.8317,186228.55528662
2009-04-27,49.2585,49.8014,48.0858,49.0494,217028.90925318
2009-04-28,47.965,48.0858,46.9418,47.876,126674.41175373
2009-04-29,48.1454,51.3962,48.1454,50.2521,439124.54340129
2009-04-30,51.4557,53.4425,50.6131,53.4425,328982.39711282
2009-05-04,54.8265,56.9928,54.2852,56.9928,255400.41941204
2009-05-05,56.2401,58.0765,54.4959,56.5715,229625.2804294
2009-05-06,54.8567,58.9184,54.8567,57.4754,303657.5777708
2009-05-07,58.2569,59.4605,55.4284,56.8729,360094.70434997
2009-05-08,56.9324,56.9324,54.2255,55.0666,362943.79369629
2009-05-11,55.9698,56.5715,54.2255,56.4221,164413.21023876
2009-05-12,56.8729,58.6775,56.7226,58.0765,308350.71346668
2009-05-13,58.7984,58.9184,55.0666,55.1278,217606.27437899
2009-05-14,54.255,56.8729,54.1651,56.663,301117.92594288
2009-05-15,56.632,57.1129,55.1875,55.3083,97526.906970873
2009-05-18,55.4284,56.5112,55.3687,55.9698,97974.710859303
2009-05-19,57.1129,57.4754,55.5182,56.5715,233489.47578125
2009-05-20,56.7528,59.1004,55.9093,59.1004,405891.45707455
2009-05-21,57.2934,58.377,55.5786,55.8187,176764.29557722
2009-05-22,55.9698,56.5715,55.488,56.4221,103713.14158688
2009-05-25,56.5422,56.5422,54.2255,54.5252,84871.415618367
2009-05-26,54.557,54.7653,52.6903,53.0513,101569.72072765
2009-05-27,54.6461,55.2774,53.2915,53.8932,111686.81812833
2009-05-28,53.8638,53.8638,51.4557,51.8175,131827.93009894
2009-05-29,52.9614,53.1419,49.1685,49.7124,231374.98607212
2009-06-01,51.2157,55.0976,51.1251,55.0976,180867.48738638
2009-06-02,54.7653,57.0533,53.6826,55.9698,204841.34780655
2009-06-03,56.5112,56.5715,54.7971,55.9698,149229.38794316
2009-06-04,55.6994,56.7226,55.6994,56.271,106881.73146035
2009-06-05,56.6026,56.9324,55.0976,55.6692,133938.6461798
2009-06-08,56.271,56.271,53.3217,55.0062,84724.244115708
2009-06-09,54.4959,56.12,54.4959,55.6692,301144.34134079
2009-06-10,56.7528,58.2569,56.1812,58.0765,343245.45410975
2009-06-12,58.0765,58.9795,56.6026,58.9795,176415.86389999
2009-06-15,58.377,58.6186,56.4523,56.4523,131280.75399932
2009-06-16,55.6692,57.1439,54.8567,55.3982,92831.255522816
2009-06-17,56.2401,56.2401,54.3758,55.4587,163591.81715127
2009-06-18,55.3687,55.9093,54.8567,55.6096,84789.653672445
2009-06-19,55.9093,55.9093,54.6754,55.6096,281224.61556221
2009-06-22,55.6096,55.9093,49.9524,49.9524,102373.50354986
2009-06-23,50.8253,51.9384,50.6742,51.9384,290800.82624372
2009-06-24,53.0211,54.0443,52.0591,53.262,100950.84569083
2009-06-25,54.2852,54.3154,52.75,52.75,95748.270178065
2009-06-26,53.0211,54.0443,53.0211,53.6228,77439.883672176
2009-06-29,52.9003,54.6461,51.9384,54.6461,121237.87128801
2009-06-30,54.7653,55.2471,53.6516,54.1651,137825.48330129
2009-07-01,54.1651,55.0062,54.1651,54.5252,41653.308880522
2009-07-02,55.0666,55.0666,51.7579,52.1785,76394.588640476
2009-07-03,51.7579,53.5029,51.7579,52.9614,57339.023736477
2009-07-06,53.4425,53.4425,52.0879,52.1189,73959.340528117
2009-07-07,52.9614,52.9614,51.2157,51.2451,78670.086489268
2009-07-08,51.1561,51.2451,49.8014,51.2451,113917.03243784
2009-07-09,51.5766,52.8105,51.3357,51.3357,176750.45894023
2009-07-10,51.4859,53.5322,51.4859,52.8105,136810.37729578
2009-07-13,52.8105,55.9698,51.998,55.9698,255982.81604221
2009-07-14,55.9403,60.1522,55.6692,60.1522,609944.116572
2009-07-15,60.8446,61.3868,58.9795,61.3272,422217.43086087
2009-07-16,61.3868,62.5888,59.4311,62.5888,241660.638869
2009-07-17,62.5888,62.5888,61.3868,62.2891,217201.23827765
2009-07-20,61.3868,67.1035,61.3868,65.6002,220821.40566783
2009-07-21,66.2005,70.418,63.6136,70.418,466602.84661126
2009-07-22,68.6101,70.418,67.044,67.044,483548.95331049
2009-07-23,68.6101,68.7317,66.8046,67.9471,250196.58602317
2009-07-24,68.6101,70.2939,66.2005,70.1126,242084.5431117
2009-07-27,70.4744,72.4014,66.8627,68.5488,201607.34837635
2009-07-28,68.9066,69.987,66.5638,66.5638,126651.76998408
2009-07-29,66.8046,69.2151,66.8046,68.6101,225859.19941266
2009-07-30,69.2151,74.6202,68.7317,74.6202,268156.54085183
2009-07-31,75.2261,78.1715,74.6791,77.6332,478687.26221841
2009-08-03,78.2311,79.4434,77.2143,77.6332,282395.69820302
2009-08-04,77.6332,79.1413,74.6791,74.6791,205578.46319594
2009-08-05,75.8239,78.1189,71.6215,71.9204,277944.07471664
2009-08-06,72.8283,74.0232,69.8757,73.5446,241578.87692308
2009-08-07,73.3681,74.6202,71.6215,74.6202,183404.62346212
2009-08-10,75.5241,76.1299,74.6202,74.6202,302128.00044404
2009-08-11,75.8239,76.0783,72.8283,72.8283,346948.64132193
2009-08-12,72.8283,72.8283,69.3327,71.4411,356543.7201448
2009-08-13,72.9372,74.5081,72.4014,72.8283,582039.39336714
2009-08-14,73.7187,76.1299,73.1209,74.0232,243353.74008761
2009-08-17,73.1209,73.419,70.7113,72.0389,219719.50621204
2009-08-18,72.2194,73.062,71.135,73.062,136007.85234966
2009-08-19,72.8283,74.3268,71.6843,74.0232,195949.4217186
2009-08-20,75.2261,76.4884,74.4477,76.3096,231091.96395162
2009-08-21,75.7117,79.7455,75.5241,78.8265,447871.81373876
2009-08-24,80.636,82.9973,80.0476,82.9973,339054.21097422
2009-08-25,82.4487,87.8069,80.636,87.266,347668.14644604
2009-08-26,88.1721,88.1721,84.4997,84.6184,277137.77614225
2009-08-27,84.2616,87.266,83.9987,84.1256,235481.95150954
2009-08-28,84.9128,87.266,83.4181,83.4181,199557.01034787
2009-08-31,83.108,84.2616,81.2479,81.2479,120549.81306619
2009-09-01,82.8695,83.6566,78.6691,79.9761,211231.35834932
2009-09-02,78.6055,79.6263,74.6202,75.2928,317430.0630922
2009-09-03,75.3524,79.9284,75.3524,78.2987,189394.62940791
2009-09-04,80.0476,81.7804,78.2311,79.3719,198193.47266512
2009-09-07,82.3932,83.9593,81.7804,83.9593,73761.853981814
2009-09-08,84.3878,84.5552,82.5676,83.7128,147225.59133004
2009-09-09,83.3626,87.266,83.0446,87.266,208069.05785631
2009-09-10,89.0714,89.8976,85.7558,87.1465,309916.76920009
2009-09-11,87.266,88.888,85.7558,86.7898,227606.38930319
2009-09-14,84.6823,86.9555,82.3932,82.9337,168468.60275645
2009-09-15,83.6566,84.2616,78.953,81.1291,207603.6437026
2009-09-16,82.814,84.4997,81.6062,84.4997,278976.79098743
2009-09-17,86.7898,89.0151,86.1209,87.8069,262750.1894123
2009-09-18,87.8069,88.4194,86.3044,88.1721,293073.80834033
2009-09-21,89.3735,89.4921,84.9128,85.7558,243782.67583468
2009-09-22,86.6619,90.8761,86.1209,90.8761,192088.99999503
2009-09-23,91.4801,94.9626,90.8761,93.5788,266975.39520229
2009-09-24,93.2923,94.7237,91.4801,94.5004,217744.64074901
2009-09-25,93.8881,95.0339,93.2923,93.5788,90902.931475167
2009-09-28,93.2923,95.5666,93.2923,95.0898,86666.404800358
2009-09-29,94.5004,95.6297,89.7857,89.7857,349536.09244131
2009-09-30,90.8761,93.1642,90.2787,90.2787,142643.14873018
2009-10-01,90.9391,95.6929,90.4545,95.6929,157916.28022825
2009-10-02,92.0989,92.1877,90.3426,90.9391,192907.87733034
2009-10-05,90.8761,92.5052,87.8709,90.2787,109724.53142622
2009-10-06,92.0989,93.5788,90.9391,93.2923,142854.47191348
2009-10-07,93.641,95.0339,90.2787,90.399,73736.696459993
2009-10-08,92.314,93.8881,91.2883,93.2923,90928.088996989
2009-10-09,92.1318,93.8881,92.0989,92.5601,77266.296771606
2009-10-12,93.2923,94.7877,92.6809,94.2459,98135.718998964
2009-10-13,93.2923,94.5004,91.4801,94.2459,95589.777790587
2009-10-14,94.3649,96.782,92.6809,96.2896,323525.73062965
2009-10-15,96.8854,98.0303,95.6929,96.2896,132326.04903102
2009-10-16,96.8854,97.4894,95.2719,96.2896,150083.48580901
2009-10-19,97.3714,98.0944,95.2719,97.3155,147455.78265471
2009-10-20,97.4894,98.3323,96.5367,97.9827,94510.520104428
2009-10-21,97.4894,97.9827,96.2896,97.9827,79277.640641266
2009-10-22,97.6807,98.0944,95.756,98.0944,158509.99774325
2009-10-23,99.8992,105.074,99.8992,103.396,258835.67901682
2009-10-26,103.207,105.074,100.797,101.83,69517.78005046
2009-10-27,99.3665,101.647,98.6975,98.6975,102495.5175307
2009-10-28,97.5535,99.8992,95.454,96.4644,134240.53644167
2009-10-29,95.2078,97.4894,93.2292,95.8677,216691.79846076
2009-10-30,96.8854,97.4894,94.1901,94.1901,141100.9926425
2009-11-02,94.1901,96.2896,93.339,95.9876,111875.49954199
2009-11-03,96.0434,96.2411,90.8761,90.8761,140982.75228993
2009-11-04,92.0989,94.3649,92.0989,94.3649,100484.17366104
2009-11-05,93.2923,97.8638,92.378,97.7988,148726.23750672
2009-11-06,98.9922,100.145,95.6929,96.2896,255717.40418699
2009-11-09,98.6975,101.043,98.5794,101.043,246934.91331896
2009-11-10,100.797,102.188,98.6975,102.188,256046.96772286
2009-11-12,102.792,107.73,102.792,107.181,447134.69834937
2009-11-13,107.125,108.334,105.925,107.125,244580.16927644
2009-11-16,108.929,114.646,108.929,113.135,110431.45778942
2009-11-17,114.399,116.625,113.135,113.804,245030.48891704
2009-11-18,113.804,114.955,111.458,111.458,396898.90089932
2009-11-19,109.717,110.44,106.529,106.529,423914.30570777
2009-11-20,106.529,108.143,102.729,104.645,294887.66566369
2009-11-23,107.602,107.602,105.329,107.125,190924.20673468
2009-11-24,107.069,107.069,103.207,103.207,256394.141524
2009-11-25,105.862,107.069,103.818,103.818,139873.30557759
2009-11-26,103.818,105.145,101.473,102.013,251488.42476873
2009-11-27,99.2942,102.919,93.2923,99.8992,477581.58913433
2009-11-30,102.307,103.207,98.0944,98.0944,219597.49223119
2009-12-01,99.8992,103.516,99.8992,101.52,210872.86366335
2009-12-02,103.755,105.264,103.039,104.303,126377.55299623
2009-12-03,105.329,106.823,105.019,105.019,218927.04427464
2009-12-04,104.716,109.534,104.12,109.534,264605.55664666
2009-12-07,108.627,109.479,107.181,109.407,78973.234627221
2009-12-08,108.929,110.743,105.392,105.734,167122.67533898
2009-12-09,105.98,107.602,102.307,102.307,248079.58056186
2009-12-10,104.12,106.529,104.049,105.264,93900.450200246
2009-12-11,106.529,107.411,103.516,104.12,143545.0458875
2009-12-14,106.163,107.411,105.447,106.529,72818.446913493
2009-12-15,107.125,107.667,106.282,107.411,213818.80946871
2009-12-16,107.602,108.929,106.529,107.411,143874.60942336
2009-12-17,107.181,108.143,106.585,107.181,201934.39616004
2009-12-18,107.125,108.866,106.529,107.125,541050.24306271
2009-12-21,107.244,109.344,107.244,108.866,97433.824140132
2009-12-22,109.057,110.606,109.057,110.202,158359.05261233
2009-12-23,110.202,111.401,108.627,111.228,177293.86141157
2009-12-28,111.942,113.516,111.584,113.516,107693.0615391
2009-12-29,113.445,119.153,112.722,119.153,270350.2767547
2009-12-30,117.42,118.502,114.892,115.545,353997.77893643
2009-12-31,116.76,116.76,113.929,114.352,65986.921862756
2010-01-04,113.135,115.488,112.61,113.445,146204.19594407
2010-01-05,114.352,117.358,113.516,113.754,145146.32215146
2010-01-06,113.754,114.829,111.401,112.778,145258.27312357
2010-01-07,112.125,113.262,110.797,110.797,94897.945940484
2010-01-08,113.691,114.281,110.743,110.743,122856.75781725
2010-01-11,112.547,114.892,111.401,114.892,125736.03618977
2010-01-12,114.105,114.352,110.678,110.853,164595.60227197
2010-01-13,111.099,114.05,110.797,114.05,199765.81777899
2010-01-14,114.646,115.488,113.804,114.701,133772.60653578
2010-01-15,114.955,115.131,112.062,113.135,86500.365156335
2010-01-18,113.135,114.892,112.61,114.352,92871.507557731
2010-01-19,114.281,116.093,112.237,116.093,67364.296182505
2010-01-20,115.545,116.466,114.05,115.488,123967.46240569
2010-01-21,114.955,114.955,113.135,113.754,77624.791457568
2010-01-22,111.53,112.547,110.321,110.743,164638.37005907
2010-01-25,110.606,112.547,109.295,110.44,132580.14000142
2010-01-26,109.534,109.534,104.716,108.334,170093.77866614
2010-01-27,108.334,108.929,106.585,108.334,94011.143296262
2010-01-28,108.993,110.98,108.079,108.27,77643.659598934
2010-01-29,108.215,108.763,106.282,107.418,97104.260604266
2010-02-01,106.997,107.913,106.163,106.282,47294.883149083
2010-02-02,107.125,108.811,106.648,108.453,96042.613183381
2010-02-03,110.073,111.53,110.073,111.036,86945.653292582
2010-02-04,110.909,110.909,105.329,105.329,134258.14670694
2010-02-05,103.207,105.193,100.629,101.178,278842.19824568
2010-02-08,101.289,103.396,99.6685,101.178,179797.03483285
2010-02-09,102.434,104.597,101.409,102.307,263314.9757772
2010-02-10,102.967,105.329,102.919,103.572,215089.26432072
2010-02-11,105.496,105.567,101.106,102.307,148668.37520652
2010-02-12,103.516,105.329,103.516,104.843,342801.42384959
2010-02-15,105.329,105.862,104.772,105.67,214142.08362412
2010-02-16,106.879,107.308,102.371,104.238,137556.29781779
2010-02-17,107.125,107.244,105.392,106.942,131102.13559439
2010-02-18,106.704,106.704,102.919,103.039,126854.28803476
2010-02-19,101.345,104.049,101.345,102.013,81871.381141105
2010-02-22,103.094,104.534,102.553,103.516,52688.655827699
2010-02-23,104.12,104.899,102.371,103.818,126051.76308864
2010-02-24,103.039,106.458,102.307,105.329,121130.95182027
2010-02-25,105.329,105.623,100.502,101.178,154122.52593751
2010-02-26,101.591,105.329,101.345,105.329,186678.87492724
2010-03-01,106.823,106.823,104.238,104.962,95694.181506148
2010-03-02,105.329,108.627,105.329,108.334,298399.65571003
2010-03-03,108.929,110.543,107.244,109.534,70781.945522011
2010-03-04,108.27,109.479,107.856,108.334,64578.100640729
2010-03-05,108.381,109.232,108.381,109.177,81439.929641858
2010-03-08,109.534,110.019,109.232,109.82,122961.16153282
2010-03-09,110.138,110.44,108.627,110.44,79441.164533109
2010-03-10,110.44,111.942,109.113,111.942,58320.167087531
2010-03-11,111.942,113.079,111.33,111.942,69047.334392391
2010-03-12,112.722,113.627,111.099,113.381,101372.23418135
2010-03-15,113.135,113.135,110.853,111.401,95462.732305387
2010-03-16,111.401,113.135,111.401,113.135,94840.083640295
2010-03-17,114.352,114.892,111.036,113.135,134372.61343124
2010-03-18,112.547,113.985,110.98,111.33,93424.973037813
2010-03-19,111.33,115.25,109.534,110.202,557583.76640407
2010-03-22,110.98,114.05,109.057,114.05,108518.22825486
2010-03-23,114.105,114.955,112.666,114.646,151893.56950409
2010-03-24,114.955,115.25,113.565,114.955,101193.61577642
2010-03-25,114.955,117.358,114.646,117.358,198890.33601958
2010-03-26,117.358,119.757,116.808,119.757,158138.92429638
2010-03-29,119.829,122.706,117.055,117.055,150330.02952286
2010-03-30,117.962,119.702,117.785,119.153,47361.550581912
2010-03-31,117.42,124.28,117.42,123.907,542737.05490088
2010-04-01,125.004,130.592,124.583,130.529,530793.52141593
2010-04-06,132.405,133.001,129.457,130.29,399195.78264165
2010-04-07,130.29,131.794,127.708,129.814,272679.8632754
2010-04-08,128.193,128.193,127,127.58,312006.1013874
2010-04-09,128.311,130.592,128.311,130.418,208731.95855631
2010-04-12,130.592,132.342,128.797,129.401,160570.39878046
2010-04-13,129.091,131.746,129.091,131.484,388247.22914477
2010-04-14,131.865,133.559,130.656,132.946,235700.82194939
2010-04-15,133.614,133.614,131.794,132.342,104319.43786279
2010-04-16,131.746,134.687,130.656,132.405,92857.670920729
2010-04-19,130.592,131.206,128.257,128.908,113706.96713063
2010-04-20,130.362,130.656,128.797,129.989,121742.27960054
2010-04-21,132.405,132.405,129.401,129.401,160208.13046623
2010-04-22,129.401,129.941,125.481,126.929,155566.56769009
2010-04-23,128.193,129.401,126.683,129.401,580595.35161456
2010-04-26,130.728,132.581,128.843,130.529,115749.75790257
2010-04-27,130.529,131.15,129.401,129.885,65736.604520628
2010-04-28,129.814,129.814,127.58,128.797,158387.98376242
2010-04-29,128.193,129.885,127.763,128.797,135058.15590088
2010-04-30,131.206,132.113,128.797,131.206,111969.84024883
2010-05-04,132.405,133.559,127,129.401,289370.62112814
2010-05-05,126.944,131.228,122.953,123.922,365230.61242991
2010-05-06,122.659,125.712,120.553,121.474,187808.44765703
2010-05-07,117.873,120.807,116.506,116.506,233567.4640989
2010-05-10,122.039,124.178,121.411,123.255,330542.16346578
2010-05-11,123.812,123.812,120.194,121.53,387489.98773793
2010-05-12,122.659,124.495,120.807,121.117,127136.05227916
2010-05-13,124.178,124.495,118.669,118.669,159707.49578197
2010-05-14,119.518,119.518,116.395,116.466,160052.15383093
2010-05-17,115.902,119.582,114.67,117.802,138923.60912881
2010-05-18,119.837,122.039,118.358,119.892,232611.47826966
2010-05-19,118.97,119.892,114.67,114.67,317484.15176412
2010-05-20,115.353,117.747,112.284,112.284,126782.58909757
2010-05-21,111.855,116.506,111.179,113.127,130953.70621563
2010-05-24,115.297,116.506,114.725,116.506,67696.375470554
2010-05-25,115.234,115.297,111.728,112.841,95358.328589825
2010-05-26,114.304,119.28,114.304,118.358,148640.70193252
2010-05-27,118.795,123.876,118.414,123.192,117798.83805496
2010-05-28,124.05,125.41,122.706,125.346,122664.30277532
2010-05-31,125.712,127.859,123.876,126.324,79392.107365556
2010-06-01,126.022,126.324,122.834,125.776,179561.81200382
2010-06-02,123.638,126.944,123.638,125.099,143433.09491538
2010-06-04,126.388,127.127,120.378,124.36,75010.924940271
2010-06-07,121.729,124.36,120.553,122.953,98616.227665762
2010-06-08,122.659,123.255,118.669,119.766,169945.3492874
2010-06-09,122.223,122.834,119.766,120.489,130254.32710899
2010-06-10,120.194,122.039,117.977,121.411,282371.79855729
2010-06-11,121.967,122.461,116.951,119.336,178888.84829509
2010-06-14,120.553,123.136,119.336,122.659,165015.7328864
2010-06-15,120.489,123.764,120.314,122.039,50969.139211172
2010-06-16,124.495,124.495,121.181,123.192,59088.729379191
2010-06-17,122.659,123.51,120.194,120.194,108535.83852014
2010-06-18,120.194,121.729,117.372,119.582,296330.44954017
2010-06-21,121.729,122.953,120.378,122.039,48438.292515888
2010-06-22,122.532,123.764,120.87,121.117,172469.90660223
2010-06-23,120.807,122.27,119.28,120.139,63624.63056368
2010-06-24,120.194,121.411,116.816,118.04,56398.132420338
2010-06-25,117.747,120.489,117.747,118.97,50089.883823497
2010-06-28,120.433,121.729,119.711,121.299,64629.673560464
2010-06-29,120.489,120.489,115.297,115.297,129362.49296039
2010-06-30,115.909,118.851,115.297,118.851,87228.675413078
2010-07-01,115.902,118.723,115.297,117.555,51492.415665068
2010-07-02,117.133,118.47,115.169,115.169,94135.673029282
2010-07-05,116.029,116.816,114.494,114.494,129612.81030253
2010-07-06,115.169,118.598,115.169,118.168,96030.03442247
2010-07-07,118.907,118.907,116.577,118.168,47767.844559335
2010-07-08,118.669,119.582,116.697,117.444,58798.160002147
2010-07-09,118.669,120.433,116.506,120.433,39503.59864084
2010-07-12,118.669,120.194,117.133,117.133,100793.61117945
2010-07-13,117.682,118.104,116.275,117.133,305345.64748505
2010-07-14,117.444,118.97,117.444,117.977,206611.17946672
2010-07-15,117.977,119.518,117.492,119.518,69991.999336802
2010-07-16,118.859,119.892,117.977,118.97,72659.954526015
2010-07-19,118.859,120.489,116.625,120.489,73683.865664166
2010-07-20,119.892,119.892,117.747,117.747,106982.36154764
2010-07-21,118.97,120.139,117.802,118.47,83848.762356306
2010-07-22,118.47,120.139,118.104,119.582,123728.46594838
2010-07-23,119.949,119.949,118.669,119.209,245778.92519124
2010-07-26,120.076,120.076,118.296,119.28,101415.00196845
2010-07-27,118.97,119.766,117.133,117.618,515141.76921443
2010-07-28,117.802,118.358,114.065,114.55,388600.69232637
2010-07-29,114.304,116.466,113.452,113.754,242958.76699501
2010-07-30,113.875,114.431,112.841,113.127,169125.21407601
2010-08-02,114.796,116.157,114.725,115.353,402331.66773676
2010-08-03,116.157,116.157,114.185,114.988,94602.345059077
2010-08-04,115.051,115.52,113.452,114.376,144270.84039206
2010-08-05,114.988,115.297,113.127,113.127,101373.49205744
2010-08-06,113.452,114.065,112.96,113.811,46497.389707329
2010-08-09,114.185,114.376,113.206,113.206,36059.533903423
2010-08-10,113.206,113.452,108.103,111.609,200868.97511088
2010-08-11,111.489,111.489,109.771,109.771,93880.324182789
2010-08-12,109.771,114.55,109.771,114.065,186097.73617315
2010-08-13,114.121,115.647,111.433,111.433,110962.28149986
2010-08-16,112.03,113.326,111.124,113.127,116106.99471244
2010-08-17,113.127,114.065,111.783,113.072,106637.70349868
2010-08-18,112.77,114.065,112.03,112.96,102886.71699503
2010-08-19,113.875,113.993,111.982,112.841,172398.20766503
2010-08-20,111.681,113.452,110.743,111.609,78632.350206535
2010-08-23,112.658,115.234,110.392,115.051,272808.16663669
2010-08-24,112.904,115.107,112.904,114.304,333722.07422406
2010-08-25,112.904,114.852,111.609,112.531,81081.434955896
2010-08-26,114.248,114.494,112.102,112.102,89223.666893555
2010-08-27,112.102,115.107,112.102,115.107,72644.860012923
2010-08-30,115.297,115.297,112.904,113.452,53467.281128087
2010-08-31,112.212,115.297,110.456,115.234,167126.44896725
2010-09-01,113.452,114.67,113.127,114.065,160981.72426226
2010-09-02,114.065,115.169,113.754,114.67,250765.14601634
2010-09-03,114.924,116.466,113.691,116.466,86597.221615348
2010-09-06,116.506,119.447,116.506,119.018,97664.015464803
2010-09-07,119.28,119.582,118.358,118.907,65957.990712661
2010-09-08,118.358,119.28,117.802,119.28,109744.65744368
2010-09-09,119.582,121.061,118.47,120.751,198407.31160061
2010-09-10,120.807,121.061,118.358,119.582,124436.65018767
2010-09-13,128.78,133.009,128.78,131.228,1214996.3530257
2010-09-14,131.53,132.159,131.3,132.095,739744.35041209
2010-09-15,131.969,132.397,131.3,131.969,791217.89793579
2010-09-16,131.849,132.04,130.927,131.849,840775.70017276
2010-09-17,131.849,131.969,131.53,131.602,1214222.7592297
2010-09-20,131.53,131.778,130.68,131.602,440358.51984665
2010-09-21,131.53,131.849,131.476,131.849,347198.95866406
2010-09-22,131.849,131.913,131.602,131.602,833004.54168197
2010-09-23,131.602,134.29,131.3,134.29,354975.14865921
2010-09-24,133.257,133.694,132.699,133.566,202671.51154942
2010-09-27,133.257,133.312,132.04,133.074,184117.83920577
2010-09-28,132.095,132.955,131.849,132.827,326623.87944202
2010-09-29,131.913,132.891,131.849,132.891,190600.93257927
2010-09-30,132.095,132.644,131.969,131.969,202710.50570825
2010-10-01,131.969,132.764,131.969,132.453,101220.03117433
2010-10-04,131.849,132.955,131.849,132.453,136748.74136731
2010-10-05,131.913,132.397,131.849,131.969,474626.83819635
2010-10-06,131.969,133.009,131.969,132.453,105347.12262921
2010-10-07,132.453,132.699,131.849,131.849,324040.20195091
2010-10-08,132.397,132.397,131.723,131.849,283458.6035
2010-10-11,131.913,132.453,130.315,130.554,172591.92058306
2010-10-12,130.554,131.118,130.132,130.99,143634.35508996
2010-10-13,131.778,131.778,130.434,130.617,184525.39105929
2010-10-14,130.863,131.602,130.132,130.195,210446.44366848
2010-10-15,130.195,130.489,130.006,130.006,205296.69895153
2010-10-18,130.006,130.371,126.944,129.337,149709.89660995
2010-10-19,129.401,129.822,127.859,129.218,112055.37582302
2010-10-20,129.091,129.639,128.78,129.218,100470.33702404
2010-10-21,129.146,129.218,128.288,129.091,69885.079869059
2010-10-22,128.415,129.949,128.415,128.78,119792.57165935
2010-10-25,128.829,129.639,128.598,129.265,157179.16483887
2010-10-26,129.401,129.401,128.232,129.401,79199.652323618
2010-10-27,129.401,129.822,128.78,129.401,337891.93346604
2010-10-28,130.006,130.554,129.401,129.401,92881.570566459
2010-10-29,129.767,129.998,129.257,129.401,74803.375385241
2010-11-02,128.78,130.315,128.478,129.401,88095.352039843
2010-11-03,128.78,130.006,128.232,129.091,79792.111962524
2010-11-04,128.78,131.476,128.78,129.337,145626.83081826
2010-11-05,129.457,130.617,128.478,129.091,138494.67338175
2010-11-08,129.018,129.639,128.829,129.401,34806.689316692
2010-11-09,128.829,130.617,128.598,129.759,102521.93292861
2010-11-10,129.759,131.19,128.78,131.118,180418.42562186
2010-11-12,128.168,132.095,128.168,132.095,144707.32339567
2010-11-15,131.53,133.074,129.695,131.341,86848.796833567
2010-11-16,131.849,131.849,130.371,131.476,96548.279372002
2010-11-17,131.341,131.778,128.9,129.091,58918.916106893
2010-11-18,129.091,129.885,127.675,128.9,371319.9905869
2010-11-19,128.9,129.949,128.78,129.401,79232.357101987
2010-11-22,128.9,129.885,128.829,129.401,116129.63648208
2010-11-23,129.337,130.489,129.337,129.759,237323.48210691
2010-11-24,129.091,130.315,129.091,129.759,264586.68850531
2010-11-25,129.822,130.927,129.457,130.069,88206.045135859
2010-11-26,129.401,130.371,129.091,129.822,261131.30288306
2010-11-29,129.091,130.006,129.091,129.401,164557.86598924
2010-11-30,129.998,129.998,128.78,129.146,311972.13873295
2010-12-01,129.401,129.401,128.829,128.829,186398.36855892
2010-12-02,129.337,129.337,127.557,128.78,366760.18975668
2010-12-03,128.168,129.337,127.922,128.78,174136.59242292
2010-12-06,129.337,129.337,127.612,128.78,51491.157788976
2010-12-07,128.78,129.265,127.859,129.265,65673.710716073
2010-12-08,127.977,130.251,127.977,129.695,213793.65194688
2010-12-09,130.006,130.251,128.829,129.401,257150.12505475
2010-12-10,129.401,130.006,128.78,129.401,165903.79340671
2010-12-13,128.829,129.949,128.598,129.401,190067.59311664
2010-12-14,128.288,129.401,128.288,129.146,408685.19987288
2010-12-15,129.265,130.251,128.955,130.251,70127.849954641
2010-12-16,129.401,131.53,129.146,130.863,162264.75787517
2010-12-17,129.52,131.723,128.288,130.069,203257.68180787
2010-12-20,130.927,131.778,129.457,130.617,47078.528461415
2010-12-21,131.228,131.228,130.069,130.617,52362.865920105
2010-12-22,129.401,131.054,129.401,130.617,78153.099415828
2010-12-23,130.617,131.118,129.576,130.617,25266.957041827
2010-12-27,130.927,131.53,130.069,131.228,28351.269217191
2010-12-28,130.006,131.723,130.006,131.228,42844.517538789
2010-12-29,131.53,131.53,130.807,131.221,39097.304663417
2010-12-30,130.688,131.842,130.688,131.778,58808.223010877
2010-12-31,131.842,132.095,131.476,131.778,46355.249709036
2011-01-03,130.68,132.159,130.68,132.095,51482.352656338
2011-01-04,132.095,132.279,131.3,131.778,65848.555492735
2011-01-05,132.095,132.095,129.759,130.617,88167.050977036
2011-01-07,131.778,131.849,130.371,131.53,54047.162006082
2011-01-10,130.736,131.778,129.822,131.228,195515.45446718
2011-01-11,130.68,131.476,130.069,131.19,350817.86817814
2011-01-12,130.617,131.19,130.617,130.68,86587.15860662
2011-01-13,130.617,131.228,130.617,131.228,69842.312081962
2011-01-14,130.927,131.53,130.617,130.927,47453.375536561
2011-01-17,130.927,131.53,130.617,130.927,20679.482937603
2011-01-18,130.927,131.228,130.799,131.228,77083.904738397
2011-01-19,130.736,131.476,130.617,131.228,129391.4241105
2011-01-20,131.53,131.849,131.228,131.53,187036.1117371
2011-01-21,131.476,131.969,131.476,131.53,47609.352171857
2011-01-24,131.3,132.891,131.3,132.699,346609.01477734
2011-01-25,133.138,134.235,132.764,133.694,154099.88416788
2011-01-26,134.29,134.854,133.566,134.29,280030.89115177
2011-01-27,134.29,134.361,133.074,134.123,240317.22720371
2011-01-28,133.925,134.235,133.192,133.996,159337.6802112
2011-01-31,132.334,134.552,132.159,134.123,121148.56208555
2011-02-01,133.741,134.29,133.694,133.694,121947.31340339
2011-02-02,134.235,134.616,133.694,133.694,161414.43363759
2011-02-03,133.694,134.552,133.694,134.051,16742.330772475
2011-02-04,133.694,133.694,131.476,133.074,119522.12829976
2011-02-07,136.198,137.979,135.896,136.437,1161409.573669
2011-02-08,136.626,137.065,136.517,136.819,824595.64001301
2011-02-09,136.754,137.55,136.754,137.493,214656.55494537
2011-02-10,137.493,137.605,136.754,136.873,104353.40051725
2011-02-11,137.065,137.493,137.065,137.493,352648.07789068
2011-02-14,137.605,137.605,137.065,137.175,248670.78232468
2011-02-15,137.12,137.493,137.12,137.303,165165.42014124
2011-02-16,137.303,137.493,137.175,137.303,374575.37391066
2011-02-17,137.24,137.55,137.175,137.175,169136.53496082
2011-02-18,137.175,138.098,137.175,137.86,317291.69672219
2011-02-21,137.86,138.034,137.493,138.034,229382.51034382
2011-02-22,137.732,138.098,137.732,137.86,146548.85399303
2011-02-23,137.358,138.034,137.358,137.923,185234.83317466
2011-02-24,137.86,138.217,137.86,138.034,260288.52590203
2011-02-25,137.979,138.288,137.979,138.288,184682.62557067
2011-02-28,137.979,138.288,137.979,138.225,256423.07267409
2011-03-01,138.217,138.288,138.034,138.288,26874.522686246
2011-03-02,138.098,138.48,138.098,138.217,115298.18038586
2011-03-03,138.154,138.416,138.154,138.288,190783.32461248
2011-03-04,138.48,138.59,138.217,138.217,127310.89705582
2011-03-07,138.535,138.646,138.217,138.352,115417.67861452
2011-03-08,138.59,138.718,138.352,138.718,226064.23321551
2011-03-09,138.718,138.718,138.416,138.59,29883.362296146
2011-03-10,138.535,138.718,138.416,138.718,44273.464778273
2011-03-11,138.535,138.718,138.535,138.718,44426.925661386
2011-03-14,138.59,138.718,138.59,138.718,56137.752069481
2011-03-15,138.59,138.901,138.59,138.773,131537.3607219
2011-03-16,138.646,138.901,138.535,138.773,278798.17258249
2011-03-17,138.59,138.901,137.979,138.416,418857.64382156
2011-03-18,138.59,138.957,138.154,138.154,316587.28611117
2011-03-21,138.352,138.837,138.352,138.59,113685.58323708
2011-03-22,138.48,138.837,138.48,138.48,93939.444359071
2011-03-23,137.979,138.837,135.642,138.416,22679.505922444
2011-03-24,137.24,138.59,136.873,138.59,17544.855718593
2011-03-25,137.24,138.646,136.571,138.416,173398.21915745
2011-03-28,138.217,139.696,137.605,139.139,25577.652436327
2011-03-29,139.696,139.927,138.154,138.48,31152.559272061
2011-03-30,139.139,139.195,137.668,139.195,41649.535252249
2011-03-31,138.098,139.195,137.979,139.021,31451.933781741
2011-04-01,138.59,139.195,138.034,139.195,27427.988166328
2011-04-04,138.59,138.646,136.253,138.48,76985.790403291
2011-04-05,138.535,138.535,135.53,135.53,205748.27646823
2011-04-06,136.873,138.288,136.127,137.605,34168.946138506
2011-04-07,137.979,138.59,136.626,138.535,25142.427308808
2011-04-08,138.535,138.718,137.979,138.59,44282.26991091
2011-04-11,138.59,138.59,137.493,137.979,31392.81360546
2011-04-12,138.288,138.416,137.605,138.416,46258.393250021
2011-04-13,137.493,138.535,137.493,138.535,18005.238367934
2011-04-14,138.034,138.59,138.034,138.288,17885.74013928
2011-04-15,138.288,138.646,138.098,138.646,2689.3390827612
2011-04-18,138.59,138.773,138.59,138.646,529.56583435102
2011-04-19,138.773,138.901,138.773,138.901,3013.8711142638
2011-04-20,138.59,139.815,138.59,139.195,13288.203026328
2011-04-21,139.275,140.427,139.195,139.457,4618.9210065011
2011-04-26,139.696,140.188,139.584,140.188,1693.101218614
2011-04-27,140.737,141.039,140.427,140.427,516.98707344007
2011-04-28,141.039,142.892,140.984,142.272,35196.630904931
2011-04-29,142.272,144.609,142.272,144.107,26075.771368401
2011-05-02,144.107,144.609,144.107,144.291,2054.1116567582
2011-05-04,144.546,144.72,144.107,144.107,7772.4163668764
2011-05-05,144.371,146.151,143.798,146.016,8460.4745887054
2011-05-06,146.016,146.016,144.434,145.699,8971.17228169
2011-05-09,145.762,145.762,144.736,145.316,9530.9271422273
2011-05-10,143.48,145.379,142.272,145.379,19499.595164156
2011-05-11,143.162,145.379,143.162,145.379,8284.3719359521
2011-05-12,143.528,144.107,142.971,143.48,9469.2912137636
2011-05-13,142.835,144.736,142.208,144.736,11688.184638455
2011-05-16,145.316,145.952,144.107,145.379,10815.218631235
2011-05-17,144.107,145.379,143.48,145.379,4709.4880850599
2011-05-18,142.272,145.379,142.272,145.379,8037.8282220974
2011-05-19,145.379,145.379,144.371,145.379,8379.9705188753
2011-05-20,144.736,144.736,142.835,144.736,9036.5818384269
2011-05-23,142.971,144.68,141.262,144.68,14344.818942848
2011-05-24,144.107,145.379,144.107,145.379,11190.065706382
2011-05-25,144.107,145.379,142.208,145.316,9229.0368803645
2011-05-26,142.907,144.99,142.907,144.99,8300.7243251363
2011-05-27,145.062,145.379,144.107,144.553,8280.5983076788
2011-05-30,144.553,145.316,142.907,145.316,8250.4092814925
2011-05-31,145.316,145.316,141.055,141.055,9368.661126476
2011-06-01,142.272,144.736,142.272,142.907,8962.3671490523
2011-06-02,142.907,144.107,141.708,144.107,10073.071737489
2011-06-03,143.48,144.99,142.208,144.99,8885.6367074955
2011-06-06,142.835,144.68,142.835,144.68,9024.003077516
2011-06-07,144.107,144.505,143.528,144.371,5330.8788740609
2011-06-08,144.434,144.434,143.408,144.107,4906.9746313618
2011-06-09,143.48,143.48,142.272,142.272,867.93450285559
2011-06-10,142.39,144.736,141.961,144.736,4903.2010030886
2011-06-13,142.835,144.434,142.835,144.434,5593.7749770997
2011-06-14,144.68,144.68,143.798,144.633,4920.8112683639
2011-06-15,143.798,144.434,143.48,144.434,4792.5079070722
2011-06-16,144.107,144.371,143.671,144.371,4724.5825981531
2011-06-17,143.48,144.434,143.225,144.299,5479.3082528101
2011-06-20,143.408,144.553,143.162,144.553,5152.2604691254
2011-06-21,143.027,144.434,142.208,142.208,7715.8119427771
2011-06-22,142.208,144.736,142.208,144.68,14572.494515336
2011-06-24,142.208,146.016,142.208,146.016,17202.713421816
2011-06-27,146.016,146.016,142.208,146.016,28500.956472031
2011-06-28,146.016,146.016,145.253,146.016,31796.5918307
2011-06-29,146.016,147.98,144.736,147.931,16136.034496567
2011-06-30,148.17,150.404,148.17,149.824,31567.658382122
2011-07-01,149.824,152.049,149.316,149.824,8044.1176025529
2011-07-04,149.26,150.404,148.68,149.824,3335.8873935841
2011-07-05,149.505,149.824,148.552,149.395,5182.4494953117
2011-07-06,149.395,150.141,148.107,149.824,2461.663510273
2011-07-07,150.46,151.096,149.316,151.096,5411.382943891
2011-07-08,151.096,151.096,149.505,151.096,75.472565465704
2011-07-11,150.524,150.524,149.442,150.46,1758.5107753509
2011-07-12,149.188,149.824,146.716,149.188,900.63928122406
2011-07-13,147.931,149.188,147.343,149.188,8700.7289221045
2011-07-14,146.079,149.188,146.079,148.552,19365.002422408
2011-07-15,147.471,149.188,147.415,149.188,7953.5505239941
2011-07-18,149.188,149.188,146.326,149.188,8405.1280406972
2011-07-19,147.343,148.243,144.99,147.28,8662.9926393717
2011-07-20,145.499,147.28,145.451,147.28,12444.168169203
2011-07-21,146.016,147.28,145.762,146.971,9918.3529782846
2011-07-22,146.971,146.971,146.326,146.971,7925.87724999
2011-07-25,146.016,146.016,145.197,146.016,8540.9786585355
2011-07-26,145.253,146.016,143.282,144.107,24875.757577496
2011-07-27,142.835,149.824,142.835,148.87,22310.948227754
2011-07-28,147.28,149.188,146.644,147.732,26251.874021154
2011-07-29,146.843,151.732,146.843,151.732,16597.675021999
2011-08-01,149.633,152.36,148.243,148.243,1032.716270789
2011-08-02,147.28,151.096,147.28,149.824,290.56937704296
2011-08-03,146.914,148.552,146.079,146.644,3118.2748298247
2011-08-04,144.736,146.644,139.736,142.78,10102.002887584
2011-08-05,128.868,142.208,120.687,142.208,10786.28748114
2011-08-08,135.864,139.036,130.14,136.492,25292.114563649
2011-08-09,130.785,135.22,124.305,135.22,23199.008748066
2011-08-10,132.366,136.492,132.366,136.492,7694.4280492285
2011-08-11,133.312,136.174,126.396,135.22,4059.1661459638
2011-08-12,136.492,140.872,135.22,137.12,2938.3985487981
2011-08-16,139.665,139.665,136.492,139.665,1464.1677700347
2011-08-17,141.572,143.48,141.572,141.572,255.3488464923
2011-08-18,141.572,141.572,133.312,133.312,7445.3685831917
2011-08-19,125.386,136.492,125.386,136.492,18683.233581034
2011-08-22,135.283,139.036,135.283,137.437,13874.373284779
2011-08-23,138.4,138.4,135.864,135.864,16124.713611747
2011-08-24,139.665,139.665,136.873,139.036,166.03964402455
2011-08-25,139.036,139.665,137.764,139.665,266.66973131215
2011-08-26,136.174,139.665,135.411,138.59,698.12123055776
2011-08-29,138.4,140.101,138.4,138.4,17587.623505692
2011-08-30,138.4,142.78,137.12,137.12,8856.7055574003
2011-08-31,138.137,142.208,138.137,141,13398.896122345
2011-09-01,137.12,141.572,137.12,141.572,405.03610133261
2011-09-02,141.572,141.572,139.665,141.055,1012.5902533315
2011-09-05,139.036,139.665,136.747,138.073,4506.9700343936
2011-09-06,137.12,138.137,136.747,138.073,16083.203700742
2011-09-07,139.036,139.036,138.073,139.036,8328.3975991404
2011-09-08,137.12,139.036,137.12,138.463,8488.1478627095
2011-09-09,138.4,138.4,138.4,138.4,2000.0229848411
2011-09-12,136.676,136.676,133.392,136.492,1061.6474208842
2011-09-13,136.492,136.492,133.948,136.492,4056.6503937816
2011-09-14,134.6,136.492,134.33,136.492,6686.8693002613
2011-09-15,137.073,139.036,137.073,139.036,393.71521651275
2011-09-16,137.764,140.937,136.492,138.965,21995.221328889
2011-09-19,137.191,138.4,137.191,138.4,506.92406471131
2011-09-20,137.629,142.835,137.629,142.835,749.69415029266
2011-09-21,142.78,142.835,141.31,142.835,4919.5533922728
2011-09-22,138.527,139.736,138.527,139.665,2250.3403269691
2011-09-23,138.527,138.527,132.302,138.4,2143.420859226
2011-09-26,136.555,139.665,136.555,139.665,1110.7045884369
2011-09-27,139.665,140.937,139.346,140.937,12078.126226695
2011-09-28,140.937,141,140.173,140.937,1782.4104210817
2011-09-29,140.307,142.208,140.307,142.208,9655.4568752457
2011-09-30,142.208,142.835,141.055,142.835,18712.16473113
2011-10-03,141.881,141.881,139.084,141.572,4366.087912191
2011-10-04,140.307,140.307,138.344,139.608,1436.4944960306
2011-10-05,137.954,140.872,137.954,139.608,1051.5844121555
2011-10-06,138.209,140.745,138.209,140.745,2035.2435153918
2011-10-07,140.816,141,140.307,140.937,2246.5666986958
2011-10-10,139.917,142.835,139.917,142.835,899.38140513297
2011-10-11,142.32,143.48,142.208,142.835,1544.6718398647
2011-10-12,142.835,144.107,142.208,144.107,5378.6781655225
2011-10-13,142.835,144.107,142.835,144.107,2844.0578419659
2011-10-14,143.48,144.18,142.907,144.044,811.33007875632
2011-10-17,144.107,146.016,142.32,142.32,820.13521139398
2011-10-18,142.32,143.162,139.665,143.162,705.66848710433
2011-10-19,144.107,144.107,143.48,144.107,303.14813795391
2011-10-20,142.907,143.353,142.907,143.162,1075.4840578863
2011-10-21,144.107,145.379,142.907,144.736,7220.2087628857
2011-10-24,145.952,145.952,144.799,145.379,1280.5178607348
2011-10-25,145.379,145.379,144.736,145.379,968.5645901432
2011-10-26,144.736,145.379,144.736,145.379,1304.4175064656
2011-10-27,146.016,147.28,146.016,146.016,1923.2925432843
2011-10-28,146.016,146.644,144.553,146.644,13161.157541127
2011-10-31,145.133,146.644,145.133,146.644,7186.2461084261
2011-11-02,138.4,145.499,138.4,145.499,8977.4616621455
2011-11-03,143.48,144.736,142.582,144.736,12837.883385716
2011-11-04,144.434,144.736,143.48,144.736,4545.9641932176
2011-11-07,142.907,144.18,142.907,144.107,305.6638901361
2011-11-08,144.736,144.736,143.027,144.736,1137.1199863499
2011-11-09,144.736,144.736,144.736,144.736,3353.4976588594
2011-11-10,138.59,145.379,138.59,145.379,690.57397401119
2011-11-14,145.379,146.644,144.864,146.016,6781.2100070935
2011-11-15,144.864,145.952,141.055,144.99,12129.69914643
2011-11-16,142.835,145.379,142.835,145.379,6827.751422464
2011-11-17,144.505,145.062,140.937,144.044,10333.452088346
2011-11-18,142.835,142.835,140.937,140.937,411.32548178809
2011-11-21,139.665,140.937,134.6,140.937,13568.709394643
2011-11-22,140.937,140.937,135.984,139.665,1544.6718398647
2011-11-24,137.954,137.954,136.301,136.301,416.35698615247
2011-11-25,133.709,137.12,131.92,137.12,3294.377482578
2011-11-28,136.492,143.48,136.492,143.48,964.79096186991
2011-11-29,142.835,142.835,141.572,142.835,3249.0939432985
2011-11-30,139.855,145.379,139.855,144.728,13664.307977565
2011-12-01,143.735,145.379,143.735,144.864,3587.4626118031
2011-12-02,144.107,144.434,144.107,144.299,30.189026186281
2011-12-05,143.528,145.888,143.48,145.888,1606.3077683284
2011-12-06,145.888,145.888,144.935,145.888,6595.0443456114
2011-12-07,145.379,145.952,144.235,145.952,598.74901936125
2011-12-08,144.299,145.825,144.235,145.825,9542.2480270471
2011-12-09,143.162,145.825,142.835,145.825,6574.9183281539
2011-12-12,145.699,145.699,145.699,145.699,26.415397912996
2011-12-13,143.162,145.379,143.162,145.379,4988.736577283
2011-12-14,143.798,145.379,134.33,134.33,6407.6208080382
2011-12-15,142.208,143.48,136.063,143.48,8578.7149412683
2011-12-16,142.835,144.107,142.835,144.107,8837.8374160339
2011-12-19,142.835,144.107,141.572,144.107,8127.1374245652
2011-12-20,144.107,144.107,143.528,144.107,7881.8515868017
2011-12-21,142.835,142.835,141.881,141.881,389.94158823947
2011-12-22,141.126,141.126,135.927,135.927,1733.353253529
2011-12-23,137.764,142.717,133.447,135.657,3948.4730499474
2011-12-27,136.492,138.718,133.884,137.764,3470.4801353313
2011-12-28,137.12,139.036,137.12,138.4,173.58690057112
2011-12-29,137.764,142.526,137.764,141.572,12683.164626511
2011-12-30,139.657,143.48,139.657,143.48,16422.830245337
2012-01-02,139.665,141.881,138.209,141.881,4979.9314446453
2012-01-03,140.046,142.835,140.046,142.835,5685.5999317497
2012-01-04,139.917,142.835,139.917,142.835,4743.4507395195
2012-01-05,143.162,143.162,141.055,142.208,3098.1488123671
2012-01-09,140.49,141.572,140.427,141.572,3966.0833152227
2012-01-10,142.654,142.835,140.372,142.835,15869.364765256
2012-01-11,142.78,142.835,139.791,142.835,4348.4776469156
2012-01-12,141.572,142.835,140.553,142.835,4517.0330431224
2012-01-13,140.682,142.39,140.372,141.572,5571.13320746
2012-01-16,139.736,141.572,139.665,141.572,4114.5126939719
2012-01-17,141,141,140.307,140.307,5606.3537380107
2012-01-18,139.665,142.717,138.59,141.572,4791.2500309811
2012-01-19,141.572,141.881,140.937,141.636,2295.6238662485
2012-01-20,141.126,142.081,140.937,142.081,91.82495464994
2012-01-23,142.208,142.208,141.881,142.208,342.14229677786
2012-01-24,142.081,142.835,142.081,142.835,782.39892866113
2012-01-25,142.32,142.32,142.208,142.208,228.9334485793
2012-01-26,142.835,144.434,141.572,143.798,1328.3171521964
2012-01-27,143.798,144.736,143.671,144.736,374.84707514633
2012-01-30,144.736,144.736,143.282,144.736,576.10724972154
2012-01-31,144.633,145.699,144.633,145.379,509.4398168935
2012-02-01,145.062,145.379,142.081,145.379,8045.375478644
2012-02-02,144.736,145.379,143.845,145.379,5120.813566848
2012-02-03,144.107,146.016,142.78,142.78,4717.0353416065
2012-02-06,142.835,145.379,141.262,145.379,4989.9944533741
2012-02-08,144.736,145.379,141.373,145.379,5152.2604691254
2012-02-09,143.671,145.379,143.48,145.379,1115.7360928013
2012-02-10,144.107,144.736,143.798,144.736,582.39663017701
2012-02-13,145.379,146.644,145.253,146.016,4550.9956975819
2012-02-14,145.952,146.016,145.133,146.016,1120.7675971657
2012-02-15,145.197,146.644,145.197,146.644,767.30441556799
2012-02-16,146.914,146.914,145.379,145.379,174.84477666221
2012-02-17,143.48,147.28,142.208,147.28,2850.3472224214
2012-02-20,147.28,147.28,145.451,146.971,200.00229848411
2012-02-21,146.971,146.971,146.971,146.971,22.641769639711
2012-02-22,146.644,146.644,146.644,146.644,3164.8162451952
2012-02-23,144.633,146.644,144.553,146.644,3186.2001387438
2012-02-24,145.451,146.644,145.451,146.644,125.78760910951
2012-02-27,144.736,146.644,144.107,146.597,261.63822694777
2012-02-28,148.616,148.616,138.901,144.107,73558.078055057
2012-02-29,144.728,146.024,144.633,146.024,9220.2317477268
2012-03-01,146.016,146.771,144.99,146.644,1603.7920161462
2012-03-02,144.799,147.209,144.736,146.644,1099.3837036171
2012-03-05,144.935,146.644,144.935,146.644,2489.3367842771
2012-03-06,146.644,146.716,145.699,145.825,537.11309089759
2012-03-07,145.762,146.644,145.762,146.644,1810.0836950858
2012-03-08,144.935,147.209,144.935,146.469,9099.4756429817
2012-03-09,145.062,147.152,145.062,146.644,722.02087628857
2012-03-12,146.469,146.843,145.379,146.644,194.97079411973
2012-03-13,146.079,147.732,146.079,147.28,1086.8049427061
2012-03-14,147.598,147.661,146.771,147.598,1631.4652901503
2012-03-15,147.28,147.28,145.499,147.28,2015.1174979343
2012-03-16,146.151,147.661,146.151,147.28,329.56353586691
2012-03-19,147.28,147.598,146.151,147.28,454.09326888532
2012-03-20,146.326,146.644,146.271,146.644,272.95911176763
2012-03-21,146.151,147.209,145.952,145.952,218.87043985054
2012-03-22,145.062,146.016,145.062,146.016,966.04883796101
2012-03-23,146.016,146.644,145.062,146.644,1261.6497193683
2012-03-26,146.016,146.644,144.864,146.644,761.01503511251
2012-03-27,146.079,147.28,146.079,146.469,1504.4198049497
2012-03-28,146.016,147.542,146.016,147.542,171.07114838893
2012-03-29,147.471,147.471,147.28,147.28,254.0909704012
2012-03-30,147.415,149.188,147.415,149.188,2044.0486480295
2012-04-02,149.188,149.188,145.952,147.931,311.95327059158
2012-04-03,147.034,147.931,146.771,147.931,256.60672258339
2012-04-04,147.931,148.552,147.931,148.552,1153.4723755342
2012-04-05,148.552,148.552,147.931,147.931,5.0315043643802
2012-04-10,147.931,147.931,144.799,147.931,591.20176281468
2012-04-11,147.28,149.06,146.716,147.152,1734.6111296201
2012-04-12,148.743,148.743,146.469,146.644,144.65575047593
2012-04-13,146.516,148.616,146.516,146.644,240.25433339916
2012-04-16,146.469,148.17,144.864,147.28,509.4398168935
2012-04-17,145.578,147.28,145.578,146.716,564.78636490168
2012-04-18,146.199,147.28,146.079,147.28,171.07114838893
2012-04-19,146.516,147.598,146.516,147.598,290.56937704296
2012-04-20,146.716,147.598,146.516,147.28,172.32902448002
2012-04-23,147.28,147.28,145.451,146.644,1047.8107838822
2012-04-24,146.199,146.199,146.016,146.016,518.24494953117
2012-04-25,146.016,147.28,146.016,146.644,167.29752011564
2012-04-26,149.188,149.188,146.644,146.971,222.64406812383
2012-04-27,148.552,149.188,147.598,149.188,918.2495464994
2012-04-30,148.552,148.552,148.552,148.552,211.32318330397
2012-05-02,147.28,148.552,147.28,148.552,479.25079070722
2012-05-04,146.326,148.552,146.326,148.552,251.57521821901
2012-05-07,146.644,148.552,145.578,148.552,242.77008558135
2012-05-08,146.271,148.488,146.271,148.488,311.95327059158
2012-05-09,146.024,148.997,146.024,148.997,2544.6833322853
2012-05-10,146.843,149.188,146.716,149.188,576.10724972154
2012-05-11,147.28,149.188,147.28,149.188,457.8668971586
2012-05-14,147.732,148.552,147.28,148.552,1051.5844121555
2012-05-15,148.552,148.934,147.415,148.552,459.1247732497
2012-05-16,149.188,149.505,145.499,149.188,1054.1001643377
2012-05-17,147.931,149.824,146.644,149.188,772.33591993237
2012-05-18,147.28,149.188,147.28,148.361,275.47486394982
2012-05-21,148.552,150.46,147.034,150.46,1291.8387455546
2012-05-22,152.034,154.205,151.518,154.205,203.7759267574
2012-05-23,152.233,152.233,146.85,150.46,1691.8433425229
2012-05-24,150.404,151.787,149.212,150.46,2495.6261647326
2012-05-25,149.347,151.111,149.14,150.46,1308.1911347389
2012-05-28,149.537,150.46,149.14,150.46,1937.1291802864
2012-05-29,150.46,150.46,149.991,150.46,456.60902106751
2012-05-30,150.46,150.46,149.601,150.134,798.75131784536
2012-05-31,149.483,150.46,149.14,150.46,2157.257496228
2012-06-01,150.46,150.46,148.95,150.46,250.31734212792
2012-06-04,150.46,150.46,149.14,149.729,934.60193568363
2012-06-05,147.9,149.729,146.588,149.14,1163.5353842629
2012-06-06,148.027,149.729,148.027,149.729,194.97079411973
2012-06-08,149.801,149.801,148.751,149.14,667.93220437148
2012-06-11,149.14,149.14,147.837,149.14,2379.9015643519
2012-06-12,149.14,149.801,145.993,149.801,3976.1463239515
2012-06-13,147.963,149.801,147.963,149.801,851.58211367136
2012-06-14,149.801,152.423,149.801,152.423,1552.2190964113
2012-06-15,150.191,151.111,149.801,149.801,891.8341485864
2012-06-18,149.935,152.36,149.212,149.483,909.44441386173
2012-06-19,149.801,149.801,147.837,149.801,3550.9842051614
2012-06-20,147.837,149.801,147.837,149.801,105.66159165199
2012-06-21,149.801,149.801,148.488,149.801,1005.042996785
2012-06-22,151.111,151.111,148.227,151.056,26.415397912996
2012-06-25,149.872,151.111,149.872,149.935,994.97998805619
2012-06-26,150.46,150.46,150.46,150.46,99.37221119651
2012-06-27,149.935,151.056,147.837,150.46,1953.4815694706
2012-06-28,150.46,151.056,150.46,151.056,222.64406812383
2012-06-29,151.056,152.105,149.935,151.111,3046.5758926322
2012-07-02,149.801,149.801,149.347,149.801,987.43273150962
2012-07-03,149.801,149.801,149.801,149.801,46.541415370517
2012-07-04,149.14,149.801,148.155,149.801,384.91008387509
2012-07-05,149.801,150.332,149.077,149.801,115.72460038075
2012-07-06,149.14,149.801,149.14,149.801,159.75026356907
2012-07-09,149.801,149.801,149.801,149.801,140.88212220265
2012-07-10,148.155,149.801,148.155,149.801,18.868141366426
2012-07-11,149.801,149.801,149.801,149.801,173.58690057112
2012-07-12,149.801,150.332,147.304,150.332,577.36512581263
2012-07-13,150.332,150.332,148.878,150.332,401.26247305932
2012-07-16,150.332,150.332,150.332,150.332,433.9672514278
2012-07-17,150.134,150.46,150.134,150.46,140.88212220265
2012-07-18,150.46,150.46,149.872,150.46,163.52389184236
2012-07-19,150.46,151.111,149.14,150.785,896.86565295078
2012-07-20,150.785,150.785,149.601,150.785,1215.1083039978
2012-07-23,150.785,150.785,149.274,150.722,1114.4782167102
2012-07-24,150.785,150.785,148.95,150.722,1206.3031713602
2012-07-25,149.212,150.46,149.212,149.274,705.66848710433
2012-07-26,147.223,150.785,145.92,150.46,3089.3436797295
2012-07-27,150.785,150.785,150.785,150.785,777.36742429675
2012-07-30,149.419,150.785,149.419,150.46,495.60317989145
2012-07-31,150.46,151.111,150.46,150.785,3306.9562434889
2012-08-01,150.651,151.787,150.596,151.111,442.77238406546
2012-08-02,151.111,151.111,149.212,150.46,466.67202979627
2012-08-03,151.111,151.111,149.347,151.056,952.21220095896
2012-08-06,151.056,151.056,149.483,149.483,567.30211708387
2012-08-07,151.056,151.056,148.878,150.46,533.33946262431
2012-08-08,151.056,151.056,149.14,149.14,476.73503852503
2012-08-09,151.056,151.056,150.921,150.921,610.06990418111
2012-08-10,149.14,150.977,149.14,149.664,1534.608831136
2012-08-13,151.056,151.056,149.664,149.801,441.51450797437
2012-08-14,150.921,150.921,149.801,149.801,400.00459696823
2012-08-16,150.858,150.858,148.688,149.935,474.21928634284
2012-08-17,150.858,150.858,149.729,149.729,459.1247732497
2012-08-20,150.858,150.858,149.872,149.935,608.81202809001
2012-08-21,150.858,150.858,149.729,150.858,2095.6215677644
2012-08-22,150.858,150.858,149.664,150.062,906.92866167954
2012-08-23,150.785,151.111,149.801,151.111,3919.5418998522
2012-08-24,151.111,152.423,150.46,152.423,2231.4721856026
2012-08-27,152.559,153.679,152.423,153.092,479.25079070722
2012-08-28,153.092,153.092,151.375,153.092,1803.7943146303
2012-08-29,153.092,153.092,152.296,152.296,788.6883091166
2012-08-30,153.751,153.751,152.837,152.837,904.41290949735
2012-08-31,153.751,153.751,152.765,153.092,859.12937021793
2012-09-03,153.751,153.751,152.233,152.423,1392.4688328422
2012-09-04,153.751,153.751,152.423,152.423,1641.5282988791
2012-09-05,153.751,153.751,152.765,152.765,846.55060930698
2012-09-06,153.751,153.751,152.423,153.211,4584.9583520415
2012-09-07,154.402,154.402,153.41,153.41,870.45025503778
2012-09-10,153.751,153.751,152.233,153.751,1573.6029899599
2012-09-11,154.402,155.063,153.751,155.063,1538.3824594093
2012-09-12,155.063,155.063,154.331,154.402,962.27520968772
2012-09-13,155.714,155.714,154.402,154.402,1027.6847664247
2012-09-14,155.714,155.714,152.892,155.063,1690.5854664318
2012-09-17,155.714,155.714,155.063,155.063,1591.2132552353
2012-09-18,155.063,156.366,155.063,155.126,270.44335958544
2012-09-19,155.063,156.366,155.063,156.366,56.604424099278
2012-09-20,155.063,155.063,153.934,155.063,911.96016604392
2012-09-21,154.992,155.714,154.992,155.714,168.55539620674
2012-09-24,155.063,155.063,155.063,155.063,379.87857951071
2012-09-25,155.063,155.063,154.53,154.53,421.38849051685
2012-09-26,155.063,155.063,152.631,155.063,387.42583605728
2012-09-27,155.063,155.063,155.063,155.063,86.793450285559
2012-09-28,155.063,157.353,155.063,157.353,1139.6357385321
2012-10-01,157.686,157.686,156.366,156.43,137.10849392936
2012-10-02,156.366,156.366,156.366,156.366,27.673274004091
2012-10-03,157.686,157.686,156.366,156.366,28.931150095186
2012-10-04,156.366,156.366,155.652,155.652,191.19716584645
2012-10-05,156.366,156.366,156.366,156.366,152.2030070225
2012-10-08,156.366,156.366,153.473,156.366,1631.4652901503
2012-10-09,156.366,156.366,155.453,155.453,157.23451138688
2012-10-10,156.366,156.366,155.39,155.39,350.94742941552
2012-10-11,156.366,156.366,155.453,155.524,280.5063683142
2012-10-12,156.366,156.366,156.366,156.366,228.9334485793
2012-10-15,156.366,156.366,155.524,155.579,481.76654288941
2012-10-16,155.579,157.686,154.331,155.714,31289.66776599
2012-10-17,155.714,157.686,155.714,155.842,15381.30884191
2012-10-18,155.714,155.714,154.785,154.785,432.7093753367
2012-10-19,155.714,156.048,155.579,156.048,1369.8270632025
2012-10-22,156.303,156.303,155.39,155.453,388.68371214837
2012-10-23,155.714,156.366,155.318,155.318,401.26247305932
2012-10-24,155.453,157.686,155.453,157.686,379.87857951071
2012-10-25,156.366,157.035,153.155,156.43,1397.5003372066
2012-10-26,156.366,156.43,156.366,156.43,51.572919734898
2012-10-29,153.155,156.366,153.155,156.366,328.30565977581
2012-10-30,156.701,156.701,156.701,156.701,196.22867021083
2012-10-31,156.701,156.701,155.779,156.701,607.55415199892
2012-11-02,156.701,156.701,156.12,156.12,397.48884478604
2012-11-05,156.701,156.701,155.126,155.579,966.04883796101
2012-11-06,156.701,156.701,155.714,155.714,379.87857951071
2012-11-07,156.303,156.366,155.253,156.366,422.64636660794
2012-11-08,156.366,156.366,155.063,156.366,1198.7559148136
2012-11-09,156.366,156.366,155.714,155.714,231.44920076149
2012-11-12,156.366,156.366,155.524,156.366,259.12247476558
2012-11-13,156.366,156.366,155.198,156.366,872.96600721997
2012-11-14,156.366,156.366,155.779,156.366,294.34300531624
2012-11-15,156.366,156.366,155.39,155.39,610.06990418111
2012-11-16,156.247,156.366,148.488,156.366,2911.9831508851
2012-11-19,156.366,156.366,156.366,156.366,228.9334485793
2012-11-20,156.366,156.366,156.366,156.366,140.88212220265
2012-11-21,156.366,156.366,156.366,156.366,216.35468766835
2012-11-23,156.701,156.701,154.53,156.701,969.82246623429
2012-11-26,156.701,156.701,156.701,156.701,32.704778368472
2012-11-27,156.701,156.701,155.39,156.701,1081.7734383418
2012-11-28,156.701,156.701,155.453,156.701,860.38724630902
2012-11-29,156.701,157.035,155.714,156.701,1041.5214034267
2012-11-30,157.035,157.035,157.035,157.035,401.26247305932
2012-12-03,157.035,157.282,156.303,157.282,149.68725484031
2012-12-04,157.353,157.622,157.035,157.622,290.56937704296
2012-12-05,157.686,157.686,157.035,157.686,608.81202809001
2012-12-06,157.622,157.622,157.035,157.035,528.30795825993
2012-12-07,157.622,158.346,156.509,157.035,23538.635292661
2012-12-10,156.43,157.686,156.366,157.686,6299.4434642041
2012-12-11,157.622,157.622,156.43,157.035,915.73379431721
2012-12-12,157.035,157.686,157.035,157.145,1085.547066615
2012-12-13,157.225,157.282,157.035,157.282,905.67078558844
2012-12-14,157.282,157.353,157.145,157.353,1037.7477751534
2012-12-17,157.035,157.353,157.035,157.035,2100.6530721288
2012-12-18,157.035,157.686,157.035,157.686,1522.030070225
2012-12-19,157.099,158.346,157.099,157.686,1306.9332586478
2012-12-20,157.686,159.332,157.099,157.225,566.04424099278
2012-12-21,157.145,159.586,157.145,159.586,162.26601575126
2012-12-27,159.586,161.232,157.099,159.586,6025.2264763453
2012-12-28,157.686,158.943,157.551,158.943,1094.3521992527
2013-01-02,158.664,158.664,157.035,158.346,823.90883966727
2013-01-03,160.318,160.318,158.14,158.744,233.96495294368
2013-01-04,158.41,159.07,157.757,158.943,432.7093753367
2013-01-07,158.871,160.906,158.346,160.906,433.9672514278
2013-01-08,160.906,164.182,160.318,164.182,408.8097296059
2013-01-09,164.261,164.261,159.92,164.182,715.73149583309
2013-01-10,164.061,167.552,164.061,166.885,12151.083039978
2013-01-11,166.885,170.168,166.225,170.168,761.01503511251
2013-01-14,170.049,170.049,167.092,167.092,357.236809871
2013-01-15,165.564,169.055,165.564,169.055,145.91362656703
2013-01-16,170.049,170.819,167.552,170.819,589.94388672358
2013-01-17,170.763,176.742,170.763,176.742,35860.789481029
2013-01-18,177.401,180.034,175.423,180.034,8969.9144055989
2013-01-21,180.615,183.961,180.415,183.635,4894.3958704509
2013-01-22,183.961,187.061,181.147,186.537,202.5180506663
2013-01-23,185.28,185.28,180.034,180.034,1347.1852935628
2013-01-24,180.034,182.332,180.034,182.332,884.28689203983
2013-01-25,180.884,180.884,174.238,174.97,15651.752201495
2013-01-28,174.97,176.742,171.488,172.673,1164.793260354
2013-01-29,172.673,172.799,170.891,170.97,655.35344346053
2013-01-30,173.26,173.26,163.601,164.588,4075.518535148
2013-01-31,164.588,167.402,164.588,164.905,9251.6786500042
2013-02-01,165.564,166.097,163.538,163.601,46902.425808662
2013-02-04,163.601,165.828,161.105,165.828,8454.1852082499
2013-02-05,164.261,170.819,164.261,170.819,1969.8339586549
2013-02-06,170.819,170.819,168.855,168.855,5613.9009945573
2013-02-07,168.855,174.771,168.855,172.147,1923.2925432843
2013-02-08,174.103,178.054,174.103,177.401,7759.8376059654
2013-02-11,177.33,177.33,174.771,176.083,1755.9950231687
2013-02-12,176.083,176.083,174.182,174.771,82637.427680581
2013-02-13,174.771,177.664,174.771,177.664,108932.06948883
2013-02-14,180.615,180.615,176.225,179.374,47380.418723278
2013-02-15,180.671,180.671,179.43,180.671,498.11893207364
2013-02-18,178.054,180.615,176.408,180.615,9742.2503255313
2013-02-19,180.615,180.671,178.125,180.671,930.82830741035
2013-02-20,180.671,180.671,176.298,176.298,32090.934836018
2013-02-21,176.225,176.225,169.245,175.359,925.79680304597
2013-02-22,176.083,177.33,174.238,177.33,864.16087458231
2013-02-25,178.707,178.707,175.613,177.33,58438.407440094
2013-02-26,177.401,180.034,175.613,180.034,3349.7240305862
2013-02-27,177.458,178.587,177.401,177.401,9260.4837826418
2013-02-28,174.834,178.785,174.834,177.401,888.06052031311
2013-03-01,177.401,180.034,176.161,180.034,593.71751499687
2013-03-04,179.962,180.034,177.401,180.034,118743.50299937
2013-03-05,178.388,180.034,176.742,176.742,1524.5458224072
2013-03-06,176.083,178.707,175.105,178.707,153517.4875377
2013-03-07,179.502,179.502,176.742,176.742,476.73503852503
2013-03-08,177.713,179.755,176.742,179.502,18234.171816514
2013-03-11,177.713,179.755,176.742,179.374,2607.5771368401
2013-03-12,177.601,179.032,175.105,175.693,1275.4863563704
2013-03-13,175.423,175.756,171.686,173.116,762.27291120361
2013-03-14,172.799,172.799,170.891,171.09,43458.361071243
2013-03-15,171.153,176.679,171.153,176.607,2177.3835136856
2013-03-18,173.46,177.401,172.465,172.799,1900.6507736446
2013-03-19,172.934,175.423,169.516,169.516,2528.3309431011
2013-03-20,168.919,169.516,167.552,167.863,4426.4659645635
2013-03-21,168.855,170.095,167.147,167.552,3683.0611947263
2013-03-22,166.813,166.813,161.034,164.905,3623303.2752667
2013-03-25,167.552,169.055,164.905,166.225,633760.74248079
2013-03-26,167.21,167.21,164.261,164.905,55864.792957714
2013-03-27,165.636,166.885,164.978,165.501,71598.307105131
2013-03-28,165.564,166.749,164.905,165.564,44831.961762719
2013-04-02,164.261,167.345,164.261,166.495,113758.54005036
2013-04-03,166.495,173.46,164.905,169.516,275091.21174203
2013-04-04,171.813,173.793,171.813,173.793,124902.06434138
2013-04-05,174.039,177.259,174.039,176.742,469773.95223691
2013-04-08,176.742,178.054,174.373,176.408,2502362.0912005
2013-04-09,176.336,176.336,174.771,176.083,180105.21447518
2013-04-10,176.083,176.408,175.423,176.083,179964.33235298
2013-04-11,174.238,176.742,174.238,176.742,63134.058888153
2013-04-12,176.742,177.401,176.742,177.33,113509.48058433
2013-04-15,177.259,177.401,175.756,176.797,114457.91915701
2013-04-17,177.401,177.401,175.518,176.535,131070.68869211
2013-04-18,176.408,176.408,173.547,175.231,31438.097144738
2013-04-19,176.298,176.298,173.649,174.103,38776.546260188
2013-04-22,174.103,174.103,169.174,170.168,85809.791182322
2013-04-23,173.46,173.46,166.256,167.552,191061.31522861
2013-04-24,169.555,176.679,167.02,176.679,150163.98987884
2013-04-25,176.607,176.607,175.756,176.408,174861.1290514
2013-04-26,175.423,177.068,173.491,174.103,70604.584993166
2013-04-29,179.255,179.255,175.192,175.868,21307.163107059
2013-04-30,171.813,177.903,171.813,177.903,178083.80759679
2013-05-02,177.864,179.93,177.72,178.578,42094.823388496
2013-05-06,179.93,179.93,179.008,179.255,65791.951068636
2013-05-07,179.723,180.478,179.318,180.192,79090.217103693
2013-05-08,180.606,180.917,179.398,180.741,28670.769744329
2013-05-09,180.702,180.884,179.255,180.741,29011.654165016
2013-05-10,180.741,180.741,179.636,180.741,6387.4947905807
2013-05-13,180.805,180.94,180.002,180.606,29107.25274794
2013-05-14,180.741,181.282,179.93,181.282,39712.406071962
2013-05-15,179.255,181.282,177.458,181.282,116328.38090447
2013-05-16,181.957,182.625,181.448,181.997,271112.54966591
2013-05-17,181.997,182.562,180.606,181.282,224713.27429368
2013-05-20,181.282,181.957,180.129,181.282,28456.930808843
2013-05-21,181.282,185.344,181.282,184.334,97471.560422865
2013-05-22,184.661,191.354,181.957,189.399,98906.797042805
2013-05-23,186.02,188.651,184.016,184.016,69205.826779868
2013-05-24,184.732,189.336,184.732,188.723,82057.546802586
2013-05-27,189.256,191.434,188.039,190.742,54555.343946884
2013-05-28,190.822,191.76,189.399,191.727,34402.91109145
2013-05-29,192.11,193.461,192.11,192.11,62775.56420219
2013-05-31,192.11,197.515,190.512,197.515,250587.78548751
2013-06-03,195.488,198.191,192.786,193.461,67495.115295978
2013-06-04,194.272,197.174,194.272,197.174,56155.362334756
2013-06-05,197.174,197.618,195.155,197.372,105836.43642865
2013-06-06,197.372,197.515,195.512,196.165,62913.930572211
2013-06-07,197.515,198.803,195.011,197.515,70846.097202657
2013-06-10,198.191,206.244,196.228,201.57,126515.91936625
2013-06-11,202.246,204.281,198.867,199.177,271440.85532568
2013-06-12,201.57,201.57,198.89,200.021,211767.21356413
2013-06-13,198.191,199.876,196.944,197.515,245975.15386146
2013-06-14,198.867,202.174,196.498,198.326,138048.12736941
2013-06-17,197.341,202.938,195.177,199.559,98833.840229522
2013-06-18,199.559,202.595,198.534,200.218,121557.37181515
2013-06-19,199.559,202.595,199.208,202.246,158333.8950905
2013-06-20,202.174,202.174,199.01,202.118,140621.74185179
2013-06-21,198.668,202.047,196.132,200.425,835794.51085202
2013-06-24,196.203,198.867,193.899,198.867,120841.64031932
2013-06-25,198.191,198.731,194.415,194.415,145805.44922319
2013-06-26,193.859,194.733,184.049,192.746,238918.46899041
2013-06-27,194.804,199.519,186.122,187.372,170181.82999252
2013-06-28,186.727,190.718,186.347,189.399,309097.89186478
2013-07-01,187.435,190.074,187.435,188.922,60062.325473698
2013-07-02,188.922,199.559,186.585,194.804,152380.36755135
2013-07-03,191.76,194.772,188.723,192.11,227090.66010584
2013-07-04,192.15,194.065,192.15,192.571,16146.097505296
2013-07-05,193.461,194.804,189.438,190.822,114867.98676271
2013-07-08,192.786,192.786,183.786,183.786,25378.908013934
2013-07-09,186.02,189.399,182.665,189.399,123902.05284895
2013-07-10,186.091,197.515,186.091,197.174,76988.306155473
2013-07-11,199.479,200.155,195.624,197.857,168154.13373368
2013-07-12,198.597,200.059,196.467,198.628,92101.68738998
2013-07-15,198.597,199.559,197.245,199.559,14455.512038865
2013-07-16,200.218,201.514,196.308,201.514,64266.147370138
2013-07-17,201.205,206.173,199.376,205.56,215182.34715144
2013-07-18,203.803,205.298,200.934,203.002,57082.417013894
2013-07-19,201.919,205.441,201.919,204.965,42536.337896471
2013-07-22,206.07,206.07,202.97,203.002,16840.44510758
2013-07-23,206.244,206.244,204.019,205.02,193802.22723111
2013-07-24,203.748,205.903,203.128,203.803,56833.357547858
2013-07-25,205.529,205.529,203.876,204.965,37014.261856564
2013-07-26,205.441,212.7,205.33,208.336,43006.78355454
2013-07-29,206.38,208.128,205.728,205.728,10454.208193091
2013-07-30,210.705,212.7,210.705,212.064,146469.60779929
2013-07-31,212.669,224.577,212.254,219.807,267718.79997213
2013-08-01,218.479,222.549,215.983,218.479,111636.50308469
2013-08-02,218.479,222.207,218.185,222.207,146660.80496514
2013-08-05,224.434,224.434,219.163,220.856,46326.31855894
2013-08-06,221.867,224.434,213.749,219.163,78751.848435189
2013-08-07,217.811,219.831,214.496,217.747,85187.14251723
2013-08-08,218.479,226.604,218.479,223.638,60317.674320191
2013-08-09,223.726,225.754,221.198,221.198,102142.0543491
2013-08-12,220.507,228.496,218.519,223.217,44338.87433501
2013-08-13,226.564,228.927,222.264,225.92,107347.14561405
2013-08-14,228.632,235.404,223.997,229.983,97183.506798005
2013-08-16,229.983,233.711,225.246,232.018,57279.903560196
2013-08-19,229.983,230.659,228.329,229.983,134219.15254812
2013-08-20,226.906,228.87,221.532,227.956,42918.732228164
2013-08-21,226.31,228.632,226.31,228.147,13546.067625002
2013-08-22,227.956,229.244,223.217,227.956,92545.717650137
2013-08-23,224.577,236.741,224.577,229.983,58244.694522066
2013-08-26,234.038,234.038,225.246,225.246,9137.2119257145
2013-08-27,223.6,223.638,215.101,215.101,107077.96013056
2013-08-28,214.767,215.101,207.127,213.074,65354.210188935
2013-08-29,215.101,215.45,207.667,209.321,89748.201223541
2013-08-30,210.028,212.135,208.336,210.974,86710.430463547
2013-09-02,213.749,213.749,211.515,212.167,32791.571818757
2013-09-03,213.749,215.101,209.822,212.74,93794.788608595
2013-09-04,212.461,223.217,203.088,203.606,217674.1996879
2013-09-05,202.938,202.938,192.786,192.786,256045.70984676
2013-09-06,195.488,207.255,191.091,205.632,201957.03792967
2013-09-09,206.244,213.749,202.97,213.009,97523.1333426
2013-09-10,215.101,219.465,213.749,217.811,118480.60689634
2013-09-11,216.46,221.867,213.161,221.867,115593.78126727
2013-09-12,219.569,223.217,218.997,222.549,163068.54069738
2013-09-13,222.693,222.693,213.788,216.827,48799.302954033
2013-09-16,221.238,221.238,206.339,209.893,84626.129780603
2013-09-17,210.37,223.217,210.028,218.734,83395.926963511
2013-09-18,218.734,219.673,213.343,215.784,64619.610551736
2013-09-19,222.924,223.217,216.46,221.795,54464.776868325
2013-09-20,221.198,225.682,217.811,223.902,180008.35801616
2013-09-23,224.41,225.65,219.505,223.902,78930.466840124
2013-09-24,223.902,226.524,219.871,222.549,73737.954336084
2013-09-25,222.549,224.577,219.903,224.227,95592.293542769
2013-09-26,225.754,236.605,224.339,234.594,177686.31875199
2013-09-27,235.325,236.819,234.109,236.741,128073.16996703
2013-09-30,234.038,236.741,231.389,235.404,96140.727518487
2013-10-01,235.404,244.539,233.362,240.135,84022.349256877
2013-10-02,239.523,240.811,236.741,240.771,69037.271383661
2013-10-03,239.594,240.135,234.244,236.414,29538.704247185
2013-10-04,234.721,236.685,231.334,233.362,69717.782348944
2013-10-07,233.362,236.414,226.096,232.694,46784.185456098
2013-10-08,232.057,232.694,226.661,227.956,57902.552225288
2013-10-09,229.952,236.605,226.699,234.038,61529.008995915
2013-10-10,234.721,246.9,233.362,246.9,83348.12767205
2013-10-11,246.9,257.044,244.396,253.38,157097.40289296
2013-10-14,252.983,254.174,249.165,252.983,65244.77496901
2013-10-15,253.665,259.748,253.665,259.072,290270.00253328
2013-10-16,259.072,260.113,255.081,259.072,109335.84771407
2013-10-17,255.049,257.044,248.689,249.269,48562.822248908
2013-10-18,248.959,251.631,236.741,242.161,112274.24626287
2013-10-21,245,256.973,245,256.702,80060.039569928
2013-10-22,256.664,262.45,249.269,253.117,98536.981472023
2013-10-23,252.338,256.169,244.325,252.306,102997.41009105
2013-10-24,260.431,264.485,252.402,253.355,226820.21674627
2013-10-25,253.665,258.697,245.946,257.044,247664.4814518
2013-10-28,261.035,261.782,258.396,261.131,100285.42923865
2013-10-29,261.131,263.126,258.419,260.431,90309.21396017
2013-10-30,256.362,257.044,252.506,252.983,188888.96321929
2013-10-31,252.983,255.424,249.333,253.665,47258.404742441
2013-11-04,256.362,261.091,255.319,261.091,74895.200339891
2013-11-05,260.956,261.44,251.05,253.793,145023.05029453
2013-11-06,255.693,255.693,251.901,252.506,27444.340555512
2013-11-07,252.506,253.665,248.586,252.306,51104.98982901
2013-11-08,248.323,250.788,246.972,248.586,73753.048849176
2013-11-12,252.983,252.983,246.9,250.278,29624.23982138
2013-11-13,243.554,250.255,243.554,243.848,68952.993685559
2013-11-14,249.944,249.944,244.602,247.91,36566.457968133
2013-11-15,250.278,256.362,248.825,255.693,64913.953557052
2013-11-18,257.044,264.04,255.049,263.81,77734.226677492
2013-11-19,263.459,263.459,255.78,256.027,44860.892912814
2013-11-20,256.027,263.054,251.392,261.091,110377.3691175
2013-11-21,258.396,262.45,257.14,259.748,124875.64894347
2013-11-22,262.418,263.126,256.186,259.351,91496.648990163
2013-11-25,263.126,265.757,262.013,264.216,61189.382451319
2013-11-26,261.981,264.279,257.831,263.81,182880.08913213
2013-11-27,263.054,282.747,260.335,277.324,234610.24337842
2013-11-28,277.269,277.324,268.54,270.567,60483.713964215
2013-11-29,269.898,277.301,269.279,274.692,41296.072070651
2013-12-02,273.954,275.981,266.512,266.512,60451.009185846
2013-12-03,269.207,271.894,260.646,260.646,117098.20107222
2013-12-04,260.766,263.81,255.352,261.44,54352.825896218
2013-12-05,262.45,266.846,261.091,264.485,71756.799492609
2013-12-06,267.189,267.189,261.091,264.485,87472.703374751
2013-12-09,265.837,269.756,263.746,267.189,87133.076830155
2013-12-10,264.883,267.491,260.431,265.431,53546.527321825
2013-12-11,263.977,269.621,262.801,266.179,46889.847047751
2013-12-12,264.66,264.66,257.116,261.091,98952.080582084
2013-12-13,261.782,265.551,255.009,259.072,106821.35340798
2013-12-16,259.207,263.778,256.362,257.855,68073.738297882
2013-12-17,257.855,257.855,251.631,253.196,58025.824082215
2013-12-18,252.983,261.782,251.591,257.116,92914.275344828
2013-12-19,260.391,260.47,252.306,257.004,121941.02402294
2013-12-20,252.983,263.81,252.983,257.044,314748.27126599
2013-12-23,257.712,264.485,257.712,264.485,34830.588962422
2013-12-27,265.161,265.161,260.47,262.148,54072.319527904
2013-12-30,262.45,263.746,259.246,262.188,46352.733956853
2014-01-02,260.558,263.301,259.207,261.17,29012.912041108
2014-01-03,258.666,262.737,258.459,258.459,32643.142440008
2014-01-07,257.116,257.855,248.919,249.604,136748.74136731
2014-01-08,249.056,256.362,243.521,254.342,72992.033814064
2014-01-09,255.487,259.207,250.613,254.342,60808.245995718
2014-01-10,250.422,257.084,249.801,252.306,90115.501042142
2014-01-13,255.956,258.325,252.473,255.009,82852.524492159
2014-01-14,253.665,258.364,252.983,257.307,83437.436874518
2014-01-15,258.563,260.089,253.928,260.089,145605.44692471
2014-01-16,258.976,260.431,256.362,257.044,123403.93391688
2014-01-17,258.396,258.396,252.37,257.378,95214.930715441
2014-01-20,257.084,257.378,252.402,255.352,78854.994274658
2014-01-21,256.362,260.956,253.419,259.748,56918.893122052
2014-01-22,261.608,269.088,259.748,269.088,114920.81755854
2014-01-23,268.882,272.499,264.485,269.088,116177.43577354
2014-01-24,268.222,270.058,257.855,265.551,92599.806322054
2014-01-27,260.47,263.81,250.391,255.693,156039.52910034
2014-01-28,257.552,257.712,251.837,254.342,138531.15178839
2014-01-29,255.558,259.748,253.021,256.362,112740.91829267
2014-01-30,257.044,260.431,248.689,259.748,201914.27014258
2014-01-31,257.044,267.562,252.846,267.189,180812.14083837
2014-02-03,267.022,269.898,263.531,265.161,110855.36203212
2014-02-04,259.812,263.086,257.791,259.207,129337.33543858
2014-02-05,262.45,263.126,259.246,259.748,97974.710859303
2014-02-06,259.812,270.232,258.125,269.898,198195.9884173
2014-02-07,269.898,271.894,265.837,268.222,72397.058422976
2014-02-10,267.189,268.882,263.906,266.846,46518.773600878
2014-02-11,266.846,275.313,264.254,269.017,218459.11436875
2014-02-12,273.913,281.387,270.631,278.764,179335.39430743
2014-02-13,278.692,282.977,273.127,280.712,102100.54443809
2014-02-14,279.09,281.362,277.682,280.139,71264.969940991
2014-02-17,277.324,282.809,276.999,279.153,23059.384501955
2014-02-18,280.043,281.696,275.099,275.64,51693.675839643
2014-02-19,276.617,277.984,271.991,277.269,91647.594121095
2014-02-20,275.273,275.942,271.355,273.516,108973.57939984
2014-02-21,274.963,279.09,274.63,278.025,59468.607958702
2014-02-24,276.259,281.387,276.259,279.908,80501.554077901
2014-02-25,280.043,282.507,278.732,281.696,130542.38073384
2014-02-26,282.07,282.07,273.071,278.692,53364.135288617
2014-02-27,279.026,281.387,275.536,278.692,103031.37274551
2014-02-28,280.712,284.099,277.324,284.027,169614.52787544
2014-03-03,273,280.569,265.241,271.927,120115.84581476
2014-03-04,277.301,283.073,272.602,280.712,255558.91179951
2014-03-05,280.712,286.459,280.043,285.449,213530.75584384
2014-03-06,284.773,284.773,274.359,281.053,244630.48432008
2014-03-07,281.053,284.337,277.324,280.107,132308.43876575
2014-03-10,278.692,280.41,273.127,273.127,125817.79813569
2014-03-11,276.061,282.413,271.959,279.947,125880.69194025
2014-03-12,280.712,281.943,270.567,276.793,220986.18743577
2014-03-13,276.656,278.032,270.567,270.567,145929.97895622
2014-03-14,263.126,273.954,257.084,270.232,135406.58757811
2014-03-17,270.232,273.206,269.558,271.927,137230.50791019
2014-03-18,273.27,275.64,269.898,272.197,102905.5851364
2014-03-19,270.599,274.765,270.567,271.927,114249.11172589
2014-03-20,269.963,274.963,267.491,272.093,115201.32392685
2014-03-21,273.954,277.062,271.991,272.816,431740.81074655
2014-03-24,273.954,274.566,269.789,274.566,69559.289961466
2014-03-25,275.313,283.073,275.003,283.073,90476.511480285
2014-03-26,283.049,288.097,282.03,283.017,98318.111032173
2014-03-27,280.886,281.943,279.36,280.41,99365.921816054
2014-03-28,281.587,283.868,276.999,279.837,47337.65093618
2014-03-31,280.712,281.236,275.64,279.36,146899.80142245
2014-04-01,279.36,280.345,277.229,279.328,94752.032313918
2014-04-02,280.043,280.043,276.824,279.908,89964.55591121
2014-04-03,279.702,281.053,276.331,277.579,107134.56455466
2014-04-04,278.661,279.225,276.02,278.692,131176.35028376
2014-04-07,278.025,280.41,276.085,279.36,61988.133769165
2014-04-08,279.947,279.947,275.64,278.31,87699.121071148
2014-04-09,279.328,279.908,272.371,275.36,136523.581547
2014-04-10,277.324,277.944,273,274.901,89975.87679603
2014-04-11,273.826,273.826,264.621,271.212,77248.68650633
2014-04-14,269.621,270.463,259.748,262.148,86336.841264492
2014-04-15,262.315,264.781,258.396,260.431,108837.728782
2014-04-16,260.431,263.437,255.526,255.693,136094.64579995
2014-04-17,257.172,264.485,256.702,260.431,131785.16231184
2014-04-22,261.782,263.81,260.47,263.81,84638.708541514
2014-04-23,264.447,269.558,261.823,266.512,66296.359381165
2014-04-24,269.184,269.898,260.558,261.823,69091.360055579
2014-04-25,260.502,265.472,258.539,260.431,71192.013127708
2014-04-28,265.097,265.097,260.725,263.166,38464.592989596
2014-04-29,265.28,265.527,257.569,258.054,51838.331590119
2014-04-30,262.466,262.919,258.404,258.404,89077.753266988
2014-05-02,262.578,262.578,258.427,258.746,34040.642777215
2014-05-05,258.881,260.137,254.54,255.923,18756.190394319
2014-05-06,258.054,259.787,250.049,251.798,81017.28327525
2014-05-07,250.414,255.613,246.924,249.77,224982.45977717
2014-05-08,251.058,258.746,250.644,254.644,130039.2302974
2014-05-09,254.612,258.054,249.006,253.809,29957.57698552
2014-05-12,254.77,258.054,253.872,256.035,128275.68801769
2014-05-13,258.746,258.746,249.698,251.798,109129.55603513
2014-05-14,250.47,253.913,250.47,253.38,63947.90471909
2014-05-15,253.189,257.212,245.779,248.037,72755.553108938
2014-05-16,249.215,250.334,243.577,244.213,63349.15569973
2014-05-19,246.225,246.225,239.896,241.049,138744.99072388
2014-05-20,241.017,246.924,241.017,244.492,117891.9208857
2014-05-21,245.922,258.715,244.141,254.572,99999.891365966
2014-05-22,256.631,265.36,255.964,265.28,179784.45607195
2014-05-23,265.494,268.31,262.26,266.361,90940.6677579
2014-05-26,267.626,269.176,262.919,262.919,24536.131032901
2014-05-27,262.332,264.899,256.312,259.382,39370.263775184
2014-05-28,258.054,261.838,255.272,255.478,59749.114327015
2014-05-29,255.892,260.097,253.976,259.095,86239.984805477
2014-05-30,260.495,260.495,253.872,254.572,199110.46433553
2014-06-02,256.003,258.054,254.683,258.054,74463.748840645
2014-06-03,259.819,264.176,258.824,263.366,76687.673769702
2014-06-04,262.291,267.514,261.146,267.093,93731.89480404
2014-06-05,267.061,274.749,265.463,269.876,74556.831671387
2014-06-06,272.666,277.905,272.483,276.824,96905.516181872
2014-06-09,278.215,278.215,270.886,271.195,36937.531415007
2014-06-10,271.966,273.596,268.166,273.358,72171.898602671
2014-06-11,273.358,273.358,264.375,266.401,101406.19683581
2014-06-12,268.349,268.349,260.001,261.528,105418.8215664
2014-06-13,261.942,263.404,258.284,260.519,55996.869947279
2014-06-16,258.325,259.787,252.378,257.354,136610.37499728
2014-06-17,259.27,264.145,257.879,259.581,104730.76334457
2014-06-18,262.824,262.824,257.387,257.705,198953.22982414
2014-06-20,257.354,263.054,254.293,261.775,223295.64793901
2014-06-23,262.578,262.784,255.374,256.488,140104.75477836
2014-06-24,258.643,258.643,254.707,257.315,90531.858028294
2014-06-25,255.272,261.528,253.913,254.572,45523.793612822
2014-06-26,257.354,257.354,245.74,250.334,108622.63197042
2014-06-27,249.365,254.365,247.616,252.481,102430.10797396
2014-06-30,254.572,258.746,253.189,256.655,65028.420281342
2014-07-01,255.613,258.149,252.139,255.964,78745.559054734
2014-07-02,254.644,259.095,249.039,252.695,67403.290341329
2014-07-03,252.831,254.159,247.974,250.986,61828.383505595
2014-07-04,250.414,255.821,248.348,251.241,55907.560744811
2014-07-07,251.304,256.449,251.304,255.272,56769.205867212
2014-07-08,256.416,256.416,246.153,246.153,63448.527910926
2014-07-09,246.359,250.153,245.079,246.749,50747.753019139
2014-07-10,248.975,249.006,241.382,243.131,120626.54350774
2014-07-11,243.483,249.873,242.059,242.059,120895.72899124
2014-07-14,243.442,247.171,242.885,247.171,51874.80999676
2014-07-15,246.853,247.616,243.832,244.141,47483.564562747
2014-07-16,245.326,246.574,239.062,239.96,89017.375214615
2014-07-17,239.96,244.969,239.96,244.825,66020.884517216
2014-07-18,242.059,246.924,242.059,246.924,63090.033224964
2014-07-21,246.924,251.655,245.526,251.655,53508.791039093
2014-07-22,251.655,254.508,251.655,254.23,60498.808477308
2014-07-23,254.198,257.53,251.798,257.148,48969.116226331
2014-07-24,258.054,258.715,255.025,258.404,50259.697095795
2014-07-25,254.954,257.354,249.11,249.698,39464.604482016
2014-07-28,249.698,257.672,249.698,255.272,51171.657261838
2014-07-29,255.303,255.892,249.325,249.698,51137.694607378
2014-07-30,249.913,250.049,242.392,243.521,87095.340547422
2014-07-31,244.141,248.697,244.141,246.892,72691.401428292
2014-08-01,250.049,256.655,243.792,250.955,106394.93341309
2014-08-04,255.272,256.52,251.019,255.613,71714.031705512
2014-08-05,254.016,256.241,250.882,254.914,51297.444870948
2014-08-06,253.602,255.613,246.574,246.574,76804.656246173
2014-08-07,248.323,248.904,240.659,245.182,49986.737984026
2014-08-08,244.825,247.576,244.825,244.825,49482.329671497
2014-08-11,243.442,253.189,243.099,252.204,75022.245825092
2014-08-12,249.006,251.472,246.503,249.499,58993.130796267
2014-08-13,249.698,254.198,246.297,254.198,102652.75204209
2014-08-14,252.481,259.653,249.365,259.653,80965.710355516
2014-08-18,257.633,261.106,257.354,261.106,58220.794876335
2014-08-19,258.746,260.788,252.179,256.592,117616.44602175
2014-08-20,255.272,258.715,254.572,256.655,35946.325055224
2014-08-21,257.354,258.746,254.261,256.202,49541.449847779
2014-08-22,257.354,258.023,253.355,253.355,45956.502988158
2014-08-25,254.572,257.282,253.523,255.964,46901.167932571
2014-08-26,256.655,258.054,252.831,257.212,68687.581830337
2014-08-27,256.035,259.095,256.035,257.004,110002.52204235
2014-08-28,256.631,256.655,250.414,252.695,84901.604644553
2014-08-29,254.572,258.054,253.355,257.705,193129.26352237
2014-09-01,259.095,262.642,257.497,262.642,56079.889769291
2014-09-02,262.919,265.908,260.829,265.908,70322.820748761
2014-09-03,264.303,270.956,264.303,270.956,163102.50335184
2014-09-04,270.567,283.797,270.567,278.58,264081.02231668
2014-09-05,277.531,281.387,272.03,280.306,159288.62304364
2014-09-08,280.306,283.367,274.042,279.582,159062.20534725
2014-09-09,278.121,284.241,275.441,284.241,122553.6096793
2014-09-10,283.797,284.058,276.864,280.306,174760.49896411
2014-09-11,280.306,281.49,275.64,276.656,114710.75225132
2014-09-12,278.175,278.175,269.462,269.596,200390.98219626
2014-09-15,271.274,276.728,268.516,275.441,125757.42008332
2014-09-16,277.118,278.215,270.44,275.441,276371.72960278
2014-09-17,278.215,281.696,276.276,278.318,104123.20919258
2014-09-18,278.295,284.273,276.974,277.603,112301.91953688
2014-09-19,279.749,288.629,279.551,283.161,1586965.4076757
2014-09-22,280.385,285.107,279.892,279.892,81559.427870512
2014-09-23,279.892,285.068,278.882,280.306,186853.71970389
2014-09-24,280.306,283.724,274.948,278.159,128669.40323421
2014-09-25,278.159,282.85,272.666,272.809,128747.39155186
2014-09-26,272.523,280.131,271.274,276.14,110226.42398657
2014-09-29,276.824,277.841,273.74,276.824,92086.592876887
2014-09-30,274.884,277.388,273.254,274.749,162521.36459776
2014-10-01,269.248,275.337,269.207,271.966,252370.19590859
2014-10-02,271.966,271.966,267.134,270.225,186549.31368985
2014-10-03,270.225,275.265,269.876,272.523,135898.41712973
2014-10-06,275.401,278.159,272.968,274.749,171560.46218837
2014-10-07,272.666,277.388,272.666,274.749,154548.9459324
2014-10-08,271.966,274.081,269.279,269.805,149922.47766934
2014-10-09,270.225,271.235,266.401,266.401,173233.43738952
2014-10-10,264.303,267.626,262.499,264.66,151411.8029612
2014-10-13,264.375,267.721,264.375,265.694,60341.573965921
2014-10-14,265.837,267.299,265.002,265.694,112900.66855624
2014-10-15,268.659,268.659,258.746,260.137,158454.65119525
2014-10-16,259.819,260.423,253.976,255.748,124432.8765594
2014-10-17,257.315,258.603,255.923,256.655,112065.43883175
2014-10-20,257.705,259.445,257.497,258.054,40074.674386197
2014-10-21,258.054,260.097,254.087,257.672,108075.4558708
2014-10-22,260.033,261.043,258.149,261.043,72051.142497925
2014-10-23,259.612,267.093,259.612,266.052,92633.768976513
2014-10-24,267.093,267.093,260.239,262.999,43486.034345248
2014-10-27,264.303,266.401,259.27,261.704,29171.404428586
2014-10-28,261.385,266.401,259.342,266.401,44502.398226852
2014-10-29,266.361,267.061,261.704,264.97,58220.794876335
2014-10-30,266.401,266.401,258.746,260.001,220596.24584753
2014-10-31,264.859,266.815,262.157,265.36,85804.759677958
2014-11-03,266.536,266.536,263.054,264.303,94811.152490199
2014-11-04,262.578,265.551,262.363,263.961,64286.273387596
2014-11-05,265.257,265.257,259.581,260.829,80683.94611111
2014-11-06,261.187,264.279,259.024,261.219,67516.499189527
2014-11-07,262.609,267.761,262.609,267.658,117959.84619462
2014-11-10,267.793,270.463,266.99,269.319,63331.545434454
2014-11-12,270.44,270.44,265.114,265.185,86470.176130147
2014-11-13,266.401,267.761,260.097,260.097,55783.031011793
2014-11-14,260.36,268.627,259.819,268.627,116089.38444716
2014-11-17,267.96,270.503,266.123,268.771,64120.233743571
2014-11-18,269.805,271.092,267.26,270.917,40204.235623581
2014-11-19,271.132,273.277,266.259,268.492,74243.620524703
2014-11-20,266.196,267.721,263.65,267.029,75885.148823582
2014-11-21,267.96,270.734,266.607,269.844,68252.356702818
2014-11-24,271.855,271.855,267.061,269.844,84125.495096346
2014-11-25,269.669,270.503,267.825,269.805,454045.46959386
2014-11-26,267.228,269.805,267.228,269.732,85280.225347972
2014-11-27,269.534,270.567,268.492,270.567,33189.060663543
2014-11-28,272.237,272.237,269.104,272.205,63712.681890056
2014-12-01,269.176,272.308,267.228,269.39,77017.237305568
2014-12-02,271.274,271.274,266.433,269.844,54985.537570038
2014-12-03,269.876,269.948,266.711,269.876,53481.117765089
2014-12-04,267.793,271.092,263.618,268.492,222871.74369631
2014-12-05,268.166,270.815,267.172,270.368,81624.83742725
2014-12-08,270.368,271.132,268.938,269.669,66033.463278127
2014-12-09,268.492,270.527,268.072,269.534,162645.89433077
2014-12-10,267.793,271.092,267.093,268.691,113576.14801716
2014-12-11,267.134,269.565,261.742,262.578,84164.489255171
2014-12-12,263.166,263.166,257.848,259.541,59095.018759646
2014-12-15,260.788,262.466,256.695,259.516,86300.36285785
2014-12-16,257.601,259.239,243.442,252.139,149199.19891697
2014-12-17,251.511,261.425,249.77,257.044,89071.463886533
2014-12-18,259.445,262.864,253.944,262.864,103884.21273527
2014-12-19,260.963,262.084,255.414,261.004,171825.87404359
2014-12-22,258.603,261.528,253.38,257.354,74415.949549184
2014-12-23,261.075,262.084,255.693,260.829,85081.480925579
2014-12-29,255.374,260.829,251.973,257.848,50938.950184986
2014-12-30,257.148,261.004,252.737,260.829,60380.568124746
2015-01-02,260.868,261.942,257.53,257.705,21324.773372334
2015-01-05,256.449,258.149,249.15,249.499,44491.077342032
2015-01-07,250.509,251.757,248.037,249.698,87897.86549354
2015-01-08,250.334,262.919,250.334,261.528,111013.85441959
2015-01-09,261.775,261.775,258.603,260.495,55059.752259414
2015-01-12,260.788,260.788,255.78,257.569,29202.851330863
2015-01-13,259.382,263.618,257.148,260.551,100986.06622138
2015-01-14,260.495,262.578,258.125,261.528,63979.351621368
2015-01-15,261.528,264.032,237.885,243.442,408155.63403852
2015-01-16,243.299,243.442,237.988,241.344,198494.1050509
2015-01-19,241.344,242.608,239.96,242.059,84089.016689705
2015-01-20,244.031,244.031,236.589,236.589,47215.636955345
2015-01-21,237.217,239.483,234.681,235.793,92262.69552964
2015-01-22,237.885,237.885,231.215,231.215,131154.96639021
2015-01-23,232.313,239.268,232.313,238.673,92432.508801938
2015-01-26,238.617,238.617,235.341,235.793,46189.210065011
2015-01-27,235.484,244.73,232.877,235.27,81761.945921179
2015-01-28,235.27,239.721,232.042,238.338,95214.930715441
2015-01-29,238.338,239.96,233.767,239.96,30117.327249089
2015-01-30,239.96,239.96,237.186,239.96,61329.006697431
2015-02-02,237.217,240.485,237.217,240.485,49306.227018744
2015-02-03,241.344,242.019,224.664,229.538,97369.672459486
2015-02-04,229.538,235.341,222.78,235.341,165079.88456704
2015-02-05,234.887,236.446,228.854,236.446,127112.15263343
2015-02-06,235.102,236.414,233.075,234.189,54079.86678445
2015-02-09,235.793,235.793,228.281,229.641,61994.42314962
2015-02-10,230.794,230.818,226.891,229.467,59067.345485641
2015-02-11,230.794,230.794,227.456,228.854,48996.789500335
2015-02-12,229.538,230.651,226.891,228.139,59040.930087729
2015-02-13,229.538,229.704,225.888,227.24,41122.48517008
2015-02-16,227.971,229.18,226.532,228.854,61745.363683584
2015-02-17,228.854,232.113,227.654,229.18,37570.243088827
2015-02-18,229.57,230.531,225.355,228.814,30461.98529805
2015-02-19,229.18,230.023,228.592,228.592,64605.773914734
2015-02-20,228.814,229.148,225.355,227.796,27801.577365384
2015-02-23,228.107,230.928,227.456,230.928,55813.220037979
2015-02-24,230.229,230.531,226.82,227.24,50449.63638555
2015-02-25,227.456,229.847,226.858,228.775,39972.786422818
2015-02-26,223.973,232.313,221.986,232.313,130988.92674618
2015-02-27,232.249,237.121,229.18,233.012,167130.22259553
2015-03-02,232.456,232.765,230.301,231.898,53993.073334164
2015-03-03,231.898,232.59,230.364,231.62,38610.506616163
2015-03-04,232.313,233.879,230.261,233.012,98974.722351724
2015-03-05,232.384,239.237,232.384,238.576,443722.08051424
2015-03-06,238.576,239.062,235.127,235.127,46347.702452489
2015-03-09,233.012,237.885,233.012,233.075,32823.018721034
2015-03-10,233.012,233.29,228.21,228.488,153138.86683428
2015-03-11,230.158,232.217,226.405,228.354,135531.11731113
2015-03-12,229.538,232.559,228.354,230.229,57362.923382208
2015-03-13,230.229,231.032,227.621,227.796,74693.940165316
2015-03-16,227.939,229.005,226.82,227.026,44131.324779979
2015-03-17,227.456,228.568,226.127,228.313,33687.179595617
2015-03-18,228.632,233.91,227.686,231.072,57712.612935533
2015-03-19,234.403,241.296,233.394,241.296,107342.11410969
2015-03-20,241.709,241.709,238.013,238.576,216554.68996683
2015-03-23,239.165,245.326,238.299,245.326,32184.017666759
2015-03-24,245.15,245.326,240.247,242.234,90500.411126017
2015-03-25,239.96,242.13,239.92,241.344,93095.409501946
2015-03-26,240.659,240.659,224.037,233.64,93311.764189614
2015-03-27,233.679,237.186,231.62,232.662,93281.575163427
2015-03-30,234.403,238.711,232.798,238.711,57819.532403276
2015-03-31,238.649,240.206,236.525,239.96,81009.736018705
2015-04-01,239.833,241.185,234.784,236.002,41040.723224159
2015-04-02,237.67,237.67,234.784,236.002,23435.489453192
2015-04-07,236.414,242.059,235.793,237.186,69643.567659569
2015-04-08,237.186,243.887,237.186,243.521,83558.192979262
2015-04-09,243.099,249.667,243.06,248.975,81467.602915863
2015-04-10,249.15,250.914,246.995,249.006,67043.537779275
2015-04-13,247.226,248.013,240.977,244.141,20885.774616542
2015-04-14,243.442,248.181,242.13,248.181,53765.397761676
2015-04-15,245.565,259.445,245.565,257.99,116670.52320125
2015-04-16,257.958,264.556,257.919,264.556,120352.32651988
2015-04-17,264.303,264.66,254.055,256.734,147825.5982255
2015-04-20,259.445,266.536,256.734,264.247,196774.58843437
2015-04-21,266.919,267.761,261.106,263.309,61606.997313563
2015-04-22,261.106,264.303,260.32,262.919,57235.877897008
2015-04-23,263.618,268.492,261.496,268.492,41714.944808985
2015-04-24,267.586,267.586,262.219,262.919,50902.471778344
2015-04-27,262.26,264.303,262.157,262.578,65218.359571096
2015-04-28,264.303,265.185,256.655,256.655,58908.853098164
2015-04-29,256.655,260.065,254.572,257.879,74698.97166968
2015-04-30,257.919,260.686,254.572,258.603,84652.545178515
2015-05-04,260.551,260.646,256.798,256.941,49277.295868649
2015-05-05,255.272,259.93,255.272,258.054,45107.436626669
2015-05-06,258.023,261.458,256.559,261.458,45686.059628573
2015-05-07,258.746,262.125,258.746,262.125,33185.28703527
2015-05-08,262.537,265.669,259.859,265.669,49097.419587623
2015-05-11,264.342,265.321,260.551,260.551,27234.275248299
2015-05-12,260.551,260.788,256.312,257.354,31656.96758459
2015-05-13,257.601,260.622,256.631,258.26,26787.729235961
2015-05-14,258.547,261.704,257.084,261.528,33620.512162788
2015-05-15,261.528,261.528,257.601,259.962,35868.336737576
2015-05-18,261.458,264.303,260.551,263.032,37745.08786549
2015-05-19,264.001,264.145,261.353,263.27,18064.358544216
2015-05-20,258.054,258.746,251.87,251.87,197653.84382204
2015-05-21,253.642,254.159,252.1,253.189,44265.917521727
2015-05-22,253.642,254.81,249.006,249.039,124279.41567628
2015-05-25,244.825,244.825,239.38,240.556,84296.566244736
2015-05-26,240.763,241.741,234.586,235.793,131666.92195929
2015-05-27,236.486,241.598,236.383,238.013,75053.69272737
2015-05-28,238.013,242.854,234.403,234.403,40185.367482214
2015-05-29,235.555,238.576,235.127,236.486,98853.966246978
2015-06-01,236.486,244.634,235.158,244.634,41662.11401316
2015-06-02,243.442,243.442,234.403,234.968,70032.251371718
2015-06-03,236.279,237.814,226.748,227.971,92263.953405731
2015-06-05,224.871,229.88,224.037,224.84,81209.738317189
2015-06-08,225.467,231.723,225.324,225.324,36246.957440996
2015-06-09,225.498,230.023,225.498,227.868,68586.95174305
2015-06-10,228.17,233.942,228.17,229.538,85543.121451011
2015-06-11,226.198,230.062,226.198,229.116,60630.885466873
2015-06-12,229.148,229.704,226.198,226.198,27645.600730087
2015-06-15,225.707,229.815,225.707,227.654,31656.96758459
2015-06-16,226.23,232.313,225.953,230.928,39701.085187143
2015-06-17,232.908,234.403,222.581,223.345,71286.35383454
2015-06-18,223.997,233.29,220.26,233.012,72023.469223921
2015-06-19,233.012,233.64,223.384,223.862,132777.62654772
2015-06-22,227.621,233.711,225.888,233.711,30906.015558206
2015-06-23,233.679,233.679,228.973,228.973,29270.776639782
2015-06-24,231.581,232.941,228.107,232.313,32716.099253291
2015-06-25,232.185,236.486,231.072,232.456,74861.237685431
2015-06-26,230.953,234.617,230.476,233.497,65812.077086094
2015-06-29,229.57,235.754,224.982,230.928,67507.694056889
2015-06-30,230.229,238.576,230.229,237.36,140289.66256374
2015-07-01,236.486,236.486,228.139,228.139,89531.846535874
2015-07-02,226.82,229.116,223.766,224.498,74682.619280497
2015-07-03,224.498,225.021,220.49,222.851,45855.87290087
2015-07-06,218.479,227.384,218.479,225.626,64482.502057806
2015-07-07,227.796,227.796,213.638,214.13,71560.570822398
2015-07-08,215.618,218.439,206.793,208.677,87545.660188034
2015-07-09,208.677,210.061,206.96,207.978,74203.368489789
2015-07-10,210.752,212.239,208.137,211.452,193871.41041612
2015-07-13,212.843,215.355,212.843,214.091,65931.575314748
2015-07-14,215.618,215.618,211.102,214.576,63795.701712069
2015-07-15,215.244,216.945,212.279,215.275,53798.102540044
2015-07-16,216.69,219.37,214.926,217.008,92216.15411427
2015-07-17,218.401,219.798,217.008,217.715,54638.363768897
2015-07-20,218.018,219.171,209.575,212.111,62303.86066803
2015-07-21,211.452,212.812,204.25,204.329,71151.761092792
2015-07-22,203.835,205.37,192.563,199.343,162167.90141616
2015-07-23,196.634,202.97,194.717,202.476,144229.33048105
2015-07-24,198.652,207.381,195.139,196.848,145363.93471522
2015-07-27,196.808,196.808,189.399,194.749,94061.458339906
2015-07-28,194.749,205.878,194.717,202.405,137240.57091893
2015-07-29,205.711,214.552,201.228,210.061,292858.71152876
2015-07-30,215.387,215.387,204.288,208.677,92657.668622245
2015-07-31,210.895,212.669,207.978,209.392,91187.211471754
2015-08-03,210.061,212.079,205.95,208.113,40438.200576524
2015-08-04,208.113,211.452,205.991,211.372,42990.431165356
2015-08-05,211.452,213.399,211.316,212.008,82725.479006958
2015-08-06,205.187,208.82,191.338,197.889,396385.68745415
2015-08-07,196.848,199.971,196.49,197.889,122780.0273757
2015-08-10,201.674,201.705,198.024,201.013,30762.617683821
2015-08-11,201.674,201.999,197.786,199.002,99496.740929528
2015-08-12,199.146,199.28,195.512,195.512,63830.922242619
2015-08-13,195.512,206.721,195.512,206.721,126172.51919338
2015-08-14,207.381,207.659,200.909,201.052,41711.171180712
2015-08-17,201.013,203.041,197.54,197.714,20186.395509893
2015-08-18,196.458,199.591,195.655,199.566,65346.662932388
2015-08-19,204.837,206.276,199.623,204.837,175859.88266773
2015-08-20,205.187,206.372,201.705,203.096,322565.97117214
2015-08-21,199.623,202.754,199.623,199.757,63252.299240715
2015-08-24,196.006,196.634,189.542,191.903,194511.66934648
2015-08-25,196.148,205.267,189.884,198.199,139560.0944309
2015-08-26,196.252,203.454,196.252,201.57,100542.03596123
2015-08-27,204.694,206.308,203.175,206.308,155459.64822235
2015-08-28,207.341,212.843,204.329,210.681,73706.507433807
2015-08-31,209.154,210.752,206.158,210.752,94227.497983931
2015-09-01,207.978,209.011,205.537,206.866,88119.251685573
2015-09-02,205.601,208.042,205.012,208.042,65903.902040743
2015-09-03,206.61,214.926,206.61,214.926,74412.175920911
2015-09-04,212.843,215.618,212.843,214.751,117856.70035515
2015-09-07,215.537,216.77,210.171,210.609,86787.160905104
2015-09-08,210.061,212.7,205.878,207.978,72810.899656946
2015-09-09,210.752,211.659,205.95,205.95,66326.548407351
2015-09-10,206.992,214.926,204.599,214.926,114432.76163519
2015-09-11,214.926,217.715,213.741,216.667,261410.55137528
2015-09-14,212.953,214.227,209.424,213.876,128819.09048905
2015-09-15,214.997,215.244,211.515,213.876,60913.90758737
2015-09-16,214.894,215.244,211.276,214.894,53596.842365469
2015-09-17,214.894,216.039,210.856,213.359,132378.87982684
2015-09-18,213.256,213.503,206.793,210.061,164907.55554256
2015-09-21,210.061,216.945,209.361,214.091,93475.288081457
2015-09-22,213.543,214.512,209.051,210.752,42255.831528156
2015-09-23,211.205,212.7,207.103,207.103,30976.456619307
2015-09-24,207.135,210.895,204.25,204.519,108883.01232128
2015-09-25,205.473,211.205,205.473,205.878,57128.958429265
2015-09-28,206.308,206.65,201.784,203.096,48315.020658961
2015-09-29,200.323,203.136,200.323,200.529,82995.922366544
2015-09-30,203.772,204.146,201.928,204.146,139743.7443402
2015-10-01,204.146,205.117,202.508,203.24,185893.9602464
2015-10-02,203.796,204.496,200.671,201.228,65308.926649656
2015-10-05,202.476,213.439,201.999,211.691,76995.85341202
2015-10-06,209.464,216.945,209.424,216.596,84964.498449107
2015-10-07,216.945,217.224,212.953,213.146,93206.102597961
2015-10-08,212.843,217.644,212.843,216.945,39696.053682777
2015-10-09,217.008,220.387,215.387,219.314,51370.401684231
2015-10-12,220.49,221.842,216.357,218.726,32161.375897118
2015-10-13,216.079,220.181,216.079,219.314,42279.731173888
2015-10-14,216.634,219.862,216.254,218.543,35181.536391838
2015-10-15,220.49,225.292,219.728,222.693,41439.469945035
2015-10-16,223.266,223.973,220.49,220.49,30953.814849667
2015-10-19,220.49,221.739,218.018,219.592,60868.62404809
2015-10-20,217.715,221.19,217.715,220.149,62607.008805984
2015-10-21,221.707,221.707,218.082,218.892,54224.522534925
2015-10-22,220.452,221.19,217.819,218.503,98379.746960636
2015-10-23,219.314,221.54,218.543,219.862,113666.71509571
2015-10-26,216.325,226.047,216.222,221.19,145082.17047082
2015-10-27,221.882,222.057,218.018,219.37,88578.376458823
2015-10-28,217.715,220.984,217.715,219.339,76677.610760972
2015-10-29,219.339,220.419,210.092,212.74,135588.97961131
2015-10-30,213.081,217.676,212.008,216.802,77540.513759464
2015-11-02,216.945,219.449,214.13,216.802,53030.798124476
2015-11-03,214.965,215.721,213.599,214.227,68281.287852913
2015-11-04,212.882,217.534,209.09,211.276,65681.25797262
2015-11-05,211.452,212.812,209.671,209.743,49029.494278703
2015-11-06,208.701,211.182,203.343,204.146,141463.26095673
2015-11-09,203.073,207.946,199.623,202.063,94593.53992644
2015-11-10,201.705,203.796,198.652,198.652,47011.861028587
2015-11-12,198.239,201.959,191.982,194.551,79007.197281681
2015-11-13,194.582,198.239,186.616,187.109,69751.745003404
2015-11-16,184.296,192.594,182.236,188.938,71397.046930556
2015-11-17,190.583,196.49,188.604,196.29,60056.036093242
2015-11-18,194.161,196.776,193.532,195.321,64042.245425922
2015-11-19,193.373,196.808,193.373,195.457,54520.123416333
2015-11-20,196.108,196.148,190.194,194.018,44436.988670116
2015-11-23,193.707,193.707,184.462,186.933,71691.389935872
2015-11-24,186.577,187.554,180.774,183.389,47994.262255732
2015-11-25,184.359,186.544,182.236,184.915,39572.781825851
2015-11-26,186.687,187.244,185.01,187.077,37997.920959799
2015-11-27,187.077,188.778,181.712,185.082,55045.915622411
2015-11-30,185.01,187.006,181.265,181.265,199933.1152991
2015-12-01,181.297,184.74,178.134,179.597,68510.221301493
2015-12-02,178.761,182.863,178.062,182.753,56726.438080115
2015-12-03,180.145,182.935,178.197,180.288,48376.656587425
2015-12-04,182.195,191.204,174.587,190.933,118105.75982119
2015-12-07,189.256,191.036,185.121,185.121,70034.7671239
2015-12-08,185.153,188.286,176.019,179.072,82355.663436176
2015-12-09,178.761,179.421,175.319,176.321,106306.88208672
2015-12-10,178.412,186.855,178.412,186.855,206299.22619613
2015-12-11,187.769,190.448,180.494,182.935,250415.45646302
2015-12-14,182.65,184.915,182.65,184.668,96116.827872756
2015-12-15,182.991,189.224,182.991,188.151,131372.57895397
2015-12-16,188.938,198.787,184.573,191.584,115815.16745931
2015-12-17,193.23,200.323,191.283,195.099,111587.44591713
2015-12-18,190.718,199.9,190.614,196.744,230122.14148538
2015-12-21,198.239,203.375,195.695,198.405,82681.45334377
2015-12-22,198.239,200.64,192.665,198,73389.52265885
2015-12-23,196.848,199.487,195.17,196.848,42527.532763833
2015-12-28,196.332,203.041,196.332,198.51,43000.494174085
2015-12-29,198.51,201.57,198.437,199.456,66515.229821016
2015-12-30,199.343,201.642,197.54,197.54,83195.924665027
2016-01-04,193.373,196.665,190.234,190.87,64190.674804672
2016-01-05,190.87,192.665,185.749,188.357,149391.65395891
2016-01-07,184.327,184.978,177.815,180.924,252615.48174635
2016-01-08,180.948,182.339,171.837,180.845,138156.30471324
2016-01-11,177.362,181.226,177.362,180.145,57501.289752228
2016-01-12,181.855,187.737,181.083,184.008,68263.677587638
2016-01-13,186.068,186.068,181.893,184.112,100126.93685117
2016-01-14,181.925,184.978,180.845,184.978,148836.93060273
2016-01-15,182.236,183.46,173.3,173.3,97570.932634061
2016-01-18,173.896,174.27,161.685,161.685,129875.70640557
2016-01-19,166.24,167.417,162.624,162.624,68613.367140963
2016-01-20,162.416,173.116,158.728,163.903,144611.72481275
2016-01-21,164.125,169.715,153.02,163.45,191260.059651
2016-01-22,164.873,170.414,164.149,169.612,77460.009689634
2016-01-25,169.031,172.458,164.285,166.272,75384.514139327
2016-01-26,164.325,165.27,160.667,165.199,135152.49660771
2016-01-27,166.932,172.458,166.932,167.735,146147.59151997
2016-01-28,168.609,180.845,168.609,177.474,151869.66985836
2016-01-29,178.062,181.608,176.298,181.265,158901.19720759
2016-02-01,182.268,182.307,177.299,180.988,135547.46970031
2016-02-02,182.268,185.082,175.518,177.713,136269.4905766
2016-02-03,177.259,182.578,173.825,180.05,92597.290569872
2016-02-04,181.64,187.077,179.565,184.74,138807.88452844
2016-02-05,185.678,186.266,182.935,183.596,47720.045267874
2016-02-08,183.206,183.206,177.401,178.062,46837.016251925
2016-02-09,179.032,183.174,174.897,179.279,80354.382575244
2016-02-10,180.845,183.286,176.671,176.671,111333.35494673
2016-02-11,175.113,180.661,172.536,179.135,75217.216619212
2016-02-12,177.784,182.935,177.784,180.566,70095.145176272
2016-02-15,182.935,184.175,181.925,184.175,40714.933316564
2016-02-16,184.851,189.161,184.152,187.038,41655.824632704
2016-02-17,186.402,201.507,186.402,201.364,144126.18464158
2016-02-18,201.364,205.117,194.097,197.714,97423.761131404
2016-02-19,197.54,200.807,192.88,196.848,75487.659978797
2016-02-22,198.279,201.705,196.252,196.808,58791.870621692
2016-02-23,195.17,202.23,194.821,200.425,48765.340299573
2016-02-24,200.323,202.405,198.199,200.529,93580.949673108
2016-02-25,201.538,201.538,196.951,199.971,48174.138536758
2016-02-26,202.405,202.794,192.738,193.334,89339.391493935
2016-02-29,192.252,194.717,189.295,190.933,151858.34897354
2016-03-01,190.933,192.117,186.895,191.418,69023.434746659
2016-03-02,193.508,200.25,188.532,200.25,112384.93935889
2016-03-03,201.705,206.92,198.923,206.92,111559.77264313
2016-03-04,206.904,206.92,199.861,201.705,57116.379668354
2016-03-07,203.073,207.199,199.694,206.578,43000.494174085
2016-03-08,203.835,209.361,203.835,206.332,62540.341373155
2016-03-09,205.226,206.055,198.469,198.469,108540.8700245
2016-03-10,198.923,206.507,197.714,203.796,95311.787174456
2016-03-11,206.96,207.978,203.97,207.978,41286.009061923
2016-03-14,207.978,214.926,206.721,212.994,108431.43480458
2016-03-15,207.771,211.762,207.414,210.203,86159.480735648
2016-03-16,210.752,210.752,203.772,203.772,78326.686316398
2016-03-17,205.187,211.691,201.705,210.41,75215.958743121
2016-03-18,209.607,210.752,203.24,204.631,211025.06667039
2016-03-21,205.473,207.588,196.332,197.54,122923.42525008
2016-03-22,199.423,200.323,193.437,198.239,162008.15115259
2016-03-23,200.671,203.272,195.695,199.026,110696.86964464
2016-03-24,200.282,203.096,196.705,202.23,58980.552035356
2016-03-29,203.629,206.92,199.066,206.92,57736.512581263
2016-03-30,207.906,212.04,206.133,210.482,64246.02135268
2016-03-31,211.038,214.552,209.424,213.463,138192.78311989
2016-04-01,210.092,211.452,204.981,208.677,69476.270139453
2016-04-04,208.677,212.812,207.27,212.7,32362.636071693
2016-04-05,210.41,210.681,205.537,205.569,33894.729150648
2016-04-06,205.226,210.061,205.226,207.135,37784.082024313
2016-04-07,206.332,209.846,200.393,203.518,40240.714030222
2016-04-08,200.871,207.516,200.695,206.833,71859.945332078
2016-04-11,207.27,208.454,203.096,204.329,29687.133625935
2016-04-12,204.496,204.496,201.364,202.405,51298.702747039
2016-04-13,205.187,205.537,203.454,204.496,75693.951657737
2016-04-14,204.146,206.276,203.096,204.496,63362.992336731
2016-04-15,204.496,204.496,199.248,200.393,59471.123710883
2016-04-18,203.772,203.772,198.589,198.693,109348.42647499
2016-04-19,201.013,201.642,199.026,200.323,107676.70914992
2016-04-20,199.623,201.538,193.684,200.504,166706.31835282
2016-04-21,202.374,205.084,198.27,201.53,99896.745526497
2016-04-22,201.991,202.405,198.469,201.013,143562.65615277
2016-04-25,200.259,201.013,197.54,198.923,51596.819380628
2016-04-26,198.923,200.95,196.848,199.933,30860.732018926
2016-04-27,199.352,200.632,191.314,193.017,71954.28603891
2016-04-28,196.919,200.465,194.875,194.875,112091.85422966
2016-04-29,196.308,199.519,192.285,193.747,100340.77578665
2016-05-02,192.213,199.582,191.267,197.428,26650.620742032
2016-05-04,195.679,200.688,191.927,194.804,97158.349276183
2016-05-05,194.144,194.478,187.387,187.579,39052.021124138
2016-05-06,187.579,195.567,187.579,194.693,127957.44536665
2016-05-09,193.747,194.033,189.215,189.215,49216.917816277
2016-05-10,189.407,191.044,185.496,186.553,45055.863706934
2016-05-11,186.553,192.571,185.496,189.804,88466.425486716
2016-05-12,190.83,191.331,188.015,188.015,32363.893947785
2016-05-13,187.579,194.837,187.579,191.227,100110.58446198
2016-05-16,195.791,196.999,193.962,196.196,50177.935149873
2016-05-17,196.665,196.665,194.184,195.567,106476.69535901
2016-05-18,195.901,198.167,193.787,198.167,105774.80050018
2016-05-19,198.167,198.167,187.221,187.221,52214.436541356
2016-05-20,191.187,196.044,185.568,191.736,56599.392594914
2016-05-23,192.173,196.116,188.961,193.747,38618.05387271
2016-05-24,195.019,197.54,193.93,195.83,70178.164998285
2016-05-25,197.039,199.908,196.339,198.923,51369.14380814
2016-05-27,197.039,200.688,189.876,191.927,122567.4463163
2016-05-30,191.966,196.959,191.267,193.596,19748.654630192
2016-05-31,194.447,198.749,187.69,188.269,144914.87295069
2016-06-01,191.187,191.187,181.059,182.108,57634.624617884
2016-06-02,181.338,188.851,180.24,186.33,56401.906048611
2016-06-03,181.703,195.21,181.703,195.21,52081.1016757
2016-06-06,194.335,195.321,187.984,189.693,22172.581857733
2016-06-07,191.624,198.447,190.098,197.801,96014.939909377
2016-06-08,198.414,198.414,193.017,194.105,49987.995860118
2016-06-09,193.048,195.21,190.137,194.551,46171.599799736
2016-06-10,195.465,195.465,189.804,190.464,71898.939490902
2016-06-13,189.876,194.693,189.367,192.356,22565.039198154
2016-06-14,193.389,194.144,189.446,194.105,78873.862416025
2016-06-15,195.529,195.529,186.846,191.155,90345.692366811
2016-06-16,189.002,189.367,185.718,185.861,59178.038581659
2016-06-17,187.618,191.084,186.091,190.169,151655.83092288
2016-06-20,191.267,200.354,190.202,198.485,36912.373893185
2016-06-21,194.105,198.485,194.105,196.776,67561.782728807
2016-06-22,198.128,203.262,195.718,202.508,84257.572085911
2016-06-23,202.135,212.39,201.117,211.626,56828.326043492
2016-06-24,186.122,199.837,181.703,199.837,152751.44099822
2016-06-27,197.039,197.039,189.907,191.927,91168.343330387
2016-06-28,196.308,196.308,188.715,194.837,81705.34149708
2016-06-29,196.228,196.228,189.947,194.184,83462.59439634
2016-06-30,193.048,194.837,189.764,191.736,44935.107602188
2016-07-01,194.256,194.256,186.815,188.269,77042.39482739
2016-07-04,186.091,194.256,181.123,191.41,103521.94442103
2016-07-05,192.953,194.725,188.269,188.421,64364.261705243
2016-07-06,188.269,189.733,183.198,183.198,106474.17960683
2016-07-07,186.815,193.238,184.629,192.468,94075.294976908
2016-07-08,192.61,199.289,191.584,194.407,83860.083241125
2016-07-11,199.837,200.688,195.131,199.407,74711.550430591
2016-07-12,197.611,201.847,195.21,201.847,82616.043787032
2016-07-13,201.261,203.262,199.869,202.428,167367.96117674
2016-07-14,202.54,202.54,196.776,198.636,57239.651525281
2016-07-15,195.567,201.999,195.567,200.688,86989.67895577
2016-07-18,200.688,209.361,200.688,209.361,85520.479681371
2016-07-19,209.433,209.433,204.471,205.784,84473.92677358
2016-07-20,207.978,209.075,202.873,205.784,81117.913362538
2016-07-21,204.337,209.91,203.231,208.844,49315.032151382
2016-07-22,205.314,209.392,203.231,204.297,53332.688386339
2016-07-25,205.434,211.515,205.434,208.709,73878.836458286
2016-07-26,208.677,208.677,201.697,204.337,69529.10093528
2016-07-27,205.824,207.063,203.891,205.784,85178.337384593
2016-07-28,204.368,206.666,204.368,206.666,46638.271829532
2016-07-29,206.816,206.816,203.963,204.337,109695.60027613
2016-08-01,205.02,206.992,204.448,206.514,67220.89830812
2016-08-02,210.712,231.326,209.726,219.831,259647.00909557
2016-08-03,219.656,223.956,214.178,214.178,121966.18154476
2016-08-04,214.25,224.028,214.25,224.028,88385.921416886
2016-08-05,223.185,228.147,220.452,224.394,113164.82253537
2016-08-08,224.505,229.688,220.452,223.997,69551.742704919
2016-08-09,224.028,228.592,222.693,228.377,72453.662847076
2016-08-10,226.191,227.391,224.171,227.311,44470.951324575
2016-08-11,227.677,229.801,225.896,229.801,97466.528918501
2016-08-12,227.026,231.772,227.026,231.23,60731.515554161
2016-08-16,230.89,232.749,228.416,232.066,73847.389556008
2016-08-17,231.947,233.521,229.545,231.326,782377.54476758
2016-08-18,231.358,231.581,227.677,230.341,45883.546174875
2016-08-19,232.066,232.066,226.954,227.026,25599.036329876
2016-08-22,226.954,231.652,226.436,228.416,35460.784884061
2016-08-23,227.718,233.521,227.718,230.38,55349.063760365
2016-08-24,229.688,232.495,228.441,230.96,54956.606419943
2016-08-25,232.066,232.066,229.283,231.326,82738.057767869
2016-08-26,231.692,231.947,230.118,230.595,35327.450018405
2016-08-29,230.595,232.782,230.595,231.326,137892.15073411
2016-08-30,231.326,236.398,231.326,234.905,103347.09964437
2016-08-31,233.521,236.081,232.932,234.244,74788.280872148
2016-09-01,234.244,234.435,227.462,233.481,86266.400203391
2016-09-02,229.617,236.287,229.617,233.521,91636.273236275
2016-09-05,233.703,234.983,232.137,232.137,48077.282077745
2016-09-06,233.521,234.617,232.464,234.101,141722.38343149
2016-09-07,234.14,235.858,233.449,234.244,78812.226487561
2016-09-08,234.284,238.188,233.95,234.943,181046.10579131
2016-09-09,234.983,235.302,228.441,229.865,354707.22105181
2016-09-12,226.302,227.24,218.916,225.125,171926.50413087
2016-09-13,224.791,227.677,222.971,224.76,87699.121071148
2016-09-14,224.028,229.865,223.703,226.262,54806.919165103
2016-09-15,226.581,228.671,225.817,226.581,39624.354745586
2016-09-16,226.222,227.645,224.76,226.581,198368.31744179
2016-09-19,228.416,229.467,225.817,226.612,33391.57871421
2016-09-20,226.652,228.416,224.911,228.416,32053.198553285
2016-09-21,227.939,228.416,225.491,228.035,97680.367853987
2016-09-22,228.416,234.905,228.416,233.879,118769.91839729
2016-09-23,233.194,235.189,231.947,234.435,164770.44704864
2016-09-26,233.561,234.395,230.676,233.521,74876.332198525
2016-09-27,232.782,234.793,229.865,232.782,108510.68099832
2016-09-28,234.721,234.943,229.656,230.89,107801.23888294
2016-09-29,230.89,232.209,226.541,229.132,64922.758689689
2016-09-30,226.262,230.523,226.191,226.994,125253.0117708
2016-10-03,227.574,233.219,226.509,232.861,40113.668545022
2016-10-04,233.481,234.14,228.266,232.025,88562.024069639
2016-10-05,231.835,232.749,227.718,231.509,89489.078748776
2016-10-06,230.118,236.327,230.118,233.194,77058.747216575
2016-10-07,233.075,233.075,227.971,228.592,45086.05273312
2016-10-10,230.595,231.542,227.24,228.671,69085.070675124
2016-10-11,229.506,230.451,227.677,227.677,51946.508933953
2016-10-12,227.311,231.302,226.509,230.412,70700.183576089
2016-10-13,228.822,231.191,228.266,229.801,111527.06786476
2016-10-14,227.868,236.725,227.868,231.326,151853.31746918
2016-10-17,231.326,234.833,228.592,232.424,121528.44066506
2016-10-18,232.718,234.721,227.2,228.989,121094.47341363
2016-10-19,228.416,228.822,222.351,224.585,105832.66280037
2016-10-20,224.505,226.222,223.447,225.745,100043.91702915
2016-10-21,226.222,227.718,222.136,222.136,145932.4947084
2016-10-24,222.574,229.467,222.574,226.222,121842.90968783
2016-10-25,226.222,232.066,226.222,231.326,67378.132819507
2016-10-26,230.237,234.546,226.222,228.416,38049.493879534
2016-10-27,228.416,230.818,227.311,230.492,86143.128346463
2016-10-28,230.054,233.075,228.441,232.932,42171.553830053
2016-10-31,232.972,234.721,229.251,231.326,62627.13482344
2016-11-02,229.903,231.262,223.043,224.719,99530.703583988
2016-11-03,224.871,225.666,222.503,224.394,135607.84775268
2016-11-04,223.297,227.971,222.613,224.394,98881.639520983
2016-11-07,229.061,229.061,219.728,222.271,78371.969855678
2016-11-08,224.76,228.01,222.693,227.789,73716.570442535
2016-11-09,224.028,226.04,221.842,224.028,87802.266910618
2016-11-10,224.243,227.462,221.842,221.842,85232.42605651
2016-11-14,225.778,225.778,217.684,217.835,131741.13664866
2016-11-15,218.408,221.08,217.684,217.796,54235.843419746
2016-11-16,218.225,219.211,216.627,218.042,60428.367416207
2016-11-17,216.731,219.139,209.869,209.869,111992.48201847
2016-11-18,209.075,216.985,204.337,215.275,91364.572000599
2016-11-21,217.463,218.193,211.197,212.795,73390.780534941
2016-11-22,213.376,216.667,212.35,212.35,38167.734232097
2016-11-23,212.35,214.281,207.804,208.558,141794.0823687
2016-11-24,210.171,215.856,208.749,211.698,91670.235890735
2016-11-25,214.178,214.178,207.42,207.946,113956.02659667
2016-11-28,209.035,209.035,203.629,205.283,51034.548767909
2016-11-29,206.475,209.623,205.784,209.623,112192.48431695
2016-11-30,209.798,216.516,209.798,213.486,120998.87483071
2016-12-01,210.171,213.448,210.171,212.723,33433.088625215
2016-12-02,211.666,213.448,208.049,208.264,50571.650366386
2016-12-05,210.426,216.731,208.375,216.588,46839.532004107
2016-12-06,218.193,231.262,216.444,229.617,131583.90213728
2016-12-07,229.656,233.219,222.574,233.219,202611.13349705
2016-12-08,229.865,237.822,229.865,237.527,148878.44051374
2016-12-09,237.169,237.169,233.521,235.858,179502.69182754
2016-12-12,234.244,235.706,230.595,235.23,84510.405180222
2016-12-13,235.491,241.909,235.491,241.909,151985.39445875
2016-12-14,237.901,242.242,236.55,240.818,169534.02380561
2016-12-15,241.462,241.462,234.983,237.169,79463.806302748
2016-12-16,236.51,243.005,236.51,240.079,340047.93308618
2016-12-19,238.92,238.92,233.075,235.007,77237.36562151
2016-12-20,236.398,237.822,234.061,236.081,27297.169052854
2016-12-21,236.081,238.775,234.315,234.983,83846.246604124
2016-12-22,234.061,235.858,227.789,229.132,144258.26163115
2016-12-23,229.903,232.384,225.857,227.311,69477.528015544
2016-12-27,226.954,230.118,225.857,230.118,5694.4050643873
2016-12-28,229.903,230.818,226.803,230.237,54780.50376719
2016-12-29,228.783,230.818,228.783,230.523,37548.859195279
2016-12-30,229.903,230.747,229.101,230.595,33532.460836412
2017-01-02,231,233.449,227.718,233.449,10522.13350201
2017-01-03,233.561,240.079,233.043,239.649,69185.700762411
2017-01-04,239.929,240.079,233.846,235.818,139048.13886183
2017-01-05,235.491,236.429,232.177,235.341,86850.054709659
2017-01-09,236.429,236.429,232.9,236.358,60152.892552257
2017-01-10,236.327,240.453,235.738,236.471,59601.942824357
2017-01-11,236.55,240.079,235.596,239.435,59905.090962311
2017-01-12,237.273,245.811,237.273,245.811,68223.425552723
2017-01-13,245.526,245.93,240.008,244.023,51715.059733191
2017-01-16,237.789,242.282,229.903,242.282,106446.50633283
2017-01-17,240.818,244.468,236.471,241.391,18461.847389003
2017-01-18,243.697,243.872,236.573,236.653,34818.010201511
2017-01-19,236.429,243.664,236.429,242.282,30391.544236948
2017-01-20,239.396,247.901,239.396,245.494,76432.324923209
2017-01-23,243.697,245.779,237.313,238.656,63634.693572408
2017-01-24,238.736,241.876,234.546,240.818,104406.23131307
2017-01-25,245.192,257.601,244.546,257.601,201773.38802038
2017-01-26,257.633,260.885,255.414,259.055,199749.4653898
2017-01-27,259.024,259.024,252.601,252.601,76758.114830803
2017-01-30,251.36,254.318,245.263,245.263,46647.076962169
2017-01-31,249.358,256.352,246.646,251.392,206836.33928703
2017-02-01,255.224,261.973,253.109,259.787,95082.853725876
2017-02-02,259.055,262.267,253.586,253.586,83169.509267114
2017-02-03,253.229,257.378,251.543,253.149,60458.556442393
2017-02-06,253.323,254.318,249.969,249.969,36623.062392233
2017-02-07,249.579,253.109,248.515,251.575,62874.936413387
2017-02-08,249.642,251.575,245.302,248.013,69985.709956347
2017-02-09,246.797,253.229,246.797,251.027,105367.24864667
2017-02-10,254.572,262.602,253.292,253.292,183995.82522494
2017-02-13,254.469,258.253,252.306,255.414,53872.317229419
2017-02-14,254.318,259.055,253.913,259.055,89266.434680652
2017-02-15,259.024,259.055,254.859,257.3,81867.607512831
2017-02-16,257.855,259.055,255.414,257.936,142726.16855219
2017-02-17,259.024,264.685,256.655,258.953,195091.55022448
2017-02-20,260.844,261.25,255.487,257.45,27436.793298966
2017-02-21,256.352,270.448,255.526,270.448,82944.349446808
2017-02-22,271.465,272.158,265.154,270.734,94841.341516385
2017-02-23,270.655,276.902,270.305,276.212,101652.74054966
2017-02-24,276.179,276.179,263.77,266.361,102928.22690604
2017-02-27,267.054,268.549,262.713,263.437,52642.114412328
2017-02-28,264.716,264.716,256.169,256.169,194400.97625047
2017-03-01,258.253,265.551,257.601,263.141,83648.760057822
2017-03-02,265.121,267.411,262.602,265.877,91345.703859232
2017-03-03,262.013,265.335,260.654,261.25,85622.36764475
2017-03-06,260.152,260.232,254.389,256.87,62817.074113196
2017-03-07,259.055,259.055,253.944,253.944,72897.693107232
2017-03-08,257.601,263.842,254.969,262.824,78141.778531008
2017-03-09,262.188,262.34,251.837,255.374,76449.935188485
2017-03-10,255.414,261.536,249.286,252.488,112896.89492796
2017-03-13,251.806,257.3,250.63,257.3,97080.360958534
2017-03-14,257.633,257.974,253.229,253.586,76534.212886588
2017-03-15,254.644,254.644,250.303,250.914,73607.13522261
2017-03-16,253.363,256.87,252.64,256.504,177428.45415332
2017-03-17,257.45,261.687,254.969,254.969,233606.45825772
2017-03-20,256.727,260.455,255.081,260.455,44190.444956261
2017-03-21,260.519,268.437,256.727,257.672,99689.195971466
2017-03-22,256.838,256.838,249.747,251.726,55419.504821466
2017-03-23,251.027,255.009,245.557,255.009,73086.374520896
2017-03-24,255.009,255.009,248.332,251.392,58423.312927002
2017-03-27,245.636,251.726,245.636,251.392,27165.092063289
2017-03-28,253.586,253.586,249.898,251.392,47494.885447567
2017-03-29,251.178,253.546,250.001,252.347,61981.844388709
2017-03-30,251.107,252.934,251.027,252.934,116774.92691681
2017-03-31,252.56,253.149,249.937,249.937,124103.31302353
2017-04-03,248.848,254.318,248.848,252.123,51460.96876279
2017-04-04,250.525,255.884,250.486,255.764,77638.62809457
2017-04-05,255.764,258.325,253.229,255.414,103852.76583299
2017-04-06,254.683,258.912,253.697,258.912,80061.297446018
2017-04-07,258.984,260.622,256.464,259.055,130674.45772341
2017-04-10,259.279,260.59,257.418,258.325,155489.83724854
2017-04-11,258.253,259.095,247.194,251.178,80175.764170308
2017-04-12,251.726,257.601,251.726,257.601,177317.7610573
2017-04-13,256.169,259.024,255.733,258.325,102650.2362899
2017-04-18,260.486,260.486,254.716,254.716,101831.3589546
2017-04-19,256.838,258.404,252.306,258.213,128065.62271047
2017-04-20,259.525,263.253,257.132,263.253,125122.19265731
2017-04-21,263.397,264.606,256.948,260.303,168404.4510758
2017-04-24,266.361,266.361,257.052,260.081,62276.187394025
2017-04-25,261.209,275.48,254.747,275.328,198702.91248202
2017-04-26,268.549,272.006,261.393,262.864,160689.89700912
2017-04-27,264.819,267.451,263.102,267.165,139389.02328252
2017-04-28,264.89,268.476,259.937,259.937,153888.56098457
2017-05-02,266.361,266.361,258.984,265.519,106282.98244099
2017-05-04,262.713,267.451,255.629,255.629,166362.91817996
2017-05-05,253.944,259.024,251.686,256.321,145155.12728409
2017-05-08,257.489,260.303,254.5,258.404,34702.28560113
2017-05-09,259.859,264.748,258.325,262.713,97138.223258725
2017-05-10,262.052,263.213,255.669,255.915,91757.029341021
2017-05-11,255.915,260.303,255.764,257.855,86270.173831663
2017-05-12,257.855,258.841,255.701,257.53,59853.518042576
2017-05-15,259.055,260.925,256.169,259.318,27148.739674104
2017-05-16,258.364,260.804,251.178,253.038,97315.583787569
2017-05-17,251.686,257.936,249.683,255.049,68936.641296374
2017-05-18,256.838,257.569,249.056,250.708,124656.77850362
2017-05-19,251.178,254.247,249.786,253.229,75218.474495302
2017-05-22,252.488,253.913,249.023,253.586,53073.565911573
2017-05-23,252.529,256.106,252.529,254.683,152392.94631226
2017-05-24,251.765,253.26,249.094,252.195,117337.19752953
2017-05-25,254.469,259.024,252.488,258.117,65664.905583435
2017-05-26,257.823,260.773,255.414,259.104,71760.573120882
2017-05-29,257.418,260.081,256.87,258.325,42255.831528156
2017-05-30,257.886,260.105,254.485,255.662,104076.66777721
2017-05-31,257.855,257.886,249.763,251.4,151761.49251452
2017-06-01,252.695,253.697,249.587,249.587,60482.456088123
2017-06-02,252.664,256.362,250.732,254.914,47483.564562747
2017-06-05,254.293,257.815,251.694,251.965,36976.525573831
2017-06-06,250.621,255.478,245.883,255.478,73873.804953922
2017-06-07,252.695,256.551,250.144,255.446,104320.69573888
2017-06-08,254.549,258.627,254.183,258.07,89528.0729076
2017-06-09,256.814,260.844,255.185,258.627,52634.567155782
2017-06-12,255.662,257.148,250.549,253.737,50828.257088969
2017-06-13,252.737,255.034,250.914,250.914,75638.605109729
2017-06-14,251.965,254.293,250.025,250.478,100177.25189481
2017-06-16,249.953,259.771,249.913,256.471,235100.81505394
2017-06-19,258.587,259.922,255.034,256.702,59783.076981476
2017-06-20,257.108,257.584,251.257,256.925,52143.995480254
2017-06-21,253.475,254.405,250.875,252.664,82031.131404673
2017-06-22,252.362,254.628,251.138,254.628,64048.534806378
2017-06-23,254.549,254.802,251.257,251.965,43343.894346953
2017-06-26,254.183,260.844,253.586,259.374,82266.354233708
2017-06-27,259.334,265.185,258.174,262.109,61074.915727029
2017-06-28,262.109,265.074,259.438,263.595,26455.649947912
2017-06-29,263.818,263.818,254.588,255.701,34663.291442307
2017-06-30,255.956,256.853,252.807,253.657,79753.1178037
2017-07-03,254.183,261.298,252.737,261.298,29658.202475839
2017-07-04,255.701,260.773,255.256,260.773,67176.872644932
2017-07-05,260.804,261.106,258.213,260.956,32704.778368472
2017-07-06,260.996,263.818,256.44,258.142,36633.125400961
2017-07-07,258.881,263.063,257.855,262.665,31890.932537533
2017-07-10,264.183,264.183,260.073,262.403,18490.778539097
2017-07-11,263.706,263.706,259.374,259.374,19693.308082185
2017-07-12,260.773,266.147,260.448,265.996,58562.937173113
2017-07-13,265.296,266.552,260.622,265.376,49720.068252715
2017-07-14,266.187,266.187,261.106,265.416,36848.222212539
2017-07-17,266.703,269.336,266.671,268.635,37005.456723925
2017-07-18,269.073,274.892,267.038,273.222,58367.966378994
2017-07-19,272.706,277.777,271.855,274.78,63876.205781899
2017-07-20,276.856,276.856,265.296,268.635,89141.904947634
2017-07-21,268.253,272.816,268.253,268.635,34324.922773802
2017-07-24,269.558,271.187,266.036,267.595,42989.173289265
2017-07-25,270.551,270.551,266.187,266.703,58232.115761155
2017-07-26,266.775,267.935,264.295,265.296,64027.15091283
2017-07-27,264.366,268.253,264.366,266.52,39535.045543118
2017-07-28,270.48,274.144,267.555,273.263,93557.050027378
2017-07-31,272.635,282.341,270.337,281.633,86082.750294091
2017-08-01,281.594,281.594,274.001,275.63,58956.652389626
2017-08-02,276.157,278.008,269.669,270.853,130354.95719627
2017-08-03,269.74,277.221,269.74,274.184,102072.87116409
2017-08-04,276.593,280.298,274.256,278.676,34082.152688221
2017-08-07,277.158,277.969,271.441,274.184,60676.169006153
2017-08-08,274.105,274.184,270.853,273.786,50315.043643802
2017-08-09,271.966,274.852,270.774,273.373,35719.907358827
2017-08-10,274.105,274.105,269.701,272.037,44181.639823623
2017-08-11,269.518,269.518,263.063,265.416,75588.290066085
2017-08-14,268.708,268.708,264.478,264.478,24577.640943906
2017-08-16,266.036,268.333,260.486,260.486,49078.551446257
2017-08-17,260.551,262.895,258.03,258.627,35494.74753852
2017-08-18,257.886,259.993,255.956,258.627,44345.163715465
2017-08-21,258.627,265.662,256.925,264.556,36809.228053714
2017-08-22,265.296,269.629,263.039,267.403,33797.872691633
2017-08-23,267.523,269.891,263.174,265.773,30046.886187988
2017-08-24,266.036,280.122,264.183,278.597,60111.38264125
2017-08-25,279.003,279.003,273.032,276.195,48925.090563142
2017-08-28,277.006,283.073,273.675,283.073,50723.853373408
2017-08-29,281.594,283.009,269.002,271.116,96058.965572566
2017-08-30,273.675,281.443,271.887,278.032,59549.112028532
2017-08-31,278.032,278.787,272.929,273.891,87660.126912324
2017-09-01,272.706,275.855,269.772,271.593,33924.918176834
2017-09-04,269.073,274.184,269.073,271.966,53877.348733784
2017-09-05,274.105,276.744,268.253,269.002,38961.454045578
2017-09-06,270.48,274.001,269.041,271.927,36040.665762056
2017-09-07,272.563,273.786,267.109,267.523,73142.978944995
2017-09-08,267.293,271.927,266.036,267.745,39021.832097952
2017-09-11,267.523,267.96,265.582,266.775,49317.547903565
2017-09-12,267.038,272.563,264.556,266.775,39435.673331922
2017-09-13,266.775,272.078,266.775,271.664,52693.687332064
2017-09-14,270.591,270.591,266.116,267.555,19165.000123925
2017-09-15,266.036,270.853,263.213,266.147,167004.43498642
2017-09-18,269.923,270.337,265.296,265.296,14494.506197688
2017-09-19,269.002,269.002,264.852,264.852,36865.832477814
2017-09-20,267.077,267.331,263.102,264.556,32931.196064869
2017-09-21,266.036,269.002,264.032,267.784,27043.078082452
2017-09-22,267.372,271.966,265.074,271.966,47453.375536561
2017-09-25,273.071,273.071,266.116,266.116,64761.750550029
2017-09-26,266.075,267.816,258.627,258.627,51481.094780248
2017-09-27,259.374,262.593,259.374,259.374,64471.181172986
2017-09-28,261.632,261.632,257.434,257.434,30835.574497104
2017-09-29,257.886,261.219,255.884,258.849,56887.446219774
2017-10-02,261.44,261.44,254.763,256.4,47318.782794814
2017-10-03,256.4,258.253,255.185,255.915,33301.01163565
2017-10-04,257.029,258.627,255.295,255.295,70156.781104736
2017-10-05,255.327,256.702,252.846,253.363,47341.424564454
2017-10-06,253.435,255.478,251.996,253.657,86467.660377966
2017-10-09,254.102,260.519,253.435,260.519,85481.485522548
2017-10-10,262.332,268,262.037,267.523,94095.420994366
2017-10-11,267.857,269.852,264.7,269.558,114363.57845018
2017-10-12,270.48,270.48,263.063,266.775,68985.698463926
2017-10-13,266.735,268,263.818,265.964,53728.919355034
2017-10-16,264.556,270.003,264.556,268.253,46863.431649838
2017-10-17,264.668,269.478,264.668,267.896,53533.948560915
2017-10-18,267.896,269.446,267.705,267.896,57736.512581263
2017-10-19,268.253,270.265,266.887,268.253,63228.399594985
2017-10-20,268.708,269.74,263.706,266.775,167017.01374733
2017-10-23,265.845,266.298,262.332,263.818,31068.281573957
2017-10-24,262.895,265.264,260.844,262.291,41623.119854336
2017-10-25,261.48,266.775,256.4,257.886,72477.562492806
2017-10-26,258.253,264.478,256.551,264.478,58819.543895696
2017-10-27,263.961,264.852,258.03,259.374,65635.97443334
2017-10-30,259.397,268.214,259.397,267.331,46409.338380952
2017-10-31,267.935,270.702,263.857,270.702,64848.544000315
2017-11-02,271.226,271.735,265.376,265.662,37946.348040065
2017-11-03,265.733,269.701,263.516,264.478,22565.039198154
2017-11-06,263.404,273.826,263.404,272.745,64671.18347147
2017-11-07,274.144,289.002,273.445,285.306,158579.18092826
2017-11-08,288.264,288.264,282.706,284.567,131665.66408319
2017-11-09,284.567,284.567,276.554,283.224,67358.006802049
2017-11-10,280.854,283.891,273.747,273.747,40649.523759828
2017-11-13,274.073,277.333,272.745,274.932,34248.192332246
2017-11-14,274.932,274.932,269.963,273.636,75999.615547872
2017-11-15,273.557,274.335,269.073,270.114,57422.04355849
2017-11-16,274.184,284.113,270.551,280.854,137056.92100962
2017-11-17,283.82,287.159,281.236,285.744,58736.524073684
2017-11-20,285.783,289.71,284.154,287.269,109511.95036683
2017-11-21,289.002,290.077,283.073,284.416,91110.481030198
2017-11-22,284.861,288.303,279.527,287.048,80535.516732361
2017-11-23,281.817,289.679,281.817,287.898,26638.041981121
2017-11-24,289.233,289.233,282.818,282.818,30416.70175877
2017-11-27,280.934,282.818,276.856,279.82,46523.805105242
2017-11-28,277.19,287.413,277.19,282.341,73875.062830013
2017-11-29,287.269,287.524,279.933,281.348,65781.888059908
2017-11-30,279.741,284.225,274.184,274.184,275727.69704413
2017-12-01,274.256,280.084,269.772,270.337,51404.364338691
2017-12-04,270.337,272.293,267.523,271.966,115729.63188511
2017-12-05,275.964,276.744,271.855,273.373,65073.70382062
2017-12-06,272.332,272.332,265.964,268.635,73974.435041209
2017-12-07,268.779,271.036,266.815,270.225,60554.155025316
2017-12-08,271.226,277.301,269.002,271.887,27468.240201243
2017-12-11,272.332,273.485,269.852,270.48,69646.083411751
2017-12-12,270.265,277.19,269.963,277.19,33526.171455956
2017-12-13,278.636,278.636,270.663,272.968,80676.398854564
2017-12-14,273,291.714,272.968,291.714,192384.60087645
2017-12-15,292.048,292.048,283.224,284.186,228857.97601383
2017-12-18,286.674,290.489,282.968,288.645,43355.215231774
2017-12-19,288.645,291.976,283.756,287.969,83368.253689508
2017-12-20,285.306,289.082,285.306,285.823,24534.873156809
2017-12-21,285.306,289.233,285.306,288.788,22443.025217319
2017-12-22,288.788,292.748,288.788,291.976,21503.39177727
2017-12-27,289.75,296.412,289.002,296.412,29219.203720047
2017-12-28,296.451,298.122,289.194,293.121,40355.180754512
2017-12-29,296.412,296.714,289.416,293.637,44723.784418885
2018-01-03,294.344,296.412,288.114,296.412,41569.031182419
2018-01-04,299.083,315.548,298.932,315.548,113395.01386004
2018-01-05,314.944,314.944,299.385,302.645,61882.472177513
2018-01-08,303.09,307.534,301.008,306.198,38996.67457613
2018-01-09,306.795,306.795,296.412,297.755,60775.541217349
2018-01-10,297.907,299.385,294.344,298.344,33643.153932429
2018-01-11,294.934,303.68,294.934,300.864,31678.351478138
2018-01-12,303.09,303.09,296.866,300.864,27162.576311107
2018-01-15,297.303,305.317,297.303,305.317,17942.34456338
2018-01-16,306.35,323.546,304.712,318.656,93187.234456595
2018-01-17,318.656,326.359,316.279,326.359,39880.961468169
2018-01-18,326.359,329.618,318.505,318.505,51579.209115353
2018-01-19,319.388,322.806,318.8,320.135,22902.149990568
2018-01-22,322.806,323.092,310.054,312.876,53811.939177047
2018-01-23,312.876,323.546,312.876,317.765,85411.044461446
2018-01-24,318.8,327.544,313.902,327.544,32736.225270749
2018-01-25,329.014,329.014,317.765,317.916,56055.99012356
2018-01-26,317.916,320.874,316.128,318.656,38909.881125843
2018-01-29,318.656,319.69,314.944,317.17,30397.833617404
2018-01-30,317.916,317.916,306.644,309.013,59145.33380329
2018-01-31,309.752,314.205,309.013,311.238,53726.403602853
2018-02-01,313.465,318.204,310.508,312.574,65832.203103551
2018-02-02,311.978,314.944,309.752,311.238,33439.378005671
2018-02-05,309.903,314.944,309.903,314.649,46429.46439841
2018-02-06,305.468,308.568,299.536,301.008,100042.65915306
2018-02-07,298.639,304.568,297.016,302.947,110032.71106854
2018-02-08,299.385,302.947,297.168,299.385,36823.064690717
2018-02-09,296.412,298.639,291.976,293.456,51801.853183477
2018-02-12,295.085,303.09,295.085,298.639,57598.146211243
2018-02-13,299.385,301.604,297.168,299.536,41797.964630998
2018-02-14,296.27,298.932,290.633,296.412,58847.2171697
2018-02-15,298.79,300.57,297.168,297.168,30475.821935051
2018-02-16,284.71,287.382,282.048,284.567,286505.17939263
2018-02-19,284.71,286.936,283.962,286.045,68804.564306809
2018-02-20,285.894,286.34,283.374,285.894,74615.951847668
2018-02-21,285.744,285.744,283.676,285.012,77247.428630239
2018-02-22,283.374,286.634,281.156,286.634,123556.1369239
2018-02-23,284.71,287.524,282.198,284.567,107856.58543095
2018-02-26,285.155,286.045,281.594,281.594,29919.840702787
2018-02-27,282.341,285.592,281.746,283.82,75771.939975384
2018-02-28,281.746,283.224,277.301,277.301,86124.260205096
2018-03-01,277.158,277.301,268.708,268.708,118504.50654207
2018-03-02,267.077,268.555,262.625,265.146,88304.159470965
2018-03-05,264.263,277.301,263.668,277.158,70317.789244397
2018-03-06,277.158,278.922,273.445,276.116,40821.852784308
2018-03-07,271.226,278.334,270.48,278.334,60996.927409382
2018-03-08,277.89,277.89,267.221,268.253,117442.85912118
2018-03-09,268.405,271.226,265.146,270.48,117015.18125021
2018-03-12,273.294,277.006,269.446,277.006,30635.57219862
2018-03-13,274.042,280.552,273.891,277.89,72730.395587116
2018-03-14,280.122,281.307,277.158,281.307,109762.26770896
2018-03-15,280.266,281.443,272.706,272.706,118230.28955421
2018-03-16,271.966,277.452,269.002,269.002,291823.47950578
2018-03-19,269.002,269.891,263.516,263.516,52272.298841547
2018-03-20,263.063,264.406,261.298,263.213,87292.827093725
2018-03-21,265.296,277.158,263.818,277.158,114383.70446764
2018-03-22,275.964,282.786,274.042,279.82,133897.13626879
2018-03-23,274.184,279.82,271.226,275.662,104343.33750852
2018-03-26,279.677,279.677,267.96,267.96,40855.815438768
2018-03-27,274.932,276.266,267.96,267.96,42816.844264785
2018-03-28,265.582,269.74,264.995,267.372,65944.154075659
2018-03-29,269.74,271.522,267.523,268.405,107480.48047971
2018-04-03,268.405,273,266.481,269.74,80842.438498588
2018-04-04,268.708,272.411,256.702,258.174,112064.18095566
2018-04-05,262.474,263.818,259.516,261.146,96477.8383109
2018-04-06,259.668,261.592,256.551,260.105,80816.023100675
2018-04-09,262.474,267.96,260.256,267.96,76462.513949396
2018-04-10,269.74,280.703,266.775,278.485,56845.936308769
2018-04-11,279.376,279.376,270.774,275.226,40775.311368938
2018-04-12,274.78,279.074,269.74,276.856,34741.279759954
2018-04-13,276.554,278.183,274.932,276.411,39165.229972336
2018-04-16,275.662,276.411,272.261,274.78,17065.604927887
2018-04-17,276.705,277.158,270.186,276.116,37171.49636795
2018-04-18,277.452,277.452,271.664,275.37,54927.675269849
2018-04-19,275.814,282.634,274.335,279.074,59505.086365343
2018-04-20,277.603,281.005,275.964,275.964,31890.932537533
2018-04-23,276.116,279.677,271.664,274.637,49862.208251008
2018-04-24,278.922,278.922,263.818,263.818,59154.138935928
2018-04-25,266.036,270.774,264.112,270.774,39839.451557163
2018-04-26,268.858,273.445,268.555,273.445,34864.551616882
2018-04-27,271.816,274.637,269.152,272.563,35816.763817841
2018-04-30,272.118,275.226,269.446,275.226,30968.90936276
2018-05-02,274.486,274.78,268.405,270.186,39775.299876517
2018-05-04,266.775,269.152,258.03,260.996,72462.467979714
2018-05-07,263.961,265.146,260.996,261.146,24675.755279012
2018-05-08,262.474,267.221,259.812,265.146,68009.586617237
2018-05-09,265.146,274.042,264.852,269.891,56121.399680298
2018-05-10,269.891,277.89,269.891,276.856,45428.195029898
2018-05-11,272.118,281.594,271.816,281.594,47584.194650035
2018-05-14,280.266,280.854,274.486,274.932,79426.070020015
2018-05-15,275.662,275.662,270.186,271.966,62912.67269612
2018-05-16,269.002,277.738,269.002,277.158,45148.946537675
2018-05-17,275.226,277.89,270.622,270.622,54332.69987876
2018-05-18,268.253,272.563,264.556,264.556,50096.173203952
2018-05-21,266.926,270.774,265.733,268.858,48226.969332585
2018-05-22,267.523,268.708,264.556,268.253,76678.868637064
2018-05-23,266.926,268.103,261.886,266.036,65409.556736943
2018-05-24,268.253,270.337,265.582,267.523,49526.355334685
2018-05-25,266.481,269.596,266.481,268.253,46491.100326874
2018-05-28,266.775,268.708,263.063,266.775,60849.755906724
2018-05-29,266.179,268.118,259.596,264.534,84177.068016082
2018-05-30,263.937,268.571,257.052,259.445,337358.59400342
2018-06-01,259.748,266.028,257.656,265.137,56018.253840827
2018-06-04,264.239,267.077,263.333,266.775,65232.196208099
2018-06-05,266.33,274.247,263.484,273.811,88541.898052181
2018-06-06,274.852,274.852,266.926,268.269,57132.732057538
2018-06-07,268.571,272.904,267.077,271.267,30094.685479449
2018-06-08,271.418,271.418,264.836,268.42,37711.12521103
2018-06-11,267.077,272.46,267.077,269.764,34140.014988411
2018-06-12,272.158,272.158,267.825,269.915,55125.16181615
2018-06-13,269.47,272.006,268.571,270.663,49533.902591232
2018-06-14,269.621,271.569,266.926,269.915,89905.435734928
2018-06-15,269.621,271.418,266.179,266.179,262740.12640357
2018-06-18,265.137,267.523,254.071,254.071,46805.569349647
2018-06-19,253.466,253.466,244.651,244.944,128017.82341901
2018-06-20,247.783,264.685,247.783,263.635,86314.199494852
2018-06-21,254.215,262.442,251.83,254.215,68581.920238685
2018-06-22,255.717,260.788,255.112,257.204,42595.458072752
2018-06-25,254.365,261.695,254.365,258.697,31024.255910768
2018-06-26,257.808,260.201,252.116,253.619,37274.642207419
2018-06-27,251.973,254.215,250.78,253.619,43080.998243915
2018-06-28,250.478,253.619,247.338,247.934,70769.3667611
2018-06-29,247.186,252.267,246.741,249.436,80112.870365753
2018-07-02,247.481,254.81,244.047,251.528,127471.90519549
2018-07-03,251.226,254.961,250.025,254.071,35950.098683497
2018-07-04,254.508,256.91,254.215,256.91,19269.403839485
2018-07-05,256.01,259.151,251.226,251.226,25331.108722472
2018-07-06,251.226,252.871,246.59,248.387,70869.996848387
2018-07-09,250.78,251.074,247.043,247.934,33316.106148744
2018-07-10,248.236,257.656,245.39,257.204,70747.98286755
2018-07-11,253.021,256.162,251.226,253.769,46189.210065011
2018-07-12,253.619,258.547,253.173,256.759,27703.463030277
2018-07-13,257.204,258.11,247.783,252.418,60351.63697465
2018-07-16,253.021,253.173,246.892,246.892,23149.951580513
2018-07-17,250.478,250.923,242.4,245.54,87178.360369435
2018-07-18,246.138,248.984,244.047,246.59,36581.552481227
2018-07-19,245.238,247.186,242.551,245.238,85877.716491243
2018-07-20,245.986,247.043,243.149,245.238,84085.243061432
2018-07-23,247.481,248.236,245.39,248.236,102781.05540338
2018-07-24,248.529,259.596,248.085,259.445,67091.337070738
2018-07-25,259.445,266.775,259.301,266.179,128575.06252737
2018-07-26,264.534,269.169,261.838,268.722,68106.443076251
2018-07-27,268.722,268.873,265.431,265.725,49469.750910586
2018-07-30,265.877,274.097,264.685,273.358,52283.619726366
2018-07-31,265.137,277.095,264.088,274.247,82148.113881146
2018-08-01,275.901,282.778,271.116,282.778,81611.000790248
2018-08-02,279.941,280.235,273.963,276.641,47567.842260851
2018-08-03,277.095,278.143,271.569,277.245,36851.995840813
2018-08-06,277.245,279.034,274.097,277.396,79106.569492877
2018-08-07,274.399,281.578,274.399,280.091,37893.517244239
2018-08-08,278.891,278.891,273.056,275.297,78018.50667408
2018-08-09,273.056,273.206,268.269,271.855,48138.918006208
2018-08-10,266.926,269.915,260.939,261.838,54832.076686925
2018-08-13,261.091,267.077,257.958,264.836,42343.882854533
2018-08-14,264.836,266.926,258.11,259.748,34795.368431872
2018-08-16,259.748,261.695,258.11,259.445,61993.165273529
2018-08-17,257.354,257.958,253.173,255.717,52227.015302267
2018-08-20,255.717,261.393,255.717,260.201,51033.290891818
2018-08-21,262.442,269.915,260.939,267.967,59359.172738776
2018-08-22,266.926,278.739,266.926,276.641,134138.64847829
2018-08-23,276.641,284.122,273.358,284.122,107818.84914821
2018-08-24,280.687,285.029,276.052,279.486,98303.016519079
2018-08-27,280.091,286.515,279.638,284.122,66866.177250431
2018-08-28,286.07,287.119,282.93,284.878,145040.6605598
2018-08-29,286.221,286.817,283.374,284.122,260841.99138211
2018-08-30,284.878,284.878,280.982,281.88,95155.810539159
2018-08-31,281.88,283.073,277.095,281.132,72383.221785974
2018-09-03,280.537,283.971,279.941,283.224,39102.336167781
2018-09-04,282.627,283.676,280.83,281.88,174249.80127113
2018-09-05,281.88,283.073,277.547,278.143,128664.37172983
2018-09-06,279.638,285.767,278.143,281.132,113163.56465928
2018-09-07,283.374,283.374,275.599,277.993,81619.805922886
2018-09-10,276.641,283.374,274.852,283.374,44442.02017448
2018-09-11,280.537,283.526,273.206,279.184,94850.146649023
2018-09-12,275.003,283.374,265.877,265.877,272694.9577885
2018-09-13,266.179,280.982,266.179,277.698,61966.749875616
2018-09-14,278.891,280.091,275.599,277.993,81324.205041478
2018-09-17,276.641,277.396,269.024,270.965,99497.998805619
2018-09-18,270.663,275.154,270.663,274.55,47522.558721571
2018-09-19,275.154,278.589,268.118,278.589,110187.42982774
2018-09-20,278.891,286.363,277.245,281.284,131656.85895055
2018-09-21,283.073,285.616,278.295,279.184,820579.24165414
2018-09-24,282.484,282.484,275.154,276.491,54994.342702676
2018-09-25,278.891,284.122,276.052,283.374,59681.189018097
2018-09-26,281.88,282.627,279.034,282.484,27316.037194221
2018-09-27,278.143,283.374,275.599,282.03,55749.068357333
2018-09-28,282.03,283.526,280.687,280.83,115109.4989722
2018-10-01,283.676,284.122,279.034,279.789,61390.642625895
2018-10-02,276.347,279.034,274.55,277.245,50011.895505848
2018-10-03,278.143,283.676,274.399,274.399,51576.69336317
2018-10-04,273.358,274.097,270.513,270.513,41440.727821127
2018-10-05,272.61,272.61,267.228,267.967,42742.62957541
2018-10-08,267.077,270.663,264.685,266.926,39366.490146911
2018-10-09,267.825,269.169,262.14,266.481,71159.308349339
2018-10-10,268.873,268.873,262.14,264.382,64750.42966521
2018-10-11,259.151,262.442,256.162,258.547,97182.248921913
2018-10-12,261.695,263.182,257.958,260.646,91227.463506669
2018-10-15,260.502,262.895,256.312,261.989,51750.280263742
2018-10-16,262.291,266.028,260.788,266.028,54777.988015007
2018-10-17,266.926,268.42,257.204,260.352,72437.310457892
2018-10-18,260.352,262.744,258.11,261.242,39031.89510668
2018-10-19,264.836,266.33,256.608,266.33,64911.437804869
2018-10-22,267.228,267.674,255.112,257.808,48444.581896344
2018-10-23,257.656,257.656,252.719,254.81,49476.040291042
2018-10-24,253.316,257.506,252.871,253.769,70849.870830929
2018-10-25,250.78,255.717,250.478,254.215,41372.802512208
2018-10-26,254.961,255.414,247.338,247.632,47444.570403923
2018-10-29,248.236,254.071,248.236,253.316,37952.637420521
2018-10-30,253.173,254.81,249.873,253.021,42291.052058707
2018-10-31,255.717,255.717,249.286,254.508,93545.729142557
2018-11-02,258.547,264.534,256.01,264.534,80398.408238432
2018-11-05,261.091,272.46,260.201,268.571,58700.045667042
2018-11-06,269.915,271.712,265.877,269.319,39658.317400045
2018-11-07,270.217,277.993,267.228,274.852,82019.810519854
2018-11-08,276.793,277.396,272.904,276.943,34131.209855773
2018-11-09,276.203,276.203,264.382,264.382,30785.25945346
2018-11-13,264.382,277.698,264.382,274.097,58827.091152243
2018-11-14,275.449,277.245,271.569,274.399,78190.83569856
2018-11-15,274.097,276.641,265.574,265.574,29177.693809041
2018-11-16,268.873,270.513,254.215,258.697,146870.87027235
2018-11-19,257.808,263.635,256.162,263.039,44722.526542794
2018-11-20,258.697,265.725,255.566,255.566,38746.357234001
2018-11-21,259.445,271.418,257.354,264.382,64546.653738452
2018-11-22,264.088,271.418,262.593,266.028,53813.197053138
2018-11-23,262.895,266.179,261.393,263.039,30072.04370981
2018-11-26,263.937,266.179,258.253,262.442,42161.490821324
2018-11-27,262.14,262.593,259.151,262.291,47943.947212088
2018-11-28,261.695,265.28,261.695,263.333,69725.329605491
2018-11-29,265.28,274.399,263.937,274.399,97009.919897434
2018-11-30,272.158,274.399,265.28,266.028,140797.84450454
2018-12-03,272.904,272.904,266.179,270.513,63430.917645651
2018-12-04,270.368,272.761,265.431,272.761,98055.214929133
2018-12-05,267.523,278.143,265.877,274.55,67091.337070738
2018-12-06,271.712,274.399,263.937,263.937,94050.137455086
2018-12-07,267.523,267.674,259.301,259.445,69208.34253205
2018-12-10,256.162,262.291,256.162,256.91,30121.100877363
2018-12-11,258.697,266.33,258.697,258.849,40794.179510304
2018-12-12,261.695,267.523,255.717,267.523,62028.38580408
2018-12-13,266.775,270.513,263.786,267.967,59062.313981277
2018-12-14,265.725,271.855,262.744,270.815,47977.909866548
2018-12-17,270.815,273.661,270.066,271.418,53873.57510551
2018-12-18,268.571,277.396,268.571,276.641,102481.6808937
2018-12-19,277.095,280.091,273.811,278.891,65497.60806332
2018-12-20,273.206,278.589,272.308,277.547,55471.077741201
2018-12-21,275.154,277.993,267.825,272.904,219787.43152095
2018-12-27,272.904,275.003,263.333,263.635,50169.130017235
2018-12-28,265.137,271.418,264.088,267.825,36724.950355612
2019-01-02,264.685,277.396,261.989,277.396,46156.505286642
2019-01-03,273.661,275.003,267.967,268.42,61488.756960999
2019-01-04,270.663,273.358,267.967,269.764,75519.106881075
2019-01-07,273.508,276.052,270.217,276.052,60115.156269524
2019-01-08,276.943,277.547,271.569,275.003,60027.104943148
2019-01-09,277.396,278.891,273.206,276.347,50764.105408324
2019-01-10,272.308,278.143,269.915,278.143,51859.715483667
2019-01-11,278.143,281.427,275.003,277.547,104762.21024685
2019-01-14,275.154,278.143,272.006,275.449,72998.323194519
2019-01-15,279.336,279.486,271.569,278.143,53796.844663953
2019-01-16,278.143,280.385,275.599,278.891,70127.849954641
2019-01-17,278.891,282.778,273.358,274.399,78574.487906344
2019-01-18,278.295,282.627,275.003,278.589,126816.55175202
2019-01-21,278.739,281.132,276.052,280.385,33148.808628628
2019-01-22,276.793,282.93,276.641,280.235,69088.844303396
2019-01-23,278.589,285.465,278.143,284.727,108416.34029148
2019-01-24,286.363,288.462,282.182,286.515,118488.15415288
2019-01-25,289.361,289.655,279.941,279.941,92442.571810667
2019-01-28,282.627,284.122,278.891,280.385,78608.450560803
2019-01-29,281.427,281.427,277.245,277.396,70141.686591643
2019-01-30,275.901,276.943,267.674,268.42,98719.373505232
2019-01-31,269.915,280.385,269.915,279.486,108310.67869983
2019-02-01,278.143,283.374,277.841,282.778,43021.878067634
2019-02-04,281.88,285.029,278.589,281.427,34678.3859554
2019-02-05,280.982,283.224,276.793,282.627,40355.180754512
2019-02-06,281.88,287.119,280.091,284.122,50972.912839445
2019-02-07,283.374,285.163,280.537,282.03,31524.890595025
2019-02-08,278.891,284.122,277.993,280.385,39101.07829169
2019-02-11,279.184,283.526,279.184,282.03,28127.367272977
2019-02-12,282.03,285.314,282.03,283.676,53809.423424864
2019-02-13,284.122,285.465,281.132,283.82,53527.659180459
2019-02-14,284.878,284.878,277.841,277.841,51021.970006998
2019-02-15,276.203,286.665,275.297,285.767,54166.660234736
2019-02-18,283.374,288.311,283.374,286.07,47146.453770334
2019-02-19,287.119,287.119,278.143,280.385,78490.210208241
2019-02-20,282.627,286.363,280.235,285.163,85767.023395225
2019-02-21,284.122,288.009,279.789,282.332,99067.805182464
2019-02-22,284.122,287.858,283.526,284.878,79403.428250376
2019-02-25,287.269,287.858,284.576,286.363,48482.318179076
2019-02-26,286.363,286.665,283.374,283.676,65388.172843394
2019-02-27,285.616,286.363,282.182,282.93,62540.341373155
2019-02-28,277.698,286.665,277.396,281.427,461197.75304782
2019-03-01,282.627,288.907,281.88,287.556,118368.65592423
2019-03-04,288.613,288.613,280.385,284.122,96736.960785666
2019-03-05,281.132,288.311,280.687,282.182,122476.87923774
2019-03-06,284.122,287.269,281.427,284.878,57795.632757545
2019-03-07,285.919,287.858,283.374,286.07,37784.082024313
2019-03-08,283.971,285.029,278.891,279.184,78421.02702323
2019-03-11,280.83,281.427,276.203,276.347,104106.85680339
2019-03-12,279.941,281.728,277.396,281.284,46052.101571082
2019-03-13,281.284,284.576,279.336,283.82,40779.084997211
2019-03-14,285.314,288.16,284.273,287.707,74595.82583021
2019-03-15,288.009,293.248,287.556,289.512,254104.8070382
2019-03-18,289.361,294.592,286.363,294.592,32719.872881565
2019-03-19,294.592,296.086,292.795,294.592,51023.227883089
2019-03-20,293.097,298.034,293.097,298.034,52305.003619915
2019-03-21,298.185,298.185,294.592,295.339,88501.646017266
2019-03-22,292.946,293.996,287.858,291.149,45589.203169558
2019-03-25,290.856,292.644,285.029,291.452,48115.018360477
2019-03-26,290.1,292.199,287.119,290.1,37431.876718806
2019-03-27,292.644,292.644,280.982,280.982,49738.936394081
2019-03-28,280.982,283.676,280.982,281.427,34773.984538323
2019-03-29,283.971,286.363,281.427,284.878,65467.419037134
2019-04-01,285.919,287.269,281.284,282.03,33955.10720302
2019-04-02,284.122,293.845,283.224,291.007,67576.8772419
2019-04-03,294.441,296.237,290.1,293.097,35648.208421634
2019-04-04,289.512,296.532,288.907,289.361,58634.636110305
2019-04-05,291.754,296.985,286.967,287.269,93564.597283924
2019-04-08,284.273,288.462,284.273,286.817,39940.081644451
2019-04-09,289.361,293.55,286.363,292.35,40443.232080889
2019-04-10,292.35,297.43,290.1,296.683,80551.869121545
2019-04-11,296.835,296.835,291.007,293.097,32474.587043802
2019-04-12,295.188,295.188,288.613,288.613,32620.500670368
2019-04-15,288.907,294.29,288.613,292.35,34618.007903027
2019-04-16,293.55,296.086,290.554,296.086,46014.365288349
2019-04-17,293.996,305.062,293.996,300.276,71833.529934166
2019-04-18,297.137,299.671,295.036,297.732,33382.773581572
2019-04-23,294.886,300.578,294.743,299.075,40371.533143696
2019-04-24,299.075,299.075,293.399,298.773,79848.716386623
2019-04-25,298.773,298.773,293.248,295.188,68337.892277012
2019-04-26,295.792,299.075,294.29,298.924,70644.837028081
2019-04-29,300.722,304.76,298.034,300.578,54019.488732077
2019-04-30,302.819,304.315,291.754,296.683,89833.736797737
2019-05-02,298.185,303.559,295.792,298.471,55809.446409705
2019-05-06,301.469,301.469,288.756,290.1,55759.131366061
2019-05-07,292.795,295.491,284.273,285.767,73278.829562834
2019-05-08,288.907,288.907,279.034,280.235,86323.00462749
2019-05-09,278.143,281.88,276.641,276.641,85881.490119515
2019-05-10,279.638,285.465,275.297,275.75,64524.011968813
2019-05-13,276.793,278.739,270.066,275.003,55500.008891297
2019-05-14,275.154,279.789,272.904,275.297,73355.560004391
2019-05-15,275.154,276.347,270.066,272.158,42880.995945431
2019-05-16,273.963,276.052,267.967,275.154,83568.255987992
2019-05-17,276.641,276.641,269.915,272.006,47096.13872669
2019-05-20,272.904,280.982,271.116,280.235,46837.016251925
2019-05-21,280.091,280.091,271.712,276.052,63404.502247738
2019-05-22,277.547,289.059,276.052,285.465,71931.644269271
2019-05-23,285.465,285.465,278.589,280.235,52715.071225611
2019-05-24,280.385,282.627,276.641,278.891,73124.110803629
2019-05-27,278.143,282.778,277.841,281.132,20326.019756005
2019-05-28,282.182,285.314,277.396,277.396,279495.03593696
2019-05-29,277.555,283.239,276.45,281.499,84748.143761438
2019-05-30,280.712,290.982,280.712,290.664,110255.35513666
2019-05-31,287.659,289.877,286.085,288.454,117291.91399025
2019-06-03,288.613,289.401,282.763,286.085,70540.43331252
2019-06-04,286.873,296.031,283.08,288.454,72961.844787878
2019-06-05,287.19,288.924,282.763,285.29,44477.24070503
2019-06-06,284.504,293.511,281.975,292.556,71897.681614811
2019-06-07,291.292,298.718,290.823,297.773,43244.522135757
2019-06-10,297.614,298.25,291.928,294.139,41830.669409366
2019-06-11,295.402,299.195,291.928,297.144,52699.976712519
2019-06-12,297.773,297.773,291.452,297.454,62098.826865181
2019-06-13,295.721,302.827,293.821,301.087,74091.417517682
2019-06-14,299.824,302.827,296.667,299.982,47589.226154399
2019-06-17,298.559,300.617,293.351,294.775,29114.800004487
2019-06-18,295.402,296.508,292.397,294.298,63027.139420409
2019-06-19,295.721,300.777,294.298,299.671,59717.667424738
2019-06-21,300.928,302.04,292.397,292.556,205794.81788361
2019-06-24,293.033,298.09,291.928,296.667,28283.343908272
2019-06-25,294.775,295.721,288.613,292.715,36865.832477814
2019-06-26,293.98,294.457,290.823,291.928,37438.166099262
2019-06-27,291.452,298.409,291.452,297.773,53326.399005884
2019-06-28,296.985,297.614,292.556,292.875,38054.525383898
2019-07-01,293.821,300.777,292.088,292.088,29547.509379823
2019-07-02,293.821,295.563,291.611,294.139,61078.689355303
2019-07-03,292.247,293.98,290.028,292.088,47416.89712992
2019-07-04,292.247,292.247,288.764,290.823,32156.344392754
2019-07-05,292.247,292.247,285.29,286.244,30070.785833719
2019-07-08,286.713,287.977,284.821,287.977,25606.583586423
2019-07-09,290.664,290.664,281.499,284.186,50459.699394278
2019-07-10,284.186,287.19,283.08,283.558,72057.431878381
2019-07-11,287.031,287.031,281.188,282.135,34501.025426555
2019-07-12,284.345,284.345,275.496,275.496,33069.562434889
2019-07-15,275.814,280.084,275.337,279.606,62527.762612244
2019-07-16,279.606,282.453,277.865,281.499,27625.47471263
2019-07-17,280.393,280.393,274.073,279.606,44371.579113378
2019-07-18,276.45,282.603,274.868,279.447,45956.502988158
2019-07-19,276.6,282.922,275.974,281.658,42077.213123221
2019-07-22,282.922,288.136,280.712,288.136,56513.857020718
2019-07-23,280.084,282.294,275.186,278.819,219766.0476274
2019-07-24,280.235,280.235,276.132,276.45,124382.56151575
2019-07-25,276.45,278.501,270.44,271.076,51469.773895427
2019-07-26,270.917,273.445,269.024,269.336,72254.918424683
2019-07-29,268.389,268.708,264.438,266.179,61029.63218775
2019-07-30,264.597,266.498,260.335,260.335,43989.184781686
2019-07-31,259.389,262.705,255.597,258.594,80774.513189669
2019-08-01,257.012,261.44,249.277,252.434,79000.907901225
2019-08-02,251.17,255.438,247.536,251.17,61638.444215841
2019-08-05,250.224,252.911,247.068,248.013,70193.259511377
2019-08-06,249.596,251.01,243.903,246.432,101324.43488989
2019-08-07,246.432,248.332,243.275,245.644,71077.546403418
2019-08-08,250.065,250.065,245.326,247.377,104066.60476848
2019-08-09,247.218,248.642,241.375,242.48,57584.309574241
2019-08-12,245.644,246.113,240.746,240.906,36704.824338154
2019-08-13,238.536,247.377,235.532,245.167,76739.246689437
2019-08-14,244.062,246.272,235.055,235.055,90909.220855623
2019-08-16,236.009,238.378,230.953,232.217,106640.21925086
2019-08-19,235.373,238.536,231.112,234.428,74998.34617936
2019-08-20,234.905,238.536,231.421,235.532,69633.50465084
2019-08-21,236.169,244.062,234.109,237.424,82970.764844722
2019-08-22,239.642,247.068,236.32,242.797,65739.120272811
2019-08-23,243.744,248.642,241.216,242.321,92562.070039322
2019-08-26,241.693,247.068,238.378,244.221,39113.657052601
2019-08-27,242.957,245.962,232.376,239.324,291364.35473254
2019-08-28,237.273,239.642,220.054,222.74,131856.86124905
2019-08-29,224.314,230.476,222.264,229.53,109337.10559017
2019-08-30,227.16,241.852,227.16,240.906,72683.854171745
2019-09-02,240.906,240.906,236.796,238.689,23051.837245408
2019-09-03,236.637,237.901,230.635,235.055,49335.15816884
2019-09-04,235.532,240.746,233.64,233.95,64895.085415686
2019-09-05,234.428,239.951,232.376,233.64,37562.695832281
2019-09-06,234.905,237.742,231.898,236.796,31629.294310585
2019-09-09,236.796,244.062,236.169,240.906,29665.749732386
2019-09-10,244.062,244.062,231.74,235.85,62223.3565982
2019-09-11,237.424,241.375,236.956,241.375,66730.326632593
2019-09-12,239.165,250.224,239.165,249.436,79519.152850757
2019-09-13,248.959,252.593,248.013,251.329,56269.829059046
2019-09-16,249.119,252.275,241.852,251.487,93148.240297772
2019-09-17,251.965,251.965,244.062,251.806,76145.52917444
2019-09-18,251.647,253.071,246.113,252.911,80354.382575244
2019-09-19,249.747,250.224,245.167,246.432,68010.844493327
2019-09-20,244.539,246.432,238.536,241.216,236534.79379779
2019-09-23,240.11,247.068,238.22,244.221,66161.766639418
2019-09-24,247.068,247.068,240.27,244.848,98377.231208453
2019-09-25,243.275,243.275,238.536,241.375,35324.934266222
2019-09-26,235.373,248.483,235.373,246.272,79330.471437093
2019-09-27,246.272,255.907,240.27,249.596,82580.823256482
2019-09-30,251.965,251.965,240.27,247.695,104711.89520321
2019-10-01,248.483,249.596,241.852,246.432,104279.18582787
2019-10-02,242.011,247.377,234.109,234.905,142051.94696736
2019-10-03,233.791,245.167,213.256,223.686,228201.36469428
2019-10-04,224.314,229.052,223.997,225.896,296468.81591019
2019-10-07,225.738,227.478,223.997,226.683,39366.490146911
2019-10-08,226.056,230.476,224.95,230.006,66542.90309502
2019-10-09,231.112,231.112,225.579,227.001,28371.395234649
2019-10-10,225.896,227.947,224.95,224.95,35767.706650288
2019-10-11,225.109,235.214,225.109,234.586,58647.214871216
2019-10-14,233.004,236.956,231.421,236.956,39927.50288354
2019-10-15,236.956,238.22,233.163,233.791,25758.786593444
2019-10-16,234.905,234.905,230.953,232.686,41058.333489434
2019-10-17,235.373,237.583,232.057,236.796,75729.172188287
2019-10-18,234.905,236.796,234.428,236.637,164215.72369246
2019-10-21,235.214,244.062,235.214,240.906,54160.370854281
2019-10-22,243.275,252.116,242.639,252.116,143903.54057346
2019-10-23,249.436,256.066,248.483,252.911,84792.169424627
2019-10-24,254.333,255.121,247.695,249.436,107802.49675903
2019-10-25,249.436,249.747,238.847,242.48,113852.8807572
2019-10-28,240.906,250.542,239.801,249.747,44902.402823821
2019-10-29,249.436,249.596,245.644,249.596,54161.628730371
2019-10-30,251.17,251.17,243.744,247.536,40103.605536293
2019-10-31,248.8,248.8,244.062,247.377,63591.925785311
2019-11-04,248.8,253.697,248.8,253.539,59762.950964018
2019-11-05,249.906,253.229,246.432,250.701,103574.77521686
2019-11-06,248.013,252.752,247.068,252.116,58941.557876532
2019-11-07,252.275,252.275,247.218,249.596,71785.730642704
2019-11-08,251.01,251.01,242.957,243.903,40997.955437061
2019-11-12,244.848,248.013,241.693,242.639,70571.880214797
2019-11-13,245.962,245.962,237.901,238.378,69249.852443056
2019-11-14,238.378,243.275,238.378,239.007,44230.696991175
2019-11-15,238.22,241.375,235.055,237.583,53749.045372492
2019-11-18,239.642,239.642,233.64,235.691,49639.564182884
2019-11-19,237.742,237.742,232.686,234.428,49225.722948914
2019-11-20,232.217,236.796,231.74,234.586,33093.46208062
2019-11-21,232.217,234.745,227.789,229.37,88904.166366416
2019-11-22,227.637,234.586,227.637,232.845,33543.781721233
2019-11-25,235.055,235.055,232.376,234.586,66530.324334109
2019-11-26,233.64,234.586,231.112,231.898,207152.0661859
2019-11-27,233.163,233.64,229.37,229.847,50214.413556515
2019-11-28,229.53,230.476,222.105,222.893,126292.01742204
2019-11-29,222.105,223.997,215.316,217.207,108124.51303835
2019-12-02,221.628,225.109,218.631,222.581,165035.85890385
2019-12-03,220.364,225.579,220.364,224.155,56783.042504214
2019-12-04,224.155,225.579,219.418,220.364,47081.044213597
2019-12-05,222.74,225.26,220.523,222.105,64268.66312232
2019-12-06,224.632,225.896,222.264,223.845,64446.023651164
2019-12-09,221.787,223.997,215.625,217.207,62576.819779797
2019-12-10,218.472,219.258,211.523,212.629,85325.508887251
2019-12-11,213.256,215.784,210.887,214.21,79233.614978078
2019-12-12,217.207,230.794,215.316,229.052,61769.263329314
2019-12-13,230.476,236.169,229.53,232.845,72692.659304384
2019-12-16,231.74,235.691,230.317,235.532,60917.681215643
2019-12-17,235.532,239.483,234.905,239.007,135054.38227261
2019-12-18,240.11,240.11,234.109,236.956,153873.46647147
2019-12-19,238.536,238.689,233.791,234.428,88032.458235288
2019-12-20,233.004,237.424,232.845,234.586,184486.39690046
2019-12-23,233.481,239.007,233.004,238.06,35462.042760152
2019-12-27,236.796,240.746,235.691,240.746,25363.813500841
2019-12-30,237.742,242.797,235.373,242.797,46048.327942808
2020-01-02,241.693,245.484,240.11,245.167,53628.289267747
2020-01-03,244.38,244.848,239.007,242.17,78481.405075604
2020-01-07,241.693,243.585,237.424,239.007,50947.755317623
2020-01-08,237.583,237.583,232.845,233.791,54121.376695456
2020-01-09,238.378,238.689,234.905,238.378,90133.111307417
2020-01-10,237.742,237.742,234.745,237.583,42667.157009945
2020-01-13,235.373,239.007,235.373,239.007,65625.911424612
2020-01-14,236.169,236.479,233.791,233.95,152003.00472402
2020-01-15,234.745,235.214,231.112,231.898,102779.79752729
2020-01-16,233.004,238.847,233.004,238.22,70358.041279311
2020-01-17,235.373,243.903,235.373,242.17,44779.130966893
2020-01-20,240.11,241.693,232.686,233.322,23069.447510683
2020-01-21,233.791,233.791,227.16,228.894,57629.59311352
2020-01-22,231.74,231.74,225.26,226.524,41117.453665715
2020-01-23,230.476,230.635,226.683,228.266,32811.697836215
2020-01-24,228.266,231.898,228.266,230.635,28087.115238061
2020-01-27,227.478,229.37,219.108,219.108,73673.802655438
2020-01-28,219.577,224.155,218.153,222.581,140617.96822351
2020-01-29,226.683,232.057,226.683,231.112,219359.75364998
2020-01-30,231.112,231.581,225.738,226.215,97155.833524
2020-01-31,228.266,230.006,223.369,226.215,155089.83265156
2020-02-03,225.579,232.686,222.74,231.421,62601.977301619
2020-02-04,232.534,243.585,229.052,240.11,135180.16988171
2020-02-05,241.534,243.275,238.536,242.797,57326.444975566
2020-02-06,243.903,247.068,240.587,245.326,127636.68696342
2020-02-07,242.797,248.8,239.951,248.8,105243.97678974
2020-02-10,248.332,248.8,245.167,247.377,101065.31241512
2020-02-11,244.848,250.701,244.848,244.848,86577.09559789
2020-02-12,243.275,245.326,237.583,242.48,45868.451661781
2020-02-13,242.17,243.116,239.642,241.852,36430.607350296
2020-02-14,244.848,246.272,240.746,241.216,35470.847892789
2020-02-17,244.062,244.062,239.801,242.011,31214.195200524
2020-02-18,239.324,242.48,237.583,237.583,36945.078671553
2020-02-19,237.901,239.007,233.004,238.378,53103.754937761
2020-02-20,236.32,239.951,235.691,237.273,36879.669114816
2020-02-21,238.378,238.689,233.481,234.586,46935.13058703
2020-02-24,233.004,233.322,223.528,225.896,54253.453685021
2020-02-25,225.896,226.843,216.261,217.207,107992.43604878
2020-02-26,220.364,222.264,213.892,217.207,82608.496530486
2020-02-27,213.733,219.736,203.621,209.313,114455.40340483
2020-02-28,202.676,208.517,195.249,198.095,197231.19745543
2020-03-02,205.68,206.785,199.041,205.363,137019.1847269
2020-03-03,205.363,220.364,203.78,214.997,141973.95864971
2020-03-04,211.681,218.313,211.681,216.42,67564.298480989
2020-03-05,213.256,218.313,209.464,210.728,74462.490964555
2020-03-06,206.467,208.049,195.885,199.201,93889.129315427
2020-03-09,190.035,191.14,175.98,180.081,153320.00099139
2020-03-10,180.081,183.564,171.869,174.875,103755.90937398
2020-03-11,174.875,177.713,162.551,164.762,99514.351194803
2020-03-12,152.678,153.942,135.935,135.935,127895.80943818
2020-03-13,139.799,151.096,130.084,147.304,241074.46861055
2020-03-16,142.177,142.177,124.082,132.851,237290.77732854
2020-03-17,134.273,162.393,134.273,154.49,207297.97981247
2020-03-18,152.439,153.464,139.171,150.547,112762.30218622
2020-03-19,148.019,165.866,145.492,165.866,111105.67937424
2020-03-20,173.293,190.512,157.893,161.129,349289.54872746
2020-03-23,150.07,153.545,141.063,141.699,186127.92519934
2020-03-24,150.07,150.777,138.225,138.384,188000.90269897
2020-03-25,146.914,146.914,128.67,138.933,237923.48900235
2020-03-26,136.166,140.356,133.089,140.356,135776.40314889
2020-03-27,140.595,141.382,135.061,137.35,127449.26342584
2020-03-30,136.405,137.51,133.487,137.51,72872.53558541
2020-03-31,138.225,140.834,135.22,137.041,141248.16414516
2020-04-01,134.353,136.094,130.323,130.721,149152.6575016
2020-04-02,130.323,130.642,121.244,124.719,255280.92118338
2020-04-03,122.19,123.922,117.055,120.449,280610.77202976
2020-04-06,124.4,137.279,124.4,136.563,169296.2852244
2020-04-07,137.279,143.202,137.279,139.489,189004.68781967
2020-04-08,139.799,141.222,129.536,130.721,230339.75404914
2020-04-09,130.958,137.43,128.9,132.533,184376.96168053
2020-04-14,137.748,139.799,133.328,136.246,213747.11053151
2020-04-15,137.43,137.43,126.371,126.929,249411.67134232
2020-04-16,128.351,128.67,124.957,125.585,214332.02291387
2020-04-17,127.955,128.591,123.215,124.003,163414.45662244
2020-04-20,124.003,126.61,121.713,125.346,103362.19415746
2020-04-21,123.613,124.878,119.98,120.059,113550.99049533
2020-04-22,122.27,122.27,118.875,120.846,131791.4516923
2020-04-23,121.871,124.003,117.133,118.477,190886.47045195
2020-04-24,117.691,118.557,114.765,114.765,157959.04801535
2020-04-27,117.055,120.059,113.343,114.686,216230.15793534
2020-04-28,113.74,120.767,113.74,118.795,248622.98303322
2020-04-29,120.767,132.453,117.133,131.118,205155.81682933
2020-04-30,131.118,134.195,126.062,128.749,196253.82773266
2020-05-04,126.142,126.142,119.264,119.503,150977.83570977
2020-05-05,120.767,121.793,116.974,118.08,90646.324752583
2020-05-06,118.557,119.98,116.267,116.895,106654.05588786
2020-05-07,118,119.184,115.004,116.895,98184.776166516
2020-05-08,119.106,119.9,117.372,119.264,57068.580376892
2020-05-11,120.846,120.846,115.004,115.083,61727.753418307
2020-05-12,115.869,120.687,111.45,119.106,227812.68098213
2020-05-13,117.691,124.003,116.188,122.818,141953.83263226
2020-05-14,120.369,125.426,117.213,119.582,187949.32977924
2020-05-15,120.687,121.244,115.321,117.055,108925.78010838
2020-05-18,117.372,121.633,115.162,121.633,182437.31674806
2020-05-19,124.003,124.003,118.398,120.219,158799.30924421
2020-05-20,119.9,122.818,118.636,122.19,111368.57547728
2020-05-21,120.059,122.19,120.059,120.767,67793.231929568
2020-05-22,120.528,120.926,117.133,117.769,90801.043511788
2020-05-25,119.503,120.687,117.691,120.139,43145.149924561
2020-05-26,121.633,131.118,120.29,131.118,232685.69295904
2020-05-27,131.904,140.753,129.377,134.902,334274.28182806
2020-05-28,136.563,143.512,126.371,133.566,558663.02409024
2020-05-29,130.323,130.483,127.326,128.591,451674.37316215
2020-06-01,131.118,134.273,127.636,130.323,106888.0208408
2020-06-02,131.508,131.984,128.351,129.218,212255.26948747
2020-06-03,131.746,135.458,129.218,133.876,172398.20766503
2020-06-04,134.273,140.356,131.269,140.276,230177.4880334
2020-06-05,141.382,146.755,141.382,145.961,249635.57328655
2020-06-08,145.961,153.545,144.307,151.573,233333.49914595
2020-06-09,154.022,155.126,145.731,147.701,156883.56395747
2020-06-10,147.701,147.94,142.566,143.751,155970.34591533
2020-06-12,135.856,140.595,133.566,137.199,165889.95676971
2020-06-15,133.487,137.986,132.692,137.041,168103.81869004
2020-06-16,141.382,144.776,139.011,142.018,113099.41297863
2020-06-17,142.327,144.776,140.992,144.228,147535.02884845
2020-06-18,144.697,144.697,138.853,139.878,113377.40359476
2020-06-19,141.382,143.91,138.615,143.202,476912.39905388
2020-06-22,142.963,146.597,139.011,144.466,140936.21087456
2020-06-23,146.675,150.388,145.095,147.542,118977.46795232
2020-06-24,147.542,149.203,142.486,142.486,63926.520825542
2020-06-25,141.382,146.914,138.066,145.333,59218.290616573
2020-06-26,143.751,145.173,139.489,140.595,75215.958743121
2020-06-29,140.276,144.856,136.015,142.248,66190.697789514
2020-06-30,142.177,142.963,136.802,138.543,67064.921672825
2020-07-01,138.225,139.33,135.458,137.827,107028.90296301
2020-07-02,137.827,140.515,137.041,138.225,185453.70361451
2020-07-03,138.543,139.33,135.458,137.041,55701.269065872
2020-07-06,139.011,141.779,137.279,137.35,110583.66079644
2020-07-07,137.43,138.146,134.273,134.831,83970.776337142
2020-07-08,133.717,135.617,132.851,134.114,56823.294539128
2020-07-09,134.433,135.299,133.089,133.328,88626.175750285
2020-07-10,132.302,133.487,131.269,132.692,122137.25269315
2020-07-13,135.379,137.827,132.93,135.458,116734.67488189
2020-07-14,134.353,135.22,130.799,131.196,99744.542519474
2020-07-15,132.533,132.851,129.139,130.084,165666.0548255
2020-07-16,131.038,131.508,127.246,130.006,90764.565105147
2020-07-17,130.323,131.904,128.351,131.428,102548.34832652
2020-07-20,129.854,131.746,126.371,128.033,156003.0506937
2020-07-21,130.403,134.981,128.432,134.195,170552.9034394
2020-07-22,133.248,134.035,130.483,130.799,46414.369885316
2020-07-23,131.508,131.586,127.636,128.51,172730.28695308
2020-07-24,127.008,128.9,126.531,127.485,58146.580186961
2020-07-27,127.246,128.591,125.426,127.008,56484.925870624
2020-07-28,125.664,128.193,125.037,126.062,72179.445859217
2020-07-29,128.113,128.591,122.818,124.48,61783.099966317
2020-07-30,122.818,123.136,116.107,119.661,128767.51756931
2020-07-31,122.031,122.031,118.159,118.795,144006.68641293
2020-08-03,118.875,121.164,116.577,120.449,86144.386222554
2020-08-04,121.323,123.693,121.323,121.871,66342.900796536
2020-08-05,122.818,125.346,120.528,122.507,95545.752127398
2020-08-06,122.429,124.4,119.582,121.474,82251.259720615
2020-08-07,121.474,122.19,119.264,119.9,68871.231739637
2020-08-10,120.846,122.738,119.184,121.633,26587.726937477
2020-08-11,122.588,128.113,121.244,127.565,70451.124110052
2020-08-12,127.715,130.958,124.639,126.61,73014.675583704
2020-08-13,127.008,128.591,125.982,127.955,55001.889959223
2020-08-14,126.371,126.452,124.4,126.221,25683.314027978
2020-08-17,127.167,127.246,123.454,124.48,17990.143854842
2020-08-18,123.374,126.69,122.818,124.797,56284.92357214
2020-08-19,124.4,126.221,123.215,123.693,68312.73475519
2020-08-20,122.507,123.772,120.449,120.528,90651.356256948
2020-08-21,123.136,123.533,121.244,123.057,44543.908137859
2020-08-24,124.48,124.957,122.818,124.241,49062.199057072
2020-08-25,124.4,125.745,122.349,122.818,34455.741887276
2020-08-26,123.215,124.003,122.667,123.852,31053.187060864
2020-08-27,123.852,124.082,121.793,122.818,35775.253906835
2020-08-28,123.454,124.957,120.926,121.474,40775.311368938
2020-08-31,121.554,122.667,118.716,119.661,120894.47111515
2020-09-01,120.449,120.449,114.765,115.553,133549.96246765
2020-09-02,115.632,119.503,114.765,116.895,86172.059496559
2020-09-03,118.477,120.219,116.346,117.451,54824.529430378
2020-09-04,116.895,117.61,114.138,114.138,72025.984976103
2020-09-07,114.138,116.029,114.138,114.686,32132.444747023
2020-09-08,115.321,116.895,109.47,110.656,70030.993495626
2020-09-09,110.814,115.553,110.814,115.321,96119.343624938
2020-09-10,115.321,117.61,113.104,115.79,57898.778597014
2020-09-11,116.506,120.369,115.321,118.954,119751.06174834
2020-09-14,121.323,121.871,116.506,118.398,62661.097477901
2020-09-15,120.767,120.767,117.769,120.139,97042.624675801
2020-09-16,120.687,120.687,117.055,118.477,45357.753968797
2020-09-17,116.577,120.29,116.577,120.139,61277.433777696
2020-09-18,120.059,120.059,116.974,118.159,163152.81839549
2020-09-21,117.055,117.451,113.262,114.288,85516.706053098
2020-09-22,114.765,115.869,112.237,112.944,43936.353985859
2020-09-23,115.242,116.107,111.76,111.76,52453.432998664
2020-09-24,110.973,112.237,110.186,110.575,55359.126769094
2020-09-25,110.656,111.76,109.63,110.575,67869.962371125
2020-09-28,111.609,115.632,110.575,115.632,43009.299306723
2020-09-29,114.527,115.242,111.211,111.689,35290.971611763
2020-09-30,111.37,113.66,110.734,112.635,44928.818221733
2020-10-01,114.138,114.138,111.53,112.555,25576.394560235
2020-10-02,110.894,114.527,109.948,114.138,47458.407040925
2020-10-05,113.74,118.08,113.66,117.293,79271.351260811
2020-10-06,117.691,122.429,116.895,122.429,75865.022806126
2020-10-07,123.136,124.32,120.059,122.429,100494.23666977
2020-10-08,123.215,123.693,120.369,121.474,93955.796748254
2020-10-09,120.219,121.713,115.711,116.895,66595.733890845
2020-10-12,117.531,117.531,115.472,116.506,77033.589694753
2020-10-13,116.107,116.107,109.55,110.496,120927.17589352
2020-10-14,110.575,112.396,107.817,109.001,197190.94542052
2020-10-15,108.365,108.843,102.84,104.263,157886.09120206
2020-10-16,105.05,108.763,102.521,107.976,84004.738991601
2020-10-19,108.365,110.575,101.655,102.84,99791.083934844
2020-10-20,103.468,107.578,101.576,102.204,161918.84195012
2020-10-21,104.263,104.493,98.1017,101.655,170536.55105022
2020-10-22,101.099,105.447,99.8351,105.05,180444.84101977
2020-10-23,103.468,108.444,103.468,106.632,174807.04037949
2020-10-26,104.493,107.34,104.024,105.598,89832.478921645
2020-10-27,108.365,110.106,101.099,102.602,118987.53096105
2020-10-28,103.468,105.368,97.2277,99.8351,177888.83680267
2020-10-29,100.232,101.576,97.3869,98.7305,133605.30901567
2020-10-30,97.3073,100.232,94.7786,97.1481,166671.09782228
2020-11-02,97.7054,106.473,96.4406,103.627,100369.70693675
2020-11-03,103.706,112.944,103.706,112.157,125500.81336074
2020-11-04,111.37,113.898,107.181,112.635,99494.225177347
2020-11-05,113.66,117.133,109.55,117.133,110052.837086
2020-11-06,114.765,116.657,110.734,114.209,118503.24866597
2020-11-09,115.472,126.849,110.894,126.61,264681.02921213
2020-11-10,127.167,135.935,124.4,135.22,273242.13388813
2020-11-12,135.22,139.171,131.904,136.563,268281.07058485
2020-11-13,136.563,136.563,132.851,135.299,85067.644288576
2020-11-16,136.324,141.143,136.324,140.992,119977.47944474
2020-11-17,138.773,142.018,136.484,141.46,111767.32219816
2020-11-18,138.773,142.018,137.907,138.384,74608.404591121
2020-11-19,138.225,139.011,134.035,135.22,174209.54923621
2020-11-20,134.592,140.753,133.876,140.753,106821.35340798
2020-11-23,141.063,143.361,139.409,141.859,84592.167126143
2020-11-24,141.938,142.963,139.011,142.097,116883.10426064
2020-11-25,143.282,145.014,140.674,143.751,120449.1829789
2020-11-26,145.253,145.65,143.751,145.014,125475.65583891
2020-11-27,144.546,145.412,140.912,144.466,85536.832070556
2020-11-30,142.327,142.884,136.246,137.43,269577.94083477
2020-12-01,137.43,141.222,137.199,139.011,48764.082423483
2020-12-02,139.011,141.779,138.066,141.779,139532.42115691
2020-12-03,141.699,141.699,136.643,138.933,97648.92095171
2020-12-04,140.037,145.253,139.409,144.856,95697.955134421
2020-12-07,144.856,145.492,140.753,143.751,73755.564601359
2020-12-08,144.546,146.04,142.725,145.881,77958.128621708
2020-12-09,146.04,154.808,145.333,148.885,148055.78955017
2020-12-10,149.832,150.229,146.12,149.442,62496.315709967
2020-12-11,147.701,149.752,144.228,148.567,73778.206370998
2020-12-14,149.593,150.15,145.731,146.358,56579.266577456
2020-12-15,145.731,147.145,144.307,146.914,36319.914254279
2020-12-16,148.258,150.858,147.145,147.622,62462.353055508
2020-12-17,147.542,150.07,141.143,142.804,89887.825469653
2020-12-18,144.776,147.542,142.646,142.646,245780.18306734
2020-12-21,142.177,142.177,136.246,139.25,78517.883482245
2020-12-22,139.011,146.199,138.225,145.412,56162.909591303
2020-12-23,144.307,146.358,142.963,145.014,46086.06422554
2020-12-28,146.914,150.858,146.437,150.547,47609.352171857
2020-12-29,151.652,152.042,148.885,151.971,59450.997693425
2020-12-30,150.07,151.175,146.516,146.675,72623.476119373
2021-01-04,147.304,149.522,145.412,147.304,57417.012054125
2021-01-05,146.914,150.858,146.12,146.755,82958.186083811
2021-01-07,151.652,157.973,149.203,157.973,106963.49340627
2021-01-08,159.548,169.818,158.124,166.343,129532.3062327
2021-01-11,167.449,175.344,164.285,167.917,102887.97487112
2021-01-12,169.5,170.287,158.76,160.184,63773.059942428
2021-01-13,160.652,162.711,153.464,157.178,137104.72030109
2021-01-14,157.973,163.338,157.973,161.916,79456.259046202
2021-01-15,160.501,163.498,154.49,155.674,100621.28215497
2021-01-18,156.391,159.548,154.49,159.236,76086.408998158
2021-01-19,160.342,161.916,154.49,154.49,76073.830237247
2021-01-20,154.022,155.913,150.936,153.386,76143.013422257
2021-01-21,154.1,155.445,146.12,147.542,132493.34655113
2021-01-22,146.12,155.286,145.333,153.155,79550.599753034
2021-01-25,153.624,154.181,148.488,151.413,93793.530732503
2021-01-26,150.388,152.439,146.675,150.388,63929.036577724
2021-01-27,147.304,149.673,142.566,143.512,114532.13384639
2021-01-28,142.566,144.856,142.248,143.751,181002.08012812
2021-01-29,143.044,148.488,142.248,143.282,198609.82965127
2021-02-01,143.361,153.624,142.725,151.573,137648.12277244
2021-02-02,151.652,153.783,148.329,149.673,73921.604245384
2021-02-03,150.07,154.888,146.279,152.678,136610.37499728
2021-02-04,151.096,151.652,147.304,147.304,67535.367330894
2021-02-05,147.701,153.075,147.701,151.89,44333.842830645
2021-02-08,150.936,152.439,150.07,150.15,76618.490584692
2021-02-09,150.15,151.413,148.488,150.15,31048.155556499
2021-02-10,150.468,150.858,148.258,149.045,38023.078481621
2021-02-11,149.911,155.126,148.885,154.57,77736.742429675
2021-02-12,154.649,155.126,150.468,154.888,78780.779585284
2021-02-15,155.286,166.343,154.808,164.602,185337.97901412
2021-02-16,165.549,178.507,164.285,177.401,258347.62309347
2021-02-17,176.138,176.766,169.659,172.975,334535.92005501
2021-02-18,172.188,178.507,170.136,174.715,178042.29768577
2021-02-19,173.929,174.079,169.031,171.241,162425.76601484
2021-02-22,169.031,169.182,164.602,166.025,143214.22447553
2021-02-23,163.656,167.917,158.124,161.758,145395.3816175
2021-02-24,162.551,170.446,161.916,167.449,152630.68489347
2021-02-25,167.767,170.446,164.602,168.236,156052.10786126
2021-02-26,167.449,169.182,163.498,166.185,518761.9366046
2021-03-01,167.449,172.505,165.707,170.605,134832.99608057
2021-03-02,171.4,173.134,168.553,171.4,94165.862055468
2021-03-03,172.815,175.344,169.182,172.664,70659.931541174
2021-03-04,172.664,174.715,169.031,173.611,90055.122989768
2021-03-05,172.815,172.975,169.182,169.977,113457.90766459
2021-03-08,171.551,174.398,169.5,172.664,69815.896684049
2021-03-09,173.293,175.185,171.4,173.77,109135.84541559
2021-03-10,174.079,175.185,171.869,173.611,117313.2978838
2021-03-11,174.398,174.556,170.605,172.028,54643.395273261
2021-03-12,172.028,172.815,170.287,172.664,100139.51561208
2021-03-15,173.611,175.033,170.136,171.4,79160.658164795
2021-03-16,172.975,173.77,168.236,169.818,39834.420052798
2021-03-17,169.182,171.241,161.916,163.498,148901.08228338
2021-03-18,164.602,171.4,164.602,171.083,61486.241208818
2021-03-19,171.241,171.241,164.285,165.707,210154.61641534
2021-03-22,165.549,169.818,163.498,164.921,56096.242158476
2021-03-23,165.866,170.763,163.815,168.553,45189.19857259
2021-03-24,165.398,167.449,163.815,164.602,102318.15700186
2021-03-25,166.502,167.608,161.916,167.608,59624.584593997
2021-03-26,169.031,173.77,167.131,171.4,139249.3990364
2021-03-29,170.605,172.664,169.818,172.028,56259.766050318
2021-03-30,172.028,173.929,171.4,172.975,38367.736530582
2021-03-31,173.77,174.238,171.4,172.664,79327.95568491
2021-04-01,171.869,172.028,168.076,169.031,35679.655323911
2021-04-06,169.341,173.451,167.608,173.372,108594.95869642
2021-04-07,171.551,174.159,170.605,170.605,43826.918765935
2021-04-08,171.4,171.551,165.707,166.733,80210.984700859
2021-04-09,166.583,167.528,165.08,166.583,72361.837892426
2021-04-12,166.583,166.583,163.1,164.523,87812.329919346
2021-04-13,164.602,166.972,164.134,166.343,54805.661289012
2021-04-14,167.449,168.872,164.841,167.449,50923.855671892
2021-04-15,165.947,167.846,164.921,166.424,43424.398416784
2021-04-16,166.733,167.449,164.523,167.29,43453.329566879
2021-04-19,167.29,168.951,165.628,165.866,75993.326167417
2021-04-20,165.866,168.634,164.523,167.687,47733.881904875
2021-04-21,167.528,167.528,165.318,165.866,21196.470011043
2021-04-22,166.264,168.553,165.159,166.424,64176.83816767
2021-04-23,165.238,167.369,163.895,166.583,57162.921083724
2021-04-26,167.131,167.528,164.602,167.528,59352.883358321
2021-04-27,167.528,167.767,164.841,165.469,36522.432304945
2021-04-28,167.051,171.002,167.051,169.818,85120.475084403
2021-04-29,171.79,180.01,168.076,178.666,227915.82682161
2021-04-30,179.294,179.294,176.138,177.242,73373.170269666
2021-05-04,177.005,178.03,170.605,173.053,75466.276085248
2021-05-05,173.77,176.138,173.053,175.423,36846.964336447
2021-05-06,175.662,179.612,174.637,175.344,71542.960557123
2021-05-07,178.427,181.902,176.138,179.214,112069.21246002
2021-05-10,182.927,188.302,180.876,185.693,128527.26323591
2021-05-11,184.032,185.535,175.741,183.564,183232.29443763
2021-05-12,183.245,188.612,180.16,180.478,82782.083431057
2021-05-13,177.713,180.717,174.556,178.189,65501.381691593
2021-05-14,178.587,182.061,177.323,180.955,51576.69336317
2021-05-17,185.535,185.774,179.851,183.714,60256.038391726
2021-05-18,184.978,188.381,184.43,187.665,45269.70264242
2021-05-19,186.879,189.09,183.873,187.038,97242.626974286
2021-05-20,186.402,197.459,182.927,197.301,222771.11360903
2021-05-21,197.301,205.68,196.275,202.437,154259.63443144
2021-05-24,203.701,203.701,195.249,197.459,74870.042818069
2021-05-25,197.459,201.809,195.249,199.829,71898.939490902
2021-05-26,201.411,204.727,197.459,204.019,55271.075442717
2021-05-27,204.416,210.649,202.278,209.861,278630.87506237
2021-05-28,210.568,217.207,208.677,214.281,117712.04460468
2021-05-31,215.077,215.156,208.994,210.887,83533.03545744
2021-06-01,210.887,217.915,209.941,212.469,58191.86372624
2021-06-02,215.077,217.287,213.097,214.281,75610.931835724
2021-06-04,214.68,217.048,213.494,216.182,78818.515868017
2021-06-07,215.625,216.809,208.28,208.836,59183.070086023
2021-06-08,209.384,210.1,198.883,204.647,169042.19425399
2021-06-09,204.257,210.02,202.834,208.049,65062.382935801
2021-06-10,207.731,209.623,204.805,206.149,55165.413851065
2021-06-11,205.752,207.969,198.254,200.703,98577.233506937
2021-06-14,203.78,205.363,200.782,205.363,96626.26768965
2021-06-15,208.049,208.201,199.591,200.227,88154.472216125
2021-06-16,199.201,208.359,199.201,204.805,74959.352020537
2021-06-17,201.729,206.785,201.491,203.78,45425.679277715
2021-06-18,204.337,207.175,200.782,201.491,227583.74753356
2021-06-21,202.198,206.785,200.067,206.547,34929.961173619
2021-06-22,207.096,211.681,205.68,207.096,50977.94434381
2021-06-23,208.517,212.469,208.359,212.39,29841.852385139
2021-06-24,213.097,216.89,211.443,214.758,105972.28704649
2021-06-25,213.256,216.659,209.623,211.443,54316.347489576
2021-06-28,210.967,216.261,209.623,214.839,50749.01089523
2021-06-29,214.918,216.659,210.259,212.31,63278.714638628
2021-06-30,211.762,212.469,200.465,200.934,132200.26142191
2021-07-01,201.888,204.098,199.041,202.516,132780.1422999
2021-07-02,202.993,207.573,202.356,203.701,48840.812865039
2021-07-05,202.595,203.78,199.988,202.437,30173.931673188
2021-07-06,202.595,203.701,197.618,198.176,32893.459782136
2021-07-07,198.962,203.383,198.565,201.411,85546.895079284
2021-07-08,199.908,199.908,192.643,193.905,96728.155653028
2021-07-09,193.905,201.649,193.905,199.988,50605.613020846
2021-07-12,200.544,200.544,190.591,191.855,79203.425951892
2021-07-13,193.278,196.911,189.955,191.06,64324.009670329
2021-07-14,190.353,196.116,190.353,193.508,67486.310163341
2021-07-15,193.827,193.827,189.248,191.696,59073.634866097
2021-07-16,191.538,193.667,188.93,189.566,23195.235119793
2021-07-19,188.771,189.486,183.642,184.509,64840.996743768
2021-07-20,184.907,188.691,184.907,186.799,54405.656692044
2021-07-21,188.771,197.38,188.54,195.567,54925.159517666
2021-07-22,194.541,195.249,190.353,190.353,71004.589590134
2021-07-23,191.14,193.437,188.54,192.563,77842.404021327
2021-07-26,192.252,194.853,187.746,191.777,37801.692289589
2021-07-27,190.91,190.989,187.984,190.274,40167.757216938
2021-07-28,192.643,200.854,192.643,200.854,62765.501193461
2021-07-29,201.809,205.991,201.411,204.567,84961.982696925
2021-07-30,203.78,205.752,199.669,202.437,84485.2476584
2021-08-02,202.595,204.098,199.591,203.701,41367.771007844
2021-08-03,203.073,204.886,199.36,200.067,74109.027782957
2021-08-04,200.067,205.044,200.067,204.805,29555.05663637
2021-08-05,205.363,205.522,201.411,205.204,32957.611462782
2021-08-06,202.198,209.861,202.198,209.861,142050.68909128
2021-08-09,209.861,214.281,209.861,212.469,71792.020023159
2021-08-10,212.867,215.705,211.603,214.918,135138.65997071
2021-08-11,215.235,219.258,214.051,218.551,56884.930467591
2021-08-12,218.551,218.551,214.051,216.5,44042.015577511
2021-08-13,216.42,217.765,214.281,216.89,64706.404002021
2021-08-16,214.361,217.684,212.867,216.023,27697.173649822
2021-08-17,216.968,217.684,214.13,215.943,66417.115485911
2021-08-18,216.579,217.605,214.52,217.605,30558.841757063
2021-08-19,216.023,216.023,209.384,212.787,53284.889094878
2021-08-20,212.469,214.918,210.418,213.892,17055.541919158
2021-08-23,214.051,217.605,213.494,216.89,28580.202665771
2021-08-24,217.207,217.207,212.469,213.972,26282.06304734
2021-08-25,215.625,221.159,213.972,221.159,53484.891393362
2021-08-26,220.92,223.528,218.79,219.577,26235.52163197
2021-08-27,219.577,223.289,215.625,223.289,39936.308016177
2021-08-30,223.528,230.158,223.447,227.319,64196.964185128
2021-08-31,228.425,238.536,227.947,238.536,241479.50471188
2021-09-01,238.536,242.249,235.771,236.637,84814.811194267
2021-09-02,236.637,240.349,229.847,238.689,71448.619850291
2021-09-03,241.693,241.693,235.453,240.906,32282.132001863
2021-09-06,241.693,242.48,239.403,242.011,25358.781996476
2021-09-07,242.249,243.585,240.032,241.136,34014.227379302
2021-09-08,239.483,240.11,233.083,238.617,51837.073714028
2021-09-09,237.822,239.244,234.745,237.194,43867.170800849
2021-09-10,239.324,241.693,233.481,235.214,38000.436711982
2021-09-13,235.373,236.876,233.95,235.373,44362.77398074
2021-09-14,229.927,241.454,223.686,239.951,75863.764930035
2021-09-15,236.24,238.22,233.87,235.373,30984.003875854
2021-09-16,233.64,234.905,231.421,232.137,45018.127424201
2021-09-17,231.581,236.169,230.086,232.376,131386.41559098
2021-09-20,228.266,229.847,222.423,228.743,72888.887974595
2021-09-21,227.478,231.421,225.579,227.319,35328.707894496
2021-09-22,228.027,236.089,227.081,233.481,46899.910056479
2021-09-23,236.089,236.169,230.873,231.82,40338.828365327
2021-09-24,233.481,234.745,227.24,233.481,48053.382432014
2021-09-27,235.85,235.85,230.635,232.057,51725.12274192
2021-09-28,229.052,236.876,228.663,236.089,53961.626431887
2021-09-29,235.373,239.562,234.824,238.378,45727.569539578
2021-09-30,239.324,239.324,232.924,237.115,94116.804887915
2021-10-01,239.165,247.218,234.269,245.484,98814.972088155
2021-10-04,243.355,255.676,242.48,247.616,99734.479510745
2021-10-05,249.198,254.802,248.561,254.174,73272.540182379
2021-10-06,254.333,269.971,249.039,268.549,248021.71826168
2021-10-07,273.079,273.079,262.904,268.627,90226.194138157
2021-10-08,269.263,272.682,264.016,271.409,69195.763771139
2021-10-11,271.092,280.313,270.217,279.041,82291.51175553
2021-10-12,279.041,285.958,275.068,284.766,74068.775748041
2021-10-13,285.004,285.004,274.511,276.578,64874.959398228
2021-10-14,277.133,283.017,277.133,281.427,61237.18174278
2021-10-15,279.677,283.017,277.133,282.936,87840.003193351
2021-10-18,281.11,289.615,281.029,287.787,56198.130121855
2021-10-19,287.787,287.787,281.746,283.573,33170.192522177
2021-10-20,285.004,290.887,283.017,286.117,75775.713603658
2021-10-21,283.494,288.582,281.427,283.811,64693.82524111
2021-10-22,286.117,289.298,283.096,288.503,42089.791884132
2021-10-25,287.707,289.298,284.766,287.787,35909.846648581
2021-10-26,286.594,292.159,284.925,287.867,64807.034089309
2021-10-27,289.377,297.804,288.741,291.682,72614.670986735
2021-10-28,290.966,296.849,285.64,296.451,73218.451510461
2021-10-29,294.147,313.226,290.171,294.544,166702.54472456
2021-11-02,300.189,300.507,293.351,297.009,76886.418192094
2021-11-03,296.532,304.72,287.787,291.125,74168.147959238
2021-11-04,291.443,305.992,291.443,302.813,99231.329074307
2021-11-05,305.276,305.594,298.519,303.925,38263.33281502
2021-11-08,303.289,304.004,295.339,296.451,31951.310589906
2021-11-09,294.226,301.858,294.226,296.373,43177.854702929
2021-11-10,296.69,305.197,292.159,292.954,47024.439789498
2021-11-12,298.917,304.481,288.741,291.682,95270.277263449
2021-11-15,291.682,298.996,287.39,287.787,71765.604625246
2021-11-16,293.114,294.942,287.151,288.98,51751.538139834
2021-11-17,290.171,293.114,286.515,288.185,31196.584935249
2021-11-18,286.992,290.728,271.171,277.292,162254.69486645
2021-11-19,280.313,283.017,269.343,273.318,67705.180603192
2021-11-22,272.602,278.167,271.012,276.656,51931.41442086
2021-11-23,274.908,282.143,270.376,277.372,46213.109710741
2021-11-24,275.942,283.573,271.887,283.573,35743.807004558
2021-11-25,282.223,287.31,276.816,282.778,80368.219212246
2021-11-26,272.284,273.875,263.063,269.184,112423.93351771
2021-11-29,270.297,272.205,263.141,268.786,90194.74723588
2021-11-30,268.549,285.402,265.845,284.607,156865.95369219
2021-12-01,284.766,292.477,276.339,281.348,73498.957878776
2021-12-02,281.427,286.196,277.69,281.348,65858.618501465
2021-12-03,277.452,283.732,275.861,279.677,53440.865730174
2021-12-06,282.223,282.223,276.179,278.327,17197.681917452
2021-12-07,277.292,283.494,275.861,282.143,74687.650784861
2021-12-08,279.201,285.64,277.133,282.936,51462.226638882
2021-12-09,279.36,281.904,265.367,271.569,90877.773953345
2021-12-10,268.072,271.092,265.129,267.753,33873.345257099
2021-12-13,265.527,270.058,257.656,262.346,68965.572446469
2021-12-14,262.505,268.708,254.398,257.179,113133.37563309
2021-12-15,256.782,258.372,250.661,254.874,61961.718371251
2021-12-16,255.193,264.176,254.874,262.109,103003.6994715
2021-12-17,259.564,260.281,249.627,252.569,235636.67026875
2021-12-20,247.799,260.439,246.606,259.564,46561.541387975
2021-12-21,255.987,261.075,254.795,259.564,34137.499236229
2021-12-22,255.51,259.644,254.398,257.577,29175.178056859
2021-12-23,254.477,262.346,254.477,261.792,32204.143684216
2021-12-27,263.063,268.708,260.439,268.708,52811.927684626
2021-12-28,263.937,277.85,263.937,273.079,91829.986154304
2021-12-29,273.079,276.736,270.138,273.397,80258.78399232
2021-12-30,275.068,277.61,272.284,277.054,118226.51592593
2022-01-03,278.246,281.029,274.034,278.882,54727.672971363
2022-01-04,280.632,286.038,279.439,285.321,150441.98049497
2022-01-05,285.402,285.402,281.746,284.289,73183.230979911
2022-01-07,286.196,290.648,281.507,290.648,95014.928416957
2022-01-10,289.059,297.247,286.832,292.875,184034.81938375
2022-01-11,292.477,302.097,291.523,302.097,164754.09465945
2022-01-12,301.302,306.787,300.904,306.071,206157.08619784
2022-01-13,308.139,311.636,303.051,304.481,131182.63966422
2022-01-14,304.879,308.059,295.578,300.03,155752.73335158
2022-01-17,298.917,304.481,297.009,298.598,42332.561969713
2022-01-18,297.009,297.326,292,292.318,51930.156544768
2022-01-19,290.966,298.996,287.787,292,61362.96935189
2022-01-20,297.804,297.804,289.377,291.761,68424.685727299
2022-01-21,290.33,290.33,282.698,284.685,76310.310942373
2022-01-24,284.607,285.402,271.887,276.497,72428.505325254
2022-01-25,276.816,284.13,276.339,279.916,95945.756724367
2022-01-26,279.916,290.569,279.837,288.9,107823.88065258
2022-01-27,285.004,289.854,282.382,288.821,53950.305547067
2022-01-28,286.515,288.662,278.882,279.837,83076.426436373
2022-01-31,287.628,287.628,274.829,278.327,95645.124338596
2022-02-01,283.891,285.243,277.452,280.076,83954.423947957
2022-02-02,283.335,289.615,277.85,288.026,94157.05692283
2022-02-03,288.026,288.9,280.393,285.163,60531.513255677
2022-02-04,285.64,285.64,276.974,279.201,79136.758519063
2022-02-07,278.485,282.778,273.477,278.882,45259.639633692
2022-02-08,277.292,285.163,277.292,284.925,84375.812438474
2022-02-09,286.117,286.356,282.698,285.321,64718.982762932
2022-02-10,284.607,284.766,280.154,281.746,30830.54299274
2022-02-11,282.223,282.223,275.465,279.201,48148.981014936
2022-02-14,278.803,280.552,267.753,278.882,123221.54188367
2022-02-15,281.268,285.084,278.246,285.084,55067.299515959
2022-02-16,286.992,289.694,282.778,286.038,47374.129342823
2022-02-17,286.038,288.582,281.427,282.223,119865.52847263
2022-02-18,281.348,284.925,275.226,275.783,85335.57189598
2022-02-21,278.246,281.665,264.731,266.72,53282.373342696
2022-02-22,255.193,268.389,253.602,267.117,69529.10093528
2022-02-23,265.925,269.263,253.602,257.259,81097.787345081
2022-02-24,243.267,243.267,218.941,221.802,239708.41517562
2022-02-25,234.762,253.125,219.1,247.163,159754.03719735
2022-02-28,240.406,251.216,234.522,250.184,246209.1188144
2022-03-01,245.891,253.602,236.271,237.384,107105.63340456
2022-03-02,238.497,243.664,231.024,243.347,170913.91387755
2022-03-03,248.117,248.117,233.728,239.372,136543.70756447
2022-03-04,237.304,237.464,210.831,218.622,199696.63459398
2022-03-07,211.944,220.53,200.099,215.443,172155.43757945
2022-03-08,214.648,225.698,212.74,220.213,169362.95265722
2022-03-09,222.12,228.241,218.383,224.187,243909.72131987
2022-03-10,225.221,228.56,215.92,222.518,104182.32936886
2022-03-11,220.213,230.071,220.213,222.597,132372.59044639
2022-03-14,222.597,225.062,214.726,217.669,200675.26219285
2022-03-15,215.124,227.209,214.885,223.392,108412.56666321
2022-03-16,228.958,234.045,223.392,230.945,136108.48243694
2022-03-17,235.238,241.598,231.74,240.247,293756.8350578
2022-03-18,238.497,245.97,235.635,238.736,309706.70389288
2022-03-21,236.112,240.961,228.798,230.309,82027.3577764
2022-03-22,228.958,232.773,225.778,232.773,148556.42423442
2022-03-23,232.694,234.681,223.71,225.778,102203.69027757
2022-03-24,225.778,230.547,223.71,228.877,148239.43945946
2022-03-25,228.877,231.104,224.585,228.241,74995.830427179
2022-03-28,230.388,231.343,224.982,226.97,78311.591803306
2022-03-29,229.672,243.744,224.187,242.949,106910.66261044
2022-03-30,244.062,244.38,237.94,243.028,79652.487716412
2022-03-31,241.201,246.049,241.201,242.472,210784.81233698
2022-04-01,245.811,249.944,244.062,247.322,74717.839811047
2022-04-04,247.958,249.308,242.949,246.527,74619.725475942
2022-04-05,246.208,250.819,241.598,242.949,95648.897966869
2022-04-06,248.831,249.389,239.292,242.472,73213.420006097
2022-04-07,241.678,247.879,238.576,247.083,87558.238948945
2022-04-08,247.481,247.641,234.603,236.907,63117.706498968
2022-04-11,235.793,242.551,234.443,242.551,62560.467390613
2022-04-12,240.803,240.803,234.443,234.522,39719.953328509
2022-04-13,231.343,236.748,229.116,232.932,47891.116416262
2022-04-14,238.497,238.497,227.686,228.48,29936.193091971
2022-04-19,233.092,233.251,225.301,227.209,125764.96733987
2022-04-20,230.388,235.953,227.527,227.527,72119.067806844
2022-04-21,231.024,238.815,229.116,234.681,84509.14730413
2022-04-22,233.568,235.793,227.368,227.368,62550.404381885
2022-04-25,224.982,230.865,214.807,215.76,187111.58430257
2022-04-26,216.237,229.275,215.92,218.622,82462.582903919
2022-04-27,220.054,221.007,207.492,209.877,78029.8275589
2022-04-28,215.284,216.396,210.672,210.831,75462.502456975
2022-04-29,216.556,216.556,210.672,215.124,67256.11883867
2022-05-02,214.648,214.648,208.287,210.672,30656.956092169
2022-05-04,209.718,210.831,203.995,205.267,52956.583435102
2022-05-05,209.877,209.877,200.338,201.928,77849.951277873
2022-05-06,200.021,200.179,192.547,196.363,155023.16521873
2022-05-09,196.363,196.363,188.095,188.413,47981.683494821
2022-05-10,192.229,193.342,183.325,188.413,106838.96367325
2022-05-11,188.89,192.07,185.234,188.413,106584.87270285
2022-05-12,184.438,190.798,179.827,186.983,87919.249387089
2022-05-13,189.208,196.521,185.234,193.978,70327.852253125
2022-05-16,192.865,199.543,192.229,195.091,165843.41535434
2022-05-17,197.157,204.631,195.567,200.021,93341.9532158
2022-05-18,198.907,206.062,197.476,203.835,63924.00507336
2022-05-19,198.749,199.702,194.931,196.203,57110.090287899
2022-05-20,197.316,199.543,194.772,196.68,83239.950328216
2022-05-23,199.861,204.313,198.749,204.313,60468.619451122
2022-05-24,201.582,205.117,199.173,201.101,79075.772573738
2022-05-25,204.794,204.794,190.981,196.764,121583.96536973
2022-05-26,195.96,203.188,195.96,202.546,75157.283961624
2022-05-27,200.779,200.94,197.566,199.976,48619.391432232
2022-05-30,202.386,208.007,200.618,207.524,61186.695392217
2022-05-31,207.524,207.686,200.779,206.883,641063.24276133
2022-06-01,202.386,206.24,201.261,203.188,57020.421831322
2022-06-02,203.67,206.562,203.67,204.152,40651.673405883
2022-06-03,205.597,205.758,203.028,204.794,65831.106743722
2022-06-06,204.794,207.203,203.348,207.203,35361.028946755
2022-06-07,203.991,204.634,198.048,200.94,65951.886341871
2022-06-08,199.173,202.546,193.55,197.085,44986.042283789
2022-06-09,195.8,199.655,190.018,193.39,48290.671701187
2022-06-10,188.09,192.105,180.862,183.753,64923.392031859
2022-06-13,178.131,181.986,175.882,178.452,57826.034202481
2022-06-14,180.702,188.25,180.702,187.608,64810.083336689
2022-06-15,189.535,190.66,183.913,189.856,80217.575578921
2022-06-17,187.126,190.981,184.074,188.733,202770.26803483
2022-06-20,192.748,195.317,189.214,195.317,29816.373786366
2022-06-21,196.764,197.405,191.623,196.925,46274.773047545
2022-06-22,192.909,195.96,189.856,192.266,44633.664693313
2022-06-23,196.764,196.764,191.142,192.748,120905.3583492
2022-06-24,191.302,199.173,191.142,199.173,66200.916441147
2022-06-27,196.764,199.655,193.229,194.836,32612.98180124
2022-06-28,197.405,199.333,193.55,197.245,53139.287734099
2022-06-29,194.997,196.121,191.463,193.07,70580.110736923
2022-06-30,194.194,194.194,185.359,187.126,104212.8707947
2022-07-01,190.499,194.836,186.965,188.25,73405.357213214
2022-07-04,191.945,192.748,178.613,181.023,74472.451188614
2022-07-05,183.913,185.519,174.276,176.847,45826.518868847
2022-07-06,178.774,182.468,176.203,179.898,63034.498728848
2022-07-07,180.219,189.856,180.219,186.805,91895.842084488
2022-07-08,185.198,190.499,181.504,189.374,83076.441118614
2022-07-11,190.981,190.981,185.359,188.893,35532.859715256
2022-07-12,185.359,192.587,180.862,181.182,156471.83712786
2022-07-13,182.95,187.608,178.452,183.271,85478.336426135
2022-07-14,183.271,183.271,174.597,177.649,87646.143440336
2022-07-15,178.292,179.416,173.955,176.847,53929.958299302
2022-07-18,180.541,185.359,179.577,184.395,47775.179395685
2022-07-19,180.702,187.768,180.702,186.965,40930.587117073
2022-07-20,189.535,190.981,181.504,185.038,53885.132881432
2022-07-21,184.557,187.447,181.182,186.002,44631.17439232
2022-07-22,182.307,187.768,182.307,184.717,39874.699496141
2022-07-25,183.11,187.608,182.468,184.395,49392.629890485
2022-07-26,182.95,184.557,176.686,178.774,94901.635382755
2022-07-27,177.488,182.147,176.686,180.862,83848.434426371
2022-07-28,181.826,191.142,179.095,184.074,173547.83103524
2022-07-29,186.965,188.572,183.432,188.572,68491.99335449
2022-08-01,188.572,194.354,184.878,188.09,89693.170856389
2022-08-02,186.323,188.893,184.717,185.68,30756.462411134
2022-08-03,184.717,188.572,181.343,188.572,87643.653139344
2022-08-04,188.733,191.623,183.11,190.018,83433.799311076
2022-08-05,188.572,190.499,180.058,181.826,92005.41532817
2022-08-08,183.913,190.981,180.219,188.733,238397.75918781
2022-08-09,188.572,193.872,187.608,188.411,105150.46911848
2022-08-10,187.287,190.339,182.307,190.178,68782.113420147
2022-08-11,192.748,194.515,189.374,194.033,64671.87163159
2022-08-12,192.909,198.691,192.748,198.531,32532.047018975
2022-08-16,199.976,205.919,195.96,199.815,88515.258486811
2022-08-17,196.603,199.173,187.768,188.893,77104.699337965
2022-08-18,191.302,197.245,186.484,196.281,54507.708129623
2022-08-19,196.121,197.887,190.178,193.55,76173.326766672
2022-08-22,191.623,194.675,187.929,189.535,60397.26997751
2022-08-23,188.25,192.266,187.126,187.126,62561.341540222
2022-08-24,186.805,187.447,181.343,182.789,36551.392821297
2022-08-25,185.038,189.535,184.395,187.126,47356.808828901
2022-08-26,183.913,187.447,181.664,182.789,28380.715264037
2022-08-29,179.898,180.862,175.882,176.847,39548.470066088
2022-08-30,178.292,179.898,171.064,172.67,81543.660857568
2022-08-31,176.203,176.686,170.903,172.027,127708.86066143
2022-09-01,170.742,171.064,164.639,164.639,90519.950785986
2022-09-02,167.049,170.421,163.996,170.421,154352.59098301
2022-09-05,166.245,168.655,165.121,167.851,52588.931214698
2022-09-06,168.655,170.1,163.996,167.049,72696.866580773
2022-09-07,163.033,168.011,161.748,165.763,75396.352856929
2022-09-08,170.903,172.027,168.011,168.655,266499.56074066
2022-09-09,175.882,175.882,170.903,174.276,341715.36677562
2022-09-12,175.4,179.898,172.027,179.737,152788.68195956
2022-09-13,180.058,181.182,176.043,178.292,81863.664535138
2022-09-14,177.649,179.737,174.437,178.452,77118.395993426
2022-09-15,178.292,182.147,175.882,180.219,80696.958520028
2022-09-16,176.686,181.504,169.779,171.224,265026.54770344
2022-09-19,169.136,178.292,169.136,177.81,47745.295783772
2022-09-20,177.488,181.343,172.349,173.312,79722.005681361
2022-09-21,170.261,172.349,166.727,169.618,83895.750145233
2022-09-22,167.53,175.721,166.405,174.597,87997.275880316
2022-09-23,174.276,174.437,168.011,170.742,126398.96233924
2022-09-26,167.369,172.027,165.442,165.603,70865.250200595
2022-09-27,172.027,172.188,165.603,167.851,111428.51792123
2022-09-28,162.229,167.369,160.623,165.924,87468.086919354
2022-09-29,165.924,169.136,157.652,157.652,109261.95605753
2022-09-30,157.411,161.105,156.688,158.134,87606.298624452
2022-10-03,157.892,158.374,149.781,157.009,70687.193679612
2022-10-04,157.973,167.69,157.973,167.369,42360.019886919
2022-10-05,166.888,168.333,160.142,160.221,54262.413481836
2022-10-06,161.587,163.996,158.214,158.857,74152.447511043
2022-10-07,160.061,161.748,154.119,156.929,48100.163675241
2022-10-10,156.366,158.535,153.958,153.958,57232.097415707
2022-10-11,155.643,158.936,151.95,156.205,60200.536199082
2022-10-12,158.374,159.258,155.162,157.411,80242.478588848
2022-10-13,158.134,160.945,156.205,158.374,121334.93527045
2022-10-14,164.318,167.69,162.229,166.888,92528.378536651
2022-10-17,168.494,170.582,166.245,169.457,28381.960414534
2022-10-18,172.831,179.737,172.027,179.095,98080.504600018
2022-10-19,180.702,180.702,176.686,178.292,92446.198603889
2022-10-20,178.292,185.841,177.649,184.717,129327.55630673
2022-10-21,184.717,188.572,183.432,187.126,115607.24298709
2022-10-24,187.929,192.105,184.234,188.09,70725.793345
2022-10-25,190.339,190.82,181.986,187.126,56365.472670225
2022-10-26,186.002,192.748,185.841,192.587,47552.297456833
2022-10-27,192.748,193.55,187.608,192.266,50276.686742917
2022-10-28,191.945,194.836,187.126,193.55,66742.556907074
2022-10-31,194.515,204.152,194.515,204.152,101285.52197771
2022-11-02,205.597,209.292,200.779,204.152,151212.32143114
2022-11-03,197.566,202.546,196.764,199.494,157545.15685574
2022-11-04,202.386,206.079,198.852,202.707,74306.846172595
2022-11-07,202.707,212.504,202.225,209.613,62853.951906872
2022-11-08,209.613,209.613,206.24,209.613,102534.40792558
2022-11-09,212.665,218.447,208.81,214.754,99087.831351592
2022-11-10,216.681,216.681,211.54,215.395,97338.394904175
2022-11-14,216.841,224.551,216.681,221.178,118601.82993089
2022-11-15,223.106,228.728,216.841,225.515,125049.21920116
2022-11-16,224.07,226.639,217.644,221.499,87426.996952973
2022-11-17,221.339,222.946,215.716,218.769,73689.251526389
2022-11-18,217.002,223.908,216.199,218.447,70049.676625464
2022-11-21,218.609,222.302,216.36,217.163,41066.308521178
2022-11-22,215.234,218.447,214.593,217.163,41038.915210258
2022-11-23,221.339,221.339,216.038,216.038,45749.319538071
2022-11-24,219.25,220.536,217.163,219.25,66920.613428056
2022-11-25,220.857,220.857,214.271,217.484,81950.825069885
2022-11-28,218.93,220.696,215.716,216.52,43612.64128628
2022-11-29,220.857,220.857,213.95,215.556,68020.081316362
2022-11-30,218.609,223.908,214.271,219.732,170309.19459415
2022-12-01,220.857,221.339,215.075,216.841,61786.857931473
2022-12-02,215.556,219.09,215.234,216.841,79359.666886913
2022-12-05,216.52,219.09,215.395,215.556,68242.963255214
2022-12-06,215.556,216.038,210.417,212.023,34315.102529794
2022-12-07,211.379,212.665,208.971,211.379,29746.645358568
2022-12-08,211.059,211.219,206.883,208.328,31695.305885406
2022-12-09,209.613,210.738,205.437,207.847,33201.937986029
2022-12-12,208.328,209.934,204.956,209.132,32490.957052595
2022-12-13,209.132,215.716,206.079,215.234,73054.224773234
2022-12-14,215.234,215.878,213.148,214.11,26948.792193198
2022-12-15,213.468,213.468,205.117,206.24,28304.761083758
2022-12-16,207.203,209.934,202.386,205.758,180567.98953384
2022-12-19,207.364,210.095,204.794,205.597,28960.955395351
2022-12-20,203.991,206.24,203.188,206.079,39839.835282242
2022-12-21,206.722,209.452,204.634,208.971,32307.919929626
2022-12-22,210.899,212.183,208.328,209.934,48733.945277899
2022-12-23,212.504,212.504,207.524,208.489,53179.132549983
2022-12-27,211.219,211.379,203.188,205.437,24559.348390641
2022-12-28,206.883,207.044,203.991,206.401,22401.50258041
2022-12-29,207.847,210.095,201.742,210.095,56472.555612914
2022-12-30,209.774,210.095,207.044,208.328,28635.971115796
2023-01-02,207.044,210.577,205.437,205.597,8344.9986267529
2023-01-03,205.437,216.038,204.956,215.716,128653.92988818
2023-01-04,216.038,229.049,216.038,227.122,149271.13180728
2023-01-05,228.085,237.562,225.997,230.494,237412.84514518
2023-01-09,231.297,238.525,231.297,237.562,83000.486938335
2023-01-10,236.759,241.255,233.867,239.971,143738.92815185
2023-01-11,238.846,242.38,234.67,235.313,73263.410056627
2023-01-12,236.919,241.738,236.919,240.131,82654.33510034
2023-01-13,239.008,241.416,236.919,239.008,74955.56958121
2023-01-16,240.131,243.344,237.08,243.023,45307.291111856
2023-01-17,239.169,242.541,234.189,235.794,65569.625139482
2023-01-18,236.116,237.722,230.816,233.707,69067.252883819
2023-01-19,235.153,235.153,225.033,231.458,78466.893981007
2023-01-20,235.153,235.153,229.691,231.458,45520.211846737
2023-01-23,234.831,240.131,232.583,236.277,39914.544312025
2023-01-24,239.489,239.649,233.707,235.473,27385.840017428
2023-01-25,233.385,233.546,219.09,226.478,72351.959893275
2023-01-26,229.049,230.816,225.194,228.406,33124.738655253
2023-01-27,230.173,231.779,225.194,226.801,43993.657338173
2023-01-30,225.676,228.567,224.23,226.157,76895.514054573
2023-01-31,226.157,231.137,224.551,230.494,90300.804298623
2023-02-01,230.494,230.977,223.747,227.281,66609.325803961
2023-02-02,231.779,233.546,224.873,230.655,75218.296335947
2023-02-03,231.779,234.51,228.085,232.904,45115.537935413
2023-02-06,232.583,232.904,226.157,226.961,79065.811369767
2023-02-07,230.173,230.816,226.961,228.085,37709.382782932
2023-02-08,229.209,232.743,228.888,230.173,39056.635620017
2023-02-09,230.173,234.831,229.852,231.939,40133.690799388
2023-02-10,232.904,232.904,226.478,228.728,59902.945230447
2023-02-13,232.904,234.028,226.478,228.888,41800.947314044
2023-02-14,231.939,233.707,228.085,231.297,28639.706567285
2023-02-15,231.297,234.028,230.333,232.743,40092.600833007
2023-02-16,233.385,233.867,221.66,232.261,234638.64983924
2023-02-17,231.458,232.904,228.888,230.655,77607.740138504
2023-02-20,232.904,232.904,228.567,230.977,22580.804251889
2023-02-21,232.583,232.583,226.157,228.888,211366.78706186
2023-02-22,230.494,230.494,223.747,225.836,52374.76532932
2023-02-23,228.888,228.888,224.873,226.157,27795.494530738
2023-02-24,228.246,232.261,225.997,229.37,56258.389727536
2023-02-27,232.904,239.81,230.655,238.204,50331.473364757
2023-02-28,236.116,242.38,236.116,239.971,122155.48944757
2023-03-01,238.204,242.702,237.883,240.935,64124.005413182
2023-03-02,240.775,240.775,228.406,229.852,64402.919124372
2023-03-03,232.904,236.116,230.494,233.867,42294.026910611
2023-03-06,233.867,244.79,233.867,242.541,79184.100666924
2023-03-07,239.489,244.307,237.24,237.722,55045.61314406
2023-03-08,237.722,242.38,236.116,239.81,55782.742237918
2023-03-09,235.153,242.702,235.153,239.328,64105.328155736
2023-03-10,234.51,234.831,229.209,230.655,90716.684564415
2023-03-13,231.618,233.546,224.391,226.639,231084.99032256
2023-03-14,227.924,228.567,224.873,226.318,155503.11004167
2023-03-15,226.478,229.049,224.551,224.873,322323.39294496
2023-03-16,224.873,226.478,217.163,223.426,262993.21694285
2023-03-17,224.873,226.478,213.307,217.323,196200.85401592
2023-03-20,212.826,214.432,203.348,212.504,74276.962560682
2023-03-21,212.986,220.696,212.826,220.536,51185.646605276
2023-03-22,217.644,222.463,217.002,219.09,44507.904493178
2023-03-23,218.447,221.339,217.644,220.536,81014.471896605
2023-03-24,219.732,220.696,216.36,217.805,114405.67275808
2023-03-27,218.447,221.499,216.038,218.609,65918.267278469
2023-03-28,222.463,231.939,221.017,229.691,102448.49254133
2023-03-29,231.297,235.794,227.924,235.634,73838.669585955
2023-03-30,230.977,240.292,230.816,239.169,77260.343150013
2023-03-31,240.131,240.131,233.064,234.349,81849.967879678
2023-04-03,238.525,242.702,235.473,240.935,37119.181447647
2023-04-04,240.453,243.023,238.044,239.971,55886.089729118
2023-04-05,242.22,242.22,235.794,236.116,21395.420979334
2023-04-06,239.971,239.971,235.153,236.919,31215.922944299
2023-04-11,236.919,245.271,236.919,244.79,49982.83122577
2023-04-12,243.344,252.499,242.862,251.054,68831.919440003
2023-04-13,249.287,253.463,247.841,251.375,122672.22690356
2023-04-14,251.215,258.603,251.215,258.443,41519.543301861
2023-04-17,261.013,263.261,256.515,261.655,45428.070710005
2023-04-18,263.101,271.614,262.619,264.868,57894.517479782
2023-04-19,265.67,273.541,262.78,273.06,53876.416827957
2023-04-20,271.452,280.93,271.452,277.396,62030.907428764
2023-04-21,274.666,276.754,266.956,270.65,62401.962276686
2023-04-24,271.132,280.609,269.525,279.644,37410.5466638
2023-04-25,279.966,281.893,272.096,273.06,66532.126473185
2023-04-26,271.292,272.738,263.101,268.562,82120.165537393
2023-04-27,270.007,279.163,270.007,277.396,91172.40964609
2023-04-28,277.075,277.075,270.65,271.614,89653.326040504
2023-05-02,271.935,280.288,266.474,269.205,67480.931151428
2023-05-04,271.452,276.272,264.546,265.029,77607.740138504
2023-05-05,261.815,264.868,255.391,264.868,55708.033208135
2023-05-08,264.868,270.329,263.101,268.241,41162.1851094
2023-05-09,263.583,268.883,262.94,267.437,55000.78772619
2023-05-10,266.635,270.811,263.904,267.919,59854.384361088
2023-05-11,268.722,270.168,263.743,265.189,57464.940558531
2023-05-12,265.029,269.045,263.904,266.635,75701.414728543
2023-05-15,267.759,268.08,260.853,263.583,54852.614817121
2023-05-16,264.868,268.722,262.298,263.422,40647.937954394
2023-05-17,262.137,263.743,258.925,261.815,48883.363337465
2023-05-18,261.815,266.153,261.815,264.707,50839.494767281
2023-05-19,265.189,280.288,264.868,279.966,142760.2398617
2023-05-22,279.966,283.66,278.682,281.733,99407.835029162
2023-05-23,281.09,285.909,278.36,282.536,102487.09220671
2023-05-24,282.054,285.267,272.899,274.183,81156.419053193
2023-05-25,276.914,283.339,273.862,279.966,73066.676278198
2023-05-26,279.003,284.303,277.396,281.252,130306.24459688
2023-05-29,284.303,286.391,280.127,283.339,50255.519184478
2023-05-30,281.09,283.018,276.754,278.842,66454.927142409
2023-05-31,274.827,277.396,268.883,270.329,512435.46103357
2023-06-01,270.007,279.484,270.007,277.396,86019.976892061
2023-06-02,281.09,295.546,280.127,294.261,129237.90547099
2023-06-05,294.743,304.381,293.94,295.065,113986.0570408
2023-06-06,295.065,309.2,293.137,305.344,126999.12487849
2023-06-07,301.169,305.344,296.028,297.795,93500.841074325
2023-06-09,303.738,314.821,300.687,312.573,75162.264563609
2023-06-12,307.593,314.179,301.328,302.774,81766.54279642
2023-06-13,303.577,304.059,296.028,297.474,110959.0961841
2023-06-14,294.743,312.573,294.743,310.324,104027.34337074
2023-06-15,306.79,316.267,303.577,313.536,112778.26105931
2023-06-16,313.055,325.743,309.36,312.573,604921.50445335
2023-06-19,310.645,317.071,307.112,309.039,36054.57777324
2023-06-20,307.433,314.018,305.987,306.951,37736.776093852
2023-06-21,305.344,314.018,304.542,309.2,68130.89971054
2023-06-22,306.79,313.375,305.024,312.251,55190.05060164
2023-06-23,307.433,312.09,299.242,299.401,55818.851602313
2023-06-26,301.169,311.609,298.759,310.163,43346.179080054
2023-06-27,313.536,316.427,306.469,309.2,65609.469955366
2023-06-28,313.055,317.071,305.184,309.52,66822.246538842
2023-06-29,312.09,313.696,306.951,313.696,41611.684438594
2023-06-30,313.216,317.071,310.324,312.412,69029.898368928
2023-07-03,316.427,316.427,309.36,314.34,46157.728900885
2023-07-04,314.179,314.821,302.453,303.577,33751.049354933
2023-07-05,301.328,302.935,296.671,298.277,100489.87081052
2023-07-06,299.883,305.827,295.546,300.687,85086.114019775
2023-07-07,304.059,307.273,301.489,305.987,134633.14257181
2023-07-10,305.184,305.184,297.795,299.562,49214.573369503
2023-07-11,301.972,308.558,301.489,308.235,102399.93167197
2023-07-12,309.2,321.728,307.914,320.604,108436.42127843
2023-07-13,318.837,321.888,312.573,314.821,75251.915399349
2023-07-14,312.573,325.262,312.573,323.334,75687.718073083
2023-07-17,322.371,325.102,318.034,322.21,40576.9643761
2023-07-18,324.298,333.133,321.086,333.133,73326.912731942
2023-07-19,333.294,336.505,326.065,326.065,69159.394020551
2023-07-20,326.065,330.08,324.137,325.904,60779.5311799
2023-07-21,325.904,328.314,322.853,326.065,61163.037532785
2023-07-24,322.21,328.957,322.05,325.262,69865.394352
2023-07-25,322.853,327.992,322.853,324.459,74608.172592719
2023-07-26,326.547,329.919,316.427,321.247,70222.752544462
2023-07-27,315.303,322.853,314.018,321.247,111174.50721997
2023-07-28,318.837,323.174,318.355,323.013,103865.47380621
2023-07-31,321.247,323.013,316.267,319.158,95552.849092363
2023-08-01,317.712,319.64,312.412,315.785,99361.764460796
2023-08-02,312.734,314.34,308.075,308.879,70047.186324472
2023-08-03,309.36,313.536,307.593,309.2,53349.718167988
2023-08-04,313.536,318.516,312.894,315.464,38573.517227421
2023-08-07,316.427,318.355,312.894,313.696,32022.780465955
2023-08-08,310.485,312.573,302.614,306.79,69155.658569062
2023-08-09,311.609,312.412,304.059,306.951,62301.105086479
2023-08-10,310.163,317.873,308.235,315.143,104302.52163044
2023-08-11,312.09,315.303,306.951,310.324,60383.57332205
2023-08-14,304.542,312.734,303.417,310.966,53695.870005982
2023-08-16,310.645,310.645,300.526,302.293,65247.131160919
2023-08-17,304.22,305.184,292.495,295.867,87460.616016375
2023-08-18,293.78,299.401,292.816,297.474,48492.386081601
2023-08-21,297.474,305.827,297.474,302.293,50627.819182896
2023-08-22,302.293,305.827,299.401,301.328,65381.607414528
2023-08-23,298.759,305.504,297.795,304.059,67600.465599081
2023-08-24,306.63,308.075,301.65,303.577,56081.57835705
2023-08-25,299.562,306.63,296.35,302.293,51003.854632804
2023-08-28,302.132,309.36,301.008,308.718,44954.91352138
2023-08-29,310.324,313.216,305.666,306.951,48027.944946451
2023-08-30,307.754,311.448,306.79,308.075,33323.962734674
2023-08-31,311.609,312.09,297.635,298.438,233267.73914272
2023-09-01,299.562,305.987,299.081,304.863,60860.465962165
2023-09-04,303.577,308.397,295.226,296.671,32890.650361933
2023-09-05,296.671,299.401,293.459,293.459,56279.557285975
2023-09-06,291.691,296.189,276.914,286.391,182382.17380707
2023-09-07,294.743,294.743,279.163,282.375,120609.01253106
2023-09-08,283.821,286.07,280.448,285.106,57223.381362232
2023-09-11,296.028,296.028,286.391,288.158,72051.878623647
2023-09-12,293.137,293.137,285.267,287.836,112334.9874826
2023-09-13,285.748,287.836,282.697,287.034,86922.711001938
2023-09-14,288.64,289.604,283.982,286.551,69266.47696324
2023-09-15,289.764,289.925,283.982,283.982,408165.31331604
2023-09-18,281.412,287.515,276.914,277.878,50306.57035483
2023-09-19,289.604,289.604,273.38,281.252,74065.286976297
2023-09-20,283.66,301.169,281.412,298.92,159827.51771561
2023-09-21,294.743,294.905,286.551,289.764,103704.84939218
2023-09-22,287.515,291.852,283.66,284.303,82955.661520465
2023-09-25,283.499,286.07,277.396,279.806,53654.780039601
2023-09-26,278.199,288.158,275.951,284.303,54220.078364959
2023-09-27,287.034,287.034,278.842,280.609,39857.267389191
2023-09-28,277.878,282.536,277.236,280.93,62494.103413418
2023-09-29,284.785,292.977,281.733,289.122,68407.323120736
2023-10-02,286.391,287.195,280.609,281.572,62130.519468474
2023-10-03,281.09,281.412,275.629,280.288,76092.391984407
2023-10-04,274.666,290.406,274.183,289.604,132694.44324894
2023-10-05,288.961,292.977,286.07,290.567,105481.67915051
2023-10-06,292.656,300.847,290.567,299.081,101212.05809842
2023-10-09,300.687,305.666,294.422,302.935,49373.95263304
2023-10-10,305.184,312.573,305.024,311.127,75761.181952369
2023-10-11,312.894,316.589,308.397,315.143,193046.88780859
2023-10-12,314.821,314.821,303.577,310.485,248192.11299236
2023-10-13,310.003,316.91,306.63,314.661,98767.827674021
2023-10-16,317.231,343.733,315.303,339.076,206927.82554225
2023-10-17,333.294,347.588,326.226,345.5,134737.73521351
2023-10-18,345.34,345.5,335.863,337.309,167598.50196353
2023-10-19,332.65,337.309,327.671,330.723,83095.11837606
2023-10-20,327.349,332.973,323.656,326.547,43886.574395484
2023-10-23,330.884,330.884,324.298,325.262,55437.83555042
2023-10-24,325.583,331.687,325.583,328.635,112933.90487136
2023-10-25,329.278,346.625,326.226,345.18,163041.25114677
2023-10-26,343.894,354.495,335.06,352.407,156517.90769622
2023-10-27,346.143,358.189,346.143,353.21,107495.08750316
2023-10-30,352.568,367.505,352.568,364.615,152982.92543699
2023-10-31,362.848,375.858,360.278,366.542,121077.1891177
2023-11-02,371.842,377.304,363.811,371.36,115572.37877319
2023-11-03,369.915,374.091,361.402,369.112,118288.0520058
2023-11-06,368.63,373.288,363.972,369.112,109630.52060446
2023-11-07,365.257,371.201,363.17,369.112,60920.233185991
2023-11-08,369.112,370.397,360.439,367.666,85235.532079341
2023-11-09,371.04,380.999,365.257,380.999,74860.938143485
2023-11-10,376.662,379.874,370.718,374.091,55102.890066894
2023-11-13,378.749,381.479,375.697,376.662,80516.411698052
2023-11-14,376.822,399.791,376.822,395.775,111490.77544605
2023-11-15,400.594,401.237,379.071,383.889,154824.50302114
2023-11-16,385.656,393.045,385.335,387.905,100296.87248358
2023-11-17,387.584,392.563,384.371,392.563,84057.619709763
2023-11-20,390.636,400.755,389.19,395.133,43489.371387138
2023-11-21,396.578,400.594,391.439,397.222,71815.300029334
2023-11-22,396.739,399.149,388.869,393.847,59696.250248047
2023-11-23,391.117,398.988,391.117,392.563,43587.738276352
2023-11-24,389.832,397.863,389.671,393.526,33337.659390134
2023-11-27,385.656,391.76,383.889,389.19,75132.380951696
2023-11-28,385.816,398.988,385.816,397.061,52754.536230717
2023-11-29,396.9,406.778,391.278,405.172,77999.962544864
2023-11-30,405.573,409.589,395.615,398.988,294475.60209337
2023-12-01,401.558,415.211,399.469,409.187,76886.798001099
2023-12-04,408.786,412.399,405.976,409.589,38058.024921919
2023-12-05,406.778,416.817,403.967,411.999,72071.801031589
2023-12-06,411.597,414.809,407.581,407.581,53471.742916633
2023-12-07,407.983,411.597,402.361,408.384,55818.851602313
2023-12-08,407.581,411.999,407.581,409.991,44844.095127202
2023-12-11,412.801,416.817,406.778,412.801,61623.743216447
2023-12-12,412.399,418.423,404.369,408.786,68493.238504987
2023-12-13,409.589,416.014,406.778,412.399,58471.022159607
2023-12-14,413.604,420.43,409.589,415.211,79411.963207761
2023-12-15,415.613,420.03,401.077,403.967,366608.41549929
2023-12-18,405.573,413.604,404.77,409.991,50962.764666423
2023-12-19,409.991,418.022,402.361,403.967,88790.436746512
2023-12-20,409.187,417.219,406.778,410.392,53993.460974617
2023-12-21,412.243,417.123,408.037,410.561,60679.010253703
2023-12-22,409.046,416.954,409.046,414.767,36681.977187846
2023-12-27,414.767,419.814,413.084,417.46,88016.063276718
2023-12-28,419.647,421.919,411.233,411.233,37118.200434919
2023-12-29,413.758,415.608,408.373,412.075,27493.950757657
2024-01-02,409.215,411.906,398.277,407.7,50183.502701495
2024-01-03,411.739,411.739,398.277,407.027,82272.655293449
2024-01-04,402.484,407.868,394.912,407.027,80013.09019076
2024-01-05,406.185,407.868,394.239,407.868,44620.764836905
2024-01-08,402.316,410.897,397.436,410.561,33956.473358037
2024-01-09,411.065,414.262,404.503,407.027,78409.642887483
2024-01-10,407.531,411.402,398.951,402.316,64083.21564776
2024-01-11,402.82,406.69,390.705,394.743,65986.194989899
2024-01-12,394.576,400.297,392.556,397.436,48213.960684054
2024-01-15,393.061,396.763,389.191,391.547,36163.739215846
2024-01-16,391.042,391.042,383.638,388.518,45960.338677374
2024-01-17,386.499,386.835,382.966,384.985,104493.89127176
2024-01-18,384.312,390.2,384.312,389.191,84691.495369184
2024-01-19,388.855,395.585,386.668,391.883,68992.212951341
2024-01-22,389.528,397.941,386.162,390.033,96514.690569842
2024-01-23,395.585,399.119,382.797,386.499,128651.38792987
2024-01-24,386.835,390.874,384.143,388.35,81023.41651232
2024-01-25,388.013,388.518,383.975,387.677,81552.352057137
2024-01-26,386.835,394.407,381.956,393.565,78515.429996447
2024-01-29,392.893,395.08,386.162,387.677,34309.493260982
2024-01-30,388.35,399.792,388.35,399.792,54764.44110537
2024-01-31,394.071,412.075,392.22,409.719,88579.468778388
2024-02-01,399.792,413.252,395.921,407.363,99832.126762165
2024-02-02,407.363,420.488,406.522,416.786,78036.416458107
2024-02-05,419.31,426.125,410.728,414.094,73044.215810398
2024-02-06,418.973,418.973,403.157,404.166,77822.465001777
2024-02-07,404.335,416.449,404.335,416.282,69546.109499396
2024-02-08,416.449,416.618,397.941,400.128,54372.196768764
2024-02-09,405.344,407.531,398.782,400.969,29418.325245429
2024-02-12,397.099,411.57,396.426,408.037,35203.334900762
2024-02-13,402.316,409.719,397.604,400.128,26694.010034822
2024-02-14,397.773,419.31,397.773,416.786,43634.210899382
2024-02-15,419.31,419.814,408.037,413.589,73356.822660481
2024-02-16,413.758,429.911,413.758,424.863,65958.856748256
2024-02-19,425.704,437.903,424.022,434.117,63946.524439549
2024-02-20,437.903,452.626,434.117,450.522,174183.82369458
2024-02-21,449.681,462.301,445.896,447.157,93013.018401235
2024-02-22,453.888,458.515,450.522,455.571,87891.258260525
2024-02-23,456.412,473.239,455.15,467.349,117096.82066883
2024-02-26,464.404,472.397,460.619,463.984,106262.5566441
2024-02-27,462.722,472.397,456.412,460.198,88416.627947737
2024-02-28,458.515,465.246,453.467,459.357,84426.433287175
2024-02-29,462.722,470.293,453.467,462.301,262104.79743515
2024-03-01,464.404,468.19,456.412,461.881,89664.678109664
2024-03-04,463.563,467.349,458.095,461.881,68616.609283561
2024-03-05,459.357,463.142,452.626,454.309,51872.530587304
2024-03-06,454.73,458.095,449.261,453.888,66460.454051431
2024-03-07,447.157,448.84,434.538,440.007,95875.213439254
2024-03-08,433.696,445.054,428.228,441.689,109904.48587852
2024-03-11,433.276,448.419,433.276,447.157,92223.775251216
2024-03-12,450.943,456.833,442.53,455.992,155093.4106939
2024-03-13,452.626,467.349,452.626,459.357,116952.9977454
2024-03-14,458.515,461.46,443.792,451.364,146383.20918285
2024-03-15,452.626,463.563,429.069,450.522,481019.92755241
2024-03-18,445.896,451.364,437.903,443.792,75983.671096537
2024-03-19,442.11,442.951,428.228,440.007,123413.14310738
2024-03-20,441.689,446.737,432.434,446.316,79864.51279053
2024-03-21,450.102,466.928,450.102,466.928,124870.39024883
2024-03-22,461.039,469.872,458.515,463.563,84377.6998999
2024-03-25,460.619,464.825,455.992,458.095,38108.320230048
2024-03-26,455.992,471.135,452.205,467.349,70911.832962305
2024-03-27,467.349,472.397,466.507,470.714,42270.864674876
2024-03-28,466.928,480.81,466.928,479.127,192267.47623131
2024-04-02,476.688,485.269,472.818,479.38,107949.2072915
2024-04-03,480.558,484.26,475.846,481.735,114592.40001056
2024-04-04,484.596,487.962,479.885,484.596,85357.122122212
2024-04-05,481.231,486.952,477.361,486.952,117560.38215754
2024-04-08,486.952,496.374,485.269,488.803,81017.473416311
2024-04-09,493.682,493.682,478.539,479.548,141108.11716511
2024-04-10,484.26,489.644,480.389,487.12,121972.53663476
2024-04-11,480.389,489.139,469.789,470.63,77761.845422483
2024-04-12,471.135,478.539,463.395,464.236,59692.45631618
2024-04-15,457.842,472.481,457.674,467.097,42117.53279784
2024-04-16,460.535,464.236,454.477,456.664,95291.601411153
2024-04-17,455.15,470.967,452.962,465.582,84503.693535294
2024-04-18,470.462,477.192,460.535,471.135,95902.551680897
2024-04-19,463.226,471.471,461.376,469.957,41571.956584197
2024-04-22,473.154,480.726,471.471,480.726,64503.98684521
2024-04-23,484.26,494.524,482.576,485.942,82567.432855504
2024-04-24,487.962,487.962,479.38,479.38,76223.772175308
2024-04-25,487.793,487.793,468.779,471.977,54341.292669516
2024-04-26,475.173,476.855,469.116,473.154,39072.290402737
2024-04-29,474.332,479.211,466.928,476.183,61998.37756774
2024-04-30,479.716,482.913,471.135,471.808,75074.377407133
2024-05-02,472.481,478.539,468.443,472.312,50025.416347651
2024-05-06,474.164,483.754,471.471,481.567,67588.453673973
2024-05-07,479.043,486.11,477.192,477.697,70718.088032406
2024-05-08,477.865,481.904,474.164,480.894,62759.093856915
2024-05-09,480.389,487.288,476.855,477.529,43228.891751556
2024-05-10,477.529,483.418,458.683,459.02,146956.12363814
2024-05-13,467.265,468.106,459.525,465.078,37061.146713231
2024-05-14,465.078,469.284,457.674,464.741,97299.179243053
2024-05-15,463.094,467.487,459.616,463.46,96912.747604854
2024-05-16,464.924,466.754,458.335,459.616,73307.099042305
2024-05-17,457.602,463.094,449.365,463.094,72493.073483191
2024-05-20,463.094,466.388,459.067,461.629,49713.469649086
2024-05-21,464.741,470.232,455.863,468.585,80373.277956118
2024-05-22,468.585,471.147,462.361,465.473,47212.389776855
2024-05-23,465.839,473.527,463.46,468.768,72328.083067854
2024-05-24,470.415,470.415,459.433,464.192,32237.597444429
2024-05-27,460.897,471.696,460.897,469.5,17255.156549702
2024-05-28,468.585,471.88,464.741,469.317,49445.769968572
2024-05-29,462.361,468.585,456.596,458.884,68313.680511901
2024-05-31,459.067,466.022,455.131,461.629,254956.08306978
2024-06-03,461.629,470.964,461.629,466.754,64908.977636466
2024-06-04,466.754,466.754,448.176,448.45,97644.824282178
2024-06-05,449.365,453.758,446.711,450.281,66829.859425624
2024-06-06,453.209,457.419,448.45,456.962,71695.437700435
2024-06-07,458.151,458.151,448.359,450.555,84348.345048811
2024-06-10,450.372,451.837,447.535,451.104,67703.980831384
2024-06-11,452.111,454.399,448.084,448.176,89644.42811596
2024-06-12,451.379,455.863,448.45,453.118,68226.268371325
2024-06-13,453.026,455.04,447.718,447.993,52310.70287595
2024-06-14,448.084,452.752,448.084,450.83,85097.90415425
2024-06-17,452.752,459.25,451.379,456.87,61065.028754636
2024-06-18,457.602,468.402,457.602,461.812,60476.089457506
2024-06-19,463.46,475.174,459.433,474.076,64911.16293998
2024-06-20,475.723,482.862,466.937,471.33,48103.99361073
2024-06-21,472.246,477.92,464.924,468.951,178266.13418718
2024-06-24,468.951,484.692,465.656,482.862,49357.265176238
2024-06-25,482.679,492.014,478.835,488.719,56110.945687492
2024-06-26,488.719,492.197,483.228,483.228,56456.223642767
2024-06-27,479.201,492.014,479.201,490.367,49275.316294448
2024-06-28,486.889,502.264,483.411,495.309,78985.610224474
2024-07-01,496.59,508.488,496.224,502.63,105611.34824392
2024-07-02,502.63,503.363,498.237,501.715,77461.36102318
2024-07-03,502.996,508.122,498.787,500.434,54190.063898334
2024-07-04,499.702,506.657,497.688,504.827,36106.677316674
2024-07-05,497.139,506.657,495.675,495.858,32401.495208009
2024-07-08,501.532,507.756,495.858,507.206,32598.172524305
2024-07-09,507.206,510.318,502.996,510.135,52034.261981378
2024-07-10,507.939,512.515,502.63,507.023,45515.501597923
2024-07-11,500.434,509.952,486.523,509.586,34763.808307075
2024-07-12,508.122,516.358,507.206,514.894,33620.894569044
2024-07-15,512.149,520.568,510.318,520.568,68053.629393688
2024-07-16,515.443,518.921,500.983,501.532,69407.424920858
2024-07-17,499.153,503.18,486.889,492.197,70601.693291478
2024-07-18,488.902,500.251,488.902,500.068,67670.10862691
2024-07-19,492.197,504.461,492.197,501.715,45310.08306757
2024-07-22,503.546,506.474,498.604,499.702,31844.242811837
2024-07-23,507.756,508.671,490.367,493.661,50387.635783278
2024-07-24,486.889,496.407,486.889,494.027,64938.47923391
2024-07-25,488.353,491.282,472.429,483.045,70591.859425663
2024-07-26,482.13,486.523,479.75,482.13,60010.619808938
2024-07-29,483.777,488.17,478.469,485.058,46916.281150654
2024-07-30,487.621,493.295,476.639,477.371,42200.396166578
2024-07-31,477.92,482.679,474.808,477.737,97011.086263002
2024-08-01,477.737,481.398,464.924,465.29,64376.85623071
2024-08-02,461.629,464.009,456.046,459.433,154839.68051281
2024-08-05,431.977,446.62,431.977,444.698,128047.85942627
2024-08-06,457.328,457.602,429.78,432.16,125168.72204605
2024-08-07,434.722,437.925,431.153,434.539,78020.798722866
2024-08-08,434.905,439.207,425.57,436.095,104981.98083178
2024-08-09,436.553,443.874,436.553,441.586,92727.891374778
2024-08-12,439.298,452.935,439.298,451.196,40134.191693713
2024-08-13,452.111,459.982,450.921,453.575,57635.194888786
2024-08-14,452.111,462.178,452.111,453.484,65057.578275445
2024-08-16,470.415,475.723,461.263,474.991,62133.642173178
2024-08-19,475.357,479.567,468.219,474.259,24579.201278214
2024-08-20,478.286,478.286,463.277,466.388,37338.095847038
2024-08-21,466.388,470.598,464.741,467.12,27662.664537032
2024-08-22,465.29,471.513,464.924,467.853,28990.23642203
2024-08-23,474.991,477.737,467.853,472.246,24206.607029009
2024-08-26,470.598,472.246,465.473,470.598,24084.230032202
2024-08-27,475.723,475.723,463.643,467.487,36949.111821475
2024-08-28,467.487,472.246,465.107,469.317,40411.725240042
2024-08-29,468.036,478.469,467.853,474.808,73761.6421733
2024-08-30,469.683,479.018,469.5,475.54,129522.93929849
2024-09-02,473.161,493.478,469.683,488.719,41897.731629834
2024-09-03,489.635,489.635,475.906,476.273,28191.507987517
2024-09-04,468.951,476.822,467.487,474.991,33117.182108975
2024-09-05,468.585,479.201,466.571,468.951,34994.357827844
2024-09-06,468.951,470.964,456.138,460.531,50493.623003726
2024-09-09,458.151,465.839,458.151,463.643,28129.226837357
2024-09-10,461.08,467.67,456.321,460.165,52182.862620358
2024-09-11,425.57,427.767,416.601,420.811,1180975.1693415
2024-09-12,428.316,430.146,421.726,424.289,403670.35783173
2024-09-13,427.401,430.146,420.262,420.262,986997.79553755
2024-09-16,425.296,426.302,421.177,423.74,155629.66773327
2024-09-17,423.74,431.519,420.72,426.851,257194.92652028
2024-09-18,426.851,429.231,423.374,426.485,265050.00000279
2024-09-19,433.166,433.715,427.858,433.715,281260.58147261
2024-09-20,430.146,434.082,420.079,424.38,370742.20447675
2024-09-23,427.858,428.316,407.907,424.014,115863.69968173
2024-09-24,427.858,431.061,426.668,429.231,214577.13738245
2024-09-25,428.682,428.682,422.001,425.57,85919.578275665
2024-09-26,425.57,430.146,425.296,426.668,162125.48242982
2024-09-27,423.923,427.401,420.628,427.401,104659.6485634
2024-09-30,422.275,427.309,415.777,415.777,123564.70926648
2024-10-01,415.777,421.909,410.012,414.222,107627.29073596
2024-10-02,411.842,416.967,409.188,411.293,74266.447285127
2024-10-03,407.266,409.92,400.311,402.507,70256.415336203
2024-10-04,402.69,406.992,396.65,406.992,115876.81150282
2024-10-07,410.103,411.659,403.697,409.188,83039.348243686
2024-10-08,406.625,416.327,404.154,411.934,74698.044729221
2024-10-09,417.333,431.977,409.096,427.218,154906.33227
2024-10-10,429.139,431.061,423.282,424.838,118403.02236546
2024-10-11,425.204,428.59,424.38,426.668,62076.824281804
2024-10-14,427.035,433.258,427.035,429.689,50544.977636315
2024-10-15,432.434,432.434,427.035,430.146,68715.776358551
2024-10-16,433.715,438.841,428.499,437.925,239459.00319741
2024-10-17,440.213,440.213,419.347,420.079,60813.71885048
2024-10-18,421.177,431.794,421.177,424.472,66264.958467151
2024-10-21,429.139,429.139,416.784,419.53,62159.865815351
2024-10-22,419.896,420.262,411.293,411.293,105922.75399473
2024-10-23,404.795,417.516,402.69,415.594,129298.94568826
2024-10-24,418.798,418.798,411.018,413.306,48043.897764084
2024-10-25,417.791,417.791,408.273,410.286,68567.175719572
2024-10-28,408.273,415.594,408.273,410.744,62280.057508643
2024-10-29,412.849,442.959,412.849,440.03,248744.35783009
2024-10-30,441.129,441.312,420.354,420.811,102173.86581577
2024-10-31,420.903,426.851,409.737,409.737,139904.22364365
2024-11-04,410.103,423.465,409.829,421.909,190739.84664738
2024-11-05,422.825,425.204,418.157,425.204,94280.549521759
2024-11-06,425.204,436.095,425.204,428.499,135338.03195031
2024-11-07,426.943,445.613,426.943,444.423,107351.94249314
2024-11-08,444.423,444.423,430.787,433.624,87659.079873127
2024-11-12,434.356,441.678,429.323,431.794,135406.86901101
2024-11-13,439.207,439.207,421.452,424.93,85373.252397065
2024-11-14,428.133,434.631,423.008,432.251,73377.028754766
2024-11-15,436.461,436.461,418.889,418.889,58764.99680573
2024-11-18,419.713,430.055,411.568,413.398,88518.996806044
2024-11-19,413.306,417.974,387.864,401.5,126891.83386715
2024-11-20,401.5,406.717,396.009,402.965,74342.932908131
2024-11-21,401.409,407.724,394.636,403.148,93263.290735806
2024-11-22,411.11,411.11,393.263,405.436,109022.6070299
2024-11-25,411.659,413.306,403.605,407.815,238983.69968303
2024-11-26,408.181,410.286,401.775,403.788,34190.166134545
2024-11-27,399.121,409.188,396.741,400.677,105532.6773174
2024-11-28,408.822,408.822,399.853,402.141,25023.910543394
2024-11-29,398.114,405.161,397.931,400.127,70060.830671664
2024-12-02,395.094,413.947,395.094,412.391,34869.795527524
2024-12-03,414.405,414.405,402.324,406.808,87073.418531268
2024-12-04,411.751,420.72,409.188,416.235,70651.955272309
2024-12-05,420.994,433.899,416.51,433.349,92221.993611194
2024-12-06,433.349,438.383,431.977,434.722,88946.223643109
2024-12-09,434.722,438.841,426.302,436.095,83935.32268459
2024-12-10,432.251,437.193,426.485,437.193,101298.65175825
2024-12-11,437.285,437.468,428.682,428.682,37888.792332667
2024-12-12,430.146,437.834,425.387,432.16,77901.699681331
2024-12-13,434.631,434.905,428.956,434.082,46716.325879086
2024-12-16,430.146,439.756,430.146,437.01,61373.156550167
2024-12-17,437.102,439.664,420.445,420.628,130170.88179051
2024-12-18,423.74,430.695,413.764,429.231,100753.41853141
2024-12-19,423.923,433.075,422.825,430.238,100616.83706176
2024-12-20,428.316,428.59,416.327,422.55,260325.37380466
2024-12-23,423.099,432.343,423.008,423.74,38193.642172926
2024-12-27,430.055,430.055,416.693,422.001,51309.833866355
2024-12-30,421.909,424.93,416.144,418.798,43629.584664996
2025-01-02,416.144,422.825,415.503,421.818,81146.875400215
2025-01-03,424.655,428.956,418.523,425.57,87874.332269296
2025-01-07,424.014,437.468,424.014,434.265,93286.236422707
2025-01-08,434.539,436.004,425.113,427.584,165342.24920302
2025-01-09,433.258,433.258,423.831,432.709,46140.498403042
2025-01-10,431.885,439.481,429.872,438.292,112265.59744527
2025-01-13,437.468,437.468,425.57,427.218,94647.680512178
2025-01-14,434.539,434.539,427.858,434.356,70563.450479976
2025-01-15,434.722,441.586,430.238,440.03,76669.18849921
2025-01-16,442.227,442.227,432.068,434.631,39154.083067505
2025-01-17,439.298,442.227,435.82,438.749,47081.271565991
2025-01-20,438.749,443.691,434.082,442.318,20540.760383603
2025-01-21,442.044,443.325,439.115,442.593,44243.654952542
2025-01-22,439.847,452.111,439.847,450.464,57544.504792938
2025-01-23,451.196,453.118,447.901,453.026,36278.223642554
2025-01-24,453.026,456.046,451.654,452.111,66752.281150862
2025-01-27,451.654,454.582,444.789,454.582,65535.067093342
2025-01-28,456.596,457.236,451.745,456.962,43286.492013235
2025-01-29,457.511,461.263,455.131,459.067,33267.968051468
2025-01-30,460.531,467.12,460.531,466.022,49267.667732148
2025-01-31,466.022,468.585,461.812,464.009,57145.68690156
2025-02-03,457.602,457.968,447.444,451.104,47911.686901463
2025-02-04,448.45,456.687,447.993,455.406,47761.993610726
2025-02-05,457.602,460.348,435.729,440.213,96816.59425022
2025-02-06,442.135,457.511,441.586,457.053,66067.188499098
2025-02-07,458.701,461.446,454.399,460.348,91281.220448245
2025-02-10,462.178,465.473,457.602,461.995,54370.351438272
2025-02-11,462.361,472.429,456.321,472.429,84802.888179806
2025-02-12,472.978,487.438,472.978,485.058,159375.27795695
2025-02-13,485.058,494.027,481.947,485.058,175806.57508172
2025-02-14,481.398,485.425,477.737,480.665,135391.57188641
2025-02-17,480.482,488.536,472.612,481.764,80001.77635867
2025-02-18,485.058,501.715,483.96,498.787,109328.54952192
2025-02-19,500.434,507.023,487.072,491.831,105271.53354743
2025-02-20,491.831,496.041,488.17,488.902,104630.14696596
2025-02-21,486.523,494.577,483.411,486.157,83081.961662216
2025-02-24,490.55,491.099,472.795,473.893,56362.255591648
2025-02-25,473.71,481.581,471.513,476.456,96230.932908361
2025-02-26,474.808,489.635,474.808,488.17,122481.89137509
2025-02-27,485.242,495.126,479.201,480.665,143287.07348394
2025-02-28,476.822,486.523,473.527,476.456,180205.59105621
2025-03-03,476.456,484.875,471.33,480.665,95184.172524964
2025-03-04,470.049,474.076,458.151,459.433,141365.09904302
2025-03-05,466.754,483.96,466.754,481.581,154495.49520929
2025-03-06,483.594,498.42,482.13,498.42,139410.34504939
2025-03-07,497.505,504.278,489.635,498.054,113075.25239736
2025-03-10,489.635,492.014,473.527,479.567,119348.16613544
2025-03-11,478.652,490.367,474.076,478.835,135811.15016117
2025-03-12,479.018,489.818,479.018,488.719,108469.72524076
2025-03-13,485.058,502.447,483.228,498.237,117361.72524085
2025-03-14,494.394,521.484,494.027,518.921,125709.58466586
2025-03-17,517.274,530.087,516.175,526.06,117225.1437712
2025-03-18,527.158,540.703,527.158,535.212,115409.15655074
2025-03-19,529.537,537.225,528.805,530.636,104465.15655062
2025-03-20,530.636,530.819,518.189,526.06,82402.332269238
2025-03-21,519.836,528.256,513.247,517.457,345649.45687265
2025-03-24,526.243,530.819,523.497,530.087,69864.153355368
2025-03-25,533.747,545.828,527.89,540.886,50052.191693818
2025-03-26,544.364,545.462,532.283,538.873,43695.143770428
2025-03-27,535.212,538.506,527.158,534.48,71039.846646115
2025-03-28,532.649,532.649,515.26,518.555,66456.172524661
2025-03-31,518.555,518.555,503.18,507.389,85057.476039234
2025-04-01,508.122,523.68,508.122,520.935,91335.853036105
2025-04-02,517.823,529.72,517.091,526.975,86212.408946594
2025-04-03,524.229,524.229,500.617,500.617,120457.207669
2025-04-04,498.787,503.18,454.582,456.87,171228.36421905
2025-04-07,430.421,456.87,419.438,447.077,187521.98722242
2025-04-08,466.754,479.018,448.359,476.273,192396.30671129
2025-04-09,466.754,478.286,454.125,456.504,156853.43770133
2025-04-10,506.657,506.657,473.71,485.974,95073.814697486
2025-04-11,492.746,495.675,476.273,477.737,77717.041534364
2025-04-14,487.987,499.519,487.987,496.224,68333.348243531
2025-04-15,501.532,513.247,496.59,507.023,70942.600639724
2025-04-16,507.023,519.104,503.363,510.684,72612.172524726
2025-04-17,512.515,530.819,512.515,525.694,85501.092652657
2025-04-22,525.327,557.543,525.144,557.543,196731.94888386
2025-04-23,559.922,570.356,554.98,566.878,108515.61661456
2025-04-24,558.275,574.749,555.346,567.244,90474.843451432
2025-04-25,574.565,574.749,565.596,568.342,55410.555911126
2025-04-28,568.525,576.579,552.784,555.712,124835.4632601
2025-04-29,555.895,567.976,547.658,550.587,150294.24920286
2025-04-30,557.177,557.177,519.287,528.256,265370.14696765
2025-05-02,528.256,539.788,527.341,539.788,141727.85942641
2025-05-05,526.243,529.171,499.885,503.912,157215.10543296
2025-05-06,503.912,505.01,481.032,490.916,209346.61342073
2025-05-07,495.858,498.787,491.831,496.041,154545.75719013
2025-05-08,496.956,499.702,489.635,493.478,111565.20766891
2025-05-09,496.956,507.939,490.184,500.8,135221.11821229
2025-05-12,512,530.6,506,512.8,132781
2025-05-13,516.2,528.6,510.2,527.2,139393
2025-05-14,527.2,531,518.2,525.2,113457
2025-05-15,524,528,510.8,525.2,79734
2025-05-16,529,536.8,528.8,534.2,107406
2025-05-19,534.2,534.4,495.2,512,102725
2025-05-20,513,521,513,515.6,97682
2025-05-21,515,515,501.2,512.6,93395
2025-05-22,507.6,513.2,504,510.6,57160
2025-05-23,509.6,514.8,500.2,500.8,13598
