Date,Open,High,Low,Close
2016-01-04,2024.67,2026.02,1989.56,2013.7
2016-01-05,2021.61,2022.54,2001.59,2018.65
2016-01-06,2002.04,2006.12,1978.91,1992.17
2016-01-07,1964.61,1976.95,1938.62,1943.94
2016-01-08,1961.46,1973.05,1918.42,1921.12
2016-01-11,1911.65,1936.98,1900.92,1922.92
2016-01-12,1912.4,1948.44,1909.11,1938.65
2016-01-13,1946.63,1954.65,1886.4,1890.9
2016-01-14,1901.42,1935.65,1879.6,1921.64
2016-01-15,1905.6,1910.65,1857.1,1879.61
2016-01-18,1886.62,1897.64,1874.6,1880.42
2016-01-19,1901.41,1915.2,1864.12,1882.11
2016-01-20,1848.61,1876.4,1811.6,1859.43
2016-01-21,1853.6,1890.42,1843.6,1867.92
2016-01-22,1886.92,1909.91,1884.5,1907.12
2016-01-25,1907.54,1908.48,1875.41,1878.11
2016-01-26,1869.13,1907.61,1858.55,1903.6
2016-01-27,1896.23,1917.45,1872.07,1882.91
2016-01-28,1886.43,1910.02,1873.52,1892.61
2016-01-29,1906.46,1939.84,1896.27,1939.43
2016-02-01,1936.42,1947.37,1919.77,1938.45
2016-02-02,1931.8,1933.19,1896.83,1903.64
2016-02-03,1901.29,1919.45,1872.28,1913.94
2016-02-04,1927.4,1928.12,1896.82,1916.41
2016-02-05,1911.01,1920.65,1872.1,1879.93
2016-02-08,1889.55,1890.54,1828.26,1853.77
2016-02-09,1843.79,1869.92,1832.26,1854.67
2016-02-10,1849.02,1882.53,1849,1851.9
2016-02-11,1841.88,1845.64,1808.52,1827.67
2016-02-12,1830.45,1865.43,1828.16,1865.15
2016-02-15,1881.25,1894.44,1877.12,1889.4
2016-02-16,1894.02,1896.16,1874.59,1895.92
2016-02-17,1888.35,1931.43,1885.48,1926.66
2016-02-18,1928.62,1937.67,1915.64,1919.13
2016-02-19,1924.09,1926.53,1902.06,1917.66
2016-02-22,1926.95,1947.39,1926.92,1945.14
2016-02-23,1933.39,1941.4,1919.28,1921.39
2016-02-24,1919.06,1932.91,1890.74,1929.91
2016-02-25,1928.55,1952.64,1923.63,1952.13
2016-02-26,1955.3,1971.92,1945.91,1948.38
2016-02-29,1934.9,1959.14,1930.26,1931.51
2016-03-01,1931.64,1978.31,1931.64,1977.42
2016-03-02,1978,1987.05,1968.63,1982
2016-03-03,1987.05,1993.92,1977.1,1993.71
2016-03-04,1992.44,2009.66,1986.39,2000.66
2016-03-07,1995.37,2006.67,1987.14,2001.65
2016-03-08,1992.84,1996.22,1977.91,1980.4
2016-03-09,1986.06,1995.48,1979.71,1990.14
2016-03-10,1990.27,2011.42,1968.63,1990.17
2016-03-11,2003.66,2023.51,2003.09,2022.42
2016-03-14,2017.67,2024.78,2012.13,2019.39
2016-03-15,2014.42,2016.61,2004.87,2016.26
2016-03-16,2018.27,2032.53,2006.89,2027.41
2016-03-17,2031.43,2046.96,2016.17,2041.41
2016-03-18,2042.53,2053.3,2037.39,2049.13
2016-03-21,2043.54,2054.71,2041.13,2051.39
2016-03-22,2051.28,2057.91,2039.13,2051.39
2016-03-23,2049.54,2055.41,2035.64,2038.42
2016-03-24,2034.65,2036.59,2022.12,2036.15
2016-03-28,2044.4,2049.42,2031.88,2037.13
2016-03-29,2041.03,2056.92,2028.63,2056.92
2016-03-30,2057.81,2073.72,2057.12,2065.15
2016-03-31,2060.95,2068.5,2056.13,2059.42
2016-04-01,2055.67,2075.74,2044.05,2073.63
2016-04-04,2075.5,2079.68,2062.62,2066.63
2016-04-05,2058.42,2060.68,2042.62,2045.88
2016-04-06,2053.65,2068.18,2042.88,2067.15
2016-04-07,2066.67,2068.68,2033.87,2042.62
2016-04-08,2048.63,2061.92,2041.89,2048.89
2016-04-11,2047.91,2064.23,2040.38,2042.68
2016-04-12,2044.53,2065.81,2039.87,2062.14
2016-04-13,2068.14,2084.19,2065.14,2082.88
2016-04-14,2081.67,2088.42,2075.37,2082.43
2016-04-15,2083.79,2084.7,2076.37,2079.83
2016-04-18,2068.39,2095.35,2065.38,2094.89
2016-04-19,2095.66,2105.17,2091.65,2101.39
2016-04-20,2093.75,2111.92,2092.53,2103.42
2016-04-21,2109.87,2110.5,2088.76,2092.39
2016-04-22,2092.13,2095.33,2081.15,2092.14
2016-04-25,2090.16,2092.12,2077.37,2088.39
2016-04-26,2089.4,2097.42,2085.89,2091.93
2016-04-27,2088.8,2100.17,2082.59,2095.67
2016-04-28,2084.95,2099.67,2071.38,2076.38
2016-04-29,2077.38,2081.66,2052.13,2065.09
2016-05-02,2065.15,2083.67,2063.38,2081.13
2016-05-03,2079.42,2080.92,2054.16,2063.66
2016-05-04,2061.54,2065.43,2045.37,2051.3
2016-05-05,2059.63,2066.22,2045.52,2051.15
2016-05-06,2047.5,2058.42,2036.37,2057.9
2016-05-09,2060.9,2065.51,2054.13,2060.64
2016-05-10,2064.89,2085.42,2063.37,2085.14
2016-05-11,2078.48,2083.03,2064.61,2064.67
2016-05-12,2067.33,2077.28,2053.23,2065.65
2016-05-13,2056.6,2068.16,2042.93,2047.16
2016-05-16,2050.39,2072.64,2046.13,2066.92
2016-05-17,2068.09,2072.86,2040.6,2047.92
2016-05-18,2047,2061.41,2034.44,2047.16
2016-05-19,2040.58,2044.64,2025.87,2039.67
2016-05-20,2049.04,2059.17,2044.31,2053.38
2016-05-23,2054.68,2059.65,2046.89,2050.62
2016-05-24,2045.87,2080.15,2044.39,2076.38
2016-05-25,2081.59,2095.36,2080.63,2090.09
2016-05-26,2088.17,2094.41,2087.04,2090.64
2016-05-27,2093.8,2100.75,2090.43,2099.92
2016-05-30,2105.03,2105.47,2102.07,2104.07
2016-05-31,2103.24,2103.96,2088.36,2095.64
2016-06-01,2095.45,2101.18,2085.1,2098.93
2016-06-02,2094.46,2105.68,2088.9,2105.68
2016-06-03,2105.17,2107.81,2084.87,2099.2
2016-06-06,2099.4,2114.01,2097.15,2110.67
2016-06-07,2110.87,2119.65,2110.76,2113.18
2016-06-08,2112.2,2121.42,2110.45,2119.69
2016-06-09,2116.97,2118.52,2107.93,2116.68
2016-06-10,2113.18,2114.48,2090.18,2096.93
2016-06-13,2088.2,2098.73,2078.43,2079.82
2016-06-14,2081.21,2082.32,2064.06,2075.45
2016-06-15,2073.34,2086.96,2070.27,2072.91
2016-06-16,2064.67,2080.51,2050.38,2078.4
2016-06-17,2081.37,2081.4,2062.64,2070.9
2016-06-20,2090.79,2101.65,2083.13,2084.15
2016-06-21,2090.26,2094.68,2082.88,2089.65
2016-06-22,2091.16,2100.17,2084.14,2085.89
2016-06-23,2097.4,2113.31,2093.26,2113.13
2016-06-24,2012.44,2074.68,2010.2,2037.26
2016-06-27,2022.48,2031.97,1991.5,2000.73
2016-06-28,2012.1,2036.29,2009.76,2036.28
2016-06-29,2041.06,2073.77,2039.95,2071.12
2016-06-30,2071.65,2100.08,2065.79,2099.9
2016-07-01,2096.52,2109.06,2090.14,2103.73
2016-07-04,2108.85,2112.94,2103.59,2107.39
2016-07-05,2101,2101.39,2080.89,2089.02
2016-07-06,2085.8,2101.87,2073.72,2098.65
2016-07-07,2100.68,2109.36,2089.41,2098.4
2016-07-08,2096.97,2132.76,2096.14,2129.14
2016-07-11,2136.28,2144.16,2129.92,2137
2016-07-12,2137.79,2156.13,2137.46,2152.66
2016-07-13,2149.57,2158.49,2146.16,2152.41
2016-07-14,2154.64,2174.8,2154.43,2164.21
2016-07-15,2159.39,2171.58,2155.87,2161.45
2016-07-18,2164.91,2170.05,2159.64,2166.9
2016-07-19,2164.39,2165.3,2158.17,2164.9
2016-07-20,2165.4,2176.49,2165.13,2173.12
2016-07-21,2173.59,2176.67,2159.83,2165.19
2016-07-22,2163.87,2175.7,2163.6,2175.12
2016-07-25,2172.47,2177.46,2162.33,2169.41
2016-07-26,2170.47,2174.43,2160.33,2169.86
2016-07-27,2173.71,2175.78,2158.76,2167.85
2016-07-28,2170.42,2174.25,2159.63,2170.15
2016-07-29,2169.26,2177.68,2163.14,2173.2
2016-08-01,2182.65,2183.52,2165.76,2170.9
2016-08-02,2172.96,2175.34,2147.88,2158.14
2016-08-03,2155.5,2163.96,2151.03,2163.83
2016-08-04,2163.25,2169.33,2158.87,2164.53
2016-08-05,2166.75,2183.34,2165.75,2182.64
2016-08-08,2182.91,2187.79,2177.89,2180.66
2016-08-09,2180.64,2188.27,2178.63,2182.25
2016-08-10,2180.41,2185.47,2171.83,2176.41
2016-08-11,2179.1,2189.2,2176.07,2186.44
2016-08-12,2184.94,2187.81,2179.38,2184.26
2016-08-15,2186.73,2194.6,2185.93,2190.45
2016-08-16,2186.2,2189.26,2178.63,2178.88
2016-08-17,2181.68,2183.76,2168.43,2182.26
2016-08-18,2184.26,2187.15,2178.88,2186.9
2016-08-19,2185.69,2186.22,2175.08,2183.65
2016-08-22,2179.89,2186.97,2176.07,2183.43
2016-08-23,2184.37,2193.97,2183.82,2187.5
2016-08-24,2186.41,2190.27,2171.54,2177.38
2016-08-25,2178.13,2179.75,2170.11,2174.56
2016-08-26,2175.66,2188.68,2159.41,2169.97
2016-08-29,2169.48,2184.26,2166.6,2180.99
2016-08-30,2180.63,2182.93,2170.13,2177
2016-08-31,2175.9,2177.38,2160.82,2169.84
2016-09-01,2175.16,2178.79,2156.36,2170.23
2016-09-02,2168.43,2185.38,2166.05,2179.93
2016-09-05,2183.53,2183.89,2176.81,2180.06
2016-09-06,2180.96,2187.2,2174.96,2187.03
2016-09-07,2186.53,2187.91,2178.89,2186.48
2016-09-08,2187.4,2190.64,2177.36,2180.93
2016-09-09,2178.54,2179.37,2128.11,2129.28
2016-09-12,2113.43,2164.28,2108.6,2159.48
2016-09-13,2151.43,2151.6,2120.11,2127.6
2016-09-14,2134.36,2142.18,2119.98,2125.98
2016-09-15,2121.78,2151.53,2118.71,2146.95
2016-09-16,2142.28,2143.48,2130.91,2137.98
2016-09-19,2147.62,2154.8,2135.93,2139.3
2016-09-20,2144.78,2151.35,2138.91,2139.58
2016-09-21,2146.23,2165.23,2139.4,2163.28
2016-09-22,2161.91,2180.4,2160.65,2176.4
2016-09-23,2175.6,2177.43,2164.11,2165.36
2016-09-26,2161.36,2162.6,2144.93,2147.01
2016-09-27,2159.85,2161.82,2141.03,2160.93
2016-09-28,2158.11,2172.56,2151.41,2170.78
2016-09-29,2173.55,2174.43,2144.86,2152.28
2016-09-30,2148.48,2175.75,2143.35,2167.93
2016-10-03,2168.1,2170.36,2153.86,2161.15
2016-10-04,2163.03,2167.69,2143.78,2151.53
2016-10-05,2151.03,2164.97,2148.21,2159.78
2016-10-06,2159.68,2163.4,2150.06,2161.38
2016-10-07,2158.68,2168.23,2145.27,2153.58
2016-10-10,2158.63,2170.52,2155.68,2165.08
2016-10-11,2161.06,2162.99,2128.83,2138.73
2016-10-12,2142.23,2146.35,2133.26,2139.41
2016-10-13,2123.83,2138.8,2114.62,2134.03
2016-10-14,2134.2,2150,2131.58,2134.23
2016-10-17,2127.24,2136.37,2124.36,2127.28
2016-10-18,2137.46,2146.24,2135.48,2139.46
2016-10-19,2139.78,2148.78,2133.21,2144.78
2016-10-20,2147.31,2148.63,2132.84,2140.63
2016-10-21,2137.55,2143.18,2130.01,2141.08
2016-10-24,2144.51,2155.38,2144.13,2150.58
2016-10-25,2154.68,2155.96,2141.81,2144.08
2016-10-26,2140.68,2146.5,2131.34,2140
2016-10-27,2137.22,2149.93,2133.05,2134.08
2016-10-28,2131.83,2141.26,2118.77,2128.08
2016-10-31,2136.25,2136.58,2125.42,2126.02
2016-11-01,2134.51,2135.83,2097.45,2111.91
2016-11-02,2102.53,2112.65,2093.66,2098.54
2016-11-03,2093.45,2104.29,2085.35,2089.29
2016-11-04,2090.21,2099.69,2084.73,2085.67
2016-11-07,2113.03,2132.79,2111.28,2132.28
2016-11-08,2132.28,2147.95,2123.41,2140.45
2016-11-09,2055.08,2171.08,2054.81,2164.33
2016-11-10,2168.88,2184.65,2151.8,2169.16
2016-11-11,2172.03,2174.23,2152.51,2164.4
2016-11-14,2176.42,2178.11,2156.36,2164.62
2016-11-15,2164.9,2183.07,2162.82,2181.97
2016-11-16,2183.63,2183.76,2171.75,2177.82
2016-11-17,2178.08,2188.25,2174.75,2187.13
2016-11-18,2185.78,2190.31,2179.46,2183.08
2016-11-21,2186.67,2199.03,2181.85,2198.76
2016-11-22,2203.55,2204.98,2194.66,2203.33
2016-11-23,2204.03,2206.25,2194.96,2204.25
2016-11-24,2202.95,2209.64,2201.59,2208.63
2016-11-25,2207.14,2213.33,2205.32,2213.33
2016-11-28,2209.26,2211.81,2200.76,2202.81
2016-11-29,2202.22,2210.98,2198.08,2205.83
2016-11-30,2205.57,2215.48,2199.26,2199.63
2016-12-01,2196.33,2204.2,2187.35,2191.33
2016-12-02,2190.63,2198.45,2185.68,2193.33
2016-12-05,2185.06,2209.69,2183.46,2205
2016-12-06,2205.51,2213.25,2201.51,2213
2016-12-07,2212.6,2242.18,2207.6,2240.61
2016-12-08,2239.15,2252.36,2233.86,2246.78
2016-12-09,2248.15,2261.57,2246.07,2260.57
2016-12-12,2260.61,2265.23,2253.48,2257.98
2016-12-13,2257.93,2278.3,2257.55,2271.56
2016-12-14,2271.74,2276.84,2247.99,2254.55
2016-12-15,2258.89,2272.8,2252.51,2262.43
2016-12-16,2264.43,2268.56,2254.31,2258.31
2016-12-19,2264.88,2268.38,2258.45,2263.38
2016-12-20,2266,2273.75,2265.01,2271.13
2016-12-21,2269.55,2271.55,2264.06,2264.81
2016-12-22,2260.36,2264.96,2255.11,2260.6
2016-12-23,2263.69,2264.96,2257.85,2262.35
2016-12-27,2263.15,2273.65,2261.89,2267.15
2016-12-28,2268.73,2271.4,2247.41,2248.66
2016-12-29,2250.23,2255.08,2244.94,2249.16
2016-12-30,2256.06,2256.06,2232.91,2240.91
2017-01-03,2252.41,2264.68,2244.82,2257.18
2017-01-04,2260.44,2272.58,2259.49,2270.15
2017-01-05,2266.9,2271.83,2260.8,2269.59
2017-01-06,2269.12,2282.55,2264.17,2277.93
2017-01-09,2280.06,2280.9,2269.13,2270.66
2017-01-10,2267.86,2279.65,2265.05,2269.91
2017-01-11,2267.64,2276.15,2260.91,2276.15
2017-01-12,2270.53,2272.98,2254.41,2270.66
2017-01-13,2271.65,2279.15,2268.66,2275.98
2017-01-16,2272.53,2274.48,2270.9,2272.4
2017-01-17,2270.65,2272.91,2263.16,2267.83
2017-01-18,2272.6,2273.6,2263.85,2272.35
2017-01-19,2271.86,2274.85,2258.61,2264.85
2017-01-20,2268.85,2278.1,2265.35,2271.36
2017-01-23,2264.48,2272.36,2256.83,2266.1
2017-01-24,2266.35,2285.35,2264.6,2280.36
2017-01-25,2282.43,2300.43,2282.36,2299.6
2017-01-26,2303.36,2303.63,2294.6,2298.03
2017-01-27,2298.78,2301.68,2292.11,2294.53
2017-01-30,2287.72,2290.05,2267.62,2280.43
2017-01-31,2274.82,2280.11,2267.01,2279.68
2017-02-01,2285.36,2289.43,2272.86,2279.23
2017-02-02,2270.23,2283.68,2269.11,2280.35
2017-02-03,2277.93,2298.39,2277.86,2296.43
2017-02-06,2295.85,2298.83,2288.41,2293.18
2017-02-07,2291.07,2299.82,2290.24,2292.93
2017-02-08,2294.76,2296.22,2285.48,2294.4
2017-02-09,2294.1,2311.78,2293.21,2307.61
2017-02-10,2312.11,2319.51,2308.6,2316.75
2017-02-13,2317.11,2332.26,2316.96,2329.11
2017-02-14,2326.76,2338.15,2322.41,2337.62
2017-02-15,2339.57,2352,2333.42,2349.58
2017-02-16,2349.94,2352.01,2338.76,2348.08
2017-02-17,2345.31,2350.47,2338.66,2350.43
2017-02-20,2355.82,2358.84,2351.66,2356.24
2017-02-21,2352.98,2366.65,2351.1,2363.68
2017-02-22,2363.5,2365.57,2357.19,2362.46
2017-02-23,2362.3,2369.55,2355.37,2364.31
2017-02-24,2361.06,2367.3,2351.15,2367.13
2017-02-27,2369.65,2371.98,2362.45,2369.41
2017-02-28,2367.41,2369.92,2358.91,2364.23
2017-03-01,2367.26,2401.76,2366.76,2395.51
2017-03-02,2394.06,2395.06,2379.81,2381.06
2017-03-03,2376.81,2384.12,2374.91,2382.28
2017-03-06,2374.59,2379.68,2368.36,2376.18
2017-03-07,2375.64,2375.67,2365.5,2368.26
2017-03-08,2362.99,2373.75,2361.35,2363.5
2017-03-09,2364.37,2369.66,2354.61,2365.53
2017-03-10,2373.34,2380.21,2362.95,2373.03
2017-03-13,2371.6,2375.07,2368.13,2374.41
2017-03-14,2373.6,2374.02,2358.04,2365.59
2017-03-15,2370.26,2390.56,2369.1,2384.62
2017-03-16,2387.58,2391.83,2376.95,2380.95
2017-03-17,2380.88,2386.23,2377.47,2377.76
2017-03-20,2374.11,2379.85,2369.7,2373.79
2017-03-21,2377.61,2382.33,2342.1,2343.98
2017-03-22,2338.1,2352.6,2336.35,2348.8
2017-03-23,2351.8,2359.6,2342.08,2345.31
2017-03-24,2350.48,2356.21,2335.56,2345.31
2017-03-27,2330.81,2345.28,2321.83,2341.53
2017-03-28,2347.46,2364.45,2337.65,2358.58
2017-03-29,2357.93,2363.48,2352.68,2360.81
2017-03-30,2362.73,2370.61,2357.35,2368.6
2017-03-31,2363.36,2371.11,2361.36,2362.61
2017-04-03,2364.43,2367.48,2344.3,2358.8
2017-04-04,2355.45,2361.13,2348.95,2360.45
2017-04-05,2358.63,2378.75,2350.13,2353.25
2017-04-06,2344.81,2364.63,2343.23,2357.93
2017-04-07,2350.23,2364.13,2349.53,2355.93
2017-04-10,2359.63,2366.53,2351.03,2356.73
2017-04-11,2353.93,2356.93,2336.83,2353.93
2017-04-12,2353.33,2360.33,2341.43,2344.73
2017-04-13,2346.53,2348.73,2329.23,2329.95
2017-04-17,2328.93,2349.23,2327.83,2348.93
2017-04-18,2348.38,2349.33,2334.23,2341.88
2017-04-19,2343.73,2352.63,2334.93,2337.63
2017-04-20,2338.73,2361.63,2338.23,2356.28
2017-04-21,2358.53,2359.53,2344.14,2349.13
2017-04-24,2372.23,2380.4,2369.43,2374.63
2017-04-25,2377.05,2392.81,2375.23,2388.55
2017-04-26,2389.65,2398.4,2385.91,2387.66
2017-04-27,2387.21,2392.53,2382.53,2389.93
2017-04-28,2388.93,2392.73,2382.43,2384.63
2017-05-01,2386.83,2394.63,2384.93,2389.43
2017-05-02,2388.93,2392.63,2385.93,2390.63
2017-05-03,2386.33,2390.03,2379.73,2388.23
2017-05-04,2389.73,2394.73,2380.23,2390.03
2017-05-05,2385.63,2399.83,2385.13,2398.83
2017-05-08,2400.73,2401.33,2393.93,2398.93
2017-05-09,2397.73,2403.93,2392.63,2396.63
2017-05-10,2391.25,2400.12,2390.87,2397.95
2017-05-11,2397.03,2397.53,2381.73,2394.73
2017-05-12,2390.83,2394.33,2387.33,2390.63
2017-05-15,2393.63,2404.63,2391.43,2402.83
2017-05-16,2399.71,2406.23,2395.93,2400.7
2017-05-17,2385.53,2390.46,2356.36,2358.13
2017-05-18,2364.53,2376.4,2346.41,2366.13
2017-05-19,2365.73,2389.63,2364.36,2380.86
2017-05-22,2385.9,2395.9,2380.15,2394.13
2017-05-23,2391.73,2401.13,2390.03,2398.83
2017-05-24,2398.16,2405.78,2397.16,2403.9
2017-05-25,2412.7,2419.03,2407.13,2415.53
2017-05-26,2412.83,2417.03,2409.53,2415.43
2017-05-29,2417.03,2418.53,2415.53,2415.73
2017-05-30,2413.73,2415.83,2409.23,2412.93
2017-05-31,2412.53,2417.73,2403.63,2411.63
2017-06-01,2413.53,2430.03,2412.3,2430.03
2017-06-02,2435.83,2440.43,2427.73,2437.73
2017-06-05,2436.88,2439.63,2434.33,2436.43
2017-06-06,2432.53,2436.63,2427.53,2429.43
2017-06-07,2433.03,2435.63,2424.73,2432.63
2017-06-08,2433.73,2439.63,2428.13,2433.63
2017-06-09,2435.03,2446.53,2415.53,2430.03
2017-06-12,2427.73,2430.13,2419.63,2429.46
2017-06-13,2431.62,2441.63,2431.11,2440.36
2017-06-14,2438.13,2445.86,2428.36,2437.83
2017-06-15,2432.63,2434.55,2419.05,2433.68
2017-06-16,2436.58,2438.88,2422.46,2432.93
2017-06-19,2438.33,2454.23,2438.33,2453.3
2017-06-20,2452.01,2452.75,2437.01,2437.76
2017-06-21,2436.41,2442.66,2430.66,2436.25
2017-06-22,2435.72,2441.66,2430.92,2434.73
2017-06-23,2437.53,2441.63,2431.43,2438.43
2017-06-26,2439.53,2450.43,2436.96,2439.23
2017-06-27,2438.58,2440.33,2419.83,2420.63
2017-06-28,2421.33,2443.13,2416.83,2439.83
2017-06-29,2445.93,2447.73,2404.96,2419.45
2017-06-30,2423.33,2432.45,2417.7,2423.49
2017-07-03,2429.58,2439.27,2428.2,2436.5
2017-07-04,2425.96,2433.96,2423.96,2427.46
2017-07-05,2428.51,2434.56,2421.31,2431.85
2017-07-06,2428.03,2428.83,2406.78,2409.16
2017-07-07,2412.71,2427.45,2410.03,2425.45
2017-07-10,2429.95,2432.63,2421.96,2427.95
2017-07-11,2429.74,2430.38,2412.95,2425.96
2017-07-12,2426.13,2446.18,2425.26,2443
2017-07-13,2444.28,2449.33,2441.41,2447.43
2017-07-14,2447.88,2463.93,2444.71,2458.93
2017-07-17,2459.73,2463.33,2456.93,2459.13
2017-07-18,2459.43,2463.23,2450.63,2460.63
2017-07-19,2462.53,2473.63,2461.03,2473.63
2017-07-20,2473.73,2478.1,2467.61,2473.61
2017-07-21,2473.61,2477.43,2464.86,2471.6
2017-07-24,2468.88,2472.93,2465.5,2470.88
2017-07-25,2469.79,2481.43,2468.88,2476.93
2017-07-26,2476.03,2482.53,2473.83,2476.51
2017-07-27,2479.58,2483.03,2458.71,2473.96
2017-07-28,2465.61,2473.33,2462.86,2470.6
2017-07-31,2470.03,2477.93,2468.15,2471.33
2017-08-01,2476.13,2480.13,2471.03,2476.15
2017-08-02,2477.2,2478.43,2466.23,2476.63
2017-08-03,2474.83,2477.03,2468.13,2471.63
2017-08-04,2473.7,2480.13,2471.93,2476.73
2017-08-07,2479.43,2481.03,2475.71,2480.93
2017-08-08,2477.7,2491.23,2469.98,2474.61
2017-08-09,2469.48,2474.63,2461.43,2473.07
2017-08-10,2469.23,2471.03,2437.16,2438.18
2017-08-11,2437.83,2448.03,2431.46,2440.72
2017-08-14,2450.28,2468.33,2449.9,2464.93
2017-08-15,2470.03,2471.33,2460.8,2464.15
2017-08-16,2464.21,2474.53,2463.13,2467.63
2017-08-17,2465.95,2469.02,2429.46,2429.96
2017-08-18,2433.63,2440.33,2420.53,2425.83
2017-08-21,2425.03,2430.83,2416.93,2428.3
2017-08-22,2433.68,2455.06,2430.55,2452.31
2017-08-23,2450.73,2452.16,2440.11,2443.83
2017-08-24,2439.7,2450.13,2435.83,2438.9
2017-08-25,2444.03,2454.73,2438.78,2443.93
2017-08-28,2439.93,2450.4,2437.65,2444.33
2017-08-29,2432.43,2449.4,2422.11,2447.33
2017-08-30,2449.5,2460.63,2443.22,2457
2017-08-31,2458.79,2475.23,2457.46,2471.53
2017-09-01,2472.73,2480.61,2472.11,2475.35
2017-09-04,2464.61,2470.03,2463.11,2469.35
2017-09-05,2469.6,2472.13,2446.63,2458.13
2017-09-06,2461.23,2469.93,2457.73,2466.13
2017-09-07,2462.73,2469.73,2460.43,2465.33
2017-09-08,2461.43,2467.63,2457.61,2462.03
2017-09-11,2475.63,2489.45,2474.13,2487.73
2017-09-12,2488.53,2496.8,2488.53,2496.55
2017-09-13,2494.98,2498.33,2491.73,2498.03
2017-09-14,2493.8,2498.33,2489.68,2496.55
2017-09-15,2494.03,2500.4,2491.65,2499.9
2017-09-18,2505.78,2508.16,2500.03,2504.53
2017-09-19,2505.26,2508.68,2503.23,2507.23
2017-09-20,2505.91,2509.61,2496.66,2508.44
2017-09-21,2505.66,2507.4,2498.88,2500.91
2017-09-22,2497,2503.13,2496.79,2500.88
2017-09-25,2500.03,2502.43,2487.63,2496.43
2017-09-26,2497.73,2503.8,2495.06,2497.81
2017-09-27,2500.31,2511.83,2495.8,2507.31
2017-09-28,2507.31,2510.93,2501.31,2509.31
2017-09-29,2509.5,2519.73,2507.73,2518.6
2017-10-02,2521.83,2529.33,2520.43,2529.23
2017-10-03,2531.53,2535.33,2528.81,2534.81
2017-10-04,2534.73,2540.93,2532.13,2538.43
2017-10-05,2537.23,2552.51,2537.1,2552.21
2017-10-06,2551.4,2551.93,2543.8,2549.13
2017-10-09,2549.93,2552.73,2541.63,2544.63
2017-10-10,2547.73,2555.63,2545.13,2551.13
2017-10-11,2550.61,2555.41,2546.65,2555
2017-10-12,2552.63,2555.43,2548.53,2550.73
2017-10-13,2552.13,2558.14,2550.33,2554.03
2017-10-16,2556.22,2559.93,2552.93,2557.63
2017-10-17,2558.53,2559.63,2554.43,2559.14
2017-10-18,2559.73,2564.78,2559.03,2561.43
2017-10-19,2562.25,2563.62,2544.88,2562.75
2017-10-20,2568.15,2576,2566.33,2575.53
2017-10-23,2576,2579.53,2564.63,2565.93
2017-10-24,2568.23,2572.33,2565.53,2569.73
2017-10-25,2565.53,2568.53,2544.11,2557.6
2017-10-26,2560.23,2567.43,2558.96,2561.13
2017-10-27,2565.63,2583.2,2564.46,2581.08
2017-10-30,2576.11,2579.95,2568.08,2571.76
2017-10-31,2572.28,2578.33,2571.39,2575.63
2017-11-01,2580.93,2588.63,2574.83,2579.33
2017-11-02,2573.43,2581.43,2565.33,2579.7
2017-11-03,2580.94,2588.45,2576.7,2587.95
2017-11-06,2583.66,2593.43,2582.28,2591.58
2017-11-07,2596.23,2597.13,2584.43,2590.63
2017-11-08,2588.5,2595.93,2585.13,2594.73
2017-11-09,2591.61,2593.13,2566.36,2584.73
2017-11-10,2583.03,2584.05,2573.68,2582.83
2017-11-13,2583.13,2587.83,2572.63,2585.53
2017-11-14,2581.21,2584.33,2566.46,2579.13
2017-11-15,2571.03,2572.93,2557.13,2565.03
2017-11-16,2573.43,2590.33,2571.13,2585.98
2017-11-17,2582.85,2586.35,2577.35,2578.48
2017-11-20,2570.33,2585.03,2570.3,2582.68
2017-11-21,2582.43,2601.53,2580.55,2599.23
2017-11-22,2598.85,2600.93,2594.83,2596.6
2017-11-23,2595.35,2599.63,2591.33,2598.53
2017-11-24,2598.73,2604.35,2597.53,2602.86
2017-11-27,2600.41,2606.63,2599.13,2601.63
2017-11-28,2601.81,2628.03,2601.81,2627.63
2017-11-29,2626.53,2634.93,2620.73,2626.03
2017-11-30,2625.63,2658.33,2625.53,2646.53
2017-12-01,2642.63,2650.53,2605.03,2642.23
2017-12-04,2659.23,2665.33,2638.63,2638.63
2017-12-05,2643.93,2648.83,2628.03,2629.83
2017-12-06,2624.63,2634.83,2620.63,2629.83
2017-12-07,2633.33,2641.03,2626.53,2637.63
2017-12-08,2643.13,2652.13,2642.43,2651.83
2017-12-11,2654.43,2661.13,2649.73,2660.63
2017-12-12,2661.93,2670.13,2660.33,2664.83
2017-12-13,2662.93,2672.13,2661.93,2663.73
2017-12-14,2667.53,2670.03,2651.43,2651.93
2017-12-15,2656.63,2680.13,2655.13,2674.93
2017-12-18,2686.13,2695.33,2685.93,2691.83
2017-12-19,2692.73,2695.23,2680.33,2681.33
2017-12-20,2686.35,2692.35,2676.11,2679.66
2017-12-21,2679.1,2693.03,2677.85,2685.14
2017-12-22,2686.73,2688.23,2679.13,2685.63
2017-12-26,2682.73,2685.23,2679.63,2683.98
2017-12-27,2683.31,2686.19,2676.81,2680.06
2017-12-28,2681.93,2687.43,2678.81,2686.4
2017-12-29,2687.9,2698.13,2674.33,2676.53
2018-01-02,2680.03,2695.93,2675.33,2695.65
2018-01-03,2696.2,2714.53,2696.07,2712.83
2018-01-04,2713.13,2728.83,2712.21,2724.23
2018-01-05,2726.83,2743.33,2725.75,2742.03
2018-01-08,2745.43,2748.83,2737.13,2747.33
2018-01-09,2745.58,2759.53,2745.23,2752.33
2018-01-10,2748.63,2751.03,2736.03,2747.93
2018-01-11,2752.83,2767.73,2750.33,2767.73
2018-01-12,2769.33,2787.93,2766.33,2786.23
2018-01-15,2791.53,2795.38,2790.53,2794.27
2018-01-16,2797.33,2807.93,2768.53,2777.03
2018-01-17,2782.13,2808.96,2780.08,2804.38
2018-01-18,2804.76,2806.68,2792.63,2799.36
2018-01-19,2793.76,2811.75,2792.5,2811.5
2018-01-22,2805.53,2833.63,2804.21,2833.33
2018-01-23,2837.73,2842.83,2827.23,2840.25
2018-01-24,2840.23,2853.33,2823.83,2837.63
2018-01-25,2838.48,2852.78,2830.63,2839.63
2018-01-26,2842.98,2872.13,2842.68,2872.13
2018-01-29,2872.63,2873.63,2851.33,2852.63
2018-01-30,2842.93,2845.48,2818.33,2822.93
2018-01-31,2829.03,2839.22,2812.83,2825.23
2018-02-01,2834.03,2835.93,2809.03,2821.53
2018-02-02,2819.48,2820.13,2758.73,2759.53
2018-02-05,2752.63,2763.23,2637.33,2645.26
2018-02-06,2598.53,2702.23,2574.93,2698.43
2018-02-07,2675.53,2728.53,2663.53,2681.13
2018-02-08,2674.23,2687.93,2579.83,2581.13
2018-02-09,2608.03,2639.53,2532.63,2620.23
2018-02-12,2637.73,2673.13,2622.13,2656.33
2018-02-13,2646.13,2669.13,2636.03,2663.13
2018-02-14,2669.33,2702.73,2628.33,2699.23
2018-02-15,2707.73,2732.13,2689.13,2732.13
2018-02-16,2738.73,2754.93,2722.73,2732.23
2018-02-19,2745.33,2745.83,2719.93,2728.73
2018-02-20,2730.73,2738.13,2706.43,2715.63
2018-02-21,2717.73,2748.23,2701.23,2701.43
2018-02-22,2694.03,2731.73,2688.33,2703.94
2018-02-23,2725.73,2748.43,2713.63,2747.93
2018-02-26,2752.43,2780.73,2751.23,2779.73
2018-02-27,2777.23,2789.63,2743.73,2743.73
2018-02-28,2747.03,2761.73,2712.83,2712.83
2018-03-01,2716.73,2731.13,2659.23,2676.23
2018-03-02,2681.13,2696.73,2647.53,2690.43
2018-03-05,2673.93,2728.33,2664.83,2721.63
2018-03-06,2725.83,2735.13,2711.03,2728.33
2018-03-07,2693.83,2731.03,2692.63,2727.33
2018-03-08,2727.03,2740.73,2721.33,2739.23
2018-03-09,2736.53,2787.13,2731.53,2786.63
2018-03-12,2795.73,2800.73,2779.13,2783.93
2018-03-13,2785.63,2802.53,2758.43,2765.43
2018-03-14,2764.13,2778.93,2744.03,2750.03
2018-03-15,2755.23,2763.53,2742.03,2747.73
2018-03-16,2750.03,2761.63,2746.03,2750.53
2018-03-19,2743.63,2746.33,2693.53,2712.33
2018-03-20,2723.13,2725.43,2709.83,2717.23
2018-03-21,2722.13,2740.23,2709.73,2711.73
2018-03-22,2719.33,2719.83,2640.93,2644.43
2018-03-23,2627.03,2657.43,2585.33,2587.83
2018-03-26,2617.23,2662.13,2601.73,2659.33
2018-03-27,2669.93,2678.93,2595.63,2612.13
2018-03-28,2612.23,2633.23,2592.73,2605.03
2018-03-29,2606.63,2659.73,2606.63,2641.13
2018-04-02,2634.73,2637.93,2553.13,2581.83
2018-04-03,2583.93,2620.13,2575.33,2614.63
2018-04-04,2606.23,2650.23,2560.73,2645.23
2018-04-05,2653.83,2672.43,2649.43,2662.83
2018-04-06,2635.63,2657.03,2585.63,2604.03
2018-04-09,2622.23,2654.03,2610.63,2613.63
2018-04-10,2648.73,2666.03,2635.13,2657.03
2018-04-11,2642.53,2661.83,2626.03,2642.53
2018-04-12,2644.63,2675.23,2640.13,2656.83
2018-04-13,2656.63,2680.53,2644.73,2657.33
2018-04-16,2673.73,2686.63,2661.03,2681.23
2018-04-17,2681.23,2713.53,2681.03,2707.13
2018-04-18,2707.43,2718.43,2703.83,2712.33
2018-04-19,2712.63,2712.83,2681.43,2693.43
2018-04-20,2693.33,2698.43,2660.23,2672.43
2018-04-23,2677.73,2683.73,2658.23,2675.83
2018-04-24,2675.83,2689.33,2616.93,2639.43
2018-04-25,2638.93,2654.73,2612.33,2652.23
2018-04-26,2652.23,2677.13,2641.23,2673.43
2018-04-27,2673.13,2677.53,2659.53,2672.63
2018-04-30,2674.53,2683.73,2643.53,2650.53
2018-05-01,2650.03,2658.93,2625.33,2658.43
2018-05-02,2658.43,2661.13,2627.53,2630.83
2018-05-03,2630.53,2638.53,2593.73,2629.03
2018-05-04,2629.03,2671.73,2614.73,2665.53
2018-05-07,2671.33,2683.73,2664.73,2669.43
2018-05-08,2669.43,2677.33,2655.13,2670.43
2018-05-09,2670.13,2702.13,2669.13,2696.93
2018-05-10,2696.93,2726.13,2695.93,2721.33
2018-05-11,2721.33,2733.63,2717.53,2730.73
2018-05-14,2737.43,2742.03,2725.53,2731.03
2018-05-15,2731.03,2732.23,2702.03,2707.53
2018-05-16,2707.53,2728.63,2705.53,2724.53
2018-05-17,2724.33,2731.93,2710.93,2722.43
2018-05-18,2722.43,2726.93,2708.83,2713.93
2018-05-21,2730.53,2739.43,2725.03,2731.83
2018-05-22,2731.63,2741.93,2722.33,2725.13
2018-05-23,2725.13,2733.83,2705.33,2729.13
2018-05-24,2728.93,2734.43,2707.53,2730.83
2018-05-25,2731.13,2738.83,2714.93,2719.53
2018-05-28,2731.03,2733.03,2719.83,2723.43
2018-05-29,2723.23,2724.23,2676.73,2689.23
2018-05-30,2689.23,2730.13,2687.23,2720.53
2018-05-31,2720.53,2728.23,2700.23,2709.33
2018-06-01,2709.13,2737.63,2707.83,2734.03
2018-06-04,2734.33,2749.73,2733.53,2745.83
2018-06-05,2746.13,2753.23,2739.53,2752.13
2018-06-06,2751.83,2774.23,2748.73,2771.53
2018-06-07,2771.53,2779.73,2760.63,2773.13
2018-06-08,2773.43,2780.03,2752.63,2778.93
2018-06-11,2774.23,2791.13,2774.23,2786.13
2018-06-12,2786.03,2790.53,2778.83,2788.83
2018-06-13,2789.13,2792.13,2774.23,2775.93
2018-06-14,2775.93,2789.13,2767.43,2783.13
2018-06-15,2783.13,2783.93,2761.03,2780.23
2018-06-18,2778.93,2779.23,2756.83,2761.53
2018-06-19,2761.53,2765.73,2732.33,2764.53
2018-06-20,2764.53,2775.53,2754.33,2771.03
2018-06-21,2771.03,2782.03,2744.43,2749.83
2018-06-22,2749.83,2765.83,2749.33,2756.83
2018-06-25,2754.63,2755.13,2698.83,2718.93
2018-06-26,2718.93,2733.33,2713.23,2727.23
2018-06-27,2727.23,2746.13,2699.53,2707.33
2018-06-28,2707.33,2724.53,2691.63,2719.83
2018-06-29,2720.03,2743.73,2715.33,2720.83
2018-07-02,2721.43,2727.33,2696.93,2726.13
2018-07-03,2726.43,2740.43,2710.33,2711.83
2018-07-04,2711.63,2723.33,2711.33,2718.63
2018-07-05,2719.13,2738.43,2711.33,2732.33
2018-07-06,2732.53,2765.03,2730.03,2761.13
2018-07-09,2763.63,2790.13,2763.43,2789.33
2018-07-10,2789.13,2795.93,2770.93,2773.43
2018-07-11,2773.33,2785.83,2764.23,2776.03
2018-07-12,2776.53,2801.93,2774.33,2800.93
2018-07-13,2801.23,2806.23,2792.13,2801.73
2018-07-16,2805.73,2807.43,2792.93,2796.23
2018-07-17,2796.43,2814.83,2788.43,2813.53
2018-07-18,2813.83,2817.03,2806.13,2814.93
2018-07-19,2814.73,2816.73,2799.13,2805.93
2018-07-20,2806.23,2810.03,2792.43,2800.63
2018-07-23,2801.93,2816.13,2792.13,2815.63
2018-07-24,2815.43,2830.33,2810.63,2818.23
2018-07-25,2817.93,2848.63,2813.43,2836.43
2018-07-26,2836.23,2846.13,2832.73,2841.83
2018-07-27,2842.13,2846.63,2808.53,2817.43
2018-07-30,2814.93,2821.33,2798.33,2805.73
2018-07-31,2805.73,2825.13,2802.63,2818.13
2018-08-01,2818.13,2825.23,2805.93,2814.13
2018-08-02,2814.03,2831.03,2791.33,2829.53
2018-08-03,2829.33,2840.93,2825.33,2840.73
2018-08-06,2840.33,2853.73,2835.53,2850.03
2018-08-07,2850.33,2864.03,2849.53,2859.43
2018-08-08,2859.43,2862.73,2852.73,2854.73
2018-08-09,2854.73,2862.63,2848.83,2851.13
2018-08-10,2851.13,2851.63,2825.63,2837.33
2018-08-13,2831.53,2843.43,2819.93,2826.83
2018-08-14,2826.83,2843.13,2826.33,2841.63
2018-08-15,2841.93,2842.93,2802.83,2819.83
2018-08-16,2820.13,2851.03,2816.63,2841.23
2018-08-17,2841.43,2855.83,2833.83,2851.53
2018-08-20,2852.13,2860.03,2849.13,2855.33
2018-08-21,2855.33,2873,2846.33,2846.83
2018-08-22,2847.03,2867.43,2845.83,2861.93
2018-08-23,2861.63,2869.13,2854.53,2857.23
2018-08-24,2856.93,2876.63,2856.23,2876.53
2018-08-27,2881.43,2899.53,2880.73,2899.53
2018-08-28,2899.23,2904.73,2893.73,2901.03
2018-08-29,2900.83,2916.73,2897.03,2914.03
2018-08-30,2913.83,2914.83,2895.43,2897.33
2018-08-31,2897.33,2907.03,2891.53,2905.53
2018-09-03,2906.33,2912.33,2902.53,2906.33
2018-09-04,2906.13,2911.63,2885.23,2897.53
2018-09-05,2897.33,2900.33,2877.43,2884.83
2018-09-06,2884.93,2891.93,2867.43,2876.83
2018-09-07,2876.53,2884.23,2864.43,2874.33
2018-09-10,2874.53,2887.43,2874.53,2880.53
2018-09-11,2880.53,2892.43,2866.93,2890.53
2018-09-12,2890.23,2894.73,2879.13,2886.93
2018-09-13,2886.73,2906.33,2883.93,2904.53
2018-09-14,2905.03,2911.83,2896.33,2905.93
2018-09-17,2899.93,2905.43,2877.63,2878.63
2018-09-18,2878.43,2911.33,2878.13,2906.23
2018-09-19,2905.93,2912.63,2899.73,2911.43
2018-09-20,2911.43,2935.53,2907.43,2935.03
2018-09-21,2935.03,2941.53,2927.13,2928.73
2018-09-24,2922.53,2924.73,2912.43,2920.03
2018-09-25,2920.23,2928.73,2913.33,2918.43
2018-09-26,2918.43,2931.43,2903.13,2909.13
2018-09-27,2908.83,2927.53,2902.83,2917.03
2018-09-28,2917.03,2920.73,2903.53,2915.53
2018-10-01,2923.53,2937.23,2918.13,2924.73
2018-10-02,2924.73,2931.43,2913.23,2924.03
2018-10-03,2924.03,2940,2919.13,2920.43
2018-10-04,2920.63,2920.93,2883.93,2906.53
2018-10-05,2906.83,2912.03,2869.53,2890.63
2018-10-08,2887.63,2894.13,2862.33,2886.83
2018-10-09,2886.53,2895.23,2870.03,2884.03
2018-10-10,2883.93,2886.43,2767.63,2772.63
2018-10-11,2772.43,2794.03,2709.13,2754.13
2018-10-12,2753.93,2781.43,2729.73,2766.33
2018-10-15,2765.03,2776.43,2743.23,2753.03
2018-10-16,2753.03,2817.03,2751.03,2814.53
2018-10-17,2814.33,2822.03,2781.43,2805.33
2018-10-18,2805.33,2810.53,2755.03,2770.63
2018-10-19,2770.53,2798.83,2760.23,2765.53
2018-10-22,2755.93,2779.73,2747.43,2750.63
2018-10-23,2750.63,2753.73,2690.83,2745.63
2018-10-24,2745.33,2749.13,2651.73,2663.33
2018-10-25,2663.33,2723.53,2663.03,2676.43
2018-10-26,2676.73,2692.13,2627.13,2670.03
2018-10-29,2674.03,2706.73,2603.43,2642.33
2018-10-30,2642.13,2690.73,2633.63,2687.53
2018-10-31,2687.43,2737.23,2682.23,2713.53
2018-11-01,2713.33,2741.93,2707.83,2733.63
2018-11-02,2733.83,2766.83,2700.23,2724.63
2018-11-05,2716.23,2744.53,2713.53,2741.23
2018-11-06,2741.23,2761.93,2730.73,2753.93
2018-11-07,2753.63,2817.93,2745.93,2813.53
2018-11-08,2813.43,2817.03,2794.13,2805.53
2018-11-09,2805.73,2810.73,2764.13,2778.63
2018-11-12,2777.83,2795.13,2722.03,2728.83
2018-11-13,2728.73,2755.53,2714.93,2735.33
2018-11-14,2735.33,2747.73,2685.53,2695.63
2018-11-15,2695.63,2736.13,2669.83,2725.73
2018-11-16,2725.53,2747.83,2708.03,2741.33
2018-11-19,2732.63,2747.23,2681.13,2691.03
2018-11-20,2690.73,2693.23,2631.23,2635.83
2018-11-21,2635.83,2670.23,2635.63,2651.63
2018-11-22,2651.63,2656.23,2627.93,2641.13
2018-11-23,2641.13,2647.83,2626.13,2629.03
2018-11-26,2638.23,2676.33,2636.13,2661.83
2018-11-27,2661.83,2688.13,2655.63,2685.63
2018-11-28,2685.63,2744.83,2681.13,2738.83
2018-11-29,2738.83,2754.13,2723.13,2739.83
2018-11-30,2739.83,2764.23,2728.53,2763.73
2018-12-03,2803.03,2813.53,2773.33,2785.63
2018-12-04,2785.93,2786.93,2696.83,2709.23
2018-12-05,2709.23,2720.73,2649.33,2683.53
2018-12-06,2683.33,2698.73,2621.13,2695.03
2018-12-07,2695.03,2708.73,2623.13,2634.73
2018-12-10,2614.43,2648.03,2582.73,2637.03
2018-12-11,2637.03,2677.53,2621.13,2638.53
2018-12-12,2638.23,2685.93,2634.03,2657.63
2018-12-13,2657.33,2670.63,2636.83,2646.03
2018-12-14,2646.03,2648.23,2594.03,2601.93
2018-12-17,2604.63,2613.33,2530.43,2559.33
2018-12-18,2559.43,2574.63,2528.53,2540.43
2018-12-19,2540.63,2586.03,2488.03,2508.63
2018-12-20,2508.63,2515.43,2440.73,2481.43
2018-12-21,2481.43,2506.83,2408.03,2411.03
2018-12-24,2415.63,2432.93,2339.03,2340.53
2018-12-25,2348.03,2349.03,2315.43,2344.13
2018-12-26,2344.13,2477.83,2323.63,2462.43
2018-12-27,2462.93,2498.83,2397.73,2483.03
2018-12-28,2483.23,2522.53,2472.93,2486.93
2018-12-31,2500.73,2512.73,2482.63,2508.23
2019-01-01,2507.23,2520.73,2506.23,2516.93
2019-01-02,2517.23,2520.73,2452.23,2474.33
2019-01-03,2474.53,2492.73,2443.93,2449.93
2019-01-04,2449.93,2538.53,2438.93,2530.53
2019-01-07,2537.93,2567.23,2523.43,2550.53
2019-01-08,2551.03,2580.63,2547.63,2576.43
2019-01-09,2576.24,2596.13,2568.33,2577.23
2019-01-10,2577.23,2598.93,2559.93,2590.73
2019-01-11,2591.23,2597.23,2576.83,2595.03
2019-01-14,2583.33,2589.43,2567.33,2583.03
2019-01-15,2583.03,2613.43,2580.33,2610.63
2019-01-16,2610.63,2626.33,2602.33,2611.33
2019-01-17,2611.33,2645.73,2596.13,2634.03
2019-01-18,2633.53,2676.53,2633.33,2671.53
2019-01-21,2668.43,2669.43,2655.83,2663.03
2019-01-22,2663.03,2666.03,2616.53,2631.13
2019-01-23,2631.13,2653.73,2613.03,2633.83
2019-01-24,2633.53,2647.63,2626.93,2639.13
2019-01-25,2639.13,2673.23,2637.13,2664.13
2019-01-28,2659.63,2661.93,2623.83,2637.33
2019-01-29,2637.13,2652.13,2630.33,2646.13
2019-01-30,2645.93,2691.43,2637.93,2688.53
2019-01-31,2688.33,2710.63,2676.83,2705.83
2019-02-01,2705.83,2717.23,2696.73,2706.03
2019-02-04,2704.33,2726.53,2698.23,2721.33
2019-02-05,2721.33,2739.93,2718.13,2733.23
2019-02-06,2733.23,2737.93,2724.03,2730.03
2019-02-07,2730.03,2730.53,2687.23,2698.73
2019-02-08,2698.73,2709.73,2682.03,2707.23
2019-02-11,2707.53,2722.73,2701.73,2709.43
2019-02-12,2709.43,2748.63,2708.93,2747.43
2019-02-13,2747.43,2762.33,2746.63,2750.33
2019-02-14,2750.33,2762.63,2730.03,2743.53
2019-02-15,2743.53,2778.03,2729.53,2777.53
2019-02-18,2779.03,2781.03,2774.03,2776.33
2019-02-19,2776.33,2788.03,2766.53,2778.53
2019-02-20,2778.33,2790.63,2773.33,2785.83
2019-02-21,2785.83,2797.83,2764.63,2775.13
2019-02-22,2774.93,2794.63,2771.43,2791.83
2019-02-25,2800.83,2813.73,2791.63,2794.33
2019-02-26,2794.33,2803.23,2783.33,2788.73
2019-02-27,2788.93,2796.13,2775.23,2794.03
2019-02-28,2793.83,2794.03,2781.33,2785.33
2019-03-01,2785.03,2807.93,2785.03,2804.83
2019-03-04,2816.93,2818.23,2767.33,2791.03
2019-03-05,2791.03,2799.03,2783.43,2786.33
2019-03-06,2786.13,2792.33,2766.63,2767.83
2019-03-07,2767.63,2775.83,2738.93,2751.33
2019-03-08,2751.33,2751.63,2722.23,2747.83
2019-03-11,2743.83,2794.03,2737.33,2791.73
2019-03-12,2791.73,2798.33,2780.53,2791.03
2019-03-13,2791.03,2821.63,2783.53,2814.13
2019-03-14,2814.13,2819.63,2803.03,2809.53
2019-03-15,2810.03,2831.63,2809.53,2825.43
2019-03-18,2822.23,2837.93,2819.43,2836.13
2019-03-19,2836.13,2853.03,2823.33,2829.23
2019-03-20,2828.73,2843.33,2811.63,2823.63
2019-03-21,2823.63,2861.03,2808.63,2856.93
2019-03-22,2856.93,2859.63,2800.83,2806.43
2019-03-25,2806.43,2810.13,2784.63,2805.43
2019-03-26,2805.43,2830.13,2803.83,2818.13
2019-03-27,2818.43,2827.13,2787.53,2801.73
2019-03-28,2801.73,2824.83,2790.43,2823.13
2019-03-29,2823.13,2836.53,2818.33,2836.13
2019-04-01,2848.83,2869.53,2848.33,2867.73
2019-04-02,2868.03,2870.03,2858.63,2863.43
2019-04-03,2863.13,2885.53,2861.93,2874.93
2019-04-04,2874.93,2882.03,2867.33,2877.53
2019-04-05,2877.33,2894.03,2877.03,2893.03
2019-04-08,2894.03,2896.23,2880.73,2893.73
2019-04-09,2893.73,2896.03,2873.63,2877.73
2019-04-10,2877.53,2894.53,2874.23,2893.33
2019-04-11,2893.03,2895.83,2882.13,2890.83
2019-04-12,2891.33,2910.73,2887.83,2908.53
2019-04-15,2906.93,2910,2896.53,2906.23
2019-04-16,2906.53,2917.23,2900.93,2906.33
2019-04-17,2906.03,2919.33,2895.33,2900.13
2019-04-18,2899.83,2908.63,2886.33,2907.73
2019-04-22,2908.63,2911.33,2896.03,2910.03
2019-04-23,2909.73,2936.83,2905.23,2936.24
2019-04-24,2936.23,2936.83,2926.13,2929.73
2019-04-25,2929.53,2933.53,2911.93,2921.33
2019-04-26,2921.33,2940.83,2915.63,2940.13
2019-04-29,2938.83,2949.63,2936.13,2939.33
2019-04-30,2939.33,2953.53,2924.53,2953.13
2019-05-01,2953.13,2959.33,2914.23,2919.53
2019-05-02,2919.53,2932.03,2900.53,2918.73
2019-05-03,2918.43,2947.93,2915.93,2946.93
2019-05-06,2894.73,2937.83,2882.73,2917.93
2019-05-07,2917.93,2930.43,2862.53,2885.03
2019-05-08,2885.03,2899.23,2869.03,2880.63
2019-05-09,2880.53,2882.83,2836.13,2873.03
2019-05-10,2872.73,2892.13,2825.13,2885.83
2019-05-13,2855.73,2859.93,2798.93,2802.63
2019-05-14,2802.43,2852.83,2802.13,2840.93
2019-05-15,2840.93,2859.03,2813.93,2850.63
2019-05-16,2850.43,2892.53,2839.03,2880.13
2019-05-17,2880.13,2886.13,2851.13,2861.23
2019-05-20,2869.43,2875.43,2831.33,2848.63
2019-05-21,2848.63,2869.13,2845.13,2866.23
2019-05-22,2865.93,2868.43,2847.43,2853.33
2019-05-23,2853.33,2854.33,2805.73,2822.93
2019-05-24,2822.93,2841.33,2820.33,2831.43
2019-05-27,2830.23,2838.13,2825.93,2832.73
2019-05-28,2832.73,2840.53,2800.23,2804.33
2019-05-29,2804.33,2805.13,2766.03,2781.63
2019-05-30,2781.63,2798.73,2764.43,2765.93
2019-05-31,2766.23,2775.73,2750.03,2752.33
2019-06-03,2735.83,2763.43,2729.13,2751.13
2019-06-04,2751.13,2812.83,2744.13,2811.83
2019-06-05,2811.63,2827.83,2800.73,2821.53
2019-06-06,2821.53,2852.63,2820.63,2843.83
2019-06-07,2843.83,2885.43,2841.33,2874.43
2019-06-10,2886.43,2905.33,2879.93,2886.33
2019-06-11,2886.13,2910.73,2878.93,2885.03
2019-06-12,2884.73,2890.53,2874.93,2884.33
2019-06-13,2884.03,2895.23,2866.33,2890.23
2019-06-14,2890.23,2897.73,2879.43,2889.73
2019-06-17,2894.73,2899.73,2887.13,2891.43
2019-06-18,2891.43,2931.63,2884.13,2923.93
2019-06-19,2923.73,2937.73,2910.73,2936.23
2019-06-20,2936.03,2959.23,2931.53,2953.13
2019-06-21,2952.93,2964.53,2943.43,2946.43
2019-06-24,2950.93,2957.13,2944.33,2947.93
2019-06-25,2948.13,2953.63,2913.13,2916.63
2019-06-26,2916.33,2934.63,2910.63,2914.13
2019-06-27,2914.13,2933.33,2913.13,2932.13
2019-06-28,2932.13,2951.33,2926.33,2950.83
2019-07-01,2967.63,2978.03,2951.93,2960.33
2019-07-02,2960.33,2977.23,2954.93,2974.63
2019-07-03,2974.33,3000.83,2970.63,2996.53
2019-07-04,2996.33,3000.43,2994.33,2999.23
2019-07-05,2999.23,3000.53,2967.93,2987.53
2019-07-08,2985.53,2986.33,2970.13,2971.63
2019-07-09,2971.43,2982.33,2959.63,2978.23
2019-07-10,2978.23,3003.63,2967.73,2993.63
2019-07-11,2993.33,3002.83,2989.13,3001.83
2019-07-12,3002.03,3014.13,3001.33,3011.23
2019-07-15,3009.43,3019.93,3007.23,3016.03
2019-07-16,3015.83,3018.03,3000.93,3003.23
2019-07-17,3003.03,3009.53,2977.63,2978.83
2019-07-18,2978.63,3007.23,2971.33,2998.03
2019-07-19,2998.23,3007.23,2974.43,2975.23
2019-07-22,2976.83,2991.43,2972.23,2987.53
2019-07-23,2987.53,3006.43,2985.73,3003.83
2019-07-24,3003.63,3020.53,2994.33,3019.53
2019-07-25,3019.33,3026.03,2997.23,3007.93
2019-07-26,3008.13,3028.53,3006.93,3023.13
2019-07-29,3022.63,3026.43,3014.83,3023.43
2019-07-30,3023.43,3026.43,3000.53,3015.13
2019-07-31,3014.83,3019.83,2957.23,2972.43
2019-08-01,2972.43,3014.43,2942.33,2946.03
2019-08-02,2946.03,2961.13,2913.93,2932.83
2019-08-05,2927.93,2934.43,2777.43,2783.03
2019-08-06,2783.03,2885.13,2780.73,2870.13
2019-08-07,2870.13,2892.53,2824.53,2875.23
2019-08-08,2875.23,2941.33,2871.43,2934.63
2019-08-09,2935.13,2936.13,2899.83,2919.53
2019-08-12,2914.33,2931.13,2872.83,2887.13
2019-08-13,2887.13,2944.23,2867.13,2931.43
2019-08-14,2931.63,2935.43,2833.33,2845.83
2019-08-15,2845.83,2871.03,2817.33,2853.73
2019-08-16,2853.53,2894.13,2849.23,2891.53
2019-08-19,2905.13,2931.43,2900.13,2917.83
2019-08-20,2917.83,2931.33,2893.13,2898.73
2019-08-21,2898.73,2938.23,2898.73,2934.43
2019-08-22,2934.43,2939.03,2904.43,2922.23
2019-08-23,2922.23,2936.73,2834.83,2856.93
2019-08-26,2825.13,2888.63,2822.13,2876.33
2019-08-27,2876.33,2899.53,2860.43,2874.33
2019-08-28,2874.33,2890.73,2852.03,2884.63
2019-08-29,2884.63,2930.73,2875.43,2923.53
2019-08-30,2923.53,2946.53,2913.23,2921.53
2019-09-02,2909.53,2926.83,2889.43,2903.13
2019-09-03,2903.13,2915.53,2891.23,2903.33
2019-09-04,2903.13,2939.33,2903.03,2938.23
2019-09-05,2937.93,2986.33,2937.43,2976.93
2019-09-06,2976.93,2987.93,2972.13,2980.73
2019-09-09,2981.23,2991.23,2969.13,2982.23
2019-09-10,2982.23,2984.73,2957.13,2977.13
2019-09-11,2976.83,3019.33,2971.83,3017.53
2019-09-12,3017.83,3021.53,3000.43,3013.93
2019-09-13,3013.93,3023.23,3002.83,3006.23
2019-09-16,2988.83,3004.33,2980.63,3001.03
2019-09-17,3001.03,3006.23,2991.33,3004.33
2019-09-18,3004.33,3009.93,2977.83,3004.03
2019-09-19,3004.03,3022,2988.73,3008.43
2019-09-20,3008.13,3015.83,2984.03,2988.23
2019-09-23,3001.43,3010.73,2980.93,3006.23
2019-09-24,3006.23,3008.53,2957.13,2974.83
2019-09-25,2974.83,2990.43,2952.73,2983.93
2019-09-26,2983.73,2993.73,2963.73,2977.43
2019-09-27,2977.13,2991.93,2944.93,2963.13
2019-09-30,2970.03,2985.37,2964.03,2982.23
2019-10-01,2982.23,2993.23,2937.13,2945.93
2019-10-02,2945.63,2948.93,2874.13,2886.43
2019-10-03,2886.13,2913.53,2855.53,2908.03
2019-10-04,2908.03,2953.93,2899.23,2951.03
2019-10-07,2940.53,2960.23,2935.23,2938.23
2019-10-08,2937.93,2951.23,2889.13,2892.63
2019-10-09,2892.63,2934.63,2882.53,2900.03
2019-10-10,2900.03,2958.23,2887.23,2947.73
2019-10-11,2947.43,2993.73,2942.73,2970.43
2019-10-14,2981.93,2982.43,2954.13,2973.73
2019-10-15,2973.43,3004.13,2968.43,2995.33
2019-10-16,2995.03,2998.03,2985.23,2988.43
2019-10-17,2988.13,3008.33,2985.93,2997.83
2019-10-18,2997.83,3002.13,2976.23,2989.13
2019-10-21,2992,3008,2990.53,3006.23
2019-10-22,3005.93,3014.73,2990.93,2991.43
2019-10-23,2991.43,3011.23,2982.93,3007.93
2019-10-24,3007.93,3016.33,3000.33,3003.53
2019-10-25,3003.03,3027.93,3001.73,3021.63
2019-10-28,3026.03,3044.23,3024.63,3041.03
2019-10-29,3040.53,3048.13,3031.73,3037.93
2019-10-30,3038.13,3054.23,3025.43,3050.93
2019-10-31,3050.73,3053.73,3022.33,3037.33
2019-11-01,3037.33,3067.23,3037.33,3065.53
2019-11-04,3070.03,3087.83,3069.03,3085.33
2019-11-05,3085.03,3087.33,3072.23,3074.43
2019-11-06,3074.23,3079.43,3065.93,3075.53
2019-11-07,3075.53,3098.33,3071.83,3087.93
2019-11-08,3087.93,3093.23,3073.53,3091.23
2019-11-11,3089.43,3090.23,3075.33,3086.63
2019-11-12,3086.93,3103.33,3082.93,3090.03
2019-11-13,3090.33,3098.53,3077.33,3095.63
2019-11-14,3095.43,3100.43,3083.13,3100.23
2019-11-15,3100.23,3120.33,3098.43,3119.13
2019-11-18,3115.53,3128.93,3112.03,3120.33
2019-11-19,3120.33,3133.03,3111.03,3112.13
2019-11-20,3112.13,3119.03,3091.23,3101.93
2019-11-21,3101.93,3114.73,3091.43,3102.43
2019-11-22,3102.43,3115.63,3098.83,3112.93
2019-11-25,3120.03,3134.13,3117.93,3133.13
2019-11-26,3132.83,3145.63,3128.83,3144.03
2019-11-27,3143.93,3156.03,3142.83,3145.73
2019-11-28,3145.53,3152.13,3142.53,3151.63
2019-11-29,3151.43,3151.93,3140.03,3144.03
2019-12-02,3147.93,3158.43,3108.83,3112.53
2019-12-03,3112.53,3122.33,3069.93,3094.93
2019-12-04,3094.93,3120.13,3082.43,3109.73
2019-12-05,3109.73,3124.93,3103.63,3118.83
2019-12-06,3118.83,3151.03,3118.83,3146.33
2019-12-09,3145.63,3149.03,3132.73,3134.63
2019-12-10,3134.33,3142.53,3116.13,3134.03
2019-12-11,3134.03,3145.93,3129.53,3145.63
2019-12-12,3145.63,3181.73,3136.93,3179.93
2019-12-13,3179.73,3184.23,3156.63,3171.33
2019-12-16,3174.83,3198.73,3174.53,3189.93
2019-12-17,3189.93,3198.73,3187.43,3190.43
2019-12-18,3190.13,3199.13,3188.13,3194.63
2019-12-19,3194.13,3208.63,3190.33,3208.33
2019-12-20,3208.13,3226.53,3203.83,3222.63
2019-12-23,3225.33,3231.33,3222.23,3226.53
2019-12-24,3226.53,3229.03,3220.43,3224.23
2019-12-25,3225.23,3225.73,3224.53,3225.03
2019-12-26,3225.03,3242.63,3224.73,3241.43
2019-12-27,3241.43,3251.95,3234.2,3235.85
2019-12-30,3239.26,3242.75,3215.6,3223.95
2019-12-31,3223.95,3234.25,3212.3,3233.75
2020-01-01,3235.26,3239.76,3233.73,3236.7
2020-01-02,3237.05,3263.05,3235.25,3260.76
2020-01-03,3260.65,3262.27,3206.55,3235.85
2020-01-06,3224.06,3249.95,3209.3,3242.66
2020-01-07,3242.45,3254.47,3196.16,3203.65
2020-01-08,3203.65,3267.36,3181.3,3261.07
2020-01-09,3260.75,3278.45,3256.76,3277.66
2020-01-10,3277.95,3286.47,3260.6,3264.76
2020-01-13,3267.25,3293.65,3266.75,3293.46
2020-01-14,3293.3,3296.17,3274.95,3278.5
2020-01-15,3278.7,3299.15,3277.56,3296.45
2020-01-16,3296.67,3323.15,3294.15,3319.66
2020-01-17,3319.45,3330.06,3316.95,3324.45
2020-01-20,3328.16,3328.47,3318.6,3322.86
2020-01-21,3323.05,3330.5,3307.35,3320.66
2020-01-22,3320.85,3338.07,3314.55,3315.06
2020-01-23,3315.2,3333.05,3301.9,3331.55
2020-01-24,3331.55,3338.05,3281.6,3294.55
2020-01-27,3259.75,3270.05,3234.15,3248.65
2020-01-28,3248.45,3286.35,3243.45,3276.85
2020-01-29,3276.55,3294.05,3271.5,3274.75
2020-01-30,3274.95,3293.75,3240.95,3290.75
2020-01-31,3290.75,3298.85,3214.45,3229.95
2020-02-03,3232.96,3268.06,3230.9,3243.35
2020-02-04,3243.15,3307.06,3242.6,3296.1
2020-02-05,3295.95,3340.85,3290.4,3336.16
2020-02-06,3335.8,3359.25,3334.1,3350.45
2020-02-07,3350.45,3351.25,3322.3,3327.35
2020-02-10,3312.35,3354.56,3312.3,3352.45
2020-02-11,3352.66,3375.9,3350.6,3362.4
2020-02-12,3362.4,3382.87,3357.15,3368.06
2020-02-13,3368.35,3385.55,3349,3374.45
2020-02-14,3374.45,3388.75,3365.86,3381.66
2020-02-17,3388.15,3392.95,3372.45,3376.25
2020-02-18,3376.25,3378.05,3355.9,3378.05
2020-02-19,3378.25,3393.76,3372.5,3391.75
2020-02-20,3391.76,3397.5,3339.55,3356.55
2020-02-21,3356.45,3366.25,3328.7,3340.67
2020-02-24,3298.96,3303.96,3214.45,3240.95
2020-02-25,3240.95,3260.46,3118.35,3152.86
2020-02-26,3152.86,3183.15,3092.46,3104.26
2020-02-27,3104.15,3108.25,2936.25,2967.76
2020-02-28,2967.76,2990.07,2853.9,2972.75
2020-03-02,2921.45,3095.25,2906.15,3086.5
2020-03-03,3086.56,3138,2975,2992.87
2020-03-04,2992.87,3130.96,2991.35,3108.45
2020-03-05,3108.55,3109.95,2999.45,3029.16
2020-03-06,3029.36,3039.66,2901.35,2966.95
2020-03-09,2825.1,2841.66,2700.15,2801.15
2020-03-10,2801.15,2888.75,2733.17,2831.06
2020-03-11,2831.5,2843.26,2706.65,2735.8
2020-03-12,2735.8,2745.67,2421.25,2442.65
2020-03-13,2442.65,2710.25,2397.45,2700.95
2020-03-16,2389.75,2565.06,2365.26,2446.1
2020-03-17,2445.96,2555.35,2366.35,2423.95
2020-03-18,2423.86,2473.07,2275.65,2456.95
2020-03-19,2456.75,2470.35,2288.26,2368.85
2020-03-20,2368.76,2511.66,2292.7,2300.96
2020-03-23,2203.75,2398.37,2184.95,2264.96
2020-03-24,2264.75,2482.57,2253.55,2434.65
2020-03-25,2434.65,2573.66,2399.76,2482.05
2020-03-26,2482.05,2644.76,2415.7,2641.66
2020-03-27,2641.66,2644.76,2517.95,2537.4
2020-03-30,2498.85,2634.55,2493.85,2627.66
2020-03-31,2628.15,2646.87,2549.7,2551.76
2020-04-01,2551.4,2559.96,2447.95,2483.75
2020-04-02,2482.75,2536.37,2437.75,2515.77
2020-04-03,2515.07,2540.35,2460.06,2492.16
2020-04-06,2529.55,2677.35,2528.46,2672.66
2020-04-07,2672.66,2756.55,2632.75,2659.4
2020-04-08,2659.06,2761.66,2629.86,2756.87
2020-04-09,2757,2819.56,2710.55,2789.9
2020-04-13,2754.46,2789.4,2721.26,2777.95
2020-04-14,2778.15,2854.37,2762.65,2841.26
2020-04-15,2841.45,2843.96,2760.66,2763.66
2020-04-16,2763.76,2894.77,2757.25,2879.45
2020-04-17,2879.27,2893.76,2830.35,2878.6
2020-04-20,2857.75,2884.5,2814.05,2826.56
2020-04-21,2826.56,2842.15,2727.2,2751.56
2020-04-22,2751.45,2816.65,2727.56,2788.35
2020-04-23,2788.4,2845.57,2773.36,2779.15
2020-04-24,2779.25,2843.75,2764.25,2838.05
2020-04-27,2828.56,2889.7,2823.55,2876.35
2020-04-28,2876.46,2922.15,2859.95,2880.25
2020-04-29,2880.1,2963.46,2879.55,2954.06
2020-04-30,2953.9,2973.07,2862.15,2883.05
2020-05-01,2883.05,2888.55,2820.75,2830.85
2020-05-04,2787.05,2845.46,2780.55,2840.75
2020-05-05,2840.75,2899.1,2840.75,2875.5
2020-05-06,2875.85,2895.05,2831.55,2841.87
2020-05-07,2841.87,2902.87,2841.87,2900.05
2020-05-08,2900.05,2936.85,2900.05,2935.36
2020-05-11,2944.85,2953.85,2897.1,2923.16
2020-05-12,2923.45,2946.07,2834.3,2836.35
2020-05-13,2836.35,2883.35,2792.65,2822.97
2020-05-14,2823.05,2860.26,2766.15,2859
2020-05-15,2858.96,2868.36,2814.95,2853.27
2020-05-18,2875.15,2969.56,2871.9,2956.85
2020-05-19,2956.66,2981.45,2914.15,2928.66
2020-05-20,2928.66,2980.57,2928.1,2969.16
2020-05-21,2969.16,2977.85,2938.85,2954.55
2020-05-22,2954.56,2958.76,2909.05,2957.4
2020-05-25,2971.96,2994.66,2959.2,2987.35
2020-05-26,2987.47,3024.47,2985.75,2994.27
2020-05-27,2994.5,3047.47,2969.66,3046.96
2020-05-28,3046.75,3069.35,3023.5,3028.77
2020-05-29,3029.05,3058.26,2995.95,3057.77
2020-06-01,3028.95,3062.55,3024.15,3041.76
2020-06-02,3042,3090.95,3038.7,3089.46
2020-06-03,3089.65,3132.36,3084.4,3125.75
2020-06-04,3125.75,3129.36,3090.35,3111.35
2020-06-05,3111.35,3213.06,3109.35,3189.05
2020-06-08,3210.2,3233.45,3185.5,3225.55
2020-06-09,3225.45,3233.35,3192.5,3218.5
2020-06-10,3218.5,3229.85,3164.25,3167.05
2020-06-11,3167.05,3183.05,2998.4,3030.07
2020-06-12,3030.15,3089.46,2983.37,3036.86
2020-06-15,2997.66,3100.26,2936.65,3099.4
2020-06-16,3099.25,3168.75,3074.85,3136.76
2020-06-17,3136.76,3158.95,3100.8,3102.36
2020-06-18,3102.36,3130.9,3076.05,3126.75
2020-06-19,3126.75,3156.27,3069.55,3072.06
2020-06-22,3065.46,3137.55,3060.56,3134.56
2020-06-23,3134.25,3157.57,3073.05,3123.05
2020-06-24,3123.05,3139.95,3031.1,3048.65
2020-06-25,3048.65,3091.15,3016.95,3084.45
2020-06-26,3084.15,3093.15,3004.06,3020.17
2020-06-29,3011.77,3069.95,3000.25,3065.15
2020-06-30,3065.15,3111.65,3041.2,3092.6
2020-07-01,3092.35,3129.05,3073.6,3113.07
2020-07-02,3112.75,3166.96,3106.2,3137.7
2020-07-03,3137.7,3148.96,3115.86,3125.85
2020-07-06,3145.47,3189.06,3144.7,3186.86
2020-07-07,3186.56,3193.86,3143.15,3151.05
2020-07-08,3150.76,3179.36,3136.05,3177.05
2020-07-09,3177.05,3180.55,3115.26,3160.86
2020-07-10,3160.95,3189.25,3121.5,3188.7
2020-07-13,3196.48,3235.86,3150.35,3164.66
2020-07-14,3164.45,3223.8,3128.56,3218.8
2020-07-15,3218.8,3241.56,3200.9,3226.7
2020-07-16,3226.25,3227.26,3197.76,3212.65
2020-07-17,3212.96,3234.06,3204.15,3221.95
2020-07-20,3230.45,3259.5,3199.45,3252.45
2020-07-21,3252.45,3282.15,3247.7,3264.95
2020-07-22,3265.25,3279.66,3235.7,3268.75
2020-07-23,3268.75,3292.56,3222.67,3241.96
2020-07-24,3242.26,3247.26,3200.1,3211.85
2020-07-27,3207.8,3246.26,3206.45,3244.46
2020-07-28,3244.7,3254.76,3216.3,3225.76
2020-07-29,3225.46,3265.67,3212.7,3259.45
2020-07-30,3259.76,3281.26,3203.35,3275.4
2020-07-31,3275.25,3277.97,3220.35,3271.75
2020-08-03,3271.96,3302.77,3262.45,3295
2020-08-04,3295,3308.07,3278.55,3306.56
2020-08-05,3306.26,3330.96,3300.06,3326.25
2020-08-06,3325.95,3353.27,3307.97,3348.25
2020-08-07,3347.95,3354.77,3329.65,3351.97
2020-08-10,3348.77,3363.35,3335.87,3358.76
2020-08-11,3358.76,3385.27,3326.35,3340.56
2020-08-12,3340.56,3388.25,3332.85,3376.15
2020-08-13,3376.15,3387.67,3363.36,3381.56
2020-08-14,3381.7,3386,3355.7,3367.35
2020-08-17,3375.95,3392.07,3370.45,3390.86
2020-08-18,3390.56,3395.26,3370.25,3393.3
2020-08-19,3393.07,3399.96,3365.4,3366.77
2020-08-20,3366.96,3393.77,3349.26,3393.5
2020-08-21,3393.76,3400.65,3360.77,3397.27
2020-08-24,3401.96,3437.77,3398.25,3437.2
2020-08-25,3437.26,3452.46,3425.6,3448.96
2020-08-26,3448.95,3484.75,3440.7,3481
2020-08-27,3481.05,3501.65,3468.16,3495.26
2020-08-28,3494.75,3512.76,3484.05,3507.16
2020-08-31,3521.9,3527.27,3487.2,3499.2
2020-09-01,3499.25,3538.37,3494.6,3538.36
2020-09-02,3538.06,3588.15,3534.8,3585
2020-09-03,3584.85,3585.86,3426.9,3433.75
2020-09-04,3434.16,3486.25,3350.15,3420.1
2020-09-07,3406.66,3445.36,3394.1,3441.35
2020-09-08,3441.35,3448.86,3297.56,3324.05
2020-09-09,3324.06,3425.47,3322.7,3410.95
2020-09-10,3410.66,3425.56,3328.6,3348.15
2020-09-11,3348.05,3376.17,3309.75,3336
2020-09-14,3361.76,3402.87,3356.85,3385.45
2020-09-15,3385.46,3418.86,3376.4,3401.55
2020-09-16,3401.85,3429.37,3384.05,3390.66
2020-09-17,3390.66,3391.96,3320.3,3358.95
2020-09-18,3358.9,3373.46,3291.3,3327.65
2020-09-21,3324.95,3336.66,3228.3,3294.06
2020-09-22,3293.9,3321.26,3268.2,3314.36
2020-09-23,3314.15,3331.35,3221.7,3228.45
2020-09-24,3228.26,3279.65,3209.6,3264.96
2020-09-25,3264.65,3307.57,3217.95,3299.17
2020-09-28,3306.65,3366.47,3303.6,3365.7
2020-09-29,3365.45,3373.26,3326.85,3346.35
2020-09-30,3346.15,3394.07,3301.65,3371.65
2020-10-01,3371.65,3398.06,3360.7,3378.65
2020-10-02,3378.36,3383.57,3311.6,3350.36
2020-10-05,3372.67,3410,3357.25,3399.45
2020-10-06,3399.4,3432.17,3343.05,3356.55
2020-10-07,3356.56,3426.9,3353.1,3423.55
2020-10-08,3423.55,3464.95,3417.55,3462.96
2020-10-09,3462.6,3482.96,3454.45,3482.87
2020-10-12,3479.15,3550.25,3473.45,3540.86
2020-10-13,3541.17,3541.86,3500.7,3517.76
2020-10-14,3517.85,3532.87,3480.45,3492.56
2020-10-15,3492.36,3495.25,3439.96,3492.06
2020-10-16,3492.07,3516.75,3469.85,3470.45
2020-10-19,3485.85,3504.86,3419.86,3448.46
2020-10-20,3448.36,3478.37,3434.9,3452.95
2020-10-21,3452.95,3466.26,3410.65,3421.65
2020-10-22,3421.46,3464.85,3411.4,3460.07
2020-10-23,3459.85,3470.66,3440,3459.76
2020-10-26,3447.4,3450.26,3364.86,3401.26
2020-10-27,3401.25,3418.77,3366.55,3374.56
2020-10-28,3374.87,3378.36,3269.25,3290.35
2020-10-29,3290.35,3342.26,3258.2,3284.66
2020-10-30,3284.7,3304.66,3234.16,3280.47
2020-11-02,3261.17,3331.96,3254.75,3317.06
2020-11-03,3317.27,3403.16,3312.05,3392.16
2020-11-04,3391.65,3487.75,3327.85,3441.26
2020-11-05,3441.56,3529.27,3436.5,3505.85
2020-11-06,3505.96,3525.47,3463.45,3512.27
2020-11-09,3543.9,3674.27,3540.26,3553.46
2020-11-10,3553.45,3563.86,3511.25,3542.65
2020-11-11,3542.47,3581.57,3536.1,3573.16
2020-11-12,3573.15,3576.17,3518,3539.35
2020-11-13,3539.25,3594.57,3523.1,3585.7
2020-11-16,3612.27,3641.16,3601.1,3628.36
2020-11-17,3628.06,3628.37,3587.96,3613.45
2020-11-18,3613.25,3626.96,3562.7,3566.06
2020-11-19,3565.96,3586.45,3545.26,3551.9
2020-11-20,3551.9,3585.97,3546.35,3547.15
2020-11-23,3560.4,3600.65,3552.25,3595.17
2020-11-24,3594.86,3646.55,3592.1,3645.26
2020-11-25,3645.07,3657.56,3618.4,3635.2
2020-11-26,3635,3641.76,3617,3622.57
2020-11-27,3622.75,3645.17,3615.5,3639.16
2020-11-30,3643.25,3643.9,3594.75,3640.76
2020-12-01,3640.76,3678.77,3639.5,3660.15
2020-12-02,3660.16,3675.15,3644.3,3668.97
2020-12-03,3668.76,3683.66,3657.15,3671.7
2020-12-04,3671.75,3701.56,3669.25,3692.66
2020-12-07,3700.55,3701.57,3674.05,3684.05
2020-12-08,3683.75,3715.57,3666,3707.66
2020-12-09,3707.65,3715.17,3660.8,3675.76
2020-12-10,3675.76,3682,3645.15,3672.76
2020-12-11,3672.56,3675.56,3629.05,3662.8
2020-12-14,3679.56,3698.46,3645.05,3654.36
2020-12-15,3654.36,3697.26,3643.5,3694.06
2020-12-16,3693.97,3711.96,3687.76,3703.56
2020-12-17,3703.25,3725.07,3699.7,3722.26
2020-12-18,3722.26,3731.56,3686.3,3720.76
2020-12-21,3715.96,3720.76,3605.66,3693.06
2020-12-22,3693.06,3704.57,3673.56,3693.26
2020-12-23,3693.55,3711.57,3661.25,3693.97
2020-12-24,3693.77,3705.66,3688.85,3702.6
2020-12-28,3712.47,3743.76,3707.2,3743.75
2020-12-29,3743.76,3756.47,3723.3,3730.16
2020-12-30,3730.16,3746.67,3725.15,3734.85
2020-12-31,3735.16,3761.15,3723.36,3755.35
2021-01-04,3756.9,3781.47,3661.6,3702.96
2021-01-05,3702.96,3739.66,3682.95,3722.76
2021-01-06,3722.96,3783.86,3694.47,3758.25
2021-01-07,3758.06,3812.65,3750.75,3807.85
2021-01-08,3807.85,3831.37,3783.7,3831.16
2021-01-11,3818.05,3821.87,3784.66,3805.77
2021-01-12,3805.76,3815.26,3776.55,3805.06
2021-01-13,3805.26,3821.77,3785.26,3814.66
2021-01-14,3814.45,3825.66,3793.7,3802.35
2021-01-15,3802.36,3803.56,3748.77,3757.96
2021-01-18,3756.76,3780.66,3749.15,3780.26
2021-01-19,3780.26,3811.46,3780.1,3811.27
2021-01-20,3811.16,3860.46,3796.45,3855.96
2021-01-21,3856.25,3867.47,3844.3,3852.15
2021-01-22,3851.85,3856.67,3821.65,3842.06
2021-01-25,3849.87,3861.17,3796.7,3853.6
2021-01-26,3853.56,3870.56,3829.85,3855.06
2021-01-27,3855.35,3856.87,3711.45,3716.56
2021-01-28,3716.26,3830.67,3714.2,3773.56
2021-01-29,3773.76,3783.37,3692.95,3707.9
2021-02-01,3684.37,3784.96,3683.8,3778.05
2021-02-02,3777.95,3843.66,3768.25,3836.76
2021-02-03,3837.06,3851.5,3816.15,3840.35
2021-02-04,3840.37,3876.17,3819.3,3873.36
2021-02-05,3873.05,3895.27,3867.5,3891.05
2021-02-08,3897.35,3919.96,3892.55,3916.95
2021-02-09,3916.7,3919.2,3901.8,3915.95
2021-02-10,3916.26,3935.25,3885.15,3911.65
2021-02-11,3911.46,3925.66,3890.46,3916.26
2021-02-12,3916.76,3940.06,3895.76,3940
2021-02-15,3942.15,3957.47,3941.55,3952.25
2021-02-16,3952.56,3964.26,3923.86,3925.85
2021-02-17,3926.15,3937.16,3901.25,3934.9
2021-02-18,3934.96,3940.27,3884.85,3909.77
2021-02-19,3909.77,3935.07,3894.5,3902.56
2021-02-22,3907.96,3917.97,3865.25,3882.35
2021-02-23,3882.35,3899.76,3808.65,3877.26
2021-02-24,3876.9,3938.06,3855.75,3936.76
2021-02-25,3936.56,3937.57,3813.5,3824.56
2021-02-26,3824.07,3861.9,3788.66,3806.17
2021-03-01,3840.05,3915.47,3836.7,3907.55
2021-03-02,3907.25,3909.55,3868.8,3880.06
2021-03-03,3879.76,3901.07,3798.65,3798.87
2021-03-04,3798.87,3844.76,3723.2,3760.87
2021-03-05,3760.65,3852.57,3731.2,3841.76
2021-03-08,3856.65,3881.76,3799.1,3840.46
2021-03-09,3840.26,3903.57,3828.5,3878.46
2021-03-10,3878.26,3918.35,3859.2,3902.45
2021-03-11,3902.45,3960.66,3895.4,3942.66
2021-03-12,3942.56,3949.16,3911.6,3945.05
2021-03-15,3951.96,3970.95,3923.55,3962.3
2021-03-16,3962.5,3980.96,3953.2,3965.06
2021-03-17,3965.07,3983.66,3935.45,3982.76
2021-03-18,3982.76,3988.76,3912.25,3921.36
2021-03-19,3920.86,3934.87,3886.4,3907.55
2021-03-22,3907.85,3957.37,3896.56,3949.45
2021-03-23,3949.47,3951.47,3903.55,3909.75
2021-03-24,3909.95,3942.17,3888.4,3896.86
2021-03-25,3896.87,3922.15,3854.05,3917.85
2021-03-26,3917.86,3978.55,3912.6,3974.66
2021-03-29,3961.86,3981.77,3939.85,3976.46
2021-03-30,3976.75,3976.76,3944.1,3961.85
2021-03-31,3962.07,3994.46,3952.5,3981.85
2021-04-01,3981.5,4027.85,3975.55,4027.06
2021-04-02,4026.96,4048.86,4025.3,4038.06
2021-04-05,4042.8,4084.67,4031.55,4081.66
2021-04-06,4081.8,4086.07,4062.66,4081.25
2021-04-07,4081.05,4092.27,4066.75,4089.25
2021-04-08,4089.46,4109.17,4082.35,4109.15
2021-04-09,4109.16,4130.46,4090.6,4121.66
2021-04-12,4120.06,4133.56,4113.75,4130.76
2021-04-13,4130.5,4148.47,4110.55,4139.16
2021-04-14,4139.15,4152.35,4121.35,4131.4
2021-04-15,4131.75,4174.46,4127.9,4170.86
2021-04-16,4170.55,4191.27,4162.3,4180.56
2021-04-19,4172.55,4182.77,4149.9,4169.75
2021-04-20,4170.26,4174.96,4118.35,4130.26
2021-04-21,4130.25,4175.07,4120.96,4163.15
2021-04-22,4162.85,4179.75,4123.5,4138.06
2021-04-23,4138.06,4194.66,4135.75,4175.45
2021-04-26,4174.76,4193.96,4172,4191.55
2021-04-27,4191.25,4199.55,4175.16,4188.75
2021-04-28,4188.76,4202.46,4181.45,4197.06
2021-04-29,4196.86,4219.26,4176.4,4205.05
2021-04-30,4205.06,4206.75,4175.45,4189.27
2021-05-03,4196.05,4210.46,4185.96,4187.25
2021-05-04,4186.76,4191.96,4127.8,4167.55
2021-05-05,4167.56,4187.77,4160.9,4167.95
2021-05-06,4167.77,4205.05,4147.65,4201.86
2021-05-07,4201.55,4238.45,4199.2,4234.16
2021-05-10,4238.36,4244.87,4183.65,4189.87
2021-05-11,4189.65,4191.66,4110.75,4152.65
2021-05-12,4152.6,4156.65,4057.25,4070.55
2021-05-13,4070.56,4132.16,4035.06,4118.95
2021-05-14,4118.95,4183.35,4116.95,4178.75
2021-05-17,4175.75,4176.77,4142.4,4170.3
2021-05-18,4170.07,4184.85,4114,4114
2021-05-19,4114.06,4126.57,4060.7,4105.25
2021-05-20,4105.25,4173.86,4089.05,4166.16
2021-05-21,4166.1,4189.57,4151.4,4161.36
2021-05-24,4153.67,4209.66,4153.6,4204.75
2021-05-25,4204.5,4216.25,4183.26,4197.86
2021-05-26,4197.56,4208.06,4184.4,4196.3
2021-05-27,4196.05,4219.45,4181.3,4217.7
2021-05-28,4217.76,4220.85,4204.6,4207.45
2021-05-31,4210.97,4213.4,4193.3,4204.25
2021-06-01,4203.96,4233.16,4192.55,4197.86
2021-06-02,4197.55,4217.85,4193.55,4210.85
2021-06-03,4210.86,4215.8,4167.75,4188.77
2021-06-04,4188.75,4234.16,4179.45,4228.15
2021-06-07,4231.26,4234.7,4216.4,4228.26
2021-06-08,4228.15,4238.96,4208.35,4228.26
2021-06-09,4227.95,4237.26,4218.3,4222.76
2021-06-10,4222.56,4249.96,4208.2,4239.25
2021-06-11,4239.2,4249.26,4232.15,4246.56
2021-06-14,4251.25,4258.2,4234.15,4254.16
2021-06-15,4253.85,4267.86,4238,4247.26
2021-06-16,4247.45,4251.66,4200.85,4206.76
2021-06-17,4206.45,4232.37,4193.25,4225.56
2021-06-18,4225.56,4230.07,4158.9,4162.77
2021-06-21,4160.76,4232.37,4138,4228.36
2021-06-22,4228.56,4256.4,4216.7,4248.86
2021-06-23,4249.16,4259.35,4241.7,4247.97
2021-06-24,4247.76,4273.26,4247.7,4270.76
2021-06-25,4270.77,4287.76,4264.7,4282.86
2021-06-28,4288.36,4292.35,4274.86,4287.57
2021-06-29,4287.25,4300.95,4281.75,4298.07
2021-06-30,4297.95,4305.36,4279.15,4304.55
2021-07-01,4304.85,4321.76,4296.05,4318.86
2021-07-02,4319.06,4356.26,4318.5,4349.05
2021-07-05,4348.2,4356.36,4342,4355.36
2021-07-06,4355.57,4357.07,4314.4,4336.96
2021-07-07,4336.95,4362.66,4330.1,4359.6
2021-07-08,4359.65,4361.25,4288.56,4317.37
2021-07-09,4317.56,4372.27,4302.06,4368.36
2021-07-12,4372.06,4387.77,4350.8,4386.66
2021-07-13,4386.36,4392.77,4363.65,4364.3
2021-07-14,4364.36,4393.07,4358.8,4376.25
2021-07-15,4375.96,4378.46,4340.8,4351.76
2021-07-16,4351.75,4376.26,4322.85,4323.4
2021-07-19,4316.55,4317.97,4232,4270.17
2021-07-20,4269.9,4337.56,4261,4333.35
2021-07-21,4333.16,4365.5,4318.8,4363
2021-07-22,4362.87,4379.96,4350.2,4377.95
2021-07-23,4377.6,4416.17,4375.96,4409.76
2021-07-26,4411.06,4424.75,4384.2,4420.26
2021-07-27,4420.06,4421.56,4372.55,4400.16
2021-07-28,4400.46,4415.56,4386,4401.96
2021-07-29,4401.66,4430.06,4388.1,4394.36
2021-07-30,4394.16,4412.07,4378.1,4402.1
2021-08-02,4413.87,4426.87,4385.3,4394.46
2021-08-03,4394.36,4424.8,4373.35,4416.45
2021-08-04,4416.16,4422.97,4399.85,4405.97
2021-08-05,4405.9,4430.5,4402.25,4424.45
2021-08-06,4424.17,4440.56,4423.6,4437.8
2021-08-09,4422.47,4439.26,4419.8,4432.56
2021-08-10,4432.56,4445.46,4424.05,4435.26
2021-08-11,4435.26,4450.76,4428.55,4445.95
2021-08-12,4445.96,4462.37,4436.85,4458.76
2021-08-13,4458.75,4469.46,4457.4,4467.77
2021-08-16,4463.76,4481.97,4438.85,4476.46
2021-08-17,4476.25,4476.77,4417.35,4438.26
2021-08-18,4438.5,4454.15,4393.76,4396.46
2021-08-19,4396.45,4419.37,4352.7,4399.25
2021-08-20,4399.06,4444.7,4376.55,4438.35
2021-08-23,4443.86,4489.47,4443.3,4487.3
2021-08-24,4487.37,4495.87,4480.85,4485.96
2021-08-25,4485.75,4502.16,4480.7,4496.77
2021-08-26,4496.77,4497.26,4468.76,4470.47
2021-08-27,4470.26,4513.66,4466.7,4507.96
2021-08-30,4514.16,4537.86,4504.45,4530.55
2021-08-31,4530.27,4545.26,4515.66,4531.26
2021-09-01,4531.27,4542.77,4522.15,4525.75
2021-09-02,4525.45,4546.15,4518.4,4537.26
2021-09-03,4537.25,4551.47,4521.65,4535.56
2021-09-06,4529.86,4549.76,4525.8,4541
2021-09-07,4540.95,4542.87,4512.95,4516.25
2021-09-08,4516.26,4526.46,4493.85,4509.16
2021-09-09,4509.16,4530.55,4487.15,4492.46
2021-09-10,4492.4,4519.36,4458.3,4463.27
2021-09-13,4476.47,4494.37,4445.15,4475.95
2021-09-14,4475.65,4488.95,4434.8,4450.86
2021-09-15,4450.55,4487.57,4436.95,4485.46
2021-09-16,4485.16,4488.16,4443.65,4468.06
2021-09-17,4468.06,4483.06,4422.9,4426.25
2021-09-20,4427.25,4429.27,4305.56,4367.65
2021-09-21,4367.67,4407.1,4342.15,4342.66
2021-09-22,4342.17,4416.97,4332.65,4403
2021-09-23,4403.05,4465.87,4401.5,4451.95
2021-09-24,4451.95,4464.25,4421.65,4457.06
2021-09-27,4463.55,4483.36,4436.45,4441.16
2021-09-28,4441.15,4453.16,4346.05,4366.45
2021-09-29,4366.27,4389.46,4354.65,4372.76
2021-09-30,4372.47,4398.45,4305.35,4316.97
2021-10-01,4316.46,4376.55,4271.16,4358.46
2021-10-04,4368.86,4369.37,4278.85,4304.26
2021-10-05,4304.25,4369.5,4280.25,4338.16
2021-10-06,4338.17,4381.36,4283.95,4375.55
2021-10-07,4375.46,4431.26,4372.8,4409.75
2021-10-08,4409.45,4417.26,4386.15,4389.56
2021-10-11,4368.2,4417.4,4351.55,4357.55
2021-10-12,4357.57,4375.06,4327.05,4338.06
2021-10-13,4338.05,4375.16,4329.16,4372.76
2021-10-14,4372.45,4447.46,4372.2,4445.7
2021-10-15,4445.45,4476.75,4435.75,4472.55
2021-10-18,4462,4489.55,4445.85,4487.17
2021-10-19,4487.17,4526.66,4482.1,4525.37
2021-10-20,4525.17,4541.55,4513.85,4530.05
2021-10-21,4530.06,4552.26,4519.8,4539.17
2021-10-22,4539.36,4560.56,4524.5,4543.36
2021-10-25,4534.36,4576.45,4534.3,4575.66
2021-10-26,4575.67,4598.87,4569.56,4578.06
2021-10-27,4578,4585.16,4552.45,4562.26
2021-10-28,4562.56,4598,4554,4582.95
2021-10-29,4583.25,4608.66,4567.7,4607.6
2021-11-01,4618.15,4627.16,4594.4,4611.55
2021-11-02,4611.55,4635.56,4601.8,4628.15
2021-11-03,4628.16,4668.66,4621.75,4667.65
2021-11-04,4667.35,4685.67,4659.1,4685.16
2021-11-05,4684.96,4719.57,4675.6,4692.26
2021-11-08,4692.15,4714.47,4684.16,4696.56
2021-11-09,4696.56,4708.35,4671.16,4678.6
2021-11-10,4678.85,4687.15,4631.6,4648.25
2021-11-11,4648.2,4667.75,4647.2,4657.36
2021-11-12,4657.35,4689.46,4650.35,4687.77
2021-11-15,4691.05,4703.36,4672.9,4685.56
2021-11-16,4685.5,4714.96,4676.8,4704.56
2021-11-17,4704.3,4706.37,4684.75,4692.76
2021-11-18,4692.56,4711.45,4672.15,4709.26
2021-11-19,4708.95,4727.76,4688.75,4699.46
2021-11-22,4701.05,4744.26,4677.7,4688.46
2021-11-23,4688.45,4698.86,4653.35,4685.95
2021-11-24,4686,4706.96,4659.8,4705.76
2021-11-25,4705.45,4720.77,4689.95,4691.76
2021-11-26,4691.46,4691.76,4584.05,4584.06
2021-11-29,4628.96,4673.76,4623.85,4666.6
2021-11-30,4666.66,4671.16,4560.25,4587.57
2021-12-01,4587.55,4653.76,4501.15,4529.5
2021-12-02,4529.55,4595.66,4508,4563.95
2021-12-03,4563.75,4608.46,4494.4,4533.25
2021-12-06,4559.1,4613.36,4533.5,4595.66
2021-12-07,4595.67,4698.67,4589.45,4691.66
2021-12-08,4691.4,4713.96,4674.65,4698.37
2021-12-09,4698.25,4707.85,4664.16,4674.35
2021-12-10,4674.45,4714.25,4666.3,4712.8
2021-12-13,4721.1,4732.65,4665.2,4673.87
2021-12-14,4673.5,4685.57,4605.6,4636.4
2021-12-15,4636.45,4721.25,4611.6,4717.26
2021-12-16,4716.96,4752.46,4651.1,4667.26
2021-12-17,4667.26,4677.06,4599.15,4626.95
2021-12-20,4594.85,4602.7,4530.65,4588.96
2021-12-21,4589.26,4652.96,4576.25,4648.25
2021-12-22,4648.26,4703.45,4632.7,4701.46
2021-12-23,4700.96,4741.16,4695.25,4725.75
2021-12-27,4732.46,4792.77,4723.2,4787.05
2021-12-28,4787.05,4806.47,4779.1,4794.75
2021-12-29,4794.56,4804.57,4778.6,4789.06
2021-12-30,4789.16,4808.17,4776.3,4782.1
2021-12-31,4782.15,4787.3,4759.96,4773.05
2022-01-03,4783.86,4800.05,4756.4,4792.35
2022-01-04,4792.3,4817.45,4774.1,4787.47
2022-01-05,4787.46,4797.66,4691.35,4707.45
2022-01-06,4707.25,4725.86,4671.6,4708.46
2022-01-07,4708.47,4714.96,4663.2,4677.45
2022-01-10,4667.2,4690.96,4581.15,4674.27
2022-01-11,4674.25,4716.96,4636.8,4713.46
2022-01-12,4713.17,4748.87,4704.4,4726.77
2022-01-13,4726.7,4745,4651.4,4664.76
2022-01-14,4664.56,4675.86,4614.96,4668.35
2022-01-17,4665.3,4675.07,4647.85,4665.86
2022-01-18,4665.85,4670.86,4568.85,4577.15
2022-01-19,4577.26,4611.65,4523.25,4524.25
2022-01-20,4523.96,4602.37,4456.25,4470.45
2022-01-21,4470.65,4494.86,4390.7,4393.96
2022-01-24,4422.7,4435.75,4221.15,4409.96
2022-01-25,4410.06,4412.56,4284.6,4367.3
2022-01-26,4367.35,4455.06,4303.26,4374.96
2022-01-27,4374.96,4430.3,4272.45,4343.96
2022-01-28,4343.45,4434.76,4274.46,4421.96
2022-01-31,4421.25,4517.35,4404.4,4502.95
2022-02-01,4502.96,4562.46,4483.8,4561.46
2022-02-02,4561.3,4595.16,4539.45,4540.36
2022-02-03,4540.26,4553.26,4471.35,4527.36
2022-02-04,4527.45,4541.47,4447.6,4496.15
2022-02-07,4507.75,4523.56,4472.05,4495.76
2022-02-08,4495.65,4535.16,4465.76,4533.15
2022-02-09,4533.17,4591,4525.95,4586.95
2022-02-10,4587.07,4590.77,4484.45,4492.76
2022-02-11,4492.06,4528.17,4400.7,4420.46
2022-02-14,4424.36,4434.86,4361.3,4410.75
2022-02-15,4410.75,4475.45,4389.4,4458.76
2022-02-16,4458.45,4490.36,4429.76,4467.16
2022-02-17,4467.06,4473.66,4372.9,4383.67
2022-02-18,4383.47,4416.46,4326.76,4355.65
2022-02-21,4328.05,4396.81,4255.8,4277.66
2022-02-22,4277.66,4364.25,4265.85,4329.25
2022-02-23,4329.27,4350.36,4214.4,4223.6
2022-02-24,4223.47,4295.85,4107.2,4266.4
2022-02-25,4266.4,4388.57,4233.07,4384.56
2022-02-28,4289.76,4390.16,4264.06,4382.35
2022-03-01,4382.37,4403.36,4279.46,4321.56
2022-03-02,4321.56,4402.85,4282.8,4378.36
2022-03-03,4378.3,4421.96,4344.36,4375.17
2022-03-04,4375.17,4377.77,4285,4323.95
2022-03-07,4272.86,4328.66,4184.45,4188.9
2022-03-08,4188.95,4277.67,4141.77,4171.75
2022-03-09,4171.67,4300.37,4167.16,4278.47
2022-03-10,4278.45,4283.96,4209.8,4267.25
2022-03-11,4267.25,4338.37,4199.85,4207.56
2022-03-14,4233.16,4254.36,4161.4,4182.26
2022-03-15,4182.15,4271.27,4138.75,4256.85
2022-03-16,4256.37,4368.35,4247.8,4365.9
2022-03-17,4365.55,4416.2,4329.5,4389.26
2022-03-18,4389.25,4468.36,4374.25,4466.56
2022-03-21,4461.96,4482.56,4424.75,4454.06
2022-03-22,4453.77,4522.96,4441.7,4518.37
2022-03-23,4517.86,4522.36,4453.05,4460.2
2022-03-24,4460.4,4525.8,4453.7,4518.86
2022-03-25,4519.35,4546.76,4501.2,4543.16
2022-03-28,4534.15,4579.66,4517.55,4575.4
2022-03-29,4575.96,4637.37,4572.95,4628.15
2022-03-30,4627.95,4633.97,4580.45,4604.5
2022-03-31,4604.85,4620.07,4532.2,4548.35
2022-04-01,4548.45,4561.37,4507.25,4538.06
2022-04-04,4537.06,4586.17,4533.86,4579.35
2022-04-05,4579.5,4594.26,4513.95,4529.05
2022-04-06,4528.86,4534.07,4449.8,4466.76
2022-04-07,4466.46,4522.56,4450.76,4507.66
2022-04-08,4507.66,4526.15,4475.05,4490.45
2022-04-11,4481.25,4487.65,4409.3,4412.16
2022-04-12,4411.6,4472.26,4381.2,4411.45
2022-04-13,4411.26,4454.67,4389.4,4443.96
2022-04-14,4443.97,4460.97,4390.3,4390.76
2022-04-18,4362.76,4416.27,4360.96,4415.95
2022-04-19,4415.96,4472.16,4377.2,4448.76
2022-04-20,4448.65,4489.36,4438.45,4476.46
2022-04-21,4475.97,4514.15,4381.05,4382.57
2022-04-22,4382.57,4397.76,4257.3,4260.17
2022-04-25,4263.35,4301.06,4199.9,4295.26
2022-04-26,4295.06,4308.25,4151.26,4179.27
2022-04-27,4179.36,4242.17,4162.85,4218.86
2022-04-28,4218.55,4309.27,4188.4,4251.27
2022-04-29,4251.26,4285.26,4124.4,4146.77
2022-05-02,4137.5,4170.8,4062.1,4154.56
2022-05-03,4154.07,4201.36,4135.15,4181.96
2022-05-04,4181.76,4308.65,4148.65,4293
2022-05-05,4293.05,4306.07,4105.65,4153.36
2022-05-06,4153.36,4158.67,4067.75,4110.96
2022-05-09,4085.66,4098.66,3975.5,4004.96
2022-05-10,4004.6,4070.87,3957.85,3996.56
2022-05-11,3996.57,4055.26,3929.15,3946.96
2022-05-12,3946.95,3965.66,3859.3,3946.46
2022-05-13,3946.16,4040.16,3942.2,4015.96
2022-05-16,4039.56,4047.26,3983.6,4011.96
2022-05-17,4011.9,4097.97,4007.1,4088.45
2022-05-18,4088.46,4091.96,3901.3,3901.65
2022-05-19,3901.17,3946.66,3859.55,3911.35
2022-05-20,3911.37,3952.65,3810.7,3900.36
2022-05-23,3938.25,3984.95,3909.35,3950.15
2022-05-24,3949.65,3966.06,3874.25,3961.3
2022-05-25,3961,3999.56,3916.2,3971.67
2022-05-26,3971.1,4075.05,3962.6,4058.26
2022-05-27,4057.97,4164.26,4042.85,4162.7
2022-05-30,4169.75,4204.47,4163.7,4179.96
2022-05-31,4179.95,4181.46,4105.15,4149.9
2022-06-01,4149.96,4166.67,4073.6,4088.65
2022-06-02,4088.66,4190.57,4073.5,4183.56
2022-06-03,4183.26,4185.77,4098.45,4114.55
2022-06-06,4110.25,4169.65,4106.2,4122.76
2022-06-07,4122.96,4165.45,4077.5,4148.2
2022-06-08,4147.95,4160.85,4106.85,4119.5
2022-06-09,4119.66,4144.76,4016.65,4023.66
2022-06-10,4023.66,4031.15,3897.7,3910.26
2022-06-13,3864.26,3865.46,3735.45,3761.96
2022-06-14,3761.45,3806.45,3707.55,3758.86
2022-06-15,3758.56,3839.55,3720.85,3817.66
2022-06-16,3817.36,3829.8,3639,3674.56
2022-06-17,3674.45,3710.16,3636.05,3676.45
2022-06-20,3702.35,3721.56,3659.1,3713.95
2022-06-21,3713.65,3780.55,3709.6,3761.66
2022-06-22,3761.67,3802.46,3690.4,3741.97
2022-06-23,3741.65,3803.06,3732.6,3782.45
2022-06-24,3782.55,3916.57,3779.4,3905.85
2022-06-27,3896.55,3945.06,3889.2,3906.36
2022-06-28,3906.35,3946.57,3818.5,3825.86
2022-06-29,3825.85,3836.17,3797.55,3813.95
2022-06-30,3813.67,3820.4,3737.8,3788.05
2022-07-01,3788.05,3831.05,3742.5,3823.17
2022-07-04,3809.35,3855.3,3790.85,3845.45
2022-07-05,3845.55,3849.06,3742.4,3822.76
2022-07-06,3822.75,3872.16,3806.2,3848.86
2022-07-07,3849.07,3911.16,3829.85,3894.06
2022-07-08,3894.26,3918.97,3865.25,3902.75
2022-07-11,3893.66,3894.17,3847.8,3861.2
2022-07-12,3861.46,3874.15,3801.87,3819.35
2022-07-13,3819.17,3868.76,3749.15,3775.45
2022-07-14,3775.17,3809.36,3720.3,3808.65
2022-07-15,3808.36,3863.87,3778.1,3861.15
2022-07-18,3871.65,3906.46,3818.06,3841.76
2022-07-19,3842.05,3944.57,3832.06,3940.56
2022-07-20,3940.46,3974.27,3919.3,3953.95
2022-07-21,3953.46,4001.96,3927.6,3981.4
2022-07-22,3981.2,4013.35,3938.8,3959.75
2022-07-25,3954.45,3985.96,3943.65,3953.76
2022-07-26,3953.55,3962.07,3910.7,3951.36
2022-07-27,3951.4,4040.65,3944.85,4016.56
2022-07-28,4016.57,4099.26,3991.9,4093.46
2022-07-29,4093.25,4141.46,4078.66,4129.95
2022-08-01,4114.76,4145.76,4095.1,4112.36
2022-08-02,4112.35,4141.07,4079.26,4092.16
2022-08-03,4091.65,4168.46,4082.9,4148.45
2022-08-04,4148.25,4171.46,4135.15,4152.26
2022-08-05,4152.2,4164.75,4102.2,4140.66
2022-08-08,4132.77,4187.26,4128.66,4151.56
2022-08-09,4151.37,4153.36,4111.77,4127.85
2022-08-10,4127.66,4211.57,4112.65,4210.16
2022-08-11,4210.16,4258.06,4200.9,4212.27
2022-08-12,4212.26,4280.16,4206,4276.27
2022-08-15,4266.45,4301.36,4246.6,4292.46
2022-08-16,4292.16,4326.16,4276.3,4305.57
2022-08-17,4305.25,4313.05,4253,4266.76
2022-08-18,4266.45,4292.67,4255.4,4283.76
2022-08-19,4283.46,4285.26,4218.66,4228.76
2022-08-22,4207.15,4218.87,4129.55,4150.1
2022-08-23,4150.15,4159.56,4115.8,4127.66
2022-08-24,4127.6,4157.07,4109.35,4144.17
2022-08-25,4144.36,4201.95,4141.86,4195.36
2022-08-26,4195.35,4216.15,4053,4057.56
2022-08-29,4012.55,4063.65,4006.35,4040.96
2022-08-30,4040.96,4072.16,3964.7,3987.06
2022-08-31,3986.86,4017.36,3928.7,3935.26
2022-09-01,3935.26,3973.96,3902.66,3969.16
2022-09-02,3968.95,4019.05,3906,3929.47
2022-09-05,3932.4,3945.96,3918.6,3938.96
2022-09-06,3938.76,3962.26,3886.3,3906.06
2022-09-07,3905.75,3988.67,3883.7,3976.86
2022-09-08,3976.65,4012.07,3942.25,4009.85
2022-09-09,4009.56,4077.27,4009,4064.8
2022-09-12,4077.35,4120.55,4062.85,4115.55
2022-09-13,4115.55,4155.65,3920.45,3939.65
2022-09-14,3939.46,3962.77,3910.7,3952.36
2022-09-15,3951.87,3958.76,3870.4,3876.95
2022-09-16,3876.95,3882.27,3836.35,3877.76
2022-09-19,3876.65,3915.06,3829.5,3915.06
2022-09-20,3914.85,3920.07,3827.2,3859.36
2022-09-21,3858.87,3908.26,3764.5,3765.85
2022-09-22,3765.56,3817.36,3749.2,3764.86
2022-09-23,3764.8,3769.15,3646.75,3694.55
2022-09-26,3687.36,3716.46,3643.95,3665.65
2022-09-27,3665.85,3718.07,3622.25,3649.16
2022-09-28,3649.17,3737.56,3600.45,3713.96
2022-09-29,3713.95,3721.97,3609.7,3656.07
2022-09-30,3655.76,3680.85,3583.8,3600.08
2022-10-03,3574.05,3699.05,3560.67,3690.26
2022-10-04,3690.44,3795.93,3687.99,3783.26
2022-10-05,3783,3807.52,3722.74,3798.04
2022-10-06,3798.28,3806.11,3730.01,3733.74
2022-10-07,3733.48,3751.34,3620.94,3637.58
2022-10-10,3622.67,3656.2,3588.62,3620.05
2022-10-11,3619.99,3641.41,3568.21,3593.44
2022-10-12,3593.25,3623.84,3574.43,3586.53
2022-10-13,3586.04,3685.51,3490.23,3667.61
2022-10-14,3667.13,3721.74,3580.65,3589.59
2022-10-17,3603.96,3711.03,3595.76,3708.32
2022-10-18,3708.08,3765.56,3692.1,3751.76
2022-10-19,3751.52,3762.48,3666.46,3686.01
2022-10-20,3685.88,3737.14,3646.69,3651.95
2022-10-21,3652.34,3758.46,3632.22,3754.64
2022-10-24,3776.48,3811.39,3726.26,3799.2
2022-10-25,3799.32,3863.46,3780.06,3822.28
2022-10-26,3822.55,3886.65,3813.81,3849.68
2022-10-27,3849.45,3860.74,3767.01,3785.53
2022-10-28,3785.85,3906.03,3767.26,3906.02
2022-10-31,3896.13,3900.69,3862.24,3878.52
2022-11-01,3878.76,3917.77,3843.11,3855.73
2022-11-02,3856.12,3896.46,3747.38,3750.58
2022-11-03,3750.26,3773.65,3696.79,3713.15
2022-11-04,3713.39,3797.65,3708.13,3766.94
2022-11-07,3744.01,3814.12,3743.39,3808.86
2022-11-08,3808.62,3859.95,3786.27,3834.86
2022-11-09,3834.37,3841.08,3744.22,3751.36
2022-11-10,3751.25,3967.46,3749.08,3964.97
2022-11-11,3965.33,4002.03,3944.57,3993.42
2022-11-14,3984.27,4009.36,3956.38,3965.85
2022-11-15,3965.99,4042.83,3952.81,3987.71
2022-11-16,3987.52,4007.62,3954.32,3968.18
2022-11-17,3968.05,3981.82,3904.28,3946.15
2022-11-18,3946.65,3989,3935.59,3962.87
2022-11-21,3962.89,3964.14,3932.66,3952.15
2022-11-22,3952.27,4005.64,3938.16,4004.74
2022-11-23,4005,4036.1,3995.88,4035.84
2022-11-24,4035.96,4044.1,4032.28,4038.83
2022-11-25,4039.09,4040.6,4019.83,4028.08
2022-11-28,4010.95,4013.34,3956.01,3966.67
2022-11-29,3966.43,3985.4,3937.51,3953.12
2022-11-30,3953.37,4090.63,3938.18,4085.66
2022-12-01,4085.28,4100.2,4050.41,4073.41
2022-12-02,4073.14,4081.33,4002.95,4066.75
2022-12-05,4067.96,4070.41,3984.44,4004.7
2022-12-06,4005.08,4011.25,3918.78,3944.56
2022-12-07,3944.8,3958.24,3911.91,3934.51
2022-12-08,3934.38,3974.89,3912.99,3960.76
2022-12-09,3960.2,3988.04,3929.01,3935.41
2022-12-12,3926.42,3990.93,3923.75,3988.07
2022-12-13,3988.3,4137.58,3982.7,4020.27
2022-12-14,4020.03,4054.43,3963.71,4003.22
2022-12-15,4002.97,4008.14,3879.06,3896.1
2022-12-16,3896.34,3904.22,3827.61,3845.07
2022-12-19,3853.59,3871.85,3799.35,3823.22
2022-12-20,3822.96,3838.82,3776.46,3834.55
2022-12-21,3834.81,3890.44,3828.89,3883.67
2022-12-22,3883.42,3891.72,3764.14,3822.91
2022-12-23,3822.6,3847.28,3796.02,3843.83
2022-12-26,3853.65,3869.96,3853.38,3868.39
2022-12-27,3868.53,3875.28,3812.21,3830.49
2022-12-28,3831.86,3850.26,3780.4,3787.62
2022-12-29,3787.86,3858.82,3781.83,3842.54
2022-12-30,3842.67,3846.43,3798.3,3845.68
2023-01-02,3874.5,3877.64,3846.63,3849.14
2023-01-03,3848.88,3884.39,3793.37,3823.2
2023-01-04,3823.08,3874,3814.77,3850.61
2023-01-05,3850.74,3863.32,3802.47,3814.48
2023-01-06,3814.36,3906.6,3798.7,3891.98
2023-01-09,3901.65,3951.12,3887.73,3889.96
2023-01-10,3890.34,3922.36,3870.41,3921.29
2023-01-11,3921.03,3970.67,3913.52,3966.79
2023-01-12,3966.97,4000.53,3934.65,3984.57
2023-01-13,3984.75,4004.45,3942.61,3996.29
2023-01-16,3995.49,4009.31,3977.89,3994.15
2023-01-17,3994.39,4016.14,3978.76,3982.24
2023-01-18,3982.06,4015.2,3925.56,3928.8
2023-01-19,3928.92,3929.3,3885.55,3901.04
2023-01-20,3901.3,3973.38,3895.16,3969.48
2023-01-23,3968.07,4040.13,3963.64,4015.89
2023-01-24,4015.65,4031.11,3989.14,4002.06
2023-01-25,4002.31,4023.73,3948.76,4021.73
2023-01-26,4022,4062.15,4013.45,4047.97
2023-01-27,4047.85,4094.58,4042.71,4070.15
2023-01-30,4065.07,4069.13,4015.76,4029.6
2023-01-31,4029.35,4077.33,3993.99,4067.38
2023-02-01,4067.11,4149.61,4036.33,4136.54
2023-02-02,4136.3,4195.84,4123.46,4152.85
2023-02-03,4153.11,4182.81,4121,4133.83
2023-02-06,4128.54,4129.66,4092.79,4118.44
2023-02-07,4118.2,4177.08,4087.75,4156.9
2023-02-08,4157.14,4168.58,4111.54,4122.85
2023-02-09,4123.1,4159.74,4069.66,4084.26
2023-02-10,4084.65,4094.55,4051.17,4089.09
2023-02-13,4079.79,4140.79,4069.28,4137.76
2023-02-14,4137.95,4176.2,4094.63,4128.77
2023-02-15,4128.46,4151.12,4103.32,4147.95
2023-02-16,4148.25,4157.95,4076.75,4078.9
2023-02-17,4079.14,4084.35,4047.76,4077.79
2023-02-20,4070.99,4080.99,4064.93,4068.74
2023-02-21,4068.98,4068.98,3995.08,4002.81
2023-02-22,4002.55,4017.89,3976.98,4002.67
2023-02-23,4002.91,4028.19,3969.22,4006.26
2023-02-24,4006.09,4017,3942.86,3969.43
2023-02-27,3973.95,4019.18,3969.68,3985.98
2023-02-28,3986.28,3998.32,3956.62,3958.38
2023-03-01,3958.63,3985.85,3938.92,3955.19
2023-03-02,3954.93,3991.44,3920.38,3975.1
2023-03-03,3974.84,4048.87,3970.1,4047.25
2023-03-06,4040.68,4078.84,4039.18,4051.31
2023-03-07,4051.18,4061.3,3980.38,3988.72
2023-03-08,3988.96,4001.11,3969.52,3991.73
2023-03-09,3991.61,4017.67,3904.41,3910.22
2023-03-10,3909.74,3940.27,3846.22,3860.58
2023-03-13,3906.74,3938.89,3809.97,3860.76
2023-03-14,3861.26,3938.06,3855.57,3918.38
2023-03-15,3918.55,3930.17,3831.39,3889.38
2023-03-16,3889.08,3964.73,3862.61,3960.4
2023-03-17,3960.53,3976.15,3901.35,3918.48
2023-03-20,3940.19,3956.94,3866.13,3952.35
2023-03-21,3952.47,4010.25,3949.78,4004.65
2023-03-22,4004.41,4040.66,3934.53,3942.57
2023-03-23,3942.08,4006.49,3917.75,3953.77
2023-03-24,3953.71,3975.17,3906.01,3974.54
2023-03-27,3994.82,4004.4,3968.33,3984.63
2023-03-28,3984.38,3993.04,3951.73,3980.94
2023-03-29,3980.7,4031.19,3980.46,4023
2023-03-30,4023.5,4058.03,4021.82,4056.98
2023-03-31,4056.79,4111.17,4048.99,4109.58
2023-04-03,4101.15,4128.62,4092.78,4120.31
2023-04-04,4120.5,4141.64,4086.88,4105.02
2023-04-05,4104.76,4106.74,4072.06,4085.79
2023-04-06,4085.54,4107.57,4069.67,4100.69
2023-04-07,4100.45,4119.01,4094.13,4114.52
2023-04-10,4107.45,4114.9,4071.39,4114.66
2023-04-11,4114.42,4124.51,4102.34,4112.49
2023-04-12,4112.22,4150.82,4083.6,4084.61
2023-04-13,4084.84,4150.58,4084.35,4143.93
2023-04-14,4144.3,4162.94,4112.94,4140.93
2023-04-17,4146.25,4155.1,4123.33,4151.23
2023-04-18,4150.99,4173.46,4140.14,4151.48
2023-04-19,4151.24,4163.36,4126.86,4141.96
2023-04-20,4142.15,4149.24,4114.72,4128.96
2023-04-21,4128.76,4138.71,4113.65,4132.8
2023-04-24,4128.25,4142.25,4111.49,4134.4
2023-04-25,4134.28,4136.63,4071.24,4090.4
2023-04-26,4090.16,4094.57,4049.38,4065.74
2023-04-27,4065.61,4147.23,4061.48,4129.5
2023-04-28,4129.76,4174.83,4113.21,4172.82
2023-05-01,4163.77,4187.62,4158.94,4161.03
2023-05-02,4160.77,4173.65,4089.31,4121.58
2023-05-03,4121.83,4149.37,4061.49,4077.54
2023-05-04,4077.28,4101.55,4048.48,4072.4
2023-05-05,4072.72,4147.53,4067.95,4135.18
2023-05-08,4130.88,4145.64,4123.24,4135.58
2023-05-09,4135.34,4138.26,4116.84,4123.61
2023-05-10,4123.37,4158.47,4098.95,4142.24
2023-05-11,4142.44,4153.64,4108.02,4132.06
2023-05-12,4131.8,4150.85,4099.12,4120.75
2023-05-15,4118.83,4143.33,4110.03,4133.41
2023-05-16,4133.17,4138.2,4107.61,4116.16
2023-05-17,4116.47,4165.32,4109.02,4155.95
2023-05-18,4155.7,4212.43,4147.37,4204.74
2023-05-19,4204.98,4214.54,4179.94,4188.43
2023-05-22,4187.65,4209.14,4178.63,4204.55
2023-05-23,4204.41,4210.37,4142.27,4152.8
2023-05-24,4152.56,4154.5,4103.91,4134
2023-05-25,4134.39,4166.65,4125.07,4144.11
2023-05-26,4144.35,4213.21,4137.66,4211.23
2023-05-29,4222.23,4226.24,4212.23,4213.93
2023-05-30,4213.73,4234.75,4192.35,4207.64
2023-05-31,4207.9,4208.4,4166.21,4187.36
2023-06-01,4187.12,4232.67,4170.95,4222.96
2023-06-02,4222.71,4291.05,4221.77,4282.14
2023-06-05,4279.54,4299.44,4266.93,4269.57
2023-06-06,4270.06,4288.65,4262.83,4287.71
2023-06-07,4287.47,4299.55,4264.09,4268.48
2023-06-08,4268.23,4298.64,4257.25,4290.78
2023-06-09,4291.15,4322.79,4280.49,4303.89
2023-06-12,4307.33,4345.13,4304.45,4340.99
2023-06-13,4341.22,4375.95,4335.19,4368.98
2023-06-14,4368.74,4392.01,4336.92,4373
2023-06-15,4373.24,4439.83,4346.64,4420.01
2023-06-16,4419.71,4447.51,4406.83,4414.88
2023-06-19,4412.88,4416.64,4398.95,4402.39
2023-06-20,4402.14,4404.08,4367.71,4391.52
2023-06-21,4391.28,4394.03,4360.2,4366.74
2023-06-22,4366.5,4384.36,4349.67,4382.1
2023-06-23,4382.04,4382.17,4341.18,4346.99
2023-06-26,4357.39,4362.65,4328.58,4339.2
2023-06-27,4338.94,4384.56,4331.6,4371.06
2023-06-28,4371.25,4390.76,4360.13,4386.07
2023-06-29,4386.32,4400.02,4370.05,4398.7
2023-06-30,4398.82,4459.18,4394.69,4444.7
2023-07-03,4452.07,4457.27,4442.39,4454.33
2023-07-04,4453.02,4453.9,4451.14,4452.4
2023-07-05,4452.64,4455.9,4429.58,4443.68
2023-07-06,4443.92,4444.01,4385.2,4409.92
2023-07-07,4409.6,4440.69,4396.43,4403.88
2023-07-10,4403.33,4413.45,4377.89,4411.21
2023-07-11,4411.22,4444.05,4404.85,4438.04
2023-07-12,4437.86,4488.98,4435.96,4477.7
2023-07-13,4477.88,4517.89,4476.96,4507.17
2023-07-14,4506.86,4528.08,4499.16,4504.12
2023-07-17,4498.25,4533.5,4497.38,4516.74
2023-07-18,4516.99,4562.82,4513.81,4554.29
2023-07-19,4554.03,4578.88,4550.08,4553.89
2023-07-20,4554.14,4563.93,4527.83,4536.1
2023-07-21,4535.85,4560.73,4532.68,4535.5
2023-07-24,4532.69,4564.04,4531.68,4556.44
2023-07-25,4556.2,4581.01,4550.99,4567.21
2023-07-26,4567.45,4583.36,4547.32,4569.81
2023-07-27,4569.57,4607.47,4528.67,4540.4
2023-07-28,4540.63,4590.61,4532.63,4581.18
2023-07-31,4586.94,4594.4,4570.38,4590.85
2023-08-01,4590.61,4597.18,4548.78,4562.86
2023-08-02,4563.17,4569.96,4505.53,4521.34
2023-08-03,4521.24,4525.17,4485.71,4510.3
2023-08-04,4510.79,4540.79,4474.79,4482.68
2023-08-07,4488.63,4521.61,4486.14,4519.38
2023-08-08,4519.51,4520.43,4464.49,4497.55
2023-08-09,4497.48,4517.57,4461,4478.7
2023-08-10,4478.8,4526.89,4457.8,4475.01
2023-08-11,4474.69,4479.76,4443.14,4469.78
2023-08-14,4473.32,4498,4448.95,4494.66
2023-08-15,4494.53,4501.44,4432.73,4440.34
2023-08-16,4440.57,4451.71,4402.03,4403.02
2023-08-17,4402.72,4421.14,4361.61,4367.46
2023-08-18,4367.19,4382.62,4336.79,4371.14
2023-08-21,4372.83,4408.26,4360.27,4393.47
2023-08-22,4393.7,4427.75,4383.07,4389.35
2023-08-23,4389.15,4461.08,4388.58,4458.13
2023-08-24,4457.89,4474.1,4370.95,4378.02
2023-08-25,4377.72,4419.27,4356.14,4406.93
2023-08-28,4413.44,4440.8,4406.19,4434.26
2023-08-29,4434.52,4502.58,4424.93,4500.11
2023-08-30,4499.81,4522.46,4487.82,4515.32
2023-08-31,4515.5,4532.99,4506.05,4511.32
2023-09-01,4511.56,4540.91,4501.48,4515.48
2023-09-04,4513.88,4526.4,4510.63,4515.13
2023-09-05,4515.4,4515.9,4493.35,4495.74
2023-09-06,4496.01,4498.12,4441.97,4464.72
2023-09-07,4464.42,4465.99,4429.77,4453.04
2023-09-08,4453.29,4474.03,4439.59,4461.95
2023-09-11,4463.25,4491.39,4457.38,4483.57
2023-09-12,4483.27,4487.95,4456.8,4463.6
2023-09-13,4463.87,4479.93,4445.12,4471.93
2023-09-14,4471.92,4511.98,4470.88,4508.25
2023-09-15,4508.03,4516.92,4447.02,4454.45
2023-09-18,4459.54,4466.55,4440.39,4456.51
2023-09-19,4456.32,4462.45,4416.66,4445.97
2023-09-20,4445.71,4461.71,4395.45,4395.83
2023-09-21,4395.59,4399.8,4326.75,4327.98
2023-09-22,4328.1,4357.84,4316.44,4324.24
2023-09-25,4326.19,4340.89,4298.88,4337.29
2023-09-26,4337.41,4337.55,4266.02,4281.4
2023-09-27,4281.63,4296.53,4238.73,4281.84
2023-09-28,4282.11,4318.13,4263.6,4301.67
2023-09-29,4301.9,4334.08,4274.63,4292.44
2023-10-02,4308.76,4320.4,4259.88,4289.31
2023-10-03,4289.08,4299.77,4216.32,4230.56
2023-10-04,4230.33,4269.16,4201.55,4256.52
2023-10-05,4256.28,4267.96,4226.08,4253.1
2023-10-06,4253.35,4324.89,4210.43,4312.69
2023-10-09,4280.15,4342.37,4267.51,4336.06
2023-10-10,4336.31,4386.1,4333.23,4359.65
2023-10-11,4359.55,4386.85,4345.35,4386.6
2023-10-12,4386.37,4398.45,4325.45,4352.29
2023-10-13,4352.55,4377.64,4311.94,4322.55
2023-10-16,4339.49,4384.04,4326.23,4372.72
2023-10-17,4372.89,4394,4337.42,4363.37
2023-10-18,4363.12,4370.86,4304.02,4316.43
2023-10-19,4316.69,4340.56,4265.61,4270.26
2023-10-20,4269.95,4279.42,4220.63,4220.68
2023-10-23,4236.33,4256.38,4189.43,4230.26
2023-10-24,4230.07,4266.96,4218.56,4245.05
2023-10-25,4244.79,4245.29,4164.89,4169.87
2023-10-26,4169.62,4183.86,4127.89,4160.21
2023-10-27,4159.94,4165.26,4103.75,4118.25
2023-10-30,4131.39,4177.68,4130.51,4162.42
2023-10-31,4162.66,4195.73,4148.12,4183.16
2023-11-01,4182.92,4248.33,4172.75,4247.85
2023-11-02,4247.6,4320,4243.28,4310.64
2023-11-03,4310.91,4373.92,4309.1,4362.18
2023-11-06,4360.13,4372.65,4347.4,4359.56
2023-11-07,4359.75,4386.48,4349.69,4378.41
2023-11-08,4378.3,4391.21,4359.45,4376.25
2023-11-09,4376.13,4397.4,4342.42,4345.17
2023-11-10,4344.92,4420.27,4339.55,4416.52
2023-11-13,4405.91,4422.49,4392.78,4412.55
2023-11-14,4412.45,4509.25,4410.17,4500.98
2023-11-15,4501.23,4525,4495.29,4500.31
2023-11-16,4500.38,4513.65,4487.82,4509.96
2023-11-17,4510.09,4525.6,4499.7,4511.7
2023-11-20,4510.88,4557.62,4506.33,4550.68
2023-11-21,4550.44,4553.56,4525.96,4533.27
2023-11-22,4532.96,4569.63,4532.96,4553.26
2023-11-23,4553.14,4562.9,4551.78,4561.13
2023-11-24,4560.95,4564.55,4553.13,4555.93
2023-11-27,4551.95,4560.87,4542.43,4554.65
2023-11-28,4554.4,4568.43,4538.4,4554.96
2023-11-29,4555.21,4588.26,4547.3,4552.91
2023-11-30,4552.65,4571.07,4536.93,4564.52
2023-12-01,4564.4,4599.81,4554.92,4594.84
2023-12-04,4590.28,4590.29,4546.95,4562.66
2023-12-05,4562.91,4579.04,4549.2,4571.48
2023-12-06,4571.22,4592.44,4546.15,4548.73
2023-12-07,4548.99,4590,4543.39,4579.14
2023-12-08,4579.38,4609.7,4560.83,4602.24
2023-12-11,4606.95,4624.03,4595.98,4622.7
2023-12-12,4622.89,4650.14,4607.94,4650.13
2023-12-13,4649.87,4714.99,4643.09,4714.49
2023-12-14,4714.19,4738.7,4693.68,4718.88
2023-12-15,4718.78,4736.66,4704.63,4718.44
2023-12-18,4720.88,4750.37,4718.13,4738.57
2023-12-19,4738.45,4769.5,4735.66,4765.24
2023-12-20,4765.41,4778.41,4692.6,4708.13
2023-12-21,4708.03,4749.42,4705.66,4744.82
2023-12-22,4744.59,4773.41,4736.28,4751.89
2023-12-25,4752.71,4763.09,4752.33,4761.6
2023-12-26,4761.35,4784.97,4757.35,4777.47
2023-12-27,4777.23,4787.41,4768.15,4785.43
2023-12-28,4785.68,4796.39,4782.04,4788.93
2023-12-29,4788.69,4795.54,4751.53,4767.7
2024-01-01,4771.38,4776.65,4771.25,4775.08
2024-01-02,4774.88,4782.65,4723.2,4745.89
2024-01-03,4746.12,4746.4,4699.89,4708.13
2024-01-04,4707.89,4727.06,4688.04,4694.76
2024-01-05,4694.9,4722.03,4663.73,4698.7
2024-01-08,4700.4,4765.34,4676.88,4758.58
2024-01-09,4758.34,4766.19,4730.79,4754.5
2024-01-10,4754.26,4791.7,4748.78,4786.2
2024-01-11,4785.93,4802.93,4739.15,4776.47
2024-01-12,4776.64,4802.45,4758.49,4779.8
2024-01-15,4776.48,4789.24,4773.25,4774.73
2024-01-16,4774.85,4782.65,4747.14,4767.67
2024-01-17,4767.47,4767.99,4714.82,4738.15
2024-01-18,4737.83,4786.48,4733.13,4784.2
2024-01-19,4783.95,4843.43,4778.62,4841.19
2024-01-22,4844.02,4867.65,4843.08,4850.99
2024-01-23,4851.11,4875.35,4844.85,4874.62
2024-01-24,4874.37,4903.83,4860.22,4871.14
2024-01-25,4871,4899.09,4866.13,4886.22
2024-01-26,4886.47,4907.31,4871.14,4888.19
2024-01-29,4878.13,4929.94,4877.33,4926.48
2024-01-30,4926.18,4931.61,4901.56,4904.5
2024-01-31,4904.82,4913.18,4841.84,4854.33
2024-02-01,4854.59,4933.63,4851.53,4932.04
2024-02-02,4931.55,4975.64,4904.17,4956.93
2024-02-05,4954.58,4957.89,4917.58,4937.46
2024-02-06,4937.28,4958.25,4934.63,4953.08
2024-02-07,4953.33,5000.3,4950.36,4995.52
2024-02-08,4995.28,5001.52,4985.32,4996.9
2024-02-09,4996.64,5030.66,4994.68,5024.94
2024-02-12,5024.75,5048.94,5013.74,5017.5
2024-02-13,5017.74,5022.73,4920.52,4955.2
2024-02-14,4954.94,5004.14,4951.52,5003.38
2024-02-15,5003.65,5035.18,4996.18,5032.45
2024-02-16,5032.13,5043.44,4998.11,5000.69
2024-02-19,5009.88,5014.63,4998.63,5000.58
2024-02-20,5000.75,5002.9,4955,4973.77
2024-02-21,4974.02,5010.49,4945.48,5009.61
2024-02-22,5009.36,5095.09,5008.98,5086.84
2024-02-23,5086.58,5111.35,5080.32,5085.99
2024-02-26,5089.55,5097.11,5065.42,5069.02
2024-02-27,5069.2,5082.17,5057.25,5076.83
2024-02-28,5077.06,5080.48,5053.93,5062.64
2024-02-29,5062.33,5105.4,5052,5088.58
2024-03-01,5088.69,5141.07,5081.22,5132.78
2024-03-04,5133.73,5150.05,5122.36,5123.65
2024-03-05,5123.41,5126.85,5056.68,5081.26
2024-03-06,5081.11,5128.18,5076.94,5104.3
2024-03-07,5104.37,5166.04,5082.25,5155.13
2024-03-08,5154.86,5189.45,5117.85,5129.28
2024-03-11,5125.23,5133.41,5091.5,5132.89
2024-03-12,5132.65,5180.63,5111.73,5176.37
2024-03-13,5176.13,5181.5,5151.28,5172.69
2024-03-14,5172.45,5187.45,5123.54,5148.07
2024-03-15,5147.82,5164.81,5104.94,5119.59
2024-03-18,5121.03,5176.19,5117.29,5146.06
2024-03-19,5145.94,5181.01,5122.89,5174.55
2024-03-20,5174.3,5243.67,5169.19,5241.8
2024-03-21,5241.53,5262.03,5238.05,5248.9
2024-03-22,5249.14,5251.4,5229.81,5230.95
2024-03-25,5234.26,5236.14,5214.13,5224.87
2024-03-26,5224.62,5242.15,5204.72,5218.85
2024-03-27,5219.1,5255.46,5214.45,5244.98
2024-03-28,5244.39,5263.65,5244.14,5249.88
2024-04-01,5275.09,5275.35,5228.13,5235.15
2024-04-02,5234.88,5243.46,5183.99,5206.07
2024-04-03,5205.83,5233.56,5192.83,5227.58
2024-04-04,5227.32,5257.64,5147.58,5152.1
2024-04-05,5151.8,5223.43,5143.49,5200.69
2024-04-08,5209.65,5220.32,5187.28,5205.76
2024-04-09,5206,5224.86,5160.89,5212.91
2024-04-10,5213.14,5233.48,5130.61,5151.3
2024-04-11,5151.53,5212.55,5129.88,5199.59
2024-04-12,5199.84,5203.88,5107.66,5127.45
2024-04-15,5140.5,5170.58,5052.25,5060.94
2024-04-16,5061.18,5081.21,5038.76,5065.49
2024-04-17,5065.59,5079.39,5007.21,5027.93
2024-04-18,5028.18,5057.39,4998.82,5002.25
2024-04-19,5001.8,5019.71,4927.14,4966.2
2024-04-22,4984.15,5039.32,4969.57,5009.72
2024-04-23,5009.91,5083.72,5002.84,5080.25
2024-04-24,5080.01,5092.73,5036.63,5041.38
2024-04-25,5041.63,5101.84,4988.88,5087.49
2024-04-26,5087.42,5114.88,5072.67,5098.68
2024-04-29,5110.58,5122.9,5088.16,5113.62
2024-04-30,5113.36,5114.74,5019.4,5028.39
2024-05-01,5028.64,5095.28,5009.05,5040.13
2024-05-02,5040.25,5091.27,5010.37,5080.47
2024-05-03,5080.61,5139.29,5072.91,5135.04
2024-05-06,5133.33,5181.48,5129.48,5179.24
2024-05-07,5179.49,5200.64,5176.78,5188.12
2024-05-08,5188.38,5192.65,5163.98,5185.95
2024-05-09,5186.2,5221.01,5170.89,5218.9
2024-05-10,5218.6,5240.11,5209.13,5220.31
2024-05-13,5220.87,5240.39,5210.63,5220.57
2024-05-14,5220.8,5250.54,5200,5247.24
2024-05-15,5247.48,5316.64,5242.58,5314.88
2024-05-16,5315.13,5326.23,5293.95,5297.05
2024-05-17,5297.31,5306.14,5283.57,5303.45
2024-05-20,5313.13,5325.87,5301.73,5309.24
2024-05-21,5309.49,5324.8,5300.88,5324.17
2024-05-22,5323.93,5326.75,5285.89,5322.68
2024-05-23,5322.81,5350.3,5256.93,5270.82
2024-05-24,5270.69,5312.62,5269.54,5303.95
2024-05-27,5299.26,5318.13,5295.89,5309.4
2024-05-28,5309.52,5322.15,5280.65,5302.4
2024-05-29,5302.65,5303.41,5248.23,5251.98
2024-05-30,5252.23,5260.64,5222.15,5228.39
2024-05-31,5228.65,5292.44,5191.61,5283.07
2024-06-03,5288.39,5299.4,5233.52,5283.5
2024-06-04,5283.24,5299.62,5248.95,5298.66
2024-06-05,5298.91,5360.74,5293.67,5357.79
2024-06-06,5357.53,5362.17,5334.81,5354.38
2024-06-07,5354.52,5376.04,5319.38,5342.58
2024-06-10,5343.8,5366.54,5328.79,5357.35
2024-06-11,5357.1,5379.16,5326.72,5376.71
2024-06-12,5376.45,5447.72,5373.25,5429.27
2024-06-13,5429.13,5446.35,5402.68,5433.14
2024-06-14,5432.88,5438.53,5393.53,5429.94
2024-06-17,5432.64,5489.34,5420.88,5480.04
2024-06-18,5479.79,5494.94,5470.27,5492.77
2024-06-19,5492.53,5495.13,5488.06,5491.38
2024-06-20,5491.64,5516.74,5456.16,5478.34
2024-06-21,5478.09,5482.69,5451.56,5470.43
2024-06-24,5468.95,5491.07,5443.09,5452.56
2024-06-25,5452.43,5474.17,5445.72,5468.84
2024-06-26,5469.08,5486.69,5451.61,5460.5
2024-06-27,5460.5,5494.35,5451.57,5494.1
2024-06-28,5494.33,5524.37,5450.86,5470.88
2024-07-01,5468.5,5480.65,5445.68,5469.54
2024-07-02,5469.79,5511.1,5444.7,5503.73
2024-07-03,5503.92,5539.13,5501.8,5534.53
2024-07-04,5534.79,5540.4,5528.88,5532.28
2024-07-05,5532.66,5570.64,5531.85,5564.19
2024-07-08,5557.75,5584.51,5555.83,5584.27
2024-07-09,5584.51,5591.4,5574.99,5579.42
2024-07-10,5579.73,5636.22,5576.99,5629.71
2024-07-11,5630.03,5654.67,5577,5586.38
2024-07-12,5585.89,5656.12,5571.25,5617.38
2024-07-15,5620.52,5667.43,5615.11,5641.01
2024-07-16,5641.26,5670.32,5622.35,5662.12
2024-07-17,5662.38,5663.31,5582.28,5599.72
2024-07-18,5599.47,5615.09,5522.72,5555.78
2024-07-19,5556.05,5561.55,5496.87,5502.19
2024-07-22,5526.25,5570.69,5507.63,5560.2
2024-07-23,5559.95,5585.6,5529.95,5531.48
2024-07-24,5531.72,5539.71,5420.49,5442.16
2024-07-25,5441.86,5492.45,5391.32,5412.04
2024-07-26,5411.72,5489.03,5410.97,5462.2
2024-07-29,5474.9,5496.38,5444.33,5450.97
2024-07-30,5450.78,5490.65,5396.3,5442.81
2024-07-31,5442.5,5553.68,5438.08,5551.42
2024-08-01,5551.66,5565.62,5410.29,5429.08
2024-08-02,5428.84,5432.35,5300.08,5341.44
2024-08-05,5293.52,5294.15,5090.13,5245.12
2024-08-06,5245.5,5312.88,5194.09,5215.99
2024-08-07,5216.24,5331.56,5156.09,5175.7
2024-08-08,5175.81,5337.34,5172.2,5332.54
2024-08-09,5332.42,5359.88,5294.45,5343.08
2024-08-12,5344.39,5371.83,5322.65,5347.92
2024-08-13,5348.16,5436.83,5343.13,5433.31
2024-08-14,5433.62,5464.1,5415.76,5449.61
2024-08-15,5449.8,5555.28,5447.33,5550.98
2024-08-16,5551.3,5563.07,5513.23,5557.73
2024-08-19,5563.53,5608.71,5543.15,5605.57
2024-08-20,5605.88,5620.87,5584.99,5597.14
2024-08-21,5596.89,5633.48,5592.1,5623.02
2024-08-22,5622.77,5642.6,5561.09,5584.81
2024-08-23,5585.56,5642.28,5583.42,5631.19
2024-08-26,5628.33,5650.49,5601.73,5613.3
2024-08-27,5613.54,5631.84,5594.1,5618.21
2024-08-28,5618.46,5633.3,5544.14,5554.79
2024-08-29,5555.04,5647.78,5554.51,5600.33
2024-08-30,5600.46,5651.61,5581.53,5641.45
2024-09-02,5639.76,5656.09,5624.83,5640.84
2024-09-03,5641.21,5652.84,5504.18,5519.93
2024-09-04,5520.25,5553.05,5494.52,5512.06
2024-09-05,5511.55,5546.93,5479.64,5500.55
2024-09-06,5500.66,5523.44,5402.69,5407.18
2024-09-09,5408.83,5484.44,5408.38,5478.48
2024-09-10,5478.24,5498.67,5441.19,5490.3
2024-09-11,5490.56,5561.3,5407.03,5550.79
2024-09-12,5551.28,5604.9,5535.68,5601.89
2024-09-13,5602.08,5636.95,5595.83,5624.45
2024-09-16,5628.3,5636.49,5604.45,5630.07
2024-09-17,5630.31,5671.64,5614.05,5640.87
2024-09-18,5641.13,5692.27,5614.47,5655.4
2024-09-19,5655.46,5734.21,5635.69,5709.9
2024-09-20,5709.65,5715.52,5675.11,5696.7
2024-09-23,5708.15,5726.45,5686.14,5715.91
2024-09-24,5715.52,5737.39,5698.92,5735.27
2024-09-25,5735.51,5741.56,5712.17,5732.09
2024-09-26,5732.34,5773.08,5721.41,5749.35
2024-09-27,5749.58,5764.31,5726.43,5733.23
2024-09-30,5744.18,5765.45,5702.32,5753.72
2024-10-01,5753.6,5767.52,5681.59,5698.87
2024-10-02,5699.1,5721.45,5673.59,5718.01
2024-10-03,5718.26,5719.62,5675.91,5700.08
2024-10-04,5699.78,5755.6,5692.96,5751.13
2024-10-07,5752.83,5756.6,5677.23,5696.23
2024-10-08,5696.75,5757.79,5688.82,5746.82
2024-10-09,5746.94,5797.48,5732.59,5789.15
2024-10-10,5788.22,5795.49,5764.33,5789.88
2024-10-11,5790.15,5822.87,5770.58,5810.93
2024-10-14,5810.63,5872.78,5805.13,5866.54
2024-10-15,5866.66,5869.14,5804.81,5817.47
2024-10-16,5817.69,5847.18,5808.67,5834.01
2024-10-17,5833.9,5881.96,5826.54,5849.38
2024-10-18,5849.64,5872.88,5834.15,5865.7
2024-10-21,5871.64,5872.5,5823.58,5854.38
2024-10-22,5854.64,5863.85,5820.88,5849.85
2024-10-23,5849.96,5853.55,5762.32,5803.06
2024-10-24,5802.82,5830.91,5784.59,5813.89
2024-10-25,5814.14,5863.9,5799.61,5805.95
2024-10-28,5834.38,5848.39,5822.62,5825.51
2024-10-29,5826.02,5851.71,5802.15,5849.01
2024-10-30,5848.76,5857.61,5797.07,5797.32
2024-10-31,5797.12,5803.6,5701.93,5711.5
2024-11-01,5711.75,5773.49,5701.25,5734.69
2024-11-04,5721.6,5747.9,5696,5714.04
2024-11-05,5713.92,5795.44,5706.36,5786.94
2024-11-06,5786.7,5936.76,5786.44,5926.99
2024-11-07,5926.87,5984.46,5921.32,5979.01
2024-11-08,5979.14,6013.67,5962.14,5999.44
2024-11-11,6010.26,6027.4,5986.8,5999.99
2024-11-12,5999.74,6008.96,5960.28,5981.26
2024-11-13,5981.51,6008.2,5965.89,5992.15
2024-11-14,5992.4,5997.31,5937.17,5941.45
2024-11-15,5941.18,5942.18,5852.51,5874.94
2024-11-18,5878.4,5908.67,5860.68,5892.25
2024-11-19,5892.37,5924.1,5832.25,5922.19
2024-11-20,5922.32,5934.92,5859.33,5918.22
2024-11-21,5918.46,5963.36,5883.75,5944.34
2024-11-22,5944.03,5973.64,5921.33,5968.18
2024-11-25,5989.89,6021.19,5964.2,5974.97
2024-11-26,5974.72,6025,5957.3,6022.09
2024-11-27,6021.95,6028.07,5984.1,6004.13
2024-11-28,6004.25,6016.65,6003.88,6015.74
2024-11-29,6015.62,6044.65,6003.93,6035.02
2024-12-02,6030.18,6053.74,6019.88,6049.12
2024-12-03,6049.37,6056.01,6033.95,6055.52
2024-12-04,6055.27,6089.58,6051.26,6081.44
2024-12-05,6081.14,6095.02,6069.28,6073.92
2024-12-06,6074.04,6100.1,6066.41,6088.15
2024-12-09,6090.36,6094.74,6049.31,6051.1
2024-12-10,6050.86,6065.5,6029.49,6041.08
2024-12-11,6040.84,6093.53,6035.74,6078.28
2024-12-12,6077.05,6080.23,6048.47,6057.2
2024-12-13,6057.33,6078.33,6035.77,6045.04
2024-12-16,6050.56,6085.09,6049.43,6067.63
2024-12-17,6067.5,6073.95,6034.79,6044.67
2024-12-18,6044.56,6071.24,5836.73,5870.56
2024-12-19,5870.8,5934.44,5865.28,5869.7
2024-12-20,5869.94,5983.59,5801.44,5935.18
2024-12-23,5956.03,5978.32,5902.38,5972.07
2024-12-24,5972.3,6038.65,5966.14,6037.13
2024-12-25,6037.7,6041.26,6034.89,6036.4
2024-12-26,6036.13,6050.62,6001.83,6040.4
2024-12-27,6040.13,6040.4,5932.24,5976.69
2024-12-30,5971.38,5973.75,5868.47,5900.95
2024-12-31,5901.43,5932.1,5868.48,5888.05
2025-01-01,5899.05,5905.13,5883.5,5889.15
2025-01-02,5889,5945.9,5830.84,5869.01
2025-01-03,5868.83,5949.45,5867.64,5939.68
2025-01-06,5944.33,6020.98,5933.89,5980.63
2025-01-07,5980.39,6000.66,5891.19,5913.66
2025-01-08,5913.78,5930.66,5874.81,5907.07
2025-01-09,5907.5,5915.17,5886.14,5890.38
2025-01-10,5890.64,5919.79,5807.4,5825.34
2025-01-13,5820.55,5861.8,5770.04,5853.12
2025-01-14,5853.38,5879.35,5805.09,5846.93
2025-01-15,5846.79,5960.82,5840.52,5954.19
2025-01-16,5954.32,5977.52,5925.32,5934.65
2025-01-17,5938.89,6015.59,5936.83,5993.93
2025-01-20,5986.88,6042.64,5982.9,6032.83
2025-01-21,6033.13,6063.04,5959.51,6060.49
2025-01-22,6060.6,6100.76,6059.45,6080.53
2025-01-23,6080.28,6118.53,6066.53,6112.89
2025-01-24,6114.38,6128.15,6088.95,6096.45
2025-01-27,6070.2,6070.89,5915.51,6020.32
2025-01-28,6020.19,6074.75,5992.77,6057.28
2025-01-29,6057.46,6080.75,6012.61,6038.84
2025-01-30,6039.08,6087.03,6027.72,6082
2025-01-31,6081.83,6120.91,6030.7,6036.93
2025-02-03,5940.51,6041.24,5908.88,6030.19
2025-02-04,6030.06,6043.18,5961.24,6019.65
2025-02-05,6017.07,6065.61,5995.54,6065.11
2025-02-06,6064.63,6084.08,6046.09,6078.14
2025-02-07,6077.89,6100.89,6019.96,6029.39
2025-02-10,6038.09,6073.7,6036.09,6055.23
2025-02-11,6055.48,6077.05,6036.67,6070.15
2025-02-12,6069.9,6074.45,5999,6063.98
2025-02-13,6063.85,6118.13,6033.49,6114.93
2025-02-14,6115.18,6127.95,6102.38,6114.63
2025-02-17,6115.64,6128.4,6114.25,6122.64
2025-02-18,6122.5,6138.89,6099.58,6131.89
2025-02-19,6131.63,6147.93,6111.4,6138.65
2025-02-20,6136.79,6139.29,6084.79,6121.08
2025-02-21,6120.77,6126.15,6009.01,6016.94
2025-02-24,6035.38,6052.14,5978.33,5984.08
2025-02-25,5984.39,6000.89,5908.85,5971.64
2025-02-26,5971.39,6010,5932.24,5965.98
2025-02-27,5965.74,6001.93,5860.74,5876.01
2025-02-28,5875.64,5960.13,5837.2,5946.44
2025-03-03,5964.25,5990.14,5811.58,5859.84
2025-03-04,5860.09,5873.58,5732.97,5824.95
2025-03-05,5825.2,5860.92,5742.59,5837.53
2025-03-06,5837.29,5842.3,5712.18,5757.64
2025-03-07,5757.76,5784.01,5665.86,5766.94
2025-03-10,5726.39,5750.45,5564.16,5595.88
2025-03-11,5596,5645.15,5528.73,5588.14
2025-03-12,5588.25,5669.31,5545.22,5616.29
2025-03-13,5616.03,5618.55,5504.37,5549.25
2025-03-14,5549.33,5645.42,5543.63,5623.19
2025-03-17,5605.84,5704.17,5596.59,5677.28
2025-03-18,5677.03,5681.29,5597.51,5619.14
2025-03-19,5619.39,5716.29,5604.38,5694.13
2025-03-20,5694.26,5712.08,5629.5,5663.8
2025-03-21,5663.54,5673.04,5600.85,5668.18
2025-03-24,5702,5773.75,5700.25,5760.58
2025-03-25,5760.75,5787.72,5751.13,5783.89
2025-03-26,5783.64,5787.89,5683.22,5699.64
2025-03-27,5699.08,5732.09,5672.5,5689.84
2025-03-28,5690.2,5701.84,5567.19,5569.45
2025-03-31,5548.39,5628.16,5489.64,5593.27
2025-04-01,5593.38,5652.14,5558.13,5640.39
2025-04-02,5640.63,5717.79,5440.2,5469.52
2025-04-03,5470.01,5521.4,5370.26,5385.13
2025-04-04,5385.25,5397.58,5054.78,5071.34
2025-04-07,4880.55,5252.04,4808.73,5115.2
2025-04-08,5115.01,5271.01,4896,4925.02
2025-04-09,4924.88,5491.95,4843.75,5477.76
2025-04-10,5477.39,5481.13,5113.49,5240.75
2025-04-11,5240.51,5382.65,5173.25,5363.43
2025-04-14,5396.26,5464.13,5357.2,5387.63
2025-04-15,5387.33,5451.14,5342.7,5353.64
2025-04-16,5353.39,5392.01,5220.7,5279.26
2025-04-17,5279.14,5342.15,5256.64,5291.56
2025-04-21,5264.46,5274.84,5101.45,5176.63
2025-04-22,5176.89,5395.64,5169.26,5384.38
2025-04-23,5384.14,5470.88,5350.14,5384.13
2025-04-24,5384.27,5510.75,5327.75,5500.51
2025-04-25,5500.38,5528.96,5452.39,5528.13
2025-04-28,5505.5,5552.88,5468.19,5530.39
2025-04-29,5530.5,5572.32,5496.89,5547.4
2025-04-30,5547.53,5615.62,5431.45,5611.05
2025-05-01,5611.29,5659.31,5578.92,5590.51
2025-05-02,5590.83,5701.32,5584.27,5688.88
2025-05-05,5656.7,5684.5,5633.63,5646
2025-05-06,5645.88,5670.5,5586.63,5652.39
2025-05-07,5652.26,5662.08,5577.66,5627.01
2025-05-08,5627.13,5720.8,5622.33,5660.64
2025-05-09,5660.88,5695.42,5644.38,5660.2
2025-05-12,5727.28,5856.29,5724.98,5837.59
2025-05-13,5837.34,5907.33,5816.84,5889.39
2025-05-14,5889.13,5906.64,5871.56,5877.39
2025-05-15,5877.13,5925.08,5847.63,5917.13
2025-05-16,5917.26,5959.26,5904.38,5954.69
2025-05-19,5922.13,5974.2,5874.39,5969.58
2025-05-20,5969.46,5973.28,5909.45,5937.83
2025-05-21,5937.95,5940.96,5830.86,5844.58
2025-05-22,5845.08,5878.68,5812.83,5846.09
2025-05-23,5846.2,5857.89,5743.38,5798.68
2025-05-26,5851.95,5881.64,5848.5,5866.06
2025-05-27,5865.95,5929.09,5849.75,5924.83
2025-05-28,5924.2,5985.66,5880.89,5979.78
2025-05-29,5980.9,5996.04,5872.77,5894.15
2025-05-30,5894.38,5922.77,5843.81,5907.2
2025-06-02,5888.14,5942.91,5857.39,5925.83
2025-06-03,5926,5981.52,5900.4,5974.89
2025-06-04,5974.95,5990.2,5964.7,5965.88
2025-06-05,5966,5999.98,5920.78,5940.15
2025-06-06,5940,6018.15,5940,6001.28
2025-06-09,5995.73,6021.72,5984.93,6008.49
2025-06-10,6008.36,6047.77,5986.23,6037.38
2025-06-11,6037.13,6070.51,6001.73,6014.88
2025-06-12,6015.01,6046.32,5984.39,6011.14
2025-06-13,6011.64,6026.66,5924.39,5985.11
2025-06-16,5984.26,6050.88,5979.14,5995.89
2025-06-17,5996.05,6024.52,5962.38,5969.11
2025-06-18,5969.6,6018.88,5969.13,5980.43
2025-06-19,5980.75,5981.4,5916.15,5963.18
2025-06-20,5963.15,6018.14,5952.32,5971.29
2025-06-23,5949,6061.64,5939.04,6057.55
2025-06-24,6057.4,6102.27,6049.1,6093.83
2025-06-25,6094.1,6108.16,6079.03,6095.39
2025-06-26,6095.61,6153.39,6093.38,6144.89
2025-06-27,6145.1,6187.78,6132.17,6167.88
2025-06-30,6186.65,6215.1,6173.73,6200.88
2025-07-01,6201.86,6211.5,6177.89,6202.45
2025-07-02,6202.68,6229.85,6186.13,6228.63
2025-07-03,6228.39,6285.17,6221.58,6270.39
2025-07-04,6270.35,6273.38,6228.88,6235.58
2025-07-07,6254.1,6268.14,6201.06,6223.64
2025-07-08,6223.33,6244.39,6217.51,6229.14
2025-07-09,6225.15,6270.39,6215.35,6258.34
2025-07-10,6258.32,6290.47,6242.58,6286.88
2025-07-11,6287.05,6287.05,6234.13,6255.39
2025-07-14,6234.38,6273.59,6218.61,6262.59
2025-07-15,6262.83,6301.33,6224.88,6232.64
2025-07-16,6232.8,6268.33,6201.65,6253.85
2025-07-17,6254.08,6311.88,6249.1,6310.4
2025-07-18,6310.14,6318.15,6285.36,6295.9
2025-07-21,6305.36,6336.68,6301.14,6311.89
2025-07-22,6311.87,6327.65,6282.65,6326.2
2025-07-23,6326.41,6369.3,6313.15,6368.29
2025-07-24,6368.04,6381.76,6355.98,6376.39
2025-07-25,6376.64,6396.06,6366.58,6390.08
2025-07-28,6413.82,6423.81,6375.6,6395.59
2025-07-29,6395.34,6409.84,6364.07,6375.88
2025-07-30,6375.64,6415.44,6335.21,6411.68
2025-07-31,6410.68,6436.95,6321.14,6333.64
2025-08-01,6333.38,6342.89,6212.43,6240.58
2025-08-04,6244.37,6345.61,6243.08,6337.89
2025-08-05,6337.38,6351.14,6288.15,6291.58
2025-08-06,6291.38,6362.65,6290.88,6355.58
2025-08-07,6355.38,6401.88,6310.12,6353.53
2025-08-08,6353.51,6401.73,6345.78,6401.73
2025-08-11,6391.04,6407.91,6364.69,6376.63
2025-08-12,6376.38,6450.11,6369.08,6449.58
2025-08-13,6449.6,6480.64,6439.33,6465.73
2025-08-14,6465.98,6473.95,6431.5,6469.4
2025-08-15,6469.64,6487.4,6441.81,6448.3
2025-08-18,6460.58,6464.4,6436.33,6451.64
2025-08-19,6451.86,6456.64,6400.16,6408.64
2025-08-20,6408.85,6411.89,6343.97,6392.88
2025-08-21,6392.87,6400.65,6352.24,6381.83
2025-08-22,6381.33,6479.65,6347.63,6467.18
2025-08-25,6467.45,6471.19,6437.7,6444.95
2025-08-26,6444.63,6473.9,6415.68,6471.63
2025-08-27,6471.88,6487.57,6457.58,6462.14
2025-08-28,6461.89,6508.54,6457.38,6502.39
2025-08-29,6502.14,6504.89,6444.35,6463.88
2025-09-01,6477.6,6480.65,6448.64,6458.78
2025-09-02,6459.09,6465.31,6360.54,6424.63
2025-09-03,6424.36,6454.14,6415.38,6446.13
2025-09-04,6446.11,6508.9,6444.83,6506.88
2025-09-05,6507.13,6532.9,6443.38,6480.17
2025-09-08,6497.87,6508.9,6482.58,6502.69
2025-09-09,6502.94,6530.56,6482.45,6523.34
2025-09-10,6523.31,6558.05,6516.22,6540.39
2025-09-11,6540.14,6593.42,6531.11,6589.13
2025-09-12,6589.11,6600.66,6572.33,6583.38
2025-09-15,6584.64,6619.38,6554.39,6615.73
2025-09-16,6615.71,6634.97,6600.48,6612.64
2025-09-17,6612.61,6626.21,6550.54,6623.49
2025-09-18,6623.73,6659.99,6610.73,6644.88
2025-09-19,6645.11,6671.8,6621.38,6661.78
2025-09-22,6656.05,6699.18,6636.38,6694.13
2025-09-23,6694.38,6699.1,6645.35,6662.26
2025-09-24,6661.96,6672.77,6622.37,6643.35
2025-09-25,6643.06,6650.37,6569.25,6605.76
2025-09-26,6605.95,6649.55,6600.25,6648.26
2025-09-29,6652.96,6683.47,6644.46,6659.5
2025-09-30,6659.25,6691.96,6641.37,6672.46
2025-10-01,6672.6,6719.66,6629.16,6710.56
2025-10-02,6710.86,6733.07,6692.7,6722.16
2025-10-03,6721.65,6752.06,6706.36,6713.95
2025-10-06,6730.95,6749.56,6718.7,6731.55
2025-10-07,6731.36,6755.56,6700.86,6713.5
2025-10-08,6713.77,6766.25,6712.7,6763.06
2025-10-09,6762.77,6763.46,6716.26,6746.26
2025-10-10,6746.36,6763.16,6549.65,6565.16
2025-10-13,6629.25,6669.77,6613.86,6650.7
2025-10-14,6650.25,6681.66,6552.66,6648.76
2025-10-15,6649.06,6726.16,6610.95,6675.16
2025-10-16,6675.25,6710.67,6593.65,6613.75
2025-10-17,6612.76,6680.16,6533.75,6672.76
2025-10-20,6668.45,6744.9,6657.05,6740.55
2025-10-21,6740.05,6752.86,6722,6733.45
2025-10-22,6733.75,6752.57,6654.35,6691.15
2025-10-23,6690.75,6749.36,6681.56,6746.45
2025-10-24,6747.05,6806.66,6742.75,6791.4
2025-10-27,6837.16,6884.56,6833.96,6878.56
2025-10-28,6878.35,6912.06,6869.05,6896.16
2025-10-29,6896.35,6919.57,6851.6,6891.2
2025-10-30,6891.4,6922.26,6819.7,6868.96
2025-10-31,6869.2,6888.77,6813.75,6842.3
2025-11-03,6863.36,6880.06,6820.56,6847.46
2025-11-04,6847.27,6847.27,6757.5,6766.16
2025-11-05,6765.6,6830.77,6721.55,6808.56
2025-11-06,6808.85,6817.57,6707.45,6739.46
2025-11-07,6739.35,6746.06,6632.05,6736.75
2025-11-10,6760.7,6842.17,6748.26,6839.45
2025-11-11,6839.65,6856.07,6807.15,6848.46
2025-11-12,6848.65,6877.47,6829.16,6836.06
2025-11-13,6835.96,6870.07,6723.66,6745.35
2025-11-14,6745.46,6774.66,6650.36,6743.16
2025-11-17,6745.37,6780.27,6638.15,6681.56
2025-11-18,6681.75,6688.77,6575.15,6621.55
2025-11-19,6621.37,6713.26,6593.56,6712.46
2025-11-20,6712.26,6771.27,6522.76,6548.96
2025-11-21,6548.86,6660.95,6508.05,6610.56
2025-11-24,6636.66,6715.76,6609.45,6706.65
2025-11-25,6706.35,6776.96,6659.26,6769.07
2025-11-26,6769.1,6832.26,6765.65,6816.05
2025-11-27,6815.86,6825.2,6810.86,6824.95
2025-11-28,6825.15,6851.87,6819.95,6844.86
2025-12-01,6841.65,6843.85,6790.45,6814.05
2025-12-02,6814.16,6852.36,6801.55,6835.3
2025-12-03,6835.45,6863.05,6807.17,6853.87
2025-12-04,6853.75,6871.27,6826.65,6855.55
2025-12-05,6855.05,6896.46,6848.55,6872.06
2025-12-08,6872.97,6885.46,6827.4,6861.07
2025-12-09,6860.96,6865.6,6837.55,6839.95
2025-12-10,6839.86,6901.47,6824.4,6876.95
2025-12-11,6877.16,6912.06,6811.76,6901
2025-12-12,6900.56,6909.55,6802.16,6832
2025-12-15,6829.75,6869.15,6801.96,6814.37
2025-12-16,6814.26,6831.06,6759.45,6788.15
2025-12-17,6787.85,6825.17,6721.55,6729.05
2025-12-18,6728.76,6816.55,6718.06,6777.15
2025-12-19,6776.86,6840.75,6767.85,6835.86
2025-12-22,6852.95,6882.96,6847,6878.55
2025-12-23,6878.7,6910.86,6861.05,6905.7
2025-12-24,6906.27,6936.96,6901.3,6929.46
2025-12-25,6934.36,6940.96,6932.1,6936.15
2025-12-26,6935.95,6945.3,6921.05,6930.35
2025-12-29,6932.36,6937.86,6888.96,6903.55
2025-12-30,6903.75,6913.96,6893.15,6896.66
2025-12-31,6896.36,6905.66,6844.15,6850.47
