Date,Open,High,Low,Close
2016-01-04,27.0148,27.0831,26.9643,27.0206
2016-01-05,27.0212,27.0482,26.9845,27.0097
2016-01-06,27.0154,27.0819,26.9518,27.0279
2016-01-07,27.0265,27.106,26.9935,27.0473
2016-01-08,27.0417,27.1098,26.8712,27.0256
2016-01-11,26.9904,27.0785,26.9838,27.0239
2016-01-12,27.0212,27.0642,26.9814,27.0222
2016-01-13,27.0268,27.0675,26.9779,27.0299
2016-01-14,27.0239,27.0802,26.9794,27.0244
2016-01-15,27.019,27.0795,26.9808,27.0331
2016-01-18,27.0284,27.0579,26.9925,27.0265
2016-01-19,27.0375,27.06,26.996,27.0305
2016-01-20,27.0362,27.0793,26.9848,27.0395
2016-01-21,27.049,27.1285,26.9964,27.04
2016-01-22,27.0432,27.0712,26.9917,27.0268
2016-01-25,27.0192,27.0442,27.0011,27.0182
2016-01-26,27.0213,27.05,26.9855,27.028
2016-01-27,27.022,27.1034,26.9774,27.0245
2016-01-28,27.0225,27.0651,26.9855,27.0176
2016-01-29,27.0229,27.0737,26.964,27.0222
2016-02-01,27.0145,27.0572,26.9929,27.0142
2016-02-02,27.0208,27.0518,26.988,27.0342
2016-02-03,27.0218,27.1398,26.9721,27.006
2016-02-04,27.0228,27.1168,26.9753,27.0147
2016-02-05,27.0227,27.147,26.9518,27.0708
2016-02-08,27.0793,27.1089,26.9822,27.0617
2016-02-09,27.0622,27.1303,26.9891,27.0297
2016-02-10,27.0215,27.1122,26.9688,27.0309
2016-02-11,27.0382,27.1323,26.9911,27.0343
2016-02-12,27.031,27.0978,26.9734,27.0492
2016-02-15,27.0511,27.0732,26.9942,27.0237
2016-02-16,27.0243,27.0744,26.9862,27.0218
2016-02-17,27.0178,27.0596,26.9809,27.0277
2016-02-18,27.0305,27.0529,26.9886,27.0265
2016-02-19,27.0212,27.0737,26.9723,27.0265
2016-02-22,27.0371,27.0829,26.9826,27.0641
2016-02-23,27.0658,27.0996,26.9945,27.0285
2016-02-24,27.0279,27.0923,26.9908,27.0554
2016-02-25,27.0501,27.0975,27.018,27.0499
2016-02-26,27.0506,27.0926,26.9961,27.0362
2016-02-29,27.04,27.0883,27.0045,27.0603
2016-03-01,27.0625,27.0918,26.9872,27.0345
2016-03-02,27.0351,27.0771,27.0018,27.0579
2016-03-03,27.063,27.1131,27.0215,27.0473
2016-03-04,27.0468,27.2323,26.8876,27.0609
2016-03-07,27.0605,27.0984,27.0192,27.0652
2016-03-08,27.0604,27.0914,27.0186,27.0468
2016-03-09,27.0426,27.1045,27.011,27.0501
2016-03-10,27.0543,27.4305,26.772,27.0566
2016-03-11,27.0709,27.11,27.0204,27.0508
2016-03-14,27.0602,27.086,27.0056,27.0445
2016-03-15,27.0396,27.0819,27.0093,27.0354
2016-03-16,27.0386,27.2493,26.9889,27.0572
2016-03-17,27.0621,27.0951,26.9911,27.0469
2016-03-18,27.0371,27.0841,27.0106,27.032
2016-03-21,27.037,27.0658,26.9994,27.0268
2016-03-22,27.0267,27.0668,26.9574,27.0351
2016-03-23,27.0349,27.0805,27.0098,27.043
2016-03-24,27.045,27.0953,27.0122,27.0678
2016-03-28,27.054,27.1024,27.0367,27.0708
2016-03-29,27.0765,27.102,27.0232,27.0541
2016-03-30,27.0629,27.1409,27.0308,27.0564
2016-03-31,27.0557,27.091,27.0062,27.0471
2016-04-01,27.043,27.0628,26.9826,27.0314
2016-04-04,27.0289,27.0876,27.0083,27.0366
2016-04-05,27.0372,27.0743,26.9879,27.0367
2016-04-06,27.0361,27.0888,26.9727,27.0267
2016-04-07,27.0279,27.0753,26.9688,27.0262
2016-04-08,27.0232,27.0627,26.9934,27.0202
2016-04-11,27.0132,27.0681,26.983,27.0239
2016-04-12,27.0284,27.0823,26.9903,27.0243
2016-04-13,27.0167,27.0853,26.9933,27.0287
2016-04-14,27.0323,27.0936,26.993,27.0366
2016-04-15,27.0221,27.0673,26.9939,27.0257
2016-04-18,27.0165,27.0587,26.9882,27.0217
2016-04-19,27.0229,27.0476,26.993,27.0261
2016-04-20,27.0198,27.0514,26.9762,27.0182
2016-04-21,27.0188,27.0664,26.9342,27.0243
2016-04-22,27.0198,27.0706,26.9815,27.0423
2016-04-25,27.0547,27.0686,27.0112,27.0337
2016-04-26,27.0228,27.0831,27.0076,27.0384
2016-04-27,27.0381,27.0936,26.8943,27.0375
2016-04-28,27.0396,27.0998,27.0045,27.0391
2016-04-29,27.0507,27.0972,27.0098,27.0349
2016-05-02,27.0442,27.1233,27.0117,27.0319
2016-05-03,27.0352,27.0743,26.997,27.0192
2016-05-04,27.0388,27.0846,26.9684,27.0283
2016-05-05,27.0281,27.057,26.9846,27.029
2016-05-06,27.0299,27.1423,26.9473,27.0137
2016-05-09,27.029,27.059,26.994,27.019
2016-05-10,27.0163,27.0584,26.9796,27.0203
2016-05-11,27.0199,27.0492,26.9976,27.0233
2016-05-12,27.028,27.046,26.9978,27.0166
2016-05-13,27.0194,27.0499,26.9537,27.015
2016-05-16,27.021,27.0472,27.0027,27.025
2016-05-17,27.0208,27.0559,26.9866,27.021
2016-05-18,27.0201,27.0537,26.9213,27.0192
2016-05-19,27.0223,27.0571,26.9622,27.0212
2016-05-20,27.0152,27.0569,27.0042,27.0415
2016-05-23,27.0343,27.0537,27.0064,27.0374
2016-05-24,27.0343,27.0624,26.9959,27.0312
2016-05-25,27.0293,27.064,27.0005,27.0224
2016-05-26,27.0184,27.0615,26.9973,27.0261
2016-05-27,27.0262,27.052,26.9731,27.0239
2016-05-30,27.0213,27.0445,27.0033,27.0223
2016-05-31,27.0201,27.0454,26.9887,27.021
2016-06-01,27.0208,27.0594,26.9681,27.03
2016-06-02,27.0286,27.1422,26.9741,27.019
2016-06-03,27.0222,27.2986,26.9965,27.028
2016-06-06,27.0224,27.073,26.9598,27.0181
2016-06-07,27.0297,27.0466,26.997,27.0208
2016-06-08,27.021,27.0423,27,27.0263
2016-06-09,27.0144,27.047,26.9738,27.0196
2016-06-10,27.0275,27.0536,26.9916,27.0157
2016-06-13,27.0235,27.0824,27.0027,27.0315
2016-06-14,27.0299,27.0784,27.0104,27.0521
2016-06-15,27.0516,27.2169,27.0344,27.0834
2016-06-16,27.0857,27.1901,27.0193,27.0702
2016-06-17,27.0752,27.121,27.0338,27.0741
2016-06-20,27.0595,27.1037,27.0267,27.0567
2016-06-21,27.0597,27.1181,26.9946,27.0367
2016-06-22,27.0738,27.1109,27.0342,27.0597
2016-06-23,27.0696,27.1317,26.9975,27.0366
2016-06-24,27.054,27.3377,26.812,27.1099
2016-06-27,27.098,27.2094,27.0353,27.1621
2016-06-28,27.1643,27.1986,27.0634,27.1683
2016-06-29,27.1351,27.1814,27.0553,27.1084
2016-06-30,27.1072,27.1617,26.8943,27.0771
2016-07-01,27.076,27.1615,27.0446,27.0961
2016-07-04,27.1006,27.1297,27.0471,27.0717
2016-07-05,27.069,27.1709,27.0168,27.0451
2016-07-06,27.0454,27.1268,27.0167,27.0604
2016-07-07,27.0625,27.0884,27.0129,27.0407
2016-07-08,27.036,27.1569,26.8431,27.0217
2016-07-11,27.0275,27.0788,27.0014,27.0436
2016-07-12,27.0425,27.0841,26.9905,27.0285
2016-07-13,27.0346,27.0654,27.0028,27.031
2016-07-14,27.0257,27.1077,26.9811,27.0436
2016-07-15,27.0337,27.064,26.973,27.0262
2016-07-18,27.0324,27.0623,27.0006,27.0262
2016-07-19,27.0225,27.0456,26.9902,27.0229
2016-07-20,27.0167,27.0689,26.9738,27.0192
2016-07-21,27.0262,27.093,26.9769,27.0253
2016-07-22,27.0296,27.0542,26.9704,27.0213
2016-07-25,27.0184,27.0483,26.9897,27.0266
2016-07-26,27.0255,27.0651,26.9976,27.0308
2016-07-27,27.0195,27.0913,26.9505,27.0287
2016-07-28,27.0398,27.0943,26.9971,27.0365
2016-07-29,27.0414,27.1246,27.0066,27.0258
2016-08-01,27.0313,27.0484,27.0074,27.0258
2016-08-02,27.0268,27.0601,27.0129,27.0288
2016-08-03,27.0322,27.0566,26.9979,27.0255
2016-08-04,27.0236,27.0473,27.0031,27.0257
2016-08-05,27.0251,27.0564,26.8508,27.0212
2016-08-08,27.0175,27.0391,27.0005,27.0284
2016-08-09,27.0293,27.0582,27.0044,27.0172
2016-08-10,27.0218,27.0651,27.0006,27.0347
2016-08-11,27.0341,27.0491,27.0016,27.0227
2016-08-12,27.0353,27.1301,26.9686,27.0208
2016-08-15,27.0234,27.044,27.0076,27.0207
2016-08-16,27.0191,27.0835,26.9405,27.0235
2016-08-17,27.0237,27.091,26.9687,27.0135
2016-08-18,27.0224,27.0495,26.9746,27.0171
2016-08-19,27.0217,27.0425,26.9974,27.0187
2016-08-22,27.0291,27.0464,26.9995,27.0175
2016-08-23,27.0216,27.0474,27.002,27.0189
2016-08-24,27.0261,27.047,26.9834,27.0219
2016-08-25,27.019,27.0497,26.9942,27.0262
2016-08-26,27.0231,27.1793,26.8873,27.0187
2016-08-29,27.0225,27.0502,26.9764,27.0212
2016-08-30,27.0291,27.0521,26.9986,27.0309
2016-08-31,27.0258,27.0611,27.0007,27.0322
2016-09-01,27.0225,27.1217,26.9988,27.0219
2016-09-02,27.02,27.1827,26.9652,27.021
2016-09-05,27.0222,27.0363,26.9996,27.0181
2016-09-06,27.0212,27.1479,26.9976,27.0165
2016-09-07,27.0175,27.0701,26.9935,27.0227
2016-09-08,27.0212,27.0832,26.974,27.018
2016-09-09,27.0198,27.075,26.9662,27.0178
2016-09-12,27.0145,27.1081,26.9713,27.0261
2016-09-13,27.025,27.0545,26.9931,27.029
2016-09-14,27.0227,27.0631,27.004,27.0251
2016-09-15,27.0218,27.0853,26.9909,27.0264
2016-09-16,27.0266,27.0436,26.9649,27.0155
2016-09-19,27.0242,27.0494,27.0009,27.024
2016-09-20,27.0167,27.0518,26.9979,27.0231
2016-09-21,27.0206,27.1066,26.9468,27.0152
2016-09-22,27.0235,27.0642,27.0033,27.0228
2016-09-23,27.0222,27.0502,26.9912,27.0246
2016-09-26,27.0166,27.0572,27.001,27.0234
2016-09-27,27.0144,27.0432,26.996,27.0219
2016-09-28,27.0202,27.0532,26.9898,27.0212
2016-09-29,27.0202,27.0576,27,27.0221
2016-09-30,27.0209,27.0755,26.9602,27.0186
2016-10-03,27.0304,27.0408,27.0011,27.022
2016-10-04,27.0234,27.1531,26.9738,27.0192
2016-10-05,27.0174,27.0505,26.967,27.0203
2016-10-06,27.0186,27.0497,26.9726,27.0136
2016-10-07,27.0197,27.0979,26.9719,27.0222
2016-10-10,27.0396,27.0444,27.0014,27.0256
2016-10-11,27.019,27.0455,26.9843,27.0185
2016-10-12,27.0259,27.0892,26.9809,27.0215
2016-10-13,27.0246,27.0615,26.9805,27.0215
2016-10-14,27.0339,27.0716,26.9938,27.0229
2016-10-17,27.0209,27.0466,27.0042,27.0251
2016-10-18,27.0209,27.0551,26.9847,27.0209
2016-10-19,27.0202,27.046,26.984,27.0224
2016-10-20,27.0221,27.1845,26.9271,27.0273
2016-10-21,27.0111,27.0426,26.9898,27.0266
2016-10-24,27.0134,27.0401,26.9997,27.0248
2016-10-25,27.0265,27.0567,26.9973,27.0212
2016-10-26,27.0176,27.0534,26.9618,27.0241
2016-10-27,27.019,27.059,26.9868,27.0216
2016-10-28,27.0214,27.0659,26.9951,27.0294
2016-10-31,27.0328,27.072,27.0006,27.0246
2016-11-01,27.0263,27.0563,27.0065,27.0234
2016-11-02,27.0183,27.0662,26.993,27.0177
2016-11-03,27.0111,27.0473,26.9878,27.0212
2016-11-04,26.9921,27.0538,26.9669,27.0214
2016-11-07,27.0251,27.0417,27.0001,27.0188
2016-11-08,27.0228,27.0387,26.9978,27.02
2016-11-09,27.0181,27.1525,26.9068,27.0211
2016-11-10,27.0279,27.065,26.9839,27.0262
2016-11-11,27.0172,27.1302,26.997,27.0265
2016-11-14,27.0274,27.07,26.983,27.027
2016-11-15,27.0398,27.0776,26.9695,27.0412
2016-11-16,27.0426,27.085,26.9816,27.0359
2016-11-17,27.0252,27.0976,26.9774,27.0273
2016-11-18,27.03,27.0888,26.9893,27.034
2016-11-21,27.0189,27.0839,26.9994,27.0349
2016-11-22,27.0246,27.0907,26.9949,27.0339
2016-11-23,27.0388,27.0688,26.9853,27.0353
2016-11-24,27.0336,27.0721,26.996,27.0308
2016-11-25,27.0326,27.0724,26.9984,27.0315
2016-11-28,27.0355,27.0983,27.0104,27.0487
2016-11-29,27.0478,27.0984,27.0055,27.0565
2016-11-30,27.0574,27.1039,26.9687,27.0495
2016-12-01,27.0485,27.1183,27.0176,27.0641
2016-12-02,27.0549,27.1246,27.0189,27.0442
2016-12-05,27.1215,27.1219,26.9769,27.0474
2016-12-06,27.043,27.0782,26.9987,27.0376
2016-12-07,27.04,27.0698,27.0044,27.0356
2016-12-08,27.0233,27.2355,26.857,27.0476
2016-12-09,27.0554,27.0745,26.9968,27.0378
2016-12-12,27.0293,27.0615,26.981,27.0317
2016-12-13,27.0327,27.0676,26.9875,27.0187
2016-12-14,27.0223,27.0826,26.8266,27.0324
2016-12-15,27.0118,27.0606,26.9078,27.0211
2016-12-16,27.0278,27.0705,26.9785,27.0314
2016-12-19,27.0317,27.0481,26.9789,27.0179
2016-12-20,27.0174,27.0561,26.8898,27.0087
2016-12-21,27.0138,27.0747,26.9923,27.0195
2016-12-22,27.0149,27.0842,26.9853,27.0202
2016-12-23,27.024,27.056,27.0017,27.0162
2016-12-27,27.0243,27.0452,27.0003,27.0162
2016-12-28,27.0222,27.0647,26.9943,27.0192
2016-12-29,27.0239,27.0663,26.9913,27.0237
2016-12-30,27.0198,27.3565,26.94,27.0101
2017-01-02,27.0192,27.0427,26.9594,27.0188
2017-01-03,27.0102,27.0726,26.926,27.0175
2017-01-04,27.0194,27.0724,26.9809,27.0139
2017-01-05,27.0211,27.1103,26.957,27.0165
2017-01-06,27.0149,27.0782,26.9117,27.025
2017-01-09,27.0229,27.0552,26.9888,27.0245
2017-01-10,27.0231,27.0578,26.9883,27.0204
2017-01-11,27.0142,27.1422,26.9437,27.0319
2017-01-12,27.0236,27.0773,26.9854,27.0165
2017-01-13,27.0231,27.0594,26.922,27.0172
2017-01-16,27.0358,27.0475,26.976,27.0146
2017-01-17,27.0169,27.0632,26.9794,27.0268
2017-01-18,27.019,27.0504,26.9843,26.9911
2017-01-19,27.0219,27.0793,26.8796,27.0195
2017-01-20,27.0108,27.0745,26.9722,27.0294
2017-01-23,27.0263,27.059,26.98,27.0276
2017-01-24,27.0297,27.0597,26.9941,27.0179
2017-01-25,27.0235,27.0502,26.9954,27.0207
2017-01-26,27.0259,27.0505,26.9694,27.0296
2017-01-27,27.0297,27.0768,26.9917,27.0176
2017-01-30,27.0162,27.0522,26.9701,27.0201
2017-01-31,27.0256,27.1008,26.9913,27.0206
2017-02-01,27.0259,27.1228,26.9573,27.0163
2017-02-02,27.0227,27.0513,26.986,27.0237
2017-02-03,27.0123,27.1215,26.9455,27.0187
2017-02-06,27.0209,27.052,26.991,27.0176
2017-02-07,27.0248,27.0416,26.9705,27.0234
2017-02-08,27.0179,27.0523,26.9895,27.0278
2017-02-09,27.0175,27.0574,26.9528,27.022
2017-02-10,27.0155,27.0525,27.0001,27.0198
2017-02-13,27.0181,27.0528,26.993,27.0152
2017-02-14,27.0143,27.0603,26.9361,27.0143
2017-02-15,27.0151,27.0585,26.9398,27.0224
2017-02-16,27.0187,27.0579,26.9873,27.0143
2017-02-17,27.0132,27.0517,26.9895,27.0106
2017-02-20,27.0153,27.0401,27.0022,27.0228
2017-02-21,27.0152,27.0542,26.9807,27.0191
2017-02-22,27.0188,27.1365,26.9899,27.0168
2017-02-23,27.0243,27.0496,26.9913,27.0286
2017-02-24,27.0159,27.0496,26.9908,27.0248
2017-02-27,27.0189,27.0556,26.988,27.0215
2017-02-28,27.0238,27.0657,26.9695,27.0257
2017-03-01,27.022,27.0584,26.9908,27.025
2017-03-02,27.0195,27.0522,27.0005,27.0224
2017-03-03,27.0188,27.0807,26.9772,27.0343
2017-03-06,27.0377,27.0755,26.9733,27.0252
2017-03-07,27.0237,27.0396,27.0033,27.0176
2017-03-08,27.0307,27.0436,26.9709,27.0217
2017-03-09,27.0208,27.1256,26.9807,27.0233
2017-03-10,27.02,27.1066,26.9853,27.0133
2017-03-13,27.0305,27.0465,26.9985,27.0201
2017-03-14,27.0227,27.0531,26.9932,27.0234
2017-03-15,27.0231,27.1927,26.9557,27.0239
2017-03-16,27.0168,27.0595,27.0011,27.0182
2017-03-17,27.019,27.0522,26.9695,27.0168
2017-03-20,27.0228,27.042,26.9994,27.0153
2017-03-21,27.0212,27.0612,26.9903,27.0242
2017-03-22,27.0179,27.0491,26.9989,27.0227
2017-03-23,27.0217,27.0441,26.9922,27.0291
2017-03-24,27.026,27.0566,27.0004,27.0131
2017-03-27,27.0167,27.0484,26.9975,27.0202
2017-03-28,27.0209,27.128,26.9921,27.032
2017-03-29,27.0243,27.0531,26.9365,27.0437
2017-03-30,27.0258,27.2592,26.9948,27.149
2017-03-31,27.1382,27.2498,26.9997,27.023
2017-04-03,27.0249,27.0906,27.0018,27.0443
2017-04-04,27.0576,27.1168,27.0155,27.0386
2017-04-05,27.0526,27.0963,26.9988,27.0458
2017-04-06,27.0414,27.0597,26.5451,26.6176
2017-04-07,26.6224,26.7452,26.5191,26.5783
2017-04-10,26.585,26.6331,26.5003,26.6206
2017-04-11,26.6171,26.7394,26.5747,26.6716
2017-04-12,26.6777,26.7563,26.619,26.702
2017-04-13,26.7025,26.7481,26.6672,26.6832
2017-04-14,26.6887,26.7109,26.644,26.6859
2017-04-17,26.7097,26.7245,26.6183,26.6507
2017-04-18,26.6712,26.8496,26.6426,26.789
2017-04-19,26.7954,26.9029,26.7547,26.8852
2017-04-20,26.8829,27.0234,26.8571,26.8972
2017-04-21,26.8807,26.9929,26.8714,26.9025
2017-04-24,26.8122,26.9251,26.7434,26.8356
2017-04-25,26.8354,26.8964,26.7669,26.836
2017-04-26,26.848,27.0003,26.8246,26.8971
2017-04-27,26.8972,27.0595,26.8684,27.0307
2017-04-28,27.0347,27.0432,26.8159,26.8465
2017-05-02,26.8357,26.9543,26.8357,26.9101
2017-05-03,26.9191,26.929,26.7042,26.7529
2017-05-04,26.7392,26.8666,26.7112,26.8281
2017-05-05,26.8311,26.8656,26.6994,26.7406
2017-05-08,26.7581,26.7884,26.6177,26.6643
2017-05-09,26.6741,26.7157,26.611,26.6293
2017-05-10,26.636,26.7077,26.5475,26.5763
2017-05-11,26.5672,26.6275,26.5457,26.5757
2017-05-12,26.5659,26.6227,26.5398,26.5576
2017-05-15,26.5633,26.5924,26.4464,26.456
2017-05-16,26.4578,26.4861,26.3447,26.3634
2017-05-17,26.3752,26.5227,26.358,26.5013
2017-05-18,26.5042,26.7361,26.4841,26.5766
2017-05-19,26.6016,26.6039,26.4733,26.499
2017-05-22,26.5377,26.5719,26.4318,26.5168
2017-05-23,26.5112,26.5557,26.3812,26.4383
2017-05-24,26.4373,26.5265,26.4245,26.4664
2017-05-25,26.4558,26.516,26.3897,26.4215
2017-05-26,26.4121,26.4888,26.3772,26.4658
2017-05-29,26.4465,26.5177,26.4166,26.5111
2017-05-30,26.5114,26.5548,26.43,26.4626
2017-05-31,26.4625,26.5115,26.3284,26.3454
2017-06-01,26.3524,26.4235,26.3052,26.3352
2017-06-02,26.3355,26.4991,26.3003,26.3458
2017-06-05,26.3248,26.3627,26.2908,26.3142
2017-06-06,26.3159,26.3761,26.2973,26.3141
2017-06-07,26.3149,26.401,26.2473,26.3089
2017-06-08,26.3101,26.3331,26.2194,26.2817
2017-06-09,26.2845,26.3201,26.1554,26.186
2017-06-12,26.2136,26.2337,26.1723,26.1981
2017-06-13,26.1953,26.2366,26.1154,26.1469
2017-06-14,26.1398,26.2816,26.0585,26.1676
2017-06-15,26.192,26.3089,26.0874,26.2467
2017-06-16,26.2549,26.3008,26.158,26.1949
2017-06-19,26.1644,26.2303,26.1203,26.1841
2017-06-20,26.1753,26.3488,26.1545,26.2988
2017-06-21,26.2809,26.3428,26.2334,26.3125
2017-06-22,26.2907,26.3225,26.2479,26.3094
2017-06-23,26.2854,26.3241,26.2497,26.267
2017-06-26,26.2777,26.3106,26.2117,26.3055
2017-06-27,26.3081,26.3543,26.2381,26.3231
2017-06-28,26.2831,26.4007,26.1284,26.2944
2017-06-29,26.2907,26.3474,26.1581,26.2221
2017-06-30,26.2096,26.2608,26.0854,26.1197
2017-07-03,26.0949,26.1516,26.0726,26.128
2017-07-04,26.1283,26.155,26.0886,26.1475
2017-07-05,26.1491,26.1706,26.0599,26.0915
2017-07-06,26.0951,26.1816,26.072,26.1517
2017-07-07,26.1398,26.1782,26.0338,26.0876
2017-07-10,26.0962,26.122,26.0466,26.0893
2017-07-11,26.08,26.1992,26.0672,26.1131
2017-07-12,26.1075,26.1646,26.043,26.1148
2017-07-13,26.0987,26.1496,26.0594,26.1056
2017-07-14,26.1069,26.1489,26.024,26.0783
2017-07-17,26.0888,26.1123,26.0488,26.0761
2017-07-18,26.0772,26.1471,26.0544,26.122
2017-07-19,26.1093,26.1363,26.0118,26.0879
2017-07-20,26.0902,26.1868,25.9992,26.0506
2017-07-21,26.0448,26.1042,25.9975,26.054
2017-07-24,26.0414,26.0709,25.9974,26.0545
2017-07-25,26.0469,26.0776,25.9836,26.0371
2017-07-26,26.0368,26.1332,25.9854,26.0179
2017-07-27,26.0337,26.117,26,26.0658
2017-07-28,26.0445,26.1164,26.0128,26.0652
2017-07-31,26.053,26.1617,26.0293,26.0713
2017-08-01,26.0879,26.1913,26.0721,26.1486
2017-08-02,26.1671,26.1938,26.0769,26.1018
2017-08-03,26.0905,26.1306,25.8935,26.0562
2017-08-04,26.0461,26.1932,25.9989,26.094
2017-08-07,26.1067,26.1766,26.0768,26.1372
2017-08-08,26.1309,26.1813,26.1079,26.1554
2017-08-09,26.1481,26.208,26.0954,26.1865
2017-08-10,26.1733,26.2167,26.1094,26.1814
2017-08-11,26.1847,26.2846,26.1058,26.1654
2017-08-14,26.1764,26.1886,26.0985,26.1175
2017-08-15,26.1383,26.1883,26.052,26.15
2017-08-16,26.1254,26.1606,25.9931,26.0645
2017-08-17,26.0567,26.0851,25.9568,26.0691
2017-08-18,26.067,26.1427,26.0405,26.0841
2017-08-21,26.0709,26.1252,26.0536,26.1079
2017-08-22,26.1186,26.1298,26.068,26.0889
2017-08-23,26.0979,26.1567,26.0517,26.1191
2017-08-24,26.1218,26.1461,26.0702,26.1107
2017-08-25,26.1102,26.2381,26.0467,26.1092
2017-08-28,26.0889,26.1261,26.0808,26.0925
2017-08-29,26.0913,26.1766,26.0651,26.1073
2017-08-30,26.1095,26.1361,26.0021,26.0609
2017-08-31,26.0511,26.1608,26.0398,26.1185
2017-09-01,26.117,26.2152,25.9772,26.0457
2017-09-04,26.0308,26.1024,26.0245,26.0715
2017-09-05,26.0691,26.134,26.0288,26.104
2017-09-06,26.1008,26.1407,26.0668,26.0928
2017-09-07,26.0987,26.1866,26.0275,26.1309
2017-09-08,26.1171,26.2067,26.0742,26.1061
2017-09-11,26.1041,26.1211,26.0453,26.0885
2017-09-12,26.0851,26.15,26.0685,26.1111
2017-09-13,26.0966,26.1484,26.075,26.1066
2017-09-14,26.1075,26.1639,25.9886,26.0695
2017-09-15,26.0666,26.1225,26.0455,26.0948
2017-09-18,26.1014,26.1407,26.0529,26.1181
2017-09-19,26.1161,26.1663,26.0337,26.0972
2017-09-20,26.1047,26.1443,25.9567,26.0957
2017-09-21,26.102,26.1377,26.0544,26.0785
2017-09-22,26.0746,26.1007,26.0163,26.0334
2017-09-25,26.055,26.0881,26.0063,26.0501
2017-09-26,26.0465,26.0799,25.9898,26.0349
2017-09-27,26.026,26.0885,25.9703,26.0306
2017-09-28,26.0261,26.0833,26.0022,26.0286
2017-09-29,26.0214,26.0512,25.9235,25.9798
2017-10-02,25.9819,26.0322,25.9108,25.9527
2017-10-03,25.9535,25.9691,25.9082,25.9203
2017-10-04,25.9263,25.9489,25.8086,25.8473
2017-10-05,25.8389,25.8673,25.7832,25.8278
2017-10-06,25.8161,25.9468,25.743,25.9094
2017-10-09,25.894,25.9269,25.8577,25.8826
2017-10-10,25.8846,25.9313,25.839,25.8717
2017-10-11,25.8694,25.9147,25.8526,25.876
2017-10-12,25.8818,25.9049,25.8401,25.876
2017-10-13,25.8729,25.9549,25.7974,25.8148
2017-10-16,25.8211,25.8336,25.7268,25.7876
2017-10-17,25.7964,25.8175,25.7087,25.7546
2017-10-18,25.754,25.7704,25.6659,25.7158
2017-10-19,25.7195,25.7602,25.645,25.7267
2017-10-20,25.7232,25.7531,25.6088,25.6488
2017-10-23,25.6458,25.7029,25.6035,25.6591
2017-10-24,25.6651,25.693,25.5628,25.6132
2017-10-25,25.6079,25.6409,25.5609,25.5944
2017-10-26,25.5846,25.7342,25.4832,25.689
2017-10-27,25.6737,25.7943,25.5987,25.6349
2017-10-30,25.6383,25.6867,25.6016,25.6635
2017-10-31,25.6594,25.6903,25.623,25.642
2017-11-01,25.6527,25.6676,25.5192,25.5605
2017-11-02,25.5651,25.7431,25.4989,25.67
2017-11-03,25.6805,25.7361,25.6156,25.6799
2017-11-06,25.6772,25.7019,25.5501,25.5608
2017-11-07,25.5567,25.6151,25.5326,25.5523
2017-11-08,25.5575,25.6079,25.5309,25.589
2017-11-09,25.5825,25.6038,25.5051,25.5287
2017-11-10,25.5377,25.5734,25.5173,25.5622
2017-11-13,25.5616,25.5856,25.5257,25.5685
2017-11-14,25.5582,25.6559,25.5244,25.6047
2017-11-15,25.606,25.71,25.5906,25.6464
2017-11-16,25.6397,25.6613,25.5288,25.5695
2017-11-17,25.5627,25.6154,25.5415,25.567
2017-11-20,25.5441,25.6089,25.5227,25.5363
2017-11-21,25.5446,25.5675,25.4833,25.4922
2017-11-22,25.4995,25.5166,25.4527,25.4821
2017-11-23,25.476,25.5175,25.4081,25.4257
2017-11-24,25.4242,25.4695,25.4031,25.4445
2017-11-27,25.4471,25.4572,25.3946,25.4413
2017-11-28,25.4446,25.5102,25.4028,25.4879
2017-11-29,25.4872,25.5148,25.4506,25.4933
2017-11-30,25.4869,25.549,25.4437,25.5147
2017-12-01,25.5079,25.5968,25.4852,25.5497
2017-12-04,25.5638,25.6238,25.5126,25.6065
2017-12-05,25.6045,25.6891,25.5447,25.6389
2017-12-06,25.6508,25.7016,25.6076,25.6164
2017-12-07,25.6282,25.64,25.5526,25.5789
2017-12-08,25.5695,25.5909,25.514,25.5535
2017-12-11,25.5702,25.6412,25.5311,25.6001
2017-12-12,25.6052,25.672,25.582,25.6329
2017-12-13,25.631,25.7123,25.5979,25.6532
2017-12-14,25.6706,25.7234,25.6371,25.7022
2017-12-15,25.7024,25.7273,25.655,25.6909
2017-12-18,25.6741,25.7397,25.6617,25.6838
2017-12-19,25.6901,25.7368,25.6297,25.6793
2017-12-20,25.6817,25.7249,25.6344,25.6805
2017-12-21,25.6828,25.7718,25.6714,25.7225
2017-12-22,25.7033,25.8067,25.638,25.7446
2017-12-26,25.7219,25.804,25.7219,25.771
2017-12-27,25.7459,25.9559,25.7388,25.9317
2017-12-28,25.6754,25.7138,25.5528,25.5822
2017-12-29,25.5751,25.6095,25.5072,25.5532
2018-01-02,25.5101,25.5966,25.4779,25.5037
2018-01-03,25.4988,25.5843,25.476,25.5
2018-01-04,25.4997,25.5452,25.4609,25.496
2018-01-05,25.5354,25.6508,25.4963,25.5271
2018-01-08,25.534,25.5595,25.5013,25.5521
2018-01-09,25.5496,25.5788,25.5089,25.5542
2018-01-10,25.5493,25.6279,25.5373,25.5569
2018-01-11,25.5456,25.6671,25.4888,25.503
2018-01-12,25.51,25.5901,25.4734,25.516
2018-01-15,25.5324,25.5902,25.4929,25.529
2018-01-16,25.5349,25.5666,25.4047,25.427
2018-01-17,25.4214,25.5056,25.3355,25.3744
2018-01-18,25.3613,25.4258,25.3407,25.3536
2018-01-19,25.3513,25.4623,25.3191,25.3775
2018-01-22,25.4044,25.4332,25.3684,25.4075
2018-01-23,25.4082,25.4385,25.3643,25.389
2018-01-24,25.3921,25.4211,25.3499,25.3861
2018-01-25,25.3918,25.4615,25.2238,25.3562
2018-01-26,25.3592,25.4008,25.2727,25.3072
2018-01-29,25.326,25.3616,25.273,25.3015
2018-01-30,25.3126,25.3678,25.2891,25.307
2018-01-31,25.322,25.3378,25.2265,25.2742
2018-02-01,25.289,25.3044,25.1592,25.1956
2018-02-02,25.1958,25.2527,25.1253,25.2216
2018-02-05,25.226,25.2615,25.1027,25.2312
2018-02-06,25.2088,25.2927,25.1806,25.2271
2018-02-07,25.2121,25.2741,25.1862,25.2612
2018-02-08,25.2614,25.3962,25.1961,25.3691
2018-02-09,25.369,25.4208,25.2918,25.3635
2018-02-12,25.3808,25.41,25.3193,25.3776
2018-02-13,25.3657,25.4155,25.3517,25.3743
2018-02-14,25.3727,25.465,25.2228,25.3717
2018-02-15,25.361,25.4114,25.3185,25.3454
2018-02-16,25.3482,25.3769,25.2817,25.3473
2018-02-19,25.3653,25.3773,25.2833,25.3032
2018-02-20,25.2978,25.3576,25.2742,25.3352
2018-02-21,25.3261,25.3941,25.2874,25.3531
2018-02-22,25.3589,25.3807,25.2771,25.3534
2018-02-23,25.3517,25.3746,25.302,25.3392
2018-02-26,25.3405,25.4161,25.3253,25.3709
2018-02-27,25.3673,25.4497,25.3444,25.4295
2018-02-28,25.4218,25.448,25.3717,25.4113
2018-03-01,25.4228,25.4743,25.3746,25.4372
2018-03-02,25.4273,25.4633,25.3619,25.3648
2018-03-05,25.381,25.4537,25.3322,25.4162
2018-03-06,25.4162,25.4521,25.3526,25.3847
2018-03-07,25.3918,25.4477,25.3753,25.4231
2018-03-08,25.4259,25.5277,25.3658,25.4086
2018-03-09,25.4097,25.4967,25.389,25.4738
2018-03-12,25.478,25.4996,25.4331,25.4532
2018-03-13,25.4468,25.5176,25.4325,25.486
2018-03-14,25.4979,25.5062,25.419,25.4389
2018-03-15,25.4345,25.4512,25.3929,25.4053
2018-03-16,25.4017,25.4487,25.3783,25.4101
2018-03-19,25.4109,25.4813,25.3996,25.4242
2018-03-20,25.4197,25.4475,25.3933,25.4081
2018-03-21,25.4108,25.4949,25.3452,25.3966
2018-03-22,25.3977,25.4426,25.3573,25.4073
2018-03-23,25.3924,25.4479,25.374,25.4006
2018-03-26,25.4199,25.4786,25.3766,25.4315
2018-03-27,25.4522,25.4834,25.4107,25.4589
2018-03-28,25.4705,25.484,25.4186,25.4551
2018-03-29,25.4346,25.4649,25.3498,25.3795
2018-03-30,25.3685,25.3944,25.2846,25.3354
2018-04-02,25.3394,25.395,25.308,25.3457
2018-04-03,25.3318,25.371,25.2814,25.3141
2018-04-04,25.3166,25.3582,25.2875,25.3245
2018-04-05,25.3024,25.3595,25.2846,25.3179
2018-04-06,25.3207,25.3836,25.2977,25.3741
2018-04-09,25.3595,25.3818,25.3091,25.3234
2018-04-10,25.3367,25.4055,25.2425,25.2879
2018-04-11,25.3005,25.3427,25.2772,25.325
2018-04-12,25.3117,25.3397,25.2608,25.3017
2018-04-13,25.2998,25.3315,25.254,25.2903
2018-04-16,25.2855,25.3167,25.229,25.2603
2018-04-17,25.2557,25.2913,25.2242,25.2724
2018-04-18,25.2682,25.3262,25.2358,25.2961
2018-04-19,25.2739,25.3544,25.2618,25.3238
2018-04-20,25.3161,25.3958,25.2886,25.3608
2018-04-23,25.3473,25.437,25.3324,25.4218
2018-04-24,25.4075,25.4645,25.3945,25.4266
2018-04-25,25.434,25.4671,25.4032,25.4533
2018-04-26,25.4409,25.5077,25.3965,25.4378
2018-04-27,25.4588,25.498,25.429,25.4646
2018-04-30,25.453,25.6077,25.4358,25.584
2018-05-01,25.5837,25.7794,25.5574,25.6716
2018-05-02,25.6458,25.7097,25.5174,25.6023
2018-05-03,25.5843,25.6261,25.4598,25.4744
2018-05-04,25.4921,25.5607,25.4303,25.4789
2018-05-07,25.4521,25.5285,25.4314,25.5157
2018-05-08,25.5186,25.5963,25.4581,25.557
2018-05-09,25.5374,25.6189,25.5302,25.5665
2018-05-10,25.5647,25.5817,25.4304,25.4495
2018-05-11,25.474,25.5211,25.4289,25.4814
2018-05-14,25.4706,25.5106,25.448,25.4932
2018-05-15,25.4804,25.6163,25.4626,25.5561
2018-05-16,25.5656,25.5801,25.4786,25.4944
2018-05-17,25.5159,25.6264,25.4847,25.5812
2018-05-18,25.5679,25.6781,25.5317,25.6419
2018-05-21,25.6168,25.731,25.6023,25.6712
2018-05-22,25.6731,25.7377,25.614,25.6564
2018-05-23,25.6622,25.8526,25.6334,25.7618
2018-05-24,25.7601,25.8487,25.7338,25.7811
2018-05-25,25.7733,25.8417,25.6824,25.7349
2018-05-28,25.7109,25.7567,25.654,25.7448
2018-05-29,25.696,25.9471,25.6806,25.9228
2018-05-30,25.9225,25.9542,25.7989,25.8375
2018-05-31,25.8561,25.9005,25.7262,25.8197
2018-06-01,25.8085,25.855,25.7424,25.8038
2018-06-04,25.7966,25.8259,25.6714,25.7054
2018-06-05,25.6746,25.7129,25.5588,25.6091
2018-06-06,25.6008,25.6916,25.5652,25.6614
2018-06-07,25.6795,25.7887,25.5939,25.7259
2018-06-08,25.7386,25.8811,25.7247,25.754
2018-06-11,25.7539,25.7727,25.6138,25.6416
2018-06-12,25.6256,25.6993,25.5816,25.6677
2018-06-13,25.6783,25.7394,25.5551,25.6556
2018-06-14,25.6994,25.7639,25.5775,25.7615
2018-06-15,25.7291,25.7898,25.6653,25.7317
2018-06-18,25.6551,25.8065,25.6513,25.7773
2018-06-19,25.7696,25.8637,25.7497,25.8402
2018-06-20,25.8394,25.8626,25.7182,25.8243
2018-06-21,25.8333,25.9844,25.7929,25.8532
2018-06-22,25.8494,25.8858,25.7317,25.7989
2018-06-25,25.7963,25.9741,25.7674,25.8877
2018-06-26,25.9002,25.9381,25.8328,25.8841
2018-06-27,25.8866,25.9801,25.7285,25.9018
2018-06-28,25.9126,26.0588,25.89,25.9362
2018-06-29,25.9267,26.0695,25.8589,25.959
2018-07-02,25.9617,26.1327,25.9422,26.0693
2018-07-03,26.0481,26.1559,26.0481,26.1108
2018-07-04,26.1111,26.1298,25.9897,26.0092
2018-07-05,26.0421,26.0545,25.8967,25.8967
2018-07-06,25.9314,26.02,25.8682,25.9127
2018-07-09,25.8852,25.9049,25.8255,25.8485
2018-07-10,25.8309,25.9761,25.8074,25.8168
2018-07-11,25.8203,25.9755,25.7996,25.9306
2018-07-12,25.927,25.974,25.8879,25.9224
2018-07-13,25.9276,25.9629,25.8846,25.8981
2018-07-16,25.8959,25.9079,25.8502,25.8611
2018-07-17,25.8645,25.9033,25.8232,25.8602
2018-07-18,25.8539,25.8847,25.8058,25.8316
2018-07-19,25.8402,25.9913,25.8192,25.9223
2018-07-20,25.9362,25.9572,25.8302,25.8639
2018-07-23,25.8875,25.9172,25.7966,25.8351
2018-07-24,25.7992,25.8939,25.664,25.6723
2018-07-25,25.6716,25.7266,25.6108,25.6274
2018-07-26,25.6268,25.6825,25.5806,25.6481
2018-07-27,25.6278,25.6669,25.5897,25.6417
2018-07-30,25.6127,25.6649,25.5848,25.5951
2018-07-31,25.6018,25.6261,25.5506,25.5667
2018-08-01,25.5786,25.6177,25.5523,25.5891
2018-08-02,25.5871,25.6834,25.5456,25.6674
2018-08-03,25.6427,25.719,25.6044,25.633
2018-08-06,25.6716,25.6822,25.6153,25.6303
2018-08-07,25.6521,25.66,25.5865,25.5966
2018-08-08,25.5949,25.6208,25.5588,25.5991
2018-08-09,25.6007,25.6387,25.5375,25.5861
2018-08-10,25.5871,25.7126,25.4765,25.6678
2018-08-13,25.6662,25.7865,25.6257,25.7688
2018-08-14,25.7151,25.7824,25.6591,25.702
2018-08-15,25.6936,25.8735,25.6339,25.7612
2018-08-16,25.7723,25.8268,25.6751,25.7431
2018-08-17,25.7405,25.767,25.6863,25.6869
2018-08-20,25.6975,25.7758,25.6602,25.7353
2018-08-21,25.7415,25.8157,25.6927,25.7369
2018-08-22,25.7419,25.7783,25.6905,25.731
2018-08-23,25.7221,25.7815,25.6894,25.7374
2018-08-24,25.7439,25.8733,25.7037,25.76
2018-08-27,25.7647,25.7887,25.6918,25.7032
2018-08-28,25.7141,25.7469,25.6782,25.7133
2018-08-29,25.7002,25.8039,25.6828,25.7276
2018-08-30,25.7501,25.7915,25.722,25.7801
2018-08-31,25.7693,25.812,25.6893,25.7898
2018-09-03,25.7445,25.7796,25.7263,25.7427
2018-09-04,25.7386,25.769,25.6905,25.7324
2018-09-05,25.7326,25.821,25.7093,25.7369
2018-09-06,25.7392,25.7791,25.6498,25.7228
2018-09-07,25.7171,25.7504,25.6153,25.6857
2018-09-10,25.6885,25.7103,25.6206,25.643
2018-09-11,25.6525,25.6704,25.5968,25.6429
2018-09-12,25.6481,25.6714,25.5104,25.5851
2018-09-13,25.5869,25.6019,25.488,25.5191
2018-09-14,25.5205,25.5296,25.4376,25.4661
2018-09-17,25.4668,25.4804,25.4295,25.4439
2018-09-18,25.4497,25.4764,25.3953,25.4228
2018-09-19,25.4297,25.5353,25.3912,25.5086
2018-09-20,25.5065,25.6079,25.501,25.5578
2018-09-21,25.5639,25.6141,25.4983,25.5961
2018-09-24,25.5882,25.7266,25.5806,25.605
2018-09-25,25.6017,25.6538,25.5773,25.6044
2018-09-26,25.6074,25.7159,25.5645,25.6323
2018-09-27,25.6408,25.7407,25.5962,25.6782
2018-09-28,25.6925,25.7977,25.6415,25.7689
2018-10-01,25.7616,25.835,25.7143,25.8138
2018-10-02,25.7653,25.8805,25.7653,25.8023
2018-10-03,25.8,25.8656,25.67,25.7245
2018-10-04,25.7227,25.8247,25.7053,25.7891
2018-10-05,25.7871,25.8173,25.7015,25.7595
2018-10-08,25.756,25.8012,25.7242,25.7799
2018-10-09,25.7826,25.8479,25.7476,25.8111
2018-10-10,25.8111,25.89,25.7921,25.8891
2018-10-11,25.8847,25.9219,25.8021,25.8197
2018-10-12,25.8218,25.8434,25.7461,25.798
2018-10-15,25.7768,25.8318,25.7612,25.8208
2018-10-16,25.823,25.8604,25.7857,25.8251
2018-10-17,25.8262,25.8709,25.8139,25.8441
2018-10-18,25.8349,25.9225,25.8172,25.884
2018-10-19,25.8704,25.9231,25.8352,25.8656
2018-10-22,25.8785,25.8915,25.8104,25.8295
2018-10-23,25.8192,25.8734,25.7606,25.7797
2018-10-24,25.7764,25.8719,25.7237,25.8695
2018-10-25,25.8685,25.881,25.7877,25.8671
2018-10-26,25.8652,25.8928,25.8016,25.8297
2018-10-29,25.8214,25.9028,25.7808,25.878
2018-10-30,25.8698,25.9129,25.8395,25.888
2018-10-31,25.8894,25.9613,25.8725,25.9392
2018-11-01,25.9411,25.9568,25.8101,25.8291
2018-11-02,25.8258,25.8617,25.7446,25.8132
2018-11-05,25.8133,25.8709,25.7833,25.8017
2018-11-06,25.8085,25.8763,25.7921,25.8632
2018-11-07,25.8612,25.9192,25.7948,25.8824
2018-11-08,25.8827,25.9229,25.8162,25.875
2018-11-09,25.883,25.9584,25.8571,25.9371
2018-11-12,25.9508,25.9801,25.8967,25.9273
2018-11-13,25.9063,25.981,25.902,25.9381
2018-11-14,25.9626,26.0647,25.9316,26.0321
2018-11-15,26.0123,26.0543,25.9152,26.0135
2018-11-16,26.0141,26.0456,25.954,25.9904
2018-11-19,25.9886,26.0436,25.956,26.0262
2018-11-20,26.0148,26.0862,26.0006,26.0249
2018-11-21,26.0277,26.0497,25.9709,26.0035
2018-11-22,26.0084,26.0393,25.9583,25.9943
2018-11-23,25.997,26.0206,25.8853,25.9098
2018-11-26,25.9206,25.9415,25.8628,25.9384
2018-11-27,25.9355,25.9861,25.8865,25.9264
2018-11-28,25.9366,26.1631,25.8959,25.9339
2018-11-29,25.9377,26.0015,25.9179,25.9649
2018-11-30,25.9621,25.9958,25.9172,25.9925
2018-12-03,25.9617,26.0209,25.8844,25.9315
2018-12-04,25.9316,25.9566,25.8791,25.9367
2018-12-05,25.9344,25.9537,25.8666,25.9119
2018-12-06,25.917,25.9362,25.8514,25.8835
2018-12-07,25.8926,25.9684,25.8046,25.8613
2018-12-10,25.8819,25.8892,25.8237,25.8666
2018-12-11,25.8653,25.8891,25.821,25.8543
2018-12-12,25.858,25.9245,25.8267,25.8538
2018-12-13,25.8461,25.8625,25.778,25.8219
2018-12-14,25.8219,25.8309,25.7695,25.7913
2018-12-17,25.7977,25.8289,25.7592,25.7786
2018-12-18,25.778,25.8024,25.7001,25.7441
2018-12-19,25.745,25.8026,25.6544,25.7499
2018-12-20,25.7578,25.827,25.7361,25.7951
2018-12-21,25.7723,25.8832,25.7663,25.8448
2018-12-24,25.862,25.9317,25.8317,25.8914
2018-12-26,25.8769,25.9408,25.8378,25.9047
2018-12-27,25.8974,25.9251,25.7904,25.8455
2018-12-28,25.8447,25.8658,25.7189,25.7327
2018-12-31,25.7502,25.8049,25.6962,25.7153
2019-01-02,25.726,25.7929,25.6831,25.7641
2019-01-03,25.7722,25.8081,25.638,25.6631
2019-01-04,25.6452,25.7175,25.5393,25.5611
2019-01-07,25.5779,25.6065,25.5264,25.559
2019-01-08,25.5764,25.6578,25.5378,25.6384
2019-01-09,25.6302,25.7366,25.604,25.6286
2019-01-10,25.6346,25.652,25.5429,25.5755
2019-01-11,25.5804,25.6141,25.5395,25.5615
2019-01-14,25.5625,25.5918,25.5345,25.5473
2019-01-15,25.5479,25.5944,25.4808,25.5446
2019-01-16,25.5436,25.6024,25.5207,25.5356
2019-01-17,25.5367,25.569,25.5086,25.5386
2019-01-18,25.5423,25.5951,25.5309,25.5831
2019-01-21,25.5739,25.6148,25.5675,25.5765
2019-01-22,25.5886,25.6643,25.5705,25.64
2019-01-23,25.6318,25.7207,25.6181,25.7071
2019-01-24,25.6978,25.7583,25.6429,25.7286
2019-01-25,25.7259,25.7543,25.6462,25.6924
2019-01-28,25.6679,25.782,25.6514,25.7633
2019-01-29,25.7622,25.8141,25.7327,25.7758
2019-01-30,25.7688,25.8912,25.7285,25.7758
2019-01-31,25.7694,25.7945,25.711,25.7554
2019-02-01,25.7579,25.7779,25.6491,25.708
2019-02-04,25.7193,25.7538,25.6762,25.6912
2019-02-05,25.6863,25.7339,25.668,25.7173
2019-02-06,25.7161,25.8248,25.7011,25.8001
2019-02-07,25.8025,25.8322,25.7682,25.8022
2019-02-08,25.7771,25.8365,25.7609,25.8332
2019-02-11,25.812,25.885,25.8014,25.8817
2019-02-12,25.8649,25.9018,25.8134,25.8575
2019-02-13,25.8599,25.8721,25.7694,25.8003
2019-02-14,25.8097,25.853,25.7516,25.7894
2019-02-15,25.7861,25.8153,25.67,25.677
2019-02-18,25.6801,25.7399,25.6515,25.7186
2019-02-19,25.7193,25.7562,25.66,25.6766
2019-02-20,25.6788,25.7166,25.6163,25.6544
2019-02-21,25.6632,25.6976,25.6162,25.6465
2019-02-22,25.6343,25.6862,25.6265,25.651
2019-02-25,25.6542,25.6742,25.6105,25.6391
2019-02-26,25.6415,25.6967,25.6239,25.6307
2019-02-27,25.6363,25.6777,25.6198,25.6293
2019-02-28,25.6451,25.6587,25.5647,25.629
2019-03-01,25.6308,25.6687,25.6003,25.6542
2019-03-04,25.6307,25.6557,25.6088,25.6342
2019-03-05,25.6342,25.6411,25.5925,25.6279
2019-03-06,25.6221,25.6412,25.5508,25.5956
2019-03-07,25.5962,25.6499,25.5221,25.6257
2019-03-08,25.6341,25.6839,25.6071,25.6481
2019-03-11,25.6379,25.6829,25.6277,25.6531
2019-03-12,25.6539,25.699,25.6426,25.6594
2019-03-13,25.6608,25.6941,25.6454,25.6714
2019-03-14,25.6644,25.6813,25.6481,25.6619
2019-03-15,25.666,25.6916,25.6261,25.6304
2019-03-18,25.5605,25.656,25.5524,25.6072
2019-03-19,25.6096,25.6381,25.5919,25.6171
2019-03-20,25.619,25.7759,25.6079,25.6481
2019-03-21,25.6397,25.6954,25.6253,25.6697
2019-03-22,25.6637,25.7775,25.5237,25.7584
2019-03-25,25.7591,25.782,25.7155,25.7569
2019-03-26,25.7537,25.7831,25.7231,25.7511
2019-03-27,25.7418,25.8146,25.7217,25.7675
2019-03-28,25.7714,25.8287,25.7523,25.8171
2019-03-29,25.8127,25.8515,25.775,25.8213
2019-04-01,25.7924,25.8301,25.7622,25.7697
2019-04-02,25.7792,25.7932,25.7271,25.7381
2019-04-03,25.7359,25.7585,25.6729,25.6956
2019-04-04,25.6965,25.738,25.6571,25.6648
2019-04-05,25.6656,25.6774,25.5972,25.645
2019-04-08,25.646,25.6588,25.6018,25.6284
2019-04-09,25.6224,25.6444,25.5991,25.6311
2019-04-10,25.6322,25.6432,25.5645,25.5939
2019-04-11,25.5957,25.6306,25.5807,25.61
2019-04-12,25.6162,25.6425,25.5904,25.6188
2019-04-15,25.6154,25.6524,25.5958,25.635
2019-04-16,25.6416,25.6817,25.5966,25.6678
2019-04-17,25.6708,25.6895,25.6324,25.6551
2019-04-18,25.6587,25.7066,25.5855,25.7015
2019-04-22,25.6874,25.7243,25.6734,25.7155
2019-04-23,25.7017,25.7568,25.6988,25.7396
2019-04-24,25.7336,25.771,25.7021,25.7432
2019-04-25,25.7388,25.7655,25.7197,25.72
2019-04-26,25.7258,25.7364,25.6524,25.6941
2019-04-29,25.7027,25.719,25.6591,25.6724
2019-04-30,25.6813,25.7069,25.611,25.6344
2019-05-01,25.6371,25.6653,25.5464,25.6267
2019-05-02,25.6237,25.7169,25.609,25.7009
2019-05-03,25.7018,25.7415,25.6731,25.7044
2019-05-06,25.722,25.7363,25.6794,25.7192
2019-05-07,25.7211,25.7549,25.694,25.7354
2019-05-08,25.7287,25.7454,25.6938,25.7289
2019-05-09,25.7283,25.7876,25.7087,25.7427
2019-05-10,25.7377,25.7567,25.7039,25.7272
2019-05-13,25.7462,25.8111,25.7297,25.7608
2019-05-14,25.7729,25.7795,25.7031,25.755
2019-05-15,25.7625,25.8525,25.7096,25.7211
2019-05-16,25.7263,25.7444,25.6716,25.7192
2019-05-17,25.7122,25.7878,25.7033,25.7739
2019-05-20,25.7637,25.8003,25.7549,25.796
2019-05-21,25.7914,25.8382,25.7661,25.7714
2019-05-22,25.7745,25.8262,25.7578,25.813
2019-05-23,25.81,25.8765,25.7903,25.8586
2019-05-24,25.863,25.8875,25.8128,25.841
2019-05-27,25.8328,25.867,25.8182,25.847
2019-05-28,25.8566,25.8612,25.8184,25.8561
2019-05-29,25.8587,25.8844,25.8382,25.8587
2019-05-30,25.8533,25.8669,25.8243,25.8331
2019-05-31,25.837,25.8551,25.7997,25.8382
2019-06-03,25.8429,25.8716,25.7888,25.798
2019-06-04,25.808,25.8185,25.6926,25.7001
2019-06-05,25.7197,25.7311,25.6175,25.6621
2019-06-06,25.6664,25.747,25.5921,25.6439
2019-06-07,25.6301,25.7482,25.5855,25.6135
2019-06-10,25.6217,25.6521,25.5892,25.6241
2019-06-11,25.6258,25.6791,25.599,25.6159
2019-06-12,25.6131,25.6517,25.5656,25.59
2019-06-13,25.588,25.5969,25.5488,25.5548
2019-06-14,25.5608,25.5698,25.4947,25.5443
2019-06-17,25.5453,25.5822,25.5197,25.5673
2019-06-18,25.5642,25.6645,25.5079,25.6038
2019-06-19,25.608,25.6888,25.5965,25.6252
2019-06-20,25.6359,25.6609,25.5679,25.6007
2019-06-21,25.6041,25.66,25.5793,25.6195
2019-06-24,25.6192,25.6276,25.5512,25.5643
2019-06-25,25.5806,25.5846,25.4035,25.4624
2019-06-26,25.4641,25.5213,25.4028,25.4264
2019-06-27,25.4351,25.4742,25.4126,25.4472
2019-06-28,25.4448,25.4792,25.4073,25.4284
2019-07-01,25.4311,25.4933,25.4034,25.4543
2019-07-02,25.4549,25.4844,25.4154,25.445
2019-07-03,25.4507,25.4863,25.415,25.441
2019-07-04,25.4441,25.4734,25.4161,25.4701
2019-07-05,25.4706,25.5314,25.4231,25.5098
2019-07-08,25.4993,25.5417,25.4769,25.5227
2019-07-09,25.5108,25.5683,25.4983,25.5627
2019-07-10,25.5405,25.6374,25.5392,25.5821
2019-07-11,25.5868,25.6332,25.5672,25.6023
2019-07-12,25.6034,25.621,25.5733,25.5962
2019-07-15,25.5909,25.6135,25.5559,25.5855
2019-07-16,25.5895,25.6074,25.5502,25.5887
2019-07-17,25.5832,25.6425,25.5761,25.6186
2019-07-18,25.624,25.6355,25.5288,25.5427
2019-07-19,25.5432,25.5665,25.4793,25.5368
2019-07-22,25.535,25.5539,25.5162,25.5428
2019-07-23,25.5417,25.5665,25.5264,25.5578
2019-07-24,25.5583,25.5651,25.4966,25.5012
2019-07-25,25.5078,25.607,25.4455,25.5359
2019-07-26,25.5365,25.5812,25.5136,25.5668
2019-07-29,25.5655,25.6675,25.5626,25.652
2019-07-30,25.6553,25.6859,25.6312,25.6641
2019-07-31,25.6618,25.7534,25.5963,25.6838
2019-08-01,25.6883,25.8022,25.6738,25.8017
2019-08-02,25.8012,25.8281,25.7153,25.7435
2019-08-05,25.7585,25.8187,25.7415,25.8116
2019-08-06,25.8277,25.8431,25.7105,25.7383
2019-08-07,25.7395,25.791,25.7002,25.7641
2019-08-08,25.7555,25.8741,25.7506,25.7893
2019-08-09,25.8096,25.851,25.7754,25.8357
2019-08-12,25.8307,25.869,25.7919,25.8472
2019-08-13,25.8401,25.8555,25.7688,25.8348
2019-08-14,25.8352,25.8982,25.7968,25.884
2019-08-15,25.8652,25.9101,25.8144,25.8245
2019-08-16,25.8393,25.8526,25.7167,25.7444
2019-08-19,25.7411,25.8207,25.7277,25.7928
2019-08-20,25.8022,25.8336,25.7797,25.7885
2019-08-21,25.7805,25.8231,25.7399,25.7858
2019-08-22,25.7902,25.8282,25.7597,25.7833
2019-08-23,25.784,25.9086,25.7459,25.8751
2019-08-26,25.8622,25.9011,25.7651,25.7936
2019-08-27,25.8117,25.8563,25.7671,25.8412
2019-08-28,25.8329,25.8912,25.8242,25.876
2019-08-29,25.8751,25.9383,25.8387,25.8861
2019-08-30,25.8924,25.9727,25.8589,25.9514
2019-09-02,25.9681,25.9704,25.8757,25.8967
2019-09-03,25.8934,25.9168,25.8205,25.8384
2019-09-04,25.8372,25.8928,25.7876,25.8584
2019-09-05,25.8617,25.8815,25.8167,25.8291
2019-09-06,25.8345,25.878,25.8034,25.8324
2019-09-09,25.8507,25.9131,25.8436,25.8572
2019-09-10,25.8538,25.8839,25.835,25.8555
2019-09-11,25.8597,25.915,25.8441,25.8928
2019-09-12,25.8818,25.9726,25.7148,25.8337
2019-09-13,25.8371,25.8817,25.812,25.861
2019-09-16,25.8508,25.8986,25.8393,25.8575
2019-09-17,25.8592,25.9443,25.8349,25.9067
2019-09-18,25.8994,25.9219,25.8126,25.8791
2019-09-19,25.8799,25.9236,25.8728,25.899
2019-09-20,25.8951,25.9294,25.8523,25.8604
2019-09-23,25.8713,25.9219,25.827,25.8823
2019-09-24,25.8795,25.9081,25.8438,25.8576
2019-09-25,25.8687,25.8975,25.7458,25.7605
2019-09-26,25.7701,25.891,25.7447,25.8434
2019-09-27,25.8258,25.8733,25.8143,25.8502
2019-09-30,25.8398,25.8685,25.7609,25.7902
2019-10-01,25.7989,25.8272,25.7226,25.7816
2019-10-02,25.7779,25.8107,25.7138,25.7826
2019-10-03,25.7823,25.8074,25.6918,25.7125
2019-10-04,25.7119,25.7796,25.693,25.7387
2019-10-07,25.7296,25.8041,25.7232,25.7752
2019-10-08,25.7759,25.8382,25.7566,25.7902
2019-10-09,25.7922,25.8677,25.7678,25.809
2019-10-10,25.8156,25.9008,25.7892,25.8249
2019-10-11,25.8439,25.881,25.758,25.7857
2019-10-14,25.7963,25.8572,25.793,25.8335
2019-10-15,25.8306,25.8983,25.7547,25.7818
2019-10-16,25.781,25.8405,25.7226,25.7556
2019-10-17,25.759,25.7906,25.649,25.7147
2019-10-18,25.7052,25.7349,25.6151,25.621
2019-10-21,25.6401,25.6612,25.5694,25.5843
2019-10-22,25.5866,25.5907,25.5328,25.5593
2019-10-23,25.5661,25.6607,25.5548,25.6028
2019-10-24,25.6048,25.6594,25.5701,25.6085
2019-10-25,25.6018,25.6141,25.546,25.557
2019-10-28,25.5542,25.5773,25.4652,25.5183
2019-10-29,25.5217,25.5793,25.519,25.5456
2019-10-30,25.5427,25.5541,25.4641,25.5287
2019-10-31,25.529,25.5427,25.4843,25.5152
2019-11-01,25.5136,25.559,25.4532,25.5102
2019-11-04,25.5228,25.5421,25.4932,25.5362
2019-11-05,25.5323,25.5542,25.4965,25.5066
2019-11-06,25.517,25.5428,25.4802,25.5348
2019-11-07,25.5218,25.5472,25.4576,25.5335
2019-11-08,25.5208,25.561,25.4732,25.4922
2019-11-11,25.4897,25.5243,25.4806,25.5046
2019-11-12,25.5049,25.5625,25.4866,25.5606
2019-11-13,25.5474,25.6162,25.5347,25.5719
2019-11-14,25.5718,25.608,25.5286,25.5949
2019-11-15,25.5743,25.6282,25.5656,25.5876
2019-11-18,25.5858,25.614,25.569,25.5769
2019-11-19,25.5705,25.5863,25.5463,25.5515
2019-11-20,25.5555,25.5693,25.5154,25.5221
2019-11-21,25.5254,25.5546,25.4918,25.5415
2019-11-22,25.5367,25.5612,25.4677,25.4915
2019-11-25,25.4985,25.5138,25.4607,25.51
2019-11-26,25.5004,25.5301,25.4806,25.5044
2019-11-27,25.5077,25.5485,25.4862,25.524
2019-11-28,25.5277,25.5808,25.5224,25.5657
2019-11-29,25.5695,25.5801,25.4911,25.552
2019-12-02,25.5376,25.5876,25.5185,25.5487
2019-12-03,25.5507,25.5684,25.5116,25.5291
2019-12-04,25.5245,25.5673,25.4858,25.558
2019-12-05,25.5412,25.5629,25.51,25.5481
2019-12-06,25.5467,25.5593,25.482,25.5175
2019-12-09,25.5392,25.5506,25.511,25.5282
2019-12-10,25.5269,25.5433,25.4995,25.5278
2019-12-11,25.5324,25.539,25.4861,25.5117
2019-12-12,25.5069,25.5508,25.4799,25.5175
2019-12-13,25.5126,25.5433,25.4168,25.4931
2019-12-16,25.4894,25.5161,25.4229,25.4343
2019-12-17,25.4378,25.5034,25.4309,25.4404
2019-12-18,25.4369,25.5117,25.4158,25.4866
2019-12-19,25.475,25.5041,25.4124,25.4242
2019-12-20,25.4087,25.4593,25.401,25.4493
2019-12-23,25.4414,25.5342,25.4401,25.4885
2019-12-24,25.4963,25.5413,25.4632,25.5286
2019-12-26,25.5078,25.518,25.4318,25.4553
2019-12-27,25.4827,25.5424,25.4401,25.4755
2019-12-30,25.4505,25.4918,25.4007,25.4098
2019-12-31,25.4113,25.4365,25.3913,25.4219
2020-01-02,25.4169,25.4335,25.3128,25.3461
2020-01-03,25.3314,25.3878,25.3013,25.3476
2020-01-06,25.3658,25.3943,25.2291,25.2441
2020-01-07,25.2574,25.2947,25.2236,25.2499
2020-01-08,25.248,25.2845,25.2028,25.228
2020-01-09,25.2258,25.2835,25.2179,25.2457
2020-01-10,25.2426,25.3144,25.2301,25.2609
2020-01-13,25.2676,25.2749,25.2053,25.2068
2020-01-14,25.2084,25.2175,25.1369,25.1749
2020-01-15,25.1583,25.1898,25.0547,25.0842
2020-01-16,25.0884,25.2019,25.0764,25.1646
2020-01-17,25.1733,25.1861,25.1289,25.1574
2020-01-20,25.1388,25.1691,25.0756,25.0907
2020-01-21,25.099,25.1275,25.047,25.1065
2020-01-22,25.0994,25.1905,25.0806,25.1316
2020-01-23,25.1401,25.203,25.1085,25.1635
2020-01-24,25.1685,25.1774,25.0963,25.1655
2020-01-27,25.1575,25.2726,25.1514,25.2599
2020-01-28,25.2574,25.2776,25.184,25.2276
2020-01-29,25.2219,25.2713,25.1901,25.252
2020-01-30,25.2462,25.2853,25.1997,25.2483
2020-01-31,25.2474,25.2662,25.176,25.2232
2020-02-03,25.2007,25.2349,25.1492,25.1991
2020-02-04,25.2045,25.2145,25.0918,25.0972
2020-02-05,25.1051,25.1131,25.0148,25.084
2020-02-06,25.0778,25.1014,24.8818,24.9872
2020-02-07,24.9883,25.0937,24.9723,25.0449
2020-02-10,25.0414,25.0526,25.0025,25.0297
2020-02-11,25.0274,25.0342,24.9105,24.917
2020-02-12,24.9357,24.9409,24.8078,24.8404
2020-02-13,24.8392,24.8957,24.8288,24.8719
2020-02-14,24.8692,24.903,24.7751,24.8849
2020-02-17,24.8654,24.9014,24.7761,24.8401
2020-02-18,24.8381,24.9849,24.8204,24.9474
2020-02-19,24.96,24.9819,24.9192,24.9479
2020-02-20,24.958,25.1035,24.9292,25.0607
2020-02-21,25.0601,25.1424,25.0157,25.0652
2020-02-24,25.0731,25.2909,25.0165,25.2639
2020-02-25,25.2555,25.2871,25.1834,25.2502
2020-02-26,25.2598,25.3778,25.2337,25.3465
2020-02-27,25.3456,25.3949,25.2387,25.3211
2020-02-28,25.3132,25.5435,25.3031,25.4474
2020-03-02,25.484,25.6144,25.354,25.5039
2020-03-03,25.5016,25.6017,25.2662,25.4262
2020-03-04,25.3952,25.4266,25.2615,25.2937
2020-03-05,25.2924,25.4217,25.2783,25.3726
2020-03-06,25.3839,25.5014,25.3034,25.4189
2020-03-09,25.458,25.6867,25.3949,25.5648
2020-03-10,25.5975,25.7194,25.4234,25.6443
2020-03-11,25.6164,25.8111,25.5983,25.7998
2020-03-12,25.7791,26.3864,25.7712,26.1952
2020-03-13,26.2106,26.3537,25.9852,26.3091
2020-03-16,26.3063,27.4048,26.2151,27.325
2020-03-17,27.3377,27.3988,26.7322,27.1326
2020-03-18,27.132,27.8304,26.9672,27.7326
2020-03-19,27.6993,28.0011,27.5019,27.7653
2020-03-20,27.7624,27.8667,26.9309,27.2809
2020-03-23,27.3003,27.8763,27.2076,27.7864
2020-03-24,27.7845,27.9132,27.5108,27.721
2020-03-25,27.7215,27.8048,27.3147,27.4201
2020-03-26,27.4132,27.6149,27.1542,27.1772
2020-03-27,27.1648,27.4029,27.129,27.3538
2020-03-30,27.322,27.5032,27.2319,27.3083
2020-03-31,27.3206,27.4764,27.2198,27.3751
2020-04-01,27.3681,27.5943,27.2855,27.4998
2020-04-02,27.5241,27.715,27.3806,27.5216
2020-04-03,27.5402,27.8375,27.4666,27.8237
2020-04-06,27.7406,27.7681,27.4933,27.5836
2020-04-07,27.5795,27.6201,27.104,27.1487
2020-04-08,27.1462,27.2661,27.0167,27.1277
2020-04-09,27.1432,27.1853,26.8611,27.0128
2020-04-13,26.9474,27.0418,26.8807,26.889
2020-04-14,26.8744,26.9318,26.7534,26.8385
2020-04-15,26.8278,27.1154,26.8077,27.0069
2020-04-16,27.0371,27.2848,26.9904,27.2018
2020-04-17,27.1597,27.349,27.0441,27.223
2020-04-20,27.2101,27.4538,27.1802,27.3965
2020-04-21,27.3994,27.5677,27.3395,27.5232
2020-04-22,27.5022,27.6785,27.4342,27.6034
2020-04-23,27.601,27.6735,27.4655,27.5132
2020-04-24,27.4981,27.5148,27.2065,27.2282
2020-04-27,27.1862,27.3691,27.0863,27.2898
2020-04-28,27.2906,27.3603,27.121,27.1823
2020-04-29,27.179,27.2359,27.0788,27.0914
2020-04-30,27.1075,27.2275,27.0354,27.116
2020-05-01,27.1139,27.2924,27.0922,27.2355
2020-05-04,27.2145,27.2803,27.0536,27.0765
2020-05-05,27.0646,27.1328,26.9324,27.0409
2020-05-06,27.0131,27.1525,26.9666,27.0936
2020-05-07,27.1018,27.3307,27.0629,27.2374
2020-05-08,27.259,27.325,27.2019,27.2298
2020-05-11,27.2811,27.621,27.1547,27.5191
2020-05-12,27.5097,27.608,27.352,27.4562
2020-05-13,27.4577,27.5463,27.3395,27.4654
2020-05-14,27.4829,27.7059,27.4506,27.6061
2020-05-15,27.6073,27.7696,27.4387,27.7129
2020-05-18,27.6876,27.7132,27.5735,27.6358
2020-05-19,27.652,27.6777,27.4219,27.4965
2020-05-20,27.4909,27.5182,27.2824,27.3187
2020-05-21,27.3259,27.3649,27.0786,27.1103
2020-05-22,27.1343,27.3575,27.0859,27.3109
2020-05-25,27.2584,27.3409,27.1982,27.24
2020-05-26,27.2396,27.2525,27.0081,27.0308
2020-05-27,27.0353,27.221,26.916,27.1257
2020-05-28,27.1135,27.1742,26.9277,27.0207
2020-05-29,27.008,27.044,26.872,26.9158
2020-06-01,26.9091,26.9531,26.7172,26.7514
2020-06-02,26.7775,26.831,26.5209,26.5932
2020-06-03,26.5792,26.673,26.4783,26.6314
2020-06-04,26.6179,26.8721,26.5245,26.6757
2020-06-05,26.6687,26.6911,26.4422,26.6147
2020-06-08,26.6098,26.6883,26.5287,26.589
2020-06-09,26.5949,26.7219,26.5081,26.5584
2020-06-10,26.5474,26.735,26.4694,26.5612
2020-06-11,26.5584,26.7841,26.5427,26.7278
2020-06-12,26.7429,26.824,26.614,26.7502
2020-06-15,26.7654,26.8927,26.6177,26.6403
2020-06-16,26.6686,26.7204,26.484,26.6262
2020-06-17,26.6149,26.6513,26.5061,26.6012
2020-06-18,26.5799,26.7236,26.571,26.6773
2020-06-19,26.6941,26.7374,26.6321,26.6604
2020-06-22,26.6185,26.7236,26.6101,26.662
2020-06-23,26.6726,26.7376,26.5772,26.6183
2020-06-24,26.6146,26.7489,26.5758,26.7395
2020-06-25,26.7246,26.8762,26.6837,26.6985
2020-06-26,26.7184,26.8529,26.678,26.7797
2020-06-29,26.7758,26.8987,26.7307,26.7804
2020-06-30,26.7966,26.8596,26.598,26.6681
2020-07-01,26.669,26.6957,26.5826,26.5912
2020-07-02,26.6077,26.665,26.5375,26.5963
2020-07-03,26.6081,26.6969,26.5736,26.6811
2020-07-06,26.6752,26.7381,26.6263,26.6786
2020-07-07,26.684,26.7613,26.6501,26.7248
2020-07-08,26.7073,26.8055,26.6259,26.6467
2020-07-09,26.6566,26.7388,26.5828,26.6468
2020-07-10,26.6575,26.7373,26.622,26.6685
2020-07-13,26.6712,26.7234,26.6087,26.6685
2020-07-14,26.6627,26.7233,26.6191,26.6725
2020-07-15,26.6729,26.691,26.5761,26.6733
2020-07-16,26.6779,26.7238,26.6509,26.6941
2020-07-17,26.6894,26.7193,26.6311,26.6403
2020-07-20,26.6629,26.6977,26.5588,26.6179
2020-07-21,26.6222,26.6472,26.3219,26.332
2020-07-22,26.3414,26.4476,26.2991,26.371
2020-07-23,26.3814,26.4284,26.2299,26.3078
2020-07-24,26.321,26.3581,26.2137,26.2614
2020-07-27,26.2475,26.3988,26.1727,26.1751
2020-07-28,26.1843,26.2998,26.147,26.2796
2020-07-29,26.2722,26.3151,26.1389,26.1893
2020-07-30,26.194,26.3284,26.1736,26.2261
2020-07-31,26.2213,26.3026,26.1322,26.2538
2020-08-03,26.2462,26.3467,26.2091,26.2675
2020-08-04,26.2832,26.2935,26.1078,26.1277
2020-08-05,26.1429,26.1602,26.0577,26.088
2020-08-06,26.09,26.3483,26.0459,26.3059
2020-08-07,26.2883,26.4022,26.2317,26.3054
2020-08-10,26.3121,26.3207,26.1654,26.1883
2020-08-11,26.2089,26.2456,26.1022,26.1573
2020-08-12,26.1562,26.2242,26.0887,26.1388
2020-08-13,26.1456,26.1737,26.0724,26.1377
2020-08-14,26.1282,26.1572,26.0674,26.0743
2020-08-17,26.1035,26.1848,26.0549,26.1225
2020-08-18,26.1266,26.1879,26.0775,26.1067
2020-08-19,26.1086,26.138,26.0105,26.1054
2020-08-20,26.0901,26.1404,26.0214,26.0429
2020-08-21,26.0441,26.1313,25.9915,26.0777
2020-08-24,26.073,26.1286,26.0316,26.1058
2020-08-25,26.0857,26.2057,26.0632,26.168
2020-08-26,26.1799,26.3023,26.1381,26.2679
2020-08-27,26.2689,26.3871,26.1293,26.2831
2020-08-28,26.2874,26.3077,26.0984,26.1295
2020-08-31,26.1186,26.3055,26.0864,26.2589
2020-09-01,26.2381,26.308,26.1484,26.2486
2020-09-02,26.255,26.3735,26.2214,26.3274
2020-09-03,26.3353,26.4424,26.2638,26.4008
2020-09-04,26.3779,26.5167,26.3779,26.4549
2020-09-07,26.4773,26.5767,26.4456,26.4722
2020-09-08,26.4775,26.5569,26.467,26.5166
2020-09-09,26.5192,26.605,26.4695,26.482
2020-09-10,26.4991,26.6928,26.4702,26.5953
2020-09-11,26.5899,26.6017,26.5113,26.5702
2020-09-14,26.5878,26.7027,26.5302,26.6595
2020-09-15,26.6635,26.8501,26.613,26.7655
2020-09-16,26.7602,26.795,26.595,26.7162
2020-09-17,26.7393,26.7806,26.6872,26.7193
2020-09-18,26.7198,26.7595,26.6538,26.7384
2020-09-21,26.7457,27.2414,26.7063,27.1205
2020-09-22,27.1441,27.2177,26.8997,26.9139
2020-09-23,26.9283,27.0323,26.8627,26.9595
2020-09-24,26.9829,27.1708,26.9499,27.1306
2020-09-25,27.1234,27.1858,26.9686,27.108
2020-09-28,27.1618,27.2351,27.0767,27.2084
2020-09-29,27.2173,27.2546,27.0832,27.1994
2020-09-30,27.1651,27.2655,27.0245,27.0721
2020-10-01,27.0816,27.09,26.8321,26.8504
2020-10-02,26.8623,27.1544,26.833,27.129
2020-10-05,27.1373,27.1584,27.0677,27.0961
2020-10-06,27.1036,27.1145,26.8646,27.0457
2020-10-07,27.0502,27.1264,26.9586,27.0968
2020-10-08,27.088,27.213,27.0604,27.2098
2020-10-09,27.1973,27.2075,27.0053,27.0103
2020-10-12,27.07,27.2138,27.0041,27.1718
2020-10-13,27.1774,27.399,27.1548,27.3661
2020-10-14,27.3651,27.4696,27.2478,27.2848
2020-10-15,27.2625,27.3882,27.2535,27.3466
2020-10-16,27.3405,27.4055,27.1671,27.3099
2020-10-19,27.3144,27.3677,27.2095,27.284
2020-10-20,27.2569,27.2866,27.1458,27.1587
2020-10-21,27.1425,27.2491,27.0866,27.2243
2020-10-22,27.2342,27.3074,27.1618,27.212
2020-10-23,27.2104,27.2795,27.1374,27.2319
2020-10-26,27.2104,27.3209,27.1917,27.3077
2020-10-27,27.2994,27.3838,27.2546,27.3224
2020-10-28,27.322,27.4865,27.2845,27.4274
2020-10-29,27.4325,27.4741,27.3025,27.3723
2020-10-30,27.3707,27.4173,27.2102,27.2364
2020-11-02,27.2601,27.285,27.0803,27.1011
2020-11-03,27.1067,27.134,26.7978,26.8246
2020-11-04,26.8535,27.0793,26.7186,26.8598
2020-11-05,26.851,26.8643,26.609,26.6354
2020-11-06,26.6507,26.7436,26.5571,26.5853
2020-11-09,26.5741,26.6408,26.3961,26.5073
2020-11-10,26.5156,26.5467,26.3885,26.4271
2020-11-11,26.4366,26.4925,26.3852,26.4299
2020-11-12,26.4327,26.539,26.4181,26.5326
2020-11-13,26.5167,26.5632,26.416,26.4307
2020-11-16,26.4415,26.4514,26.2957,26.4183
2020-11-17,26.4204,26.5553,26.3795,26.4872
2020-11-18,26.4907,26.5121,26.3415,26.3521
2020-11-19,26.3554,26.4058,26.3198,26.3369
2020-11-20,26.3425,26.3768,26.2309,26.3377
2020-11-23,26.3351,26.36,26.2664,26.3091
2020-11-24,26.3178,26.3277,26.1176,26.1374
2020-11-25,26.1513,26.2413,26.1095,26.1347
2020-11-26,26.1361,26.1974,26.107,26.155
2020-11-27,26.1539,26.2299,26.1179,26.1796
2020-11-30,26.1846,26.3072,26.133,26.2467
2020-12-01,26.2619,26.3104,26.2023,26.2831
2020-12-02,26.2802,26.4437,26.2487,26.3906
2020-12-03,26.3767,26.4702,26.3635,26.4194
2020-12-04,26.4209,26.5586,26.3949,26.485
2020-12-07,26.5022,26.5602,26.4471,26.4963
2020-12-08,26.5093,26.5185,26.3343,26.3384
2020-12-09,26.3438,26.3567,26.1577,26.3083
2020-12-10,26.2853,26.3523,26.2588,26.3343
2020-12-11,26.3349,26.385,26.2905,26.3758
2020-12-14,26.3265,26.3785,26.2704,26.3412
2020-12-15,26.3293,26.385,26.2806,26.3043
2020-12-16,26.3136,26.3517,26.1461,26.1905
2020-12-17,26.1731,26.2315,26.092,26.1274
2020-12-18,26.1388,26.1864,26.1143,26.1537
2020-12-21,26.1654,26.3908,26.1292,26.2015
2020-12-22,26.1977,26.355,26.1616,26.3355
2020-12-23,26.3292,26.3972,26.2509,26.2932
2020-12-24,26.2819,26.3496,26.1975,26.2381
2020-12-28,26.2481,26.3898,26.1595,26.3498
2020-12-29,26.3377,26.3562,26.1866,26.1929
2020-12-30,26.1936,26.2745,26.162,26.2346
2020-12-31,26.2408,26.3334,26.1941,26.2243
2021-01-04,26.2455,26.2667,26.0934,26.19
2021-01-05,26.1817,26.254,26.1294,26.1469
2021-01-06,26.1585,26.2298,26.0874,26.1855
2021-01-07,26.1934,26.2297,26.1238,26.2226
2021-01-08,26.2236,26.2356,26.1215,26.1561
2021-01-11,26.1545,26.303,26.1386,26.2454
2021-01-12,26.2463,26.2704,26.1555,26.1736
2021-01-13,26.1772,26.2166,26.1195,26.1574
2021-01-14,26.1708,26.209,26.1209,26.1481
2021-01-15,26.1402,26.2283,26.1235,26.1519
2021-01-18,26.1732,26.2238,26.1373,26.1614
2021-01-19,26.1614,26.1966,26.1146,26.1508
2021-01-20,26.1544,26.1803,26.0509,26.0908
2021-01-21,26.1121,26.1454,26.0615,26.0863
2021-01-22,26.0976,26.1619,26.0817,26.1063
2021-01-25,26.1129,26.1786,26.0494,26.1542
2021-01-26,26.1513,26.2218,26.0208,26.0543
2021-01-27,26.0583,26.1002,25.9499,26.075
2021-01-28,26.0721,26.157,26.0317,26.0587
2021-01-29,26.0621,26.1022,25.9677,26.0325
2021-02-01,26.0181,26.0477,25.9279,25.943
2021-02-02,25.9556,25.962,25.8567,25.8934
2021-02-03,25.9196,25.9539,25.8754,25.8903
2021-02-04,25.8992,25.9502,25.8387,25.8421
2021-02-05,25.8492,25.8609,25.7706,25.7812
2021-02-08,25.8059,25.8096,25.6632,25.6862
2021-02-09,25.71,25.7602,25.6532,25.7331
2021-02-10,25.7413,25.8799,25.7299,25.7667
2021-02-11,25.8145,25.8337,25.7407,25.7565
2021-02-12,25.7547,25.7864,25.7111,25.7321
2021-02-15,25.7471,25.7672,25.6508,25.6773
2021-02-16,25.6856,25.8283,25.6585,25.8145
2021-02-17,25.8056,25.8958,25.7779,25.8309
2021-02-18,25.841,25.9846,25.763,25.9166
2021-02-19,25.9248,25.9317,25.8211,25.8826
2021-02-22,25.8955,25.9875,25.8518,25.9194
2021-02-23,25.9086,25.9283,25.8463,25.8632
2021-02-24,25.8727,26.0468,25.8264,26.0262
2021-02-25,26.0286,26.2602,26.0173,26.227
2021-02-26,26.22,26.273,26.0989,26.1599
2021-03-01,26.1954,26.2297,26.0602,26.1906
2021-03-02,26.1385,26.2428,26.118,26.1938
2021-03-03,26.1838,26.2038,26.1027,26.183
2021-03-04,26.1826,26.2929,26.1373,26.2387
2021-03-05,26.2359,26.3948,26.2248,26.3193
2021-03-08,26.3488,26.4379,26.3093,26.4147
2021-03-09,26.4121,26.4242,26.1753,26.2023
2021-03-10,26.2128,26.2796,26.1612,26.2131
2021-03-11,26.2262,26.2553,26.1288,26.1805
2021-03-12,26.1719,26.2492,26.1396,26.1746
2021-03-15,26.1717,26.218,26.1433,26.1824
2021-03-16,26.1835,26.2113,26.1053,26.1281
2021-03-17,26.1408,26.262,26.0649,26.1099
2021-03-18,26.0896,26.2204,26.0275,26.1439
2021-03-19,26.1355,26.1587,26.0254,26.0429
2021-03-22,26.0801,26.1301,26.0219,26.0934
2021-03-23,26.1028,26.2307,26.0462,26.2065
2021-03-24,26.2,26.3468,26.1942,26.2399
2021-03-25,26.2378,26.2912,26.1528,26.1748
2021-03-26,26.1756,26.19,26.0496,26.0691
2021-03-29,26.0728,26.1503,26.0505,26.1024
2021-03-30,26.0999,26.1848,26.0561,26.1583
2021-03-31,26.159,26.1777,26.0859,26.1
2021-04-01,26.1341,26.1551,26.0551,26.0837
2021-04-05,26.0934,26.1119,25.9816,25.9879
2021-04-06,26.0812,26.0854,25.9438,26.0209
2021-04-07,26.0435,26.0795,25.7983,25.8703
2021-04-08,25.8452,25.9236,25.7855,25.8228
2021-04-09,25.8422,26.0562,25.8142,26.0085
2021-04-12,26.0324,26.1211,26.0026,26.0192
2021-04-13,26.0212,26.0737,25.8955,25.9051
2021-04-14,25.9149,25.9705,25.8962,25.9307
2021-04-15,25.9267,25.9903,25.8468,25.9295
2021-04-16,25.9093,25.9523,25.876,25.9091
2021-04-19,25.9251,26.014,25.8845,25.9391
2021-04-20,25.9362,25.9609,25.8835,25.9352
2021-04-21,25.9237,25.9502,25.8496,25.8594
2021-04-22,25.8589,25.8906,25.802,25.8524
2021-04-23,25.8556,25.8923,25.8082,25.822
2021-04-26,25.8464,25.8795,25.7861,25.856
2021-04-27,25.8553,25.963,25.8377,25.9237
2021-04-28,25.9192,25.9856,25.8702,25.8979
2021-04-29,25.8949,25.9098,25.8043,25.8554
2021-04-30,25.8516,25.9032,25.8052,25.8684
2021-05-03,25.8594,25.8816,25.753,25.795
2021-05-04,25.7925,25.8839,25.7827,25.8419
2021-05-05,25.863,25.8777,25.7698,25.8021
2021-05-06,25.797,25.8604,25.7112,25.724
2021-05-07,25.7212,25.8434,25.6201,25.6232
2021-05-10,25.6593,25.6646,25.5467,25.5702
2021-05-11,25.6,25.6344,25.5042,25.5099
2021-05-12,25.522,25.6169,25.4238,25.5835
2021-05-13,25.5751,25.6212,25.4609,25.4928
2021-05-14,25.5212,25.5454,25.4437,25.4459
2021-05-17,25.4728,25.5268,25.405,25.4142
2021-05-18,25.4134,25.4647,25.3849,25.4088
2021-05-19,25.4032,25.5051,25.3957,25.5028
2021-05-20,25.5025,25.5381,25.4581,25.4946
2021-05-21,25.5055,25.5443,25.405,25.4541
2021-05-24,25.4549,25.4643,25.3827,25.4038
2021-05-25,25.405,25.4724,25.3857,25.4167
2021-05-26,25.4285,25.4951,25.3822,25.4311
2021-05-27,25.4289,25.4681,25.4086,25.4425
2021-05-28,25.4423,25.482,25.4137,25.462
2021-05-31,25.4684,25.5257,25.4168,25.4326
2021-06-01,25.4348,25.4823,25.395,25.4131
2021-06-02,25.4159,25.5065,25.399,25.464
2021-06-03,25.4604,25.5195,25.4249,25.4739
2021-06-04,25.4712,25.5105,25.4052,25.422
2021-06-07,25.4355,25.4555,25.3831,25.4094
2021-06-08,25.4067,25.4561,25.3694,25.4233
2021-06-09,25.4249,25.4461,25.3658,25.393
2021-06-10,25.3865,25.4504,25.3185,25.338
2021-06-11,25.3574,25.4079,25.266,25.4004
2021-06-14,25.4094,25.4451,25.3621,25.4232
2021-06-15,25.4171,25.4932,25.4011,25.4531
2021-06-16,25.4558,25.5271,25.3023,25.4859
2021-06-17,25.5017,25.5671,25.4465,25.5539
2021-06-18,25.5482,25.6066,25.4863,25.5658
2021-06-21,25.585,25.6008,25.4965,25.5128
2021-06-22,25.5063,25.5731,25.4814,25.5023
2021-06-23,25.5041,25.5099,25.3599,25.3727
2021-06-24,25.4067,25.474,25.3372,25.45
2021-06-25,25.4539,25.5207,25.4233,25.484
2021-06-28,25.4808,25.5408,25.416,25.4247
2021-06-29,25.4258,25.5499,25.4158,25.4961
2021-06-30,25.5111,25.5295,25.4392,25.4974
2021-07-01,25.5058,25.5623,25.457,25.5324
2021-07-02,25.531,25.6808,25.5033,25.5656
2021-07-05,25.5592,25.5987,25.5403,25.5749
2021-07-06,25.5801,25.6752,25.5432,25.6435
2021-07-07,25.6407,25.8354,25.5956,25.7815
2021-07-08,25.749,25.9427,25.7481,25.8501
2021-07-09,25.839,25.8737,25.7253,25.7532
2021-07-12,25.7596,25.7993,25.6572,25.6766
2021-07-13,25.6822,25.6849,25.5447,25.646
2021-07-14,25.6325,25.7143,25.562,25.5907
2021-07-15,25.5967,25.6246,25.5233,25.5599
2021-07-16,25.5656,25.5796,25.492,25.5415
2021-07-19,25.5235,25.7206,25.5048,25.6948
2021-07-20,25.6737,25.7123,25.608,25.6488
2021-07-21,25.6522,25.7233,25.6476,25.6943
2021-07-22,25.698,25.7095,25.5798,25.6271
2021-07-23,25.6323,25.6954,25.613,25.6386
2021-07-26,25.638,25.726,25.6191,25.6765
2021-07-27,25.6656,25.7313,25.6442,25.7005
2021-07-28,25.6934,25.7336,25.5161,25.5616
2021-07-29,25.5589,25.5787,25.4594,25.4804
2021-07-30,25.4816,25.5317,25.4633,25.4976
2021-08-02,25.5034,25.538,25.4412,25.49
2021-08-03,25.4818,25.5172,25.44,25.4557
2021-08-04,25.4532,25.472,25.3645,25.4515
2021-08-05,25.4519,25.4648,25.3851,25.4059
2021-08-06,25.4158,25.4444,25.3465,25.4088
2021-08-09,25.3882,25.4441,25.3596,25.3652
2021-08-10,25.3652,25.4298,25.3353,25.3831
2021-08-11,25.4051,25.4454,25.3535,25.3874
2021-08-12,25.3768,25.423,25.3384,25.3726
2021-08-13,25.3768,25.4243,25.3614,25.4071
2021-08-16,25.3838,25.4649,25.3744,25.4291
2021-08-17,25.4217,25.4751,25.4121,25.4468
2021-08-18,25.4524,25.5169,25.4207,25.4459
2021-08-19,25.4439,25.554,25.4388,25.5431
2021-08-20,25.5173,25.5845,25.4767,25.5464
2021-08-23,25.5472,25.5765,25.5095,25.5599
2021-08-24,25.5568,25.5592,25.4831,25.5344
2021-08-25,25.5348,25.5579,25.4975,25.5483
2021-08-26,25.5557,25.5803,25.5024,25.5312
2021-08-27,25.5434,25.6121,25.4856,25.5056
2021-08-30,25.5192,25.5917,25.4916,25.5754
2021-08-31,25.5717,25.5847,25.3971,25.4193
2021-09-01,25.4099,25.4652,25.3393,25.3529
2021-09-02,25.3534,25.4247,25.3148,25.3981
2021-09-03,25.3907,25.4797,25.3475,25.3525
2021-09-06,25.3963,25.4143,25.351,25.4034
2021-09-07,25.4059,25.433,25.351,25.386
2021-09-08,25.3939,25.4275,25.3541,25.4122
2021-09-09,25.4095,25.4606,25.3746,25.4289
2021-09-10,25.4249,25.4771,25.2859,25.3498
2021-09-13,25.3297,25.3758,25.3022,25.3561
2021-09-14,25.3524,25.4331,25.3362,25.3482
2021-09-15,25.3518,25.3912,25.289,25.3131
2021-09-16,25.3029,25.3451,25.249,25.3118
2021-09-17,25.3196,25.3876,25.2655,25.3783
2021-09-20,25.3627,25.4941,25.3627,25.4635
2021-09-21,25.4698,25.4806,25.3762,25.4205
2021-09-22,25.4185,25.4473,25.315,25.405
2021-09-23,25.4085,25.4115,25.3122,25.3846
2021-09-24,25.3845,25.4362,25.3741,25.4204
2021-09-27,25.4066,25.4652,25.3706,25.4197
2021-09-28,25.4238,25.564,25.4048,25.5
2021-09-29,25.5074,25.5236,25.44,25.5123
2021-09-30,25.5272,25.5451,25.2641,25.3482
2021-10-01,25.3173,25.3532,25.2688,25.3173
2021-10-04,25.3305,25.3721,25.2702,25.341
2021-10-05,25.3416,25.3674,25.2817,25.332
2021-10-06,25.3258,25.4756,25.3177,25.3979
2021-10-07,25.3881,25.4643,25.3707,25.4167
2021-10-08,25.4121,25.4921,25.4015,25.4481
2021-10-11,25.4702,25.4715,25.3457,25.387
2021-10-12,25.3443,25.4355,25.341,25.405
2021-10-13,25.4056,25.421,25.3371,25.3763
2021-10-14,25.3855,25.4123,25.358,25.3922
2021-10-15,25.3793,25.4291,25.3551,25.3712
2021-10-18,25.376,25.4893,25.3558,25.4791
2021-10-19,25.4756,25.5452,25.4271,25.5128
2021-10-20,25.5073,25.5669,25.4901,25.5305
2021-10-21,25.532,25.6759,25.5173,25.6598
2021-10-22,25.6381,25.6975,25.622,25.6785
2021-10-25,25.6684,25.7543,25.657,25.7296
2021-10-26,25.7303,25.753,25.6731,25.7018
2021-10-27,25.6975,25.744,25.6753,25.7195
2021-10-28,25.7187,25.8059,25.6901,25.7357
2021-10-29,25.7409,25.7729,25.6272,25.6684
2021-11-01,25.7006,25.7073,25.5627,25.5794
2021-11-02,25.578,25.6063,25.5405,25.5686
2021-11-03,25.5632,25.6176,25.4723,25.5256
2021-11-04,25.4917,25.5658,25.3308,25.3568
2021-11-05,25.3553,25.3724,25.1794,25.241
2021-11-08,25.2251,25.3016,25.2118,25.2598
2021-11-09,25.2525,25.2761,25.1621,25.2398
2021-11-10,25.2358,25.2782,25.1597,25.2218
2021-11-11,25.2149,25.3015,25.1947,25.226
2021-11-12,25.2247,25.2807,25.1962,25.2424
2021-11-15,25.2271,25.2623,25.172,25.2227
2021-11-16,25.2349,25.2496,25.1553,25.2371
2021-11-17,25.2326,25.2662,25.1416,25.2089
2021-11-18,25.2181,25.2989,25.2018,25.2984
2021-11-19,25.283,25.4516,25.2424,25.4135
2021-11-22,25.4084,25.4914,25.3323,25.451
2021-11-23,25.4461,25.5264,25.4126,25.4963
2021-11-24,25.509,25.5427,25.462,25.5111
2021-11-25,25.5107,25.6085,25.4482,25.5686
2021-11-26,25.5535,25.7882,25.5529,25.6999
2021-11-29,25.668,25.715,25.5597,25.567
2021-11-30,25.5954,25.6532,25.4496,25.5061
2021-12-01,25.4949,25.5864,25.4011,25.5
2021-12-02,25.5034,25.5066,25.3673,25.4458
2021-12-03,25.4458,25.5009,25.372,25.4572
2021-12-06,25.4061,25.454,25.3633,25.4315
2021-12-07,25.4287,25.4913,25.3907,25.4288
2021-12-08,25.4416,25.512,25.4339,25.4626
2021-12-09,25.4614,25.4736,25.3999,25.4195
2021-12-10,25.4187,25.4424,25.3156,25.3477
2021-12-13,25.3628,25.4296,25.3344,25.3887
2021-12-14,25.3908,25.4186,25.2673,25.3033
2021-12-15,25.3089,25.3168,25.2003,25.2479
2021-12-16,25.2639,25.351,25.2464,25.3276
2021-12-17,25.3194,25.3573,25.1779,25.2093
2021-12-20,25.2376,25.3032,25.1825,25.2229
2021-12-21,25.2396,25.2756,25.2034,25.2232
2021-12-22,25.2334,25.2496,25.0483,25.0784
2021-12-23,25.0903,25.1288,25.038,25.049
2021-12-24,25.0666,25.0764,24.9736,25.032
2021-12-27,25.0714,25.1451,24.9963,25.0607
2021-12-28,25.0729,25.0754,24.8892,24.9102
2021-12-29,24.9099,25.0046,24.8672,24.9456
2021-12-30,24.9527,25.0252,24.8407,24.8621
2021-12-31,24.8526,24.916,24.8322,24.8792
2022-01-03,24.8938,24.9011,24.7596,24.8103
2022-01-04,24.8034,24.8454,24.6088,24.6539
2022-01-05,24.6532,24.6899,24.5488,24.6286
2022-01-06,24.5875,24.6711,24.4809,24.5161
2022-01-07,24.5192,24.5354,24.4141,24.4393
2022-01-10,24.4271,24.4424,24.3216,24.3544
2022-01-11,24.3555,24.4957,24.3106,24.4159
2022-01-12,24.4188,24.478,24.2788,24.3174
2022-01-13,24.3208,24.5831,24.2509,24.5451
2022-01-14,24.5285,24.5711,24.4254,24.5183
2022-01-17,24.5021,24.5351,24.407,24.4597
2022-01-18,24.443,24.4666,24.3461,24.3797
2022-01-19,24.3931,24.4196,24.2499,24.2655
2022-01-20,24.2774,24.2866,24.1964,24.2785
2022-01-21,24.2763,24.4185,24.2566,24.3934
2022-01-24,24.3871,24.6828,24.3363,24.5412
2022-01-25,24.5836,24.604,24.419,24.4936
2022-01-26,24.5149,24.5559,24.4412,24.5385
2022-01-27,24.5388,24.588,24.3746,24.436
2022-01-28,24.4293,24.5025,24.3954,24.4951
2022-01-31,24.4586,24.4895,24.2945,24.3363
2022-02-01,24.3262,24.3493,24.2308,24.2859
2022-02-02,24.2754,24.3168,24.1718,24.1864
2022-02-03,24.1935,24.3834,24.0641,24.3385
2022-02-04,24.332,24.4633,24.2802,24.347
2022-02-07,24.3089,24.3631,24.1669,24.2372
2022-02-08,24.2309,24.317,24.1666,24.2489
2022-02-09,24.2707,24.3557,24.2292,24.329
2022-02-10,24.3277,24.4241,24.2543,24.3446
2022-02-11,24.3366,24.6087,24.294,24.5814
2022-02-14,24.4978,24.6235,24.4154,24.5599
2022-02-15,24.5305,24.585,24.3484,24.358
2022-02-16,24.3599,24.4026,24.2981,24.344
2022-02-17,24.3525,24.4241,24.265,24.3722
2022-02-18,24.3847,24.4062,24.2954,24.3241
2022-02-21,24.3201,24.4306,24.2567,24.4076
2022-02-22,24.4072,24.6142,24.3888,24.5415
2022-02-23,24.5504,24.6388,24.4624,24.6065
2022-02-24,24.5919,25.1162,24.5823,24.7184
2022-02-25,24.7386,24.9961,24.6215,24.7278
2022-02-28,25.0029,25.2232,24.8946,25.1583
2022-03-01,25.1672,25.5435,25.028,25.4075
2022-03-02,25.416,25.9308,25.372,25.5572
2022-03-03,25.6278,25.8628,25.5607,25.7636
2022-03-04,25.7712,25.8853,25.4922,25.6903
2022-03-07,25.7262,25.8959,25.5374,25.7985
2022-03-08,25.78,25.8211,25.095,25.4795
2022-03-09,25.501,25.5308,25.1227,25.2311
2022-03-10,25.1852,25.4981,25.1397,25.1743
2022-03-11,25.1973,25.2813,25.0988,25.1443
2022-03-14,25.1615,25.1821,24.7736,24.8712
2022-03-15,24.9013,24.904,24.7539,24.8528
2022-03-16,24.857,24.8793,24.5908,24.6842
2022-03-17,24.6832,24.8088,24.6364,24.7489
2022-03-18,24.7482,24.8831,24.7168,24.8518
2022-03-21,24.8041,25.0044,24.5986,24.7183
2022-03-22,24.7019,24.8045,24.656,24.6998
2022-03-23,24.6712,24.7137,24.4596,24.6818
2022-03-24,24.7189,24.7581,24.6162,24.7068
2022-03-25,24.7155,24.735,24.5474,24.5841
2022-03-28,24.6193,24.7048,24.5572,24.5964
2022-03-29,24.5822,24.6038,24.4249,24.47
2022-03-30,24.4802,24.5071,24.3888,24.4518
2022-03-31,24.4514,24.4812,24.3559,24.4196
2022-04-01,24.4191,24.4296,24.3033,24.3695
2022-04-04,24.3515,24.3759,24.3075,24.3504
2022-04-05,24.3428,24.3896,24.3232,24.3696
2022-04-06,24.3689,24.524,24.3537,24.4721
2022-04-07,24.4601,24.5639,24.4386,24.4996
2022-04-08,24.514,24.5364,24.4189,24.4307
2022-04-11,24.4574,24.4897,24.39,24.4315
2022-04-12,24.4395,24.4983,24.4044,24.4427
2022-04-13,24.4482,24.4705,24.4043,24.4299
2022-04-14,24.4197,24.4612,24.3949,24.4341
2022-04-18,24.4333,24.4996,24.4315,24.4339
2022-04-19,24.4556,24.4672,24.3902,24.4569
2022-04-20,24.4451,24.459,24.3658,24.3813
2022-04-21,24.4016,24.4262,24.3474,24.3653
2022-04-22,24.3661,24.3889,24.3059,24.3493
2022-04-25,24.3265,24.4741,24.3254,24.3731
2022-04-26,24.3754,24.5851,24.3632,24.5835
2022-04-27,24.5693,24.5838,24.4688,24.5259
2022-04-28,24.5276,24.5875,24.4586,24.572
2022-04-29,24.5759,24.6553,24.5177,24.6219
2022-05-02,24.6185,24.7242,24.5725,24.7021
2022-05-03,24.6943,24.7364,24.6316,24.6409
2022-05-04,24.6706,24.6942,24.5627,24.5934
2022-05-05,24.617,24.6472,24.4869,24.5922
2022-05-06,24.5844,25.0581,24.4886,25.0169
2022-05-09,25.0511,25.1153,24.9251,25.0393
2022-05-10,25.0213,25.0594,24.9,25.0044
2022-05-11,25.0001,25.4665,24.9292,25.4121
2022-05-12,25.3872,25.4799,24.8934,24.9435
2022-05-13,24.9339,24.9775,24.7153,24.7575
2022-05-16,24.7341,24.7719,24.6883,24.7352
2022-05-17,24.736,24.7463,24.6729,24.7201
2022-05-18,24.7035,24.725,24.6037,24.6757
2022-05-19,24.652,24.7329,24.618,24.6854
2022-05-20,24.689,24.7056,24.6157,24.6167
2022-05-23,24.5999,24.6463,24.549,24.6313
2022-05-24,24.6286,24.6951,24.5569,24.629
2022-05-25,24.6219,24.7096,24.5926,24.6584
2022-05-26,24.6877,24.7207,24.6404,24.7086
2022-05-27,24.7012,24.7199,24.6676,24.698
2022-05-30,24.6877,24.7297,24.6779,24.7094
2022-05-31,24.7088,24.7352,24.6976,24.7152
2022-06-01,24.717,24.7528,24.7097,24.731
2022-06-02,24.7396,24.7418,24.649,24.6716
2022-06-03,24.6852,24.7172,24.6471,24.6698
2022-06-06,24.6678,24.737,24.6481,24.725
2022-06-07,24.7153,24.7596,24.7083,24.754
2022-06-08,24.7526,24.7633,24.5797,24.7009
2022-06-09,24.7016,24.728,24.6438,24.6945
2022-06-10,24.664,24.717,24.6638,24.699
2022-06-13,24.7016,24.7574,24.6904,24.7377
2022-06-14,24.7274,24.7622,24.6977,24.7418
2022-06-15,24.7385,24.7609,24.6872,24.7301
2022-06-16,24.7328,24.7641,24.7133,24.728
2022-06-17,24.7327,24.751,24.6867,24.7322
2022-06-20,24.7082,24.7471,24.6777,24.6953
2022-06-21,24.6832,24.7082,24.6516,24.6849
2022-06-22,24.6869,24.7635,24.6608,24.7356
2022-06-23,24.725,24.7695,24.7003,24.7496
2022-06-24,24.7501,24.7593,24.7208,24.7438
2022-06-27,24.7411,24.7536,24.7032,24.7259
2022-06-28,24.7275,24.745,24.709,24.7288
2022-06-29,24.7334,24.7521,24.6992,24.7405
2022-06-30,24.7369,24.7539,24.7166,24.7388
2022-07-01,24.7442,24.764,24.7288,24.7495
2022-07-04,24.7564,24.7564,24.7286,24.7453
2022-07-05,24.7483,24.7649,24.7361,24.753
2022-07-06,24.7485,24.8134,24.7435,24.7673
2022-07-07,24.7725,24.7963,24.7545,24.774
2022-07-08,24.7669,24.7767,24.5821,24.6306
2022-07-11,24.6337,24.6765,24.5666,24.6073
2022-07-12,24.5979,24.6295,24.4136,24.4255
2022-07-13,24.4658,24.5124,24.2648,24.382
2022-07-14,24.3792,24.5191,24.3461,24.4354
2022-07-15,24.4595,24.5714,24.4436,24.4941
2022-07-18,24.5307,24.5623,24.4393,24.5485
2022-07-19,24.5308,24.5703,24.4586,24.496
2022-07-20,24.4947,24.5613,24.4525,24.5441
2022-07-21,24.5384,24.6108,24.4828,24.5199
2022-07-22,24.5043,24.6052,24.4645,24.6007
2022-07-25,24.566,24.6049,24.4973,24.6026
2022-07-26,24.5782,24.6145,24.5369,24.5978
2022-07-27,24.5935,24.6308,24.5293,24.5293
2022-07-28,24.5459,24.6422,24.5248,24.5994
2022-07-29,24.5887,24.6294,24.5605,24.6142
2022-08-01,24.5978,24.6558,24.5895,24.628
2022-08-02,24.6253,24.6625,24.6168,24.6505
2022-08-03,24.6462,24.6655,24.6357,24.6491
2022-08-04,24.6497,24.6705,24.5099,24.5901
2022-08-05,24.5928,24.6376,24.4836,24.4856
2022-08-08,24.5277,24.5685,24.4601,24.5079
2022-08-09,24.5111,24.5474,24.4773,24.4985
2022-08-10,24.514,24.5254,24.3136,24.3305
2022-08-11,24.3513,24.3826,24.2741,24.3415
2022-08-12,24.3391,24.3915,24.3087,24.3502
2022-08-15,24.3626,24.4939,24.3411,24.4402
2022-08-16,24.4569,24.5783,24.4453,24.5484
2022-08-17,24.5402,24.5907,24.5188,24.5421
2022-08-18,24.5442,24.6278,24.5297,24.6254
2022-08-19,24.6104,24.652,24.594,24.6317
2022-08-22,24.6393,24.679,24.6215,24.6568
2022-08-23,24.6591,24.7081,24.6208,24.6533
2022-08-24,24.6562,24.6792,24.6177,24.6539
2022-08-25,24.6543,24.6744,24.6363,24.6599
2022-08-26,24.6553,24.6694,24.5987,24.6176
2022-08-29,24.6372,24.6393,24.5706,24.595
2022-08-30,24.606,24.6164,24.5229,24.5525
2022-08-31,24.5491,24.5767,24.4917,24.5087
2022-09-01,24.5135,24.5276,24.4582,24.493
2022-09-02,24.4913,24.5543,24.4558,24.5218
2022-09-05,24.524,24.6373,24.5154,24.601
2022-09-06,24.5992,24.6376,24.5379,24.6312
2022-09-07,24.6146,24.6433,24.5567,24.5694
2022-09-08,24.5885,24.6127,24.5061,24.5138
2022-09-09,24.5237,24.5643,24.5055,24.5474
2022-09-12,24.5561,24.6038,24.4994,24.5215
2022-09-13,24.5293,24.5977,24.4874,24.5341
2022-09-14,24.547,24.5564,24.4834,24.4919
2022-09-15,24.4976,24.5402,24.4634,24.4918
2022-09-16,24.4839,24.5486,24.479,24.5253
2022-09-19,24.5246,24.5325,24.4646,24.5126
2022-09-20,24.5109,24.6578,24.5029,24.6157
2022-09-21,24.6214,24.6888,24.6067,24.6584
2022-09-22,24.6566,24.6851,24.6426,24.6664
2022-09-23,24.6708,24.6794,24.5644,24.6103
2022-09-26,24.6075,24.6968,24.582,24.6378
2022-09-27,24.6346,24.6932,24.6187,24.6824
2022-09-28,24.6781,24.7094,24.6266,24.6451
2022-09-29,24.6505,24.706,24.5198,24.5315
2022-09-30,24.5364,24.6073,24.4886,24.5947
2022-10-03,24.5745,24.598,24.4978,24.5517
2022-10-04,24.534,24.5631,24.5031,24.5363
2022-10-05,24.54,24.5654,24.4648,24.4648
2022-10-06,24.4871,24.5301,24.4688,24.499
2022-10-07,24.4969,24.5508,24.4526,24.4623
2022-10-10,24.4937,24.592,24.4406,24.5189
2022-10-11,24.5264,24.5753,24.5123,24.557
2022-10-12,24.5459,24.5863,24.5336,24.5563
2022-10-13,24.553,24.641,24.4689,24.5849
2022-10-14,24.5984,24.6206,24.5457,24.5876
2022-10-17,24.6027,24.6116,24.5449,24.5707
2022-10-18,24.5676,24.6108,24.547,24.5607
2022-10-19,24.56,24.5731,24.5106,24.537
2022-10-20,24.5389,24.5604,24.5065,24.5084
2022-10-21,24.5273,24.5352,24.4703,24.4787
2022-10-24,24.4928,24.5138,24.42,24.4781
2022-10-25,24.4776,24.5182,24.4424,24.4989
2022-10-26,24.4943,24.5628,24.4807,24.5181
2022-10-27,24.5227,24.5597,24.4708,24.4757
2022-10-28,24.5115,24.5268,24.4427,24.5124
2022-10-31,24.5264,24.5438,24.4597,24.4779
2022-11-01,24.4815,24.5147,24.4271,24.4529
2022-11-02,24.4571,24.5635,24.4494,24.5188
2022-11-03,24.5229,24.5533,24.4394,24.4591
2022-11-04,24.4551,24.479,24.3633,24.3981
2022-11-07,24.402,24.4051,24.2491,24.2621
2022-11-08,24.2596,24.384,24.2466,24.3247
2022-11-09,24.3311,24.3941,24.2959,24.3134
2022-11-10,24.3194,24.5283,24.2784,24.3018
2022-11-11,24.2952,24.3077,24.2641,24.2865
2022-11-14,24.2786,24.3179,24.257,24.3042
2022-11-15,24.3049,24.3811,24.2875,24.362
2022-11-16,24.344,24.3882,24.295,24.347
2022-11-17,24.3747,24.4211,24.3414,24.4018
2022-11-18,24.404,24.4122,24.3424,24.354
2022-11-21,24.3588,24.3805,24.3135,24.3234
2022-11-22,24.3308,24.3696,24.3155,24.3554
2022-11-23,24.3545,24.4002,24.3329,24.3653
2022-11-24,24.3736,24.4178,24.3332,24.4
2022-11-25,24.4011,24.4178,24.3324,24.3515
2022-11-28,24.3519,24.3618,24.3113,24.3281
2022-11-29,24.3242,24.3665,24.3139,24.3512
2022-11-30,24.3502,24.3967,24.3206,24.3477
2022-12-01,24.3443,24.3997,24.3363,24.3809
2022-12-02,24.3813,24.3944,24.2614,24.3627
2022-12-05,24.373,24.3933,24.2901,24.298
2022-12-06,24.3037,24.3529,24.2909,24.3189
2022-12-07,24.3147,24.3399,24.2759,24.2876
2022-12-08,24.3018,24.333,24.2804,24.2922
2022-12-09,24.2999,24.3456,24.27,24.2957
2022-12-12,24.2918,24.3328,24.2861,24.3178
2022-12-13,24.3239,24.3763,24.2725,24.3043
2022-12-14,24.2929,24.3257,24.2338,24.2697
2022-12-15,24.274,24.291,24.2399,24.2553
2022-12-16,24.2608,24.2833,24.2218,24.2244
2022-12-19,24.2284,24.2577,24.2128,24.249
2022-12-20,24.2452,24.2785,24.1608,24.1919
2022-12-21,24.1807,24.2347,24.1591,24.1851
2022-12-22,24.1811,24.2472,24.1745,24.2131
2022-12-23,24.2157,24.2532,24.1843,24.1895
2022-12-27,24.1984,24.2814,24.1864,24.2549
2022-12-28,24.2502,24.2626,24.2051,24.2139
2022-12-29,24.211,24.2284,24.1422,24.1872
2022-12-30,24.1958,24.2219,24.1059,24.1619
2023-01-02,24.1027,24.1892,24.0707,24.1617
2023-01-03,24.1621,24.1749,24.0451,24.0702
2023-01-04,24.0888,24.1176,23.9551,23.9823
2023-01-05,23.9803,24.1285,23.9756,24.0627
2023-01-06,24.0488,24.1267,23.9519,23.9719
2023-01-09,24.0219,24.0263,23.9286,23.9957
2023-01-10,23.9956,24.0248,23.9509,23.9742
2023-01-11,23.9791,24.0513,23.9724,24.0317
2023-01-12,24.0271,24.0968,23.9561,24.0398
2023-01-13,24.0431,24.0511,23.9361,23.9966
2023-01-16,23.9715,24.0319,23.955,24.022
2023-01-17,24.0108,24.0242,23.9271,23.9475
2023-01-18,23.9636,23.9924,23.9256,23.9644
2023-01-19,23.9663,23.9714,23.8976,23.9279
2023-01-20,23.9262,23.9606,23.899,23.905
2023-01-23,23.91,23.9206,23.8521,23.8673
2023-01-24,23.8682,23.9014,23.8509,23.8643
2023-01-25,23.868,23.8818,23.7555,23.7633
2023-01-26,23.7722,23.8311,23.76,23.8137
2023-01-27,23.8162,23.8339,23.7719,23.8011
2023-01-30,23.8017,23.8771,23.7921,23.8433
2023-01-31,23.8398,23.855,23.7671,23.7788
2023-02-01,23.7894,23.823,23.7296,23.7822
2023-02-02,23.7836,23.8126,23.7337,23.7382
2023-02-03,23.733,23.7772,23.6696,23.767
2023-02-06,23.7762,23.8852,23.7664,23.8692
2023-02-07,23.8613,23.8811,23.7616,23.7831
2023-02-08,23.7896,23.8014,23.73,23.7645
2023-02-09,23.7695,23.7776,23.6666,23.6991
2023-02-10,23.6896,23.7694,23.665,23.7232
2023-02-13,23.7107,23.7879,23.7053,23.7677
2023-02-14,23.7711,23.7939,23.6723,23.7109
2023-02-15,23.7105,23.7413,23.6124,23.6379
2023-02-16,23.6404,23.6974,23.6233,23.6662
2023-02-17,23.6664,23.7413,23.6564,23.6957
2023-02-20,23.706,23.7324,23.6858,23.721
2023-02-21,23.7229,23.7715,23.6934,23.7292
2023-02-22,23.7295,23.7324,23.6375,23.6935
2023-02-23,23.6783,23.7194,23.645,23.6575
2023-02-24,23.6585,23.6793,23.617,23.6384
2023-02-27,23.6525,23.6926,23.5973,23.633
2023-02-28,23.638,23.6582,23.4608,23.4989
2023-03-01,23.5202,23.5285,23.3427,23.3506
2023-03-02,23.3578,23.4995,23.349,23.423
2023-03-03,23.4181,23.5243,23.4148,23.4854
2023-03-06,23.5226,23.7572,23.4591,23.5499
2023-03-07,23.5577,23.6004,23.4684,23.5366
2023-03-08,23.5371,23.7396,23.528,23.5916
2023-03-09,23.5886,23.6896,23.5538,23.6092
2023-03-10,23.6284,23.7197,23.5984,23.6389
2023-03-13,23.6535,23.7922,23.5857,23.733
2023-03-14,23.7296,23.849,23.7214,23.774
2023-03-15,23.7719,24.0939,23.765,24.0469
2023-03-16,24.0497,24.1017,23.925,24.0774
2023-03-17,23.9939,24.0292,23.8354,24.0006
2023-03-20,23.9962,24.0874,23.952,23.998
2023-03-21,23.997,24.0077,23.7649,23.8105
2023-03-22,23.8117,23.8361,23.6508,23.7099
2023-03-23,23.7083,23.7178,23.583,23.6168
2023-03-24,23.6241,23.7929,23.5898,23.6758
2023-03-27,23.6964,23.8063,23.6335,23.7712
2023-03-28,23.7835,23.8156,23.5993,23.6301
2023-03-29,23.6378,23.6831,23.5323,23.5656
2023-03-30,23.5662,23.5879,23.4994,23.5204
2023-03-31,23.535,23.5876,23.4511,23.4717
2023-04-03,23.4841,23.5047,23.4153,23.4369
2023-04-04,23.4753,23.5025,23.412,23.4783
2023-04-05,23.4741,23.4976,23.3746,23.4255
2023-04-06,23.4393,23.4512,23.3522,23.3919
2023-04-10,23.3632,23.4248,23.2989,23.3407
2023-04-11,23.3772,23.5237,23.3253,23.4658
2023-04-12,23.4697,23.5116,23.3201,23.3242
2023-04-13,23.3302,23.3715,23.2274,23.2392
2023-04-14,23.2556,23.3916,23.2278,23.3422
2023-04-17,23.3308,23.4157,23.2954,23.4087
2023-04-18,23.3933,23.4479,23.3019,23.4327
2023-04-19,23.4463,23.486,23.3794,23.4261
2023-04-20,23.4151,23.5798,23.4121,23.4806
2023-04-21,23.5123,23.5721,23.4664,23.5014
2023-04-24,23.5078,23.5308,23.4059,23.4739
2023-04-25,23.4753,23.525,23.4483,23.5169
2023-04-26,23.5151,23.5435,23.4538,23.516
2023-04-27,23.5125,23.5247,23.4514,23.4808
2023-04-28,23.4847,23.5377,23.4612,23.5322
2023-05-01,23.5117,23.699,23.4722,23.6075
2023-05-02,23.5482,23.6192,23.5187,23.6007
2023-05-03,23.5991,23.6091,23.4742,23.5095
2023-05-04,23.503,23.5223,23.4072,23.4379
2023-05-05,23.4498,23.4692,23.3683,23.3858
2023-05-08,23.4053,23.4574,23.3844,23.4026
2023-05-09,23.3956,23.4189,23.3411,23.4075
2023-05-10,23.3763,23.4868,23.3763,23.452
2023-05-11,23.4635,23.563,23.4272,23.5498
2023-05-12,23.5388,23.6375,23.5364,23.6049
2023-05-15,23.6105,23.6424,23.5318,23.6082
2023-05-16,23.619,23.7051,23.6078,23.6671
2023-05-17,23.654,23.7349,23.6083,23.6689
2023-05-18,23.658,23.7611,23.6485,23.698
2023-05-19,23.7176,23.7978,23.7019,23.7657
2023-05-22,23.7675,23.7808,23.6569,23.6977
2023-05-23,23.691,23.7217,23.6135,23.6913
2023-05-24,23.7027,23.7766,23.637,23.6725
2023-05-25,23.6759,23.7238,23.5883,23.6139
2023-05-26,23.6198,23.6943,23.5993,23.6865
2023-05-29,23.714,23.7431,23.6504,23.6758
2023-05-30,23.7002,23.7641,23.6655,23.6869
2023-05-31,23.7035,23.7747,23.6749,23.7188
2023-06-01,23.726,23.73,23.6579,23.6742
2023-06-02,23.6677,23.7038,23.6085,23.6189
2023-06-05,23.6881,23.7113,23.5172,23.5405
2023-06-06,23.5533,23.5723,23.5079,23.5541
2023-06-07,23.5478,23.7124,23.5476,23.6397
2023-06-08,23.6385,23.6853,23.6011,23.6654
2023-06-09,23.6619,23.7148,23.6261,23.691
2023-06-12,23.6989,23.7974,23.6419,23.781
2023-06-13,23.7637,23.8474,23.7562,23.8369
2023-06-14,23.869,23.9225,23.7539,23.7772
2023-06-15,23.8019,23.831,23.7368,23.7833
2023-06-16,23.7792,23.8397,23.7436,23.7877
2023-06-19,23.7799,23.8474,23.7293,23.75
2023-06-20,23.7409,23.7973,23.734,23.7533
2023-06-21,23.7819,23.7888,23.7202,23.7337
2023-06-22,23.7347,23.7464,23.6532,23.6592
2023-06-23,23.6601,23.7114,23.6136,23.6249
2023-06-26,23.66,23.6867,23.6191,23.6446
2023-06-27,23.6324,23.6656,23.5678,23.617
2023-06-28,23.6171,23.7158,23.6171,23.6882
2023-06-29,23.6921,23.7506,23.6733,23.7312
2023-06-30,23.7167,23.7793,23.6892,23.7792
2023-07-03,23.7565,23.7725,23.6968,23.7543
2023-07-04,23.7261,23.75,23.6316,23.7052
2023-07-05,23.7375,23.7846,23.73,23.7636
2023-07-06,23.7625,23.9178,23.7377,23.9024
2023-07-07,23.8899,23.9699,23.8307,23.8354
2023-07-10,23.8793,23.894,23.8228,23.8358
2023-07-11,23.8359,23.8891,23.8262,23.8772
2023-07-12,23.8609,23.8793,23.7749,23.7875
2023-07-13,23.7997,23.8152,23.7443,23.7691
2023-07-14,23.7764,23.8073,23.7373,23.7665
2023-07-17,23.7695,23.8686,23.7484,23.786
2023-07-18,23.7968,23.8676,23.7419,23.8531
2023-07-19,23.8617,23.9643,23.8379,23.9097
2023-07-20,23.8938,24.0125,23.8881,23.9718
2023-07-21,23.9717,24.0902,23.9502,24.0325
2023-07-24,24.0488,24.1893,23.9733,24.1447
2023-07-25,24.1403,24.1481,24.0099,24.0653
2023-07-26,24.074,24.0899,24.0239,24.0365
2023-07-27,24.0417,24.0794,23.981,24.0392
2023-07-28,24.0469,24.1419,23.9581,23.97
2023-07-31,23.9704,23.9842,23.8401,23.8891
2023-08-01,23.8714,23.974,23.8686,23.9547
2023-08-02,23.9415,24.0049,23.8694,23.9742
2023-08-03,23.9754,24.2658,23.9543,24.2389
2023-08-04,24.2348,24.3173,24.1618,24.2657
2023-08-07,24.2662,24.2856,24.1898,24.2327
2023-08-08,24.2383,24.2997,24.1963,24.2597
2023-08-09,24.2684,24.3084,24.2379,24.2639
2023-08-10,24.265,24.2824,24.1784,24.2391
2023-08-11,24.2254,24.2466,24.0318,24.0549
2023-08-14,24.0705,24.0893,24.0148,24.0602
2023-08-15,24.0568,24.1593,24.0491,24.1293
2023-08-16,24.1276,24.1294,24.0531,24.1138
2023-08-17,24.1249,24.1335,24.07,24.0856
2023-08-18,24.0761,24.0858,23.9886,24.0251
2023-08-21,24.0135,24.0398,23.9759,24.0315
2023-08-22,24.0358,24.0986,23.987,24.0891
2023-08-23,24.0929,24.1446,24.0242,24.0949
2023-08-24,24.0931,24.1754,24.0752,24.1481
2023-08-25,24.1564,24.1698,24.0679,24.0832
2023-08-28,24.1162,24.1742,24.0755,24.1557
2023-08-29,24.1586,24.1786,24.0701,24.0834
2023-08-30,24.0919,24.1304,24.0672,24.0971
2023-08-31,24.0954,24.1376,24.0348,24.0693
2023-09-01,24.0646,24.1655,24.0561,24.0905
2023-09-04,24.0682,24.1437,24.0568,24.1275
2023-09-05,24.1313,24.1955,24.1203,24.1917
2023-09-06,24.1981,24.3537,24.1749,24.273
2023-09-07,24.2766,24.4021,24.2697,24.3588
2023-09-08,24.3589,24.4699,24.3304,24.3944
2023-09-11,24.3777,24.5465,24.3433,24.529
2023-09-12,24.5236,24.655,24.5236,24.5588
2023-09-13,24.5654,24.6065,24.3452,24.4164
2023-09-14,24.4265,24.5899,24.3764,24.5419
2023-09-15,24.5329,24.5763,24.4347,24.5448
2023-09-18,24.5545,24.5749,24.3429,24.4269
2023-09-19,24.4259,24.4749,24.4038,24.4526
2023-09-20,24.4722,24.4777,24.3282,24.3953
2023-09-21,24.4011,24.4935,24.3891,24.4506
2023-09-22,24.4562,24.4799,24.3229,24.432
2023-09-25,24.4174,24.4523,24.3304,24.3554
2023-09-26,24.3596,24.4461,24.3367,24.4147
2023-09-27,24.4293,24.4915,24.315,24.3536
2023-09-28,24.362,24.4158,24.3189,24.3454
2023-09-29,24.341,24.4014,24.3043,24.3989
2023-10-02,24.3931,24.4893,24.3706,24.4168
2023-10-03,24.4265,24.6251,24.4164,24.5154
2023-10-04,24.5139,24.5832,24.3586,24.3932
2023-10-05,24.391,24.4583,24.3209,24.4328
2023-10-06,24.4333,24.5125,24.3944,24.4772
2023-10-09,24.493,24.5548,24.4171,24.4766
2023-10-10,24.4635,24.6072,24.4321,24.5683
2023-10-11,24.5659,24.584,24.5125,24.5249
2023-10-12,24.5403,24.7309,24.5108,24.6784
2023-10-13,24.661,24.7177,24.6052,24.6891
2023-10-16,24.7006,24.715,24.6334,24.6583
2023-10-17,24.6642,24.6892,24.5756,24.6589
2023-10-18,24.6585,24.7266,24.5941,24.6854
2023-10-19,24.6884,24.7375,24.6066,24.6285
2023-10-20,24.6437,24.7084,24.6175,24.6184
2023-10-23,24.626,24.6684,24.5916,24.6128
2023-10-24,24.6169,24.6677,24.5559,24.6068
2023-10-25,24.6048,24.7226,24.6019,24.7006
2023-10-26,24.7009,24.7465,24.6231,24.6587
2023-10-27,24.6719,24.6805,24.6165,24.6475
2023-10-30,24.6425,24.6696,24.5268,24.532
2023-10-31,24.5486,24.6153,24.5182,24.5685
2023-11-01,24.5708,24.7071,24.5659,24.6653
2023-11-02,24.6755,24.6834,24.448,24.4614
2023-11-03,24.4554,24.5037,24.3636,24.4053
2023-11-06,24.4002,24.5686,24.3814,24.5549
2023-11-07,24.5393,24.6508,24.5347,24.6152
2023-11-08,24.6212,24.68,24.5858,24.6261
2023-11-09,24.6228,24.6564,24.457,24.5457
2023-11-10,24.5414,24.5884,24.4447,24.5669
2023-11-13,24.553,24.6213,24.5295,24.5893
2023-11-14,24.585,24.5951,24.4445,24.4556
2023-11-15,24.4575,24.5442,24.4432,24.4759
2023-11-16,24.4663,24.4807,24.4096,24.4644
2023-11-17,24.4625,24.5209,24.4251,24.5209
2023-11-20,24.4759,24.5535,24.4667,24.5142
2023-11-21,24.5132,24.5407,24.4714,24.5277
2023-11-22,24.521,24.5352,24.4319,24.4501
2023-11-23,24.4514,24.4649,24.3426,24.4241
2023-11-24,24.3903,24.4349,24.3596,24.3982
2023-11-27,24.4061,24.4323,24.2741,24.2962
2023-11-28,24.298,24.3792,24.2079,24.2362
2023-11-29,24.2704,24.3081,24.2108,24.2649
2023-11-30,24.2654,24.3471,24.247,24.3115
2023-12-01,24.3064,24.3813,24.2619,24.2651
2023-12-04,24.2927,24.4431,24.2692,24.4135
2023-12-05,24.421,24.4418,24.2874,24.3487
2023-12-06,24.3505,24.3771,24.2892,24.3074
2023-12-07,24.3124,24.3671,24.2866,24.3429
2023-12-08,24.3368,24.411,24.314,24.4034
2023-12-11,24.3701,24.4555,24.3274,24.3972
2023-12-12,24.4029,24.5481,24.3874,24.5071
2023-12-13,24.5039,24.5379,24.4038,24.4367
2023-12-14,24.439,24.4863,24.331,24.4214
2023-12-15,24.4245,24.5526,24.3453,24.5071
2023-12-18,24.4808,24.573,24.4522,24.5081
2023-12-19,24.515,24.5807,24.4786,24.5279
2023-12-20,24.5247,24.5487,24.4732,24.4944
2023-12-21,24.4969,24.6249,24.461,24.5748
2023-12-22,24.5921,24.6106,24.5424,24.5833
2023-12-26,24.5206,24.5959,24.4941,24.525
2023-12-27,24.5484,24.7377,24.5352,24.6908
2023-12-28,24.6956,24.742,24.6648,24.7039
2023-12-29,24.7015,24.7409,24.6827,24.6907
2024-01-02,24.7929,24.7971,24.6185,24.677
2024-01-03,24.6741,24.697,24.6392,24.6516
2024-01-04,24.6511,24.7196,24.6271,24.6782
2024-01-05,24.6658,24.6876,24.5297,24.6096
2024-01-08,24.6093,24.6497,24.4555,24.5162
2024-01-09,24.5278,24.6131,24.5054,24.589
2024-01-10,24.5835,24.6251,24.5299,24.5888
2024-01-11,24.5815,24.7122,24.5502,24.6823
2024-01-12,24.6851,24.7284,24.6407,24.6684
2024-01-15,24.6636,24.7308,24.6249,24.6897
2024-01-16,24.6982,24.7563,24.6795,24.7466
2024-01-17,24.7381,24.7915,24.7154,24.7309
2024-01-18,24.7395,24.823,24.7036,24.7904
2024-01-19,24.8014,24.8243,24.7583,24.7829
2024-01-22,24.794,24.8039,24.7417,24.7765
2024-01-23,24.7791,24.8879,24.7627,24.8722
2024-01-24,24.8858,24.922,24.7775,24.8461
2024-01-25,24.8384,24.8476,24.7161,24.7321
2024-01-26,24.7561,24.7813,24.72,24.762
2024-01-29,24.7568,24.8582,24.7324,24.8381
2024-01-30,24.8296,24.8985,24.7487,24.7644
2024-01-31,24.7815,24.909,24.7551,24.8265
2024-02-01,24.8062,24.9161,24.8026,24.8526
2024-02-02,24.8573,24.9795,24.8486,24.9399
2024-02-05,24.9398,25.0347,24.9019,24.9542
2024-02-06,24.9421,24.998,24.9,24.9288
2024-02-07,24.9356,24.9929,24.9088,24.9646
2024-02-08,24.9656,25.2599,24.928,25.2438
2024-02-09,25.2265,25.2696,25.1392,25.2349
2024-02-12,25.2104,25.2834,25.1865,25.2389
2024-02-13,25.241,25.503,25.1894,25.3414
2024-02-14,25.3325,25.463,25.3139,25.3921
2024-02-15,25.39,25.5184,25.3124,25.3497
2024-02-16,25.3642,25.6128,25.3237,25.4485
2024-02-19,25.4472,25.6225,25.4279,25.4754
2024-02-20,25.4774,25.579,25.3407,25.3924
2024-02-21,25.3843,25.4782,25.2942,25.3218
2024-02-22,25.319,25.3831,25.2322,25.3607
2024-02-23,25.3583,25.5109,25.3264,25.3558
2024-02-26,25.3526,25.396,25.2978,25.3776
2024-02-27,25.3729,25.3999,25.2778,25.324
2024-02-28,25.3253,25.397,25.2813,25.3017
2024-02-29,25.3006,25.3834,25.287,25.3397
2024-03-01,25.3332,25.3778,25.3046,25.365
2024-03-04,25.3413,25.3945,25.3222,25.3718
2024-03-05,25.3717,25.3997,25.3307,25.335
2024-03-06,25.3348,25.3878,25.3184,25.3654
2024-03-07,25.3634,25.3916,25.3418,25.3555
2024-03-08,25.3562,25.3891,25.292,25.3233
2024-03-11,25.3019,25.3581,25.2456,25.3201
2024-03-12,25.3356,25.3356,25.2286,25.2983
2024-03-13,25.3051,25.3102,25.2408,25.2518
2024-03-14,25.2548,25.274,25.1451,25.2123
2024-03-15,25.2112,25.2137,25.0372,25.0372
2024-03-18,25.1436,25.3691,25.1256,25.2203
2024-03-19,25.2353,25.3625,25.2011,25.2726
2024-03-20,25.2829,25.3434,25.1676,25.2239
2024-03-21,25.2085,25.3387,25.1748,25.3094
2024-03-22,25.3015,25.5028,25.3001,25.3503
2024-03-25,25.3559,25.4188,25.2579,25.2934
2024-03-26,25.2862,25.4288,25.2314,25.292
2024-03-27,25.2912,25.3477,25.2774,25.3192
2024-03-28,25.3224,25.3661,25.2701,25.2866
2024-04-01,25.2757,25.3104,25.2394,25.2859
2024-04-02,25.3065,25.4783,25.2602,25.3038
2024-04-03,25.3077,25.3718,25.2862,25.3272
2024-04-04,25.3196,25.3398,25.2794,25.3246
2024-04-05,25.3174,25.3335,25.2737,25.3005
2024-04-08,25.3183,25.3672,25.2824,25.347
2024-04-09,25.3511,25.4382,25.3253,25.4145
2024-04-10,25.4126,25.5287,25.3333,25.4251
2024-04-11,25.4325,25.5538,25.3434,25.3698
2024-04-12,25.3715,25.4652,25.3192,25.3411
2024-04-15,25.3367,25.4711,25.2907,25.2956
2024-04-16,25.2996,25.4074,25.1595,25.1796
2024-04-17,25.1958,25.2922,25.1708,25.254
2024-04-18,25.2708,25.4198,25.2281,25.2796
2024-04-19,25.2721,25.3117,25.2353,25.2531
2024-04-22,25.2602,25.3029,25.2244,25.2789
2024-04-23,25.2809,25.316,25.2137,25.2148
2024-04-24,25.2212,25.274,25.1888,25.2433
2024-04-25,25.2573,25.3755,25.1265,25.1393
2024-04-26,25.1407,25.2022,25.0949,25.1752
2024-04-29,25.1451,25.1875,25.1282,25.1416
2024-04-30,25.1428,25.1804,25.1244,25.1499
2024-05-01,25.1743,25.1811,25.0703,25.0841
2024-05-02,25.1247,25.152,24.9447,24.9613
2024-05-03,24.9561,25.1095,24.9462,25.0618
2024-05-06,25.0523,25.0823,24.9912,25.0049
2024-05-07,25.0071,25.1398,24.9713,25.0347
2024-05-08,25.0247,25.134,24.9999,25.0152
2024-05-09,25.0331,25.0362,24.8953,24.9328
2024-05-10,24.9498,25.0636,24.8959,24.9184
2024-05-13,24.9374,24.944,24.7523,24.8063
2024-05-14,24.8053,24.8313,24.7298,24.8162
2024-05-15,24.8153,24.8312,24.6773,24.7293
2024-05-16,24.7373,24.7528,24.6394,24.7061
2024-05-17,24.7055,24.7508,24.6699,24.6921
2024-05-20,24.6943,24.7629,24.6664,24.7121
2024-05-21,24.7144,24.7467,24.6667,24.7297
2024-05-22,24.7328,24.7656,24.7009,24.7153
2024-05-23,24.72,24.7779,24.6808,24.7311
2024-05-24,24.7329,24.7478,24.6272,24.6439
2024-05-27,24.642,24.7458,24.625,24.6851
2024-05-28,24.6778,24.7139,24.6302,24.6581
2024-05-29,24.6561,24.7581,24.6539,24.7318
2024-05-30,24.7358,24.7933,24.7102,24.7346
2024-05-31,24.735,24.7732,24.6818,24.6829
2024-06-03,24.6789,24.7544,24.6422,24.6665
2024-06-04,24.6702,24.786,24.6484,24.7096
2024-06-05,24.7099,24.7322,24.5427,24.6342
2024-06-06,24.6187,24.6552,24.5438,24.555
2024-06-07,24.5542,24.6394,24.5282,24.6326
2024-06-10,24.6444,24.6838,24.5827,24.628
2024-06-11,24.6328,24.7637,24.6191,24.7201
2024-06-12,24.7129,24.7437,24.6116,24.6585
2024-06-13,24.6582,24.7418,24.6532,24.7186
2024-06-14,24.7159,24.7693,24.6882,24.7345
2024-06-17,24.7332,24.7556,24.6644,24.7078
2024-06-18,24.7213,24.8409,24.7018,24.8223
2024-06-19,24.8392,24.9361,24.8301,24.901
2024-06-20,24.9039,24.9262,24.8559,24.9014
2024-06-21,24.904,25.0665,24.845,24.9537
2024-06-24,24.9109,24.9722,24.8566,24.8829
2024-06-25,24.8756,24.903,24.8014,24.8206
2024-06-26,24.8331,24.9313,24.8255,24.9199
2024-06-27,24.9165,25.1184,24.9102,25.0682
2024-06-28,25.046,25.0889,24.9822,25.0563
2024-07-01,25.0328,25.1697,24.9763,25.1653
2024-07-02,25.1664,25.2125,25.1176,25.1649
2024-07-03,25.1133,25.2015,25.1023,25.1433
2024-07-04,25.1439,25.1811,25.1152,25.1287
2024-07-05,25.1224,25.2115,25.1139,25.1395
2024-07-08,25.1511,25.3021,25.1333,25.1856
2024-07-09,25.1809,25.2938,25.1747,25.2832
2024-07-10,25.2652,25.4248,25.2606,25.4048
2024-07-11,25.3975,25.5108,25.2657,25.3764
2024-07-12,25.3716,25.4881,25.3181,25.3219
2024-07-15,25.3286,25.492,25.3243,25.3723
2024-07-16,25.3804,25.3965,25.3106,25.3355
2024-07-17,25.3274,25.3399,25.2539,25.2738
2024-07-18,25.2738,25.2866,25.2417,25.2615
2024-07-19,25.2624,25.2788,25.2075,25.2201
2024-07-22,25.221,25.2694,25.2097,25.2576
2024-07-23,25.2556,25.4304,25.2509,25.3885
2024-07-24,25.3919,25.4656,25.3705,25.4054
2024-07-25,25.3994,25.446,25.3565,25.3697
2024-07-26,25.3734,25.3923,25.3355,25.3487
2024-07-29,25.348,25.4135,25.328,25.4091
2024-07-30,25.4095,25.4463,25.3852,25.419
2024-07-31,25.404,25.4707,25.3943,25.4232
2024-08-01,25.4439,25.533,25.3056,25.3158
2024-08-02,25.3104,25.3392,25.1885,25.3369
2024-08-05,25.3125,25.3862,25.2404,25.2952
2024-08-06,25.2949,25.3355,25.2546,25.296
2024-08-07,25.2804,25.3011,25.2445,25.2693
2024-08-08,25.2672,25.2814,25.2225,25.2793
2024-08-09,25.2694,25.2848,25.2072,25.2417
2024-08-12,25.2375,25.2509,25.1376,25.1829
2024-08-13,25.1845,25.2122,25.159,25.1728
2024-08-14,25.1798,25.2156,25.1213,25.1448
2024-08-15,25.1478,25.2541,25.1271,25.2356
2024-08-16,25.2333,25.2756,25.1776,25.1904
2024-08-19,25.1881,25.2094,25.1365,25.1619
2024-08-20,25.1688,25.1823,25.1221,25.1454
2024-08-21,25.1513,25.1573,25.0563,25.0733
2024-08-22,25.0768,25.1066,25.0365,25.087
2024-08-23,25.082,25.0981,25.0298,25.0454
2024-08-26,25.0521,25.0618,25.0112,25.0418
2024-08-27,25.0534,25.0628,24.9876,25.021
2024-08-28,25.011,25.0681,24.9989,25.0527
2024-08-29,25.0973,25.1476,25.0271,25.0472
2024-08-30,25.0628,25.0743,25.018,25.0311
2024-09-02,25.0276,25.0482,25.0167,25.0344
2024-09-03,25.0351,25.1213,25.0138,25.1152
2024-09-04,25.1079,25.1296,25.0335,25.0515
2024-09-05,25.0496,25.0655,25.0062,25.0321
2024-09-06,25.0263,25.0887,24.9933,25.0452
2024-09-09,25.0285,25.0652,25.0091,25.0492
2024-09-10,25.047,25.0933,25.0005,25.076
2024-09-11,25.0695,25.1062,25.0447,25.0942
2024-09-12,25.0884,25.1379,25.0743,25.128
2024-09-13,25.1233,25.1682,25.1048,25.1453
2024-09-16,25.1433,25.1706,25.1149,25.1579
2024-09-17,25.1461,25.1705,25.0895,25.1036
2024-09-18,25.1076,25.112,25.0508,25.069
2024-09-19,25.0748,25.1126,25.0579,25.0962
2024-09-20,25.0975,25.1082,25.0493,25.053
2024-09-23,25.0596,25.1481,25.0221,25.1412
2024-09-24,25.1322,25.1588,25.069,25.0866
2024-09-25,25.0856,25.1662,25.0693,25.1581
2024-09-26,25.1553,25.1691,25.1122,25.1388
2024-09-27,25.127,25.1755,25.1217,25.1329
2024-09-30,25.1266,25.2348,25.1167,25.2166
2024-10-01,25.2191,25.3123,25.2105,25.2926
2024-10-02,25.2898,25.3739,25.2686,25.3412
2024-10-03,25.3422,25.3703,25.3105,25.3197
2024-10-04,25.3167,25.3823,25.2646,25.3389
2024-10-07,25.3329,25.382,25.3143,25.3644
2024-10-08,25.3662,25.3769,25.2891,25.3125
2024-10-09,25.3222,25.3598,25.3095,25.3372
2024-10-10,25.3459,25.4246,25.1186,25.3298
2024-10-11,25.3326,25.3561,25.2718,25.2957
2024-10-14,25.3084,25.3316,25.2395,25.2601
2024-10-15,25.264,25.2799,25.2049,25.2301
2024-10-16,25.2262,25.3076,25.2101,25.2881
2024-10-17,25.2869,25.3013,25.224,25.2259
2024-10-18,25.2384,25.2544,25.1984,25.2229
2024-10-21,25.2211,25.2815,25.2171,25.2754
2024-10-22,25.28,25.2817,25.2065,25.2139
2024-10-23,25.2177,25.2869,25.1727,25.268
2024-10-24,25.2707,25.2908,25.1691,25.2033
2024-10-25,25.2019,25.2907,25.1929,25.2825
2024-10-28,25.2883,25.3784,25.2828,25.368
2024-10-29,25.3677,25.4116,25.3248,25.3516
2024-10-30,25.3509,25.4168,25.3207,25.3783
2024-10-31,25.3711,25.4061,25.2978,25.3209
2024-11-01,25.3236,25.3617,25.2994,25.3378
2024-11-04,25.3328,25.365,25.2747,25.3324
2024-11-05,25.3372,25.3521,25.3037,25.3157
2024-11-06,25.3164,25.4575,25.292,25.3475
2024-11-07,25.3507,25.358,25.2308,25.2566
2024-11-08,25.2544,25.2799,25.2027,25.2515
2024-11-11,25.259,25.3748,25.2333,25.3325
2024-11-12,25.3297,25.4202,25.3128,25.3804
2024-11-13,25.385,25.3998,25.2704,25.2809
2024-11-14,25.2807,25.3202,25.2639,25.2891
2024-11-15,25.282,25.3021,25.2441,25.2526
2024-11-18,25.2586,25.3112,25.2508,25.2961
2024-11-19,25.2863,25.3347,25.2565,25.278
2024-11-20,25.2905,25.3369,25.2638,25.2814
2024-11-21,25.2838,25.396,25.2788,25.3582
2024-11-22,25.3637,25.4311,25.2929,25.3407
2024-11-25,25.346,25.362,25.2879,25.3017
2024-11-26,25.306,25.3391,25.2608,25.2753
2024-11-27,25.2755,25.3127,25.2386,25.2559
2024-11-28,25.2541,25.292,25.251,25.2859
2024-11-29,25.2801,25.2891,25.2327,25.2661
2024-12-02,25.2692,25.2849,25.2275,25.2389
2024-12-03,25.2431,25.2589,25.135,25.1556
2024-12-04,25.1522,25.2229,25.1068,25.1673
2024-12-05,25.1739,25.1811,25.0702,25.0811
2024-12-06,25.0812,25.1373,25.0693,25.0944
2024-12-09,25.083,25.113,25.0523,25.0896
2024-12-10,25.0864,25.1294,25.0723,25.0846
2024-12-11,25.0882,25.1371,25.07,25.0748
2024-12-12,25.0904,25.1162,25.0476,25.0567
2024-12-13,25.0565,25.0665,25.0046,25.0179
2024-12-16,25.0441,25.0687,25.0068,25.0359
2024-12-17,25.0451,25.0968,25.0316,25.0773
2024-12-18,25.0841,25.1477,25.0639,25.1255
2024-12-19,25.1318,25.1635,25.0937,25.1407
2024-12-20,25.123,25.1588,25.1047,25.1132
2024-12-23,25.1315,25.1753,25.0653,25.1509
2024-12-24,25.1373,25.1749,25.0837,25.1343
2024-12-26,25.1536,25.172,25.1055,25.1323
2024-12-27,25.1446,25.2249,25.1144,25.2172
2024-12-30,25.1748,25.2424,25.1503,25.1651
2024-12-31,25.1948,25.2125,25.1443,25.1993
2025-01-02,25.1772,25.2071,25.135,25.154
2025-01-03,25.1552,25.1856,25.1247,25.1363
2025-01-06,25.1342,25.1915,25.1071,25.1598
2025-01-07,25.1614,25.1991,25.1057,25.1309
2025-01-08,25.1309,25.1643,25.1048,25.1213
2025-01-09,25.1247,25.1631,25.0664,25.0866
2025-01-10,25.0842,25.1097,25.0462,25.0656
2025-01-13,25.078,25.2511,25.0666,25.2321
2025-01-14,25.2289,25.3593,25.2074,25.2622
2025-01-15,25.2816,25.316,25.1931,25.2387
2025-01-16,25.2383,25.2981,25.2034,25.2789
2025-01-17,25.2832,25.3188,25.2169,25.269
2025-01-20,25.2489,25.2931,25.16,25.2083
2025-01-21,25.1998,25.2443,25.1242,25.1418
2025-01-22,25.1306,25.1877,25.1181,25.1406
2025-01-23,25.1375,25.1592,25.0889,25.1012
2025-01-24,25.1082,25.1354,25.0728,25.079
2025-01-27,25.0677,25.1146,25.0677,25.0855
2025-01-28,25.0895,25.1141,25.068,25.0879
2025-01-29,25.0859,25.157,25.0761,25.1266
2025-01-30,25.1237,25.1418,25.0994,25.1293
2025-01-31,25.1356,25.2099,25.1159,25.1895
2025-02-03,25.1845,25.2711,25.1715,25.2192
2025-02-04,25.2142,25.2461,25.1368,25.1538
2025-02-05,25.1613,25.1928,25.1125,25.1776
2025-02-06,25.191,25.2242,25.0654,25.0828
2025-02-07,25.0988,25.2322,25.0435,25.1257
2025-02-10,25.1003,25.1308,25.0609,25.081
2025-02-11,25.0898,25.1157,25.066,25.0992
2025-02-12,25.1013,25.1168,25.0298,25.0539
2025-02-13,25.055,25.0751,25.0216,25.0291
2025-02-14,25.0304,25.0723,25.0086,25.0298
2025-02-17,25.0451,25.0837,25.0236,25.0544
2025-02-18,25.0536,25.1022,25.0373,25.082
2025-02-19,25.0813,25.1347,25.0575,25.1187
2025-02-20,25.1159,25.1368,25.0524,25.0586
2025-02-21,25.0564,25.0971,25.0073,25.0766
2025-02-24,25.0885,25.1101,24.9707,24.9778
2025-02-25,24.9788,25.0099,24.904,24.9287
2025-02-26,24.9277,24.9618,24.8952,24.9266
2025-02-27,24.9291,25.0042,24.9208,24.9896
2025-02-28,24.9859,25.1073,24.97,25.094
2025-03-03,25.1135,25.1484,24.9695,24.9999
2025-03-04,24.9996,25.102,24.9819,25.0891
2025-03-05,25.0879,25.1169,24.9536,24.9891
2025-03-06,24.9891,25.0937,24.9768,25.0503
2025-03-07,25.0473,25.0623,24.9081,24.9258
2025-03-10,24.9512,25.0551,24.924,25.0377
2025-03-11,25.0367,25.0571,24.9493,25.0159
2025-03-12,25.0143,25.0614,24.9694,25.0184
2025-03-13,25.0186,25.1162,25.0116,25.0476
2025-03-14,25.0448,25.1007,25.0036,25.0138
2025-03-17,25.0148,25.072,24.998,25.0514
2025-03-18,25.0435,25.0851,25.0198,25.0286
2025-03-19,25.0305,25.0624,24.9739,24.9897
2025-03-20,24.9897,25.0394,24.98,25.0142
2025-03-21,25.003,25.0274,24.9712,24.9971
2025-03-24,24.9916,25.0024,24.9076,24.9181
2025-03-25,24.9198,24.9327,24.864,24.9092
2025-03-26,24.9071,24.945,24.84,24.9015
2025-03-27,24.919,24.9964,24.8895,24.9591
2025-03-28,24.9695,24.9814,24.9057,24.9814
2025-03-31,24.9532,25.0008,24.8792,24.9563
2025-04-01,24.953,24.987,24.9204,24.9331
2025-04-02,24.9389,24.9938,24.8763,24.9416
2025-04-03,24.9085,25.083,24.9085,25.0533
2025-04-04,25.0536,25.2627,25.0456,25.2398
2025-04-07,25.2218,25.2984,25.1208,25.2397
2025-04-08,25.2376,25.2668,25.1189,25.1916
2025-04-09,25.1871,25.2484,25.0257,25.0343
2025-04-10,25.0378,25.1512,25.0271,25.0729
2025-04-11,25.0751,25.1916,25.0365,25.1085
2025-04-14,25.1413,25.1418,25.0558,25.0888
2025-04-15,25.0915,25.1081,25.0557,25.0799
2025-04-16,25.0849,25.1048,24.9671,25.0226
2025-04-17,25.0207,25.0722,24.9871,25.0528
2025-04-21,25.0588,25.0687,25.0122,25.0265
2025-04-22,25.0173,25.1166,25.0003,25.0659
2025-04-23,25.0712,25.0927,24.9666,25.0012
2025-04-24,24.9988,25.0424,24.9219,24.9571
2025-04-25,24.9656,24.9785,24.9092,24.9277
2025-04-28,24.9627,25.0088,24.9261,24.9613
2025-04-29,24.9726,24.9868,24.9036,24.9335
2025-04-30,24.9502,25.0549,24.9004,24.9199
2025-05-01,24.9201,25.0086,24.8308,24.951
2025-05-02,24.9409,24.9682,24.875,24.9001
2025-05-05,24.9327,24.9584,24.8783,24.9225
2025-05-06,24.9318,24.9869,24.9146,24.9523
2025-05-07,24.9555,24.9704,24.8746,24.9061
2025-05-08,24.9052,24.9482,24.865,24.9036
2025-05-09,24.9018,24.9743,24.8891,24.9599
2025-05-12,24.9427,25.0038,24.9206,24.9808
2025-05-13,24.9813,24.9968,24.8993,24.9239
2025-05-14,24.9149,24.9613,24.887,24.93
2025-05-15,24.9292,24.9539,24.8973,24.9373
2025-05-16,24.938,24.9431,24.8974,24.8986
2025-05-19,24.9098,24.9305,24.8587,24.8846
2025-05-20,24.8822,24.9408,24.8693,24.8975
2025-05-21,24.8947,24.9312,24.8589,24.8879
2025-05-22,24.8976,24.9452,24.8794,24.8973
2025-05-23,24.898,24.924,24.8296,24.8353
2025-05-26,24.8584,24.8934,24.8385,24.8842
2025-05-27,24.8788,24.9193,24.8636,24.9062
2025-05-28,24.906,24.9493,24.8974,24.9326
2025-05-29,24.9318,24.9558,24.912,24.9239
2025-05-30,24.9218,24.9667,24.9023,24.9209
2025-06-02,24.9305,24.9391,24.8615,24.8812
2025-06-03,24.8871,24.924,24.8595,24.8966
2025-06-04,24.8943,24.8979,24.7793,24.8208
2025-06-05,24.8248,24.8453,24.7867,24.8083
2025-06-06,24.807,24.8264,24.7075,24.7848
2025-06-09,24.7876,24.8096,24.7654,24.7912
2025-06-10,24.79,24.8094,24.7591,24.779
2025-06-11,24.7742,24.7921,24.7425,24.7757
2025-06-12,24.778,24.8106,24.7446,24.7871
2025-06-13,24.7874,24.8765,24.7707,24.8365
2025-06-16,24.8139,24.8338,24.7776,24.8062
2025-06-17,24.8053,24.8511,24.7848,24.8335
2025-06-18,24.8295,24.843,24.7899,24.8133
2025-06-19,24.8139,24.8368,24.7676,24.799
2025-06-20,24.7937,24.8328,24.7897,24.8307
2025-06-23,24.8212,24.8773,24.8049,24.8334
2025-06-24,24.8278,24.844,24.7628,24.7776
2025-06-25,24.7792,24.8255,24.7307,24.7378
2025-06-26,24.7396,24.7871,24.721,24.7629
2025-06-27,24.7623,24.7763,24.7203,24.7323
2025-06-30,24.7491,24.7592,24.7124,24.7367
2025-07-01,24.7394,24.7446,24.6684,24.685
2025-07-02,24.6845,24.7028,24.6301,24.6668
2025-07-03,24.6654,24.689,24.5814,24.6149
2025-07-04,24.4974,24.6833,24.4374,24.6413
2025-07-07,24.6448,24.6658,24.5913,24.6389
2025-07-08,24.6425,24.6815,24.6171,24.6492
2025-07-09,24.647,24.6641,24.5933,24.6454
2025-07-10,24.6486,24.6691,24.6033,24.6347
2025-07-11,24.635,24.7225,24.6275,24.6902
2025-07-14,24.666,24.6845,24.6448,24.6706
2025-07-15,24.6694,24.6932,24.6512,24.6653
2025-07-16,24.6672,24.6756,24.5942,24.6389
2025-07-17,24.6403,24.663,24.6203,24.6495
2025-07-18,24.6491,24.6599,24.6163,24.6276
2025-07-21,24.6272,24.6394,24.6081,24.6242
2025-07-22,24.6214,24.6423,24.6086,24.6153
2025-07-23,24.6159,24.6295,24.5578,24.5909
2025-07-24,24.5785,24.5973,24.5324,24.5535
2025-07-25,24.5522,24.5638,24.5236,24.5623
2025-07-28,24.5495,24.6185,24.5364,24.5956
2025-07-29,24.5927,24.6381,24.5733,24.6097
2025-07-30,24.6076,24.62,24.5563,24.5901
2025-07-31,24.5886,24.6051,24.5633,24.5805
2025-08-01,24.5759,24.5998,24.5484,24.5907
2025-08-04,24.5643,24.5984,24.5615,24.5815
2025-08-05,24.5846,24.6244,24.5776,24.5979
2025-08-06,24.5998,24.6073,24.5497,24.5714
2025-08-07,24.5702,24.5792,24.4276,24.4606
2025-08-08,24.4625,24.4784,24.4073,24.4114
2025-08-11,24.4432,24.5077,24.412,24.464
2025-08-12,24.4662,24.5153,24.447,24.4701
2025-08-13,24.4727,24.485,24.4414,24.4535
2025-08-14,24.4567,24.5102,24.4301,24.4957
2025-08-15,24.4957,24.5091,24.4429,24.4533
2025-08-18,24.4817,24.4893,24.4441,24.4653
2025-08-19,24.4645,24.4799,24.443,24.4575
2025-08-20,24.4559,24.4973,24.4519,24.4889
2025-08-21,24.4835,24.5903,24.4774,24.5695
2025-08-22,24.583,24.6203,24.509,24.522
2025-08-25,24.5595,24.5774,24.5141,24.5559
2025-08-26,24.5625,24.5716,24.5086,24.5226
2025-08-27,24.5216,24.5638,24.5019,24.5338
2025-08-28,24.5377,24.582,24.5243,24.5358
2025-08-29,24.5438,24.548,24.4368,24.4552
2025-09-01,24.4471,24.4638,24.3932,24.4254
2025-09-02,24.4255,24.5072,24.4058,24.4813
2025-09-03,24.477,24.4969,24.414,24.4458
2025-09-04,24.4419,24.4694,24.4271,24.4515
2025-09-05,24.4523,24.5157,24.3544,24.3945
2025-09-08,24.3881,24.4083,24.3249,24.3379
2025-09-09,24.3384,24.3522,24.3085,24.3409
2025-09-10,24.3468,24.4154,24.332,24.3984
2025-09-11,24.4008,24.4378,24.3418,24.3621
2025-09-12,24.3606,24.3728,24.3015,24.3109
2025-09-15,24.3307,24.3486,24.3049,24.3244
2025-09-16,24.3273,24.3459,24.2933,24.3278
2025-09-17,24.3277,24.349,24.3028,24.325
2025-09-18,24.3242,24.3587,24.2742,24.3106
2025-09-19,24.3108,24.3148,24.2738,24.2972
2025-09-22,24.3179,24.3277,24.2211,24.2494
2025-09-23,24.2408,24.2625,24.2101,24.2459
2025-09-24,24.2479,24.3265,24.2389,24.3118
2025-09-25,24.3138,24.3865,24.1716,24.335
2025-09-26,24.3407,24.3554,24.2573,24.2622
2025-09-29,24.2938,24.3238,24.2475,24.2939
2025-09-30,24.2978,24.351,24.2901,24.327
2025-10-01,24.3316,24.3427,24.2377,24.2569
2025-10-02,24.2568,24.2897,24.2379,24.2783
2025-10-03,24.2851,24.2961,24.2415,24.2449
2025-10-06,24.2578,24.3268,24.2053,24.3159
2025-10-07,24.3156,24.4016,24.2996,24.3891
2025-10-08,24.3871,24.3949,24.3447,24.36
2025-10-09,24.3648,24.4057,24.3047,24.3814
2025-10-10,24.38,24.3835,24.2837,24.3421
2025-10-13,24.3106,24.3679,24.3003,24.3055
2025-10-14,24.3112,24.3638,24.3006,24.318
2025-10-15,24.3165,24.3291,24.2541,24.2826
2025-10-16,24.2809,24.3253,24.2704,24.2834
2025-10-17,24.2826,24.3375,24.2731,24.2967
2025-10-20,24.3043,24.318,24.2784,24.2919
2025-10-21,24.2963,24.3339,24.285,24.307
2025-10-22,24.3059,24.3257,24.2895,24.3002
2025-10-23,24.2998,24.3406,24.2936,24.3223
2025-10-24,24.3132,24.351,24.3001,24.3207
2025-10-27,24.3086,24.3485,24.2953,24.3263
2025-10-28,24.3259,24.3502,24.3113,24.3173
2025-10-29,24.3167,24.3775,24.3061,24.3698
2025-10-30,24.3702,24.3838,24.3217,24.3334
2025-10-31,24.3321,24.4967,24.2905,24.4967
2025-11-03,24.3396,24.3497,24.3205,24.3306
2025-11-04,24.3302,24.4065,24.3283,24.3779
2025-11-05,24.3769,24.4082,24.3241,24.3502
2025-11-06,24.3595,24.3833,24.3225,24.3429
2025-11-07,24.3383,24.3513,24.2946,24.2953
2025-11-10,24.3253,24.3283,24.2735,24.2875
2025-11-11,24.2873,24.3058,24.2339,24.2557
2025-11-12,24.2565,24.2637,24.2264,24.2432
2025-11-13,24.2482,24.2518,24.1534,24.1802
2025-11-14,24.1828,24.2197,24.1567,24.1683
2025-11-17,24.1869,24.1927,24.0807,24.1595
2025-11-18,24.1569,24.1999,24.1539,24.18
2025-11-19,24.1856,24.1902,24.1218,24.172
2025-11-20,24.1746,24.2045,24.1547,24.1934
2025-11-21,24.1923,24.2627,24.1751,24.2316
2025-11-24,24.2429,24.2506,24.1549,24.1687
2025-11-25,24.1693,24.1781,24.1102,24.1435
2025-11-26,24.164,24.1959,24.1326,24.1613
2025-11-27,24.1627,24.1862,24.1514,24.1666
2025-11-28,24.1656,24.1873,24.1396,24.1795
2025-12-01,24.1792,24.1992,24.1471,24.1573
2025-12-02,24.1576,24.1746,24.1372,24.1561
2025-12-03,24.1541,24.1646,24.0978,24.1139
2025-12-04,24.1146,24.227,24.1106,24.212
2025-12-05,24.2153,24.2393,24.1706,24.1988
2025-12-08,24.2102,24.3324,24.1971,24.2823
2025-12-09,24.2858,24.3092,24.2354,24.2554
2025-12-10,24.2459,24.2837,24.2309,24.2475
2025-12-11,24.2513,24.2675,24.1864,24.2009
2025-12-12,24.2019,24.3002,24.1988,24.2821
2025-12-15,24.2703,24.3352,24.2631,24.315
2025-12-16,24.3127,24.3593,24.2943,24.3213
2025-12-17,24.3167,24.4098,24.2983,24.3591
2025-12-18,24.3726,24.4124,24.3451,24.3693
2025-12-19,24.3619,24.3958,24.3057,24.3373
2025-12-22,24.3194,24.3488,24.3045,24.3359
2025-12-23,24.3364,24.3588,24.2812,24.3031
2025-12-24,24.3048,24.3137,24.244,24.2813
2025-12-26,24.2899,24.3118,24.2213,24.2304
2025-12-29,24.2673,24.3155,24.2183,24.278
2025-12-30,24.2807,24.2824,24.2101,24.2398
2025-12-31,24.2434,24.2611,24.1491,24.2611
