Date,Open,High,Low,Close
2016-01-04,315.33,316.272,313.961,314.858
2016-01-05,314.858,315.57,313.099,313.569
2016-01-06,313.571,315.073,313.23,314.669
2016-01-07,314.63,316.264,313.539,314.32
2016-01-08,314.321,316.562,313.799,316.521
2016-01-11,316.081,317.899,315.859,317.559
2016-01-12,317.559,319.022,315.83,316.37
2016-01-13,316.37,316.621,314.499,315.632
2016-01-14,315.601,316.53,314.548,314.678
2016-01-15,314.68,315.951,313.568,315.24
2016-01-18,315.27,315.859,314.568,315.31
2016-01-19,315.309,315.46,314.349,315.009
2016-01-20,315.009,316.261,314.438,314.72
2016-01-21,314.718,315.627,313.129,314.53
2016-01-22,314.519,314.519,311.202,311.41
2016-01-25,311.778,313.101,311.339,312.45
2016-01-26,312.45,312.881,311.75,311.92
2016-01-27,311.919,314.421,311.809,314.054
2016-01-28,314.066,314.704,312.889,313.241
2016-01-29,313.242,313.582,310.398,311.229
2016-02-01,311.109,311.731,310.099,310.29
2016-02-02,310.29,312.163,309.769,312.068
2016-02-03,312.068,312.096,310.288,311.27
2016-02-04,311.22,311.422,309.539,310.501
2016-02-05,310.501,310.652,309.01,309.059
2016-02-08,309.51,311.511,309.042,310.748
2016-02-09,310.748,312.92,310.349,311.967
2016-02-10,311.971,312.33,310.748,311.431
2016-02-11,311.429,312.869,310.569,310.978
2016-02-12,311.16,311.181,309.201,309.791
2016-02-15,310.213,310.238,308.97,309.439
2016-02-16,309.44,311.34,309.24,310.731
2016-02-17,310.73,311.821,309.188,309.731
2016-02-18,309.729,310.455,309.279,310.094
2016-02-19,310.114,310.439,308.211,308.422
2016-02-22,308.661,309.009,306.76,307.031
2016-02-23,307.03,308.22,306.94,308.091
2016-02-24,308.091,311.019,307.62,309.95
2016-02-25,309.95,311.551,309.539,311.408
2016-02-26,311.438,311.941,309.916,311.179
2016-02-29,311.301,311.632,309.608,309.89
2016-03-01,309.89,310.362,308.579,309.561
2016-03-02,309.56,311.24,309.28,310.599
2016-03-03,310.599,310.771,308.489,309.751
2016-03-04,309.769,310.219,307.49,308.361
2016-03-07,308.351,310.461,308.09,309.969
2016-03-08,310.099,311.523,309.288,309.899
2016-03-09,309.949,310.591,308.75,309.059
2016-03-10,309.061,311.618,308.813,311.308
2016-03-11,311.284,311.43,309.618,309.862
2016-03-14,310.241,310.7,309.569,309.97
2016-03-15,309.97,310.96,309.589,310.54
2016-03-16,310.511,312.041,309.729,311.509
2016-03-17,311.51,311.85,309.819,310.269
2016-03-18,310.269,310.771,309.619,309.93
2016-03-21,309.891,311.199,309.649,310.642
2016-03-22,310.642,313.05,310.469,311.54
2016-03-23,311.569,313.871,311.402,313.101
2016-03-24,313.092,314.332,312.95,313.84
2016-03-28,313.929,313.991,313.089,313.28
2016-03-29,313.281,314.41,312.842,313.492
2016-03-30,313.488,314.911,312.719,314.728
2016-03-31,314.73,314.901,313.518,313.769
2016-04-01,313.769,314.129,313.029,313.32
2016-04-04,313.457,313.749,312.161,312.505
2016-04-05,312.477,313.31,311.949,313.011
2016-04-06,313.039,313.129,311.829,312.161
2016-04-07,312.061,312.501,311.45,312.445
2016-04-08,312.31,312.88,311.828,312.46
2016-04-11,312.362,312.652,311.38,311.61
2016-04-12,311.608,312.012,310.959,311.413
2016-04-13,311.232,311.431,310.43,310.822
2016-04-14,310.83,311.61,310.629,311.382
2016-04-15,311.313,311.358,310.049,311.14
2016-04-18,311.019,311.45,309.909,310.929
2016-04-19,310.929,311.088,309.519,309.878
2016-04-20,309.718,310.102,308.638,309.191
2016-04-21,309.189,310.892,308.63,309.799
2016-04-22,309.821,310.967,309.521,310.259
2016-04-25,310.421,312.041,310.288,311.661
2016-04-26,311.639,312.701,311.149,311.428
2016-04-27,311.428,312.609,311.201,311.378
2016-04-28,311.488,311.76,310.39,311.318
2016-04-29,311.318,313.058,310.958,311.642
2016-05-02,311.721,311.9,310.298,310.839
2016-05-03,310.839,312.581,310.679,312.189
2016-05-04,311.97,313.34,311.839,312.989
2016-05-05,312.993,313.338,312.181,312.56
2016-05-06,312.562,314.412,312.168,314.12
2016-05-09,314.061,316.111,313.45,315.598
2016-05-10,315.602,315.961,313.141,314.62
2016-05-11,314.61,315.891,314.15,315.731
2016-05-12,315.65,315.979,314.552,315.519
2016-05-13,315.508,316.351,314.709,315.151
2016-05-16,315.649,315.932,314.469,315.28
2016-05-17,315.278,315.772,314.279,314.911
2016-05-18,314.811,316.85,314.81,316.139
2016-05-19,316.139,316.921,315.719,316.289
2016-05-20,316.292,316.939,315.808,316.489
2016-05-23,315.008,317.741,314.338,317.47
2016-05-24,317.449,317.816,314.997,315.3
2016-05-25,315.339,315.41,313.71,314.121
2016-05-26,314.119,314.484,313.497,313.87
2016-05-27,313.869,315.022,313.651,313.761
2016-05-30,313.959,314.201,313.52,313.772
2016-05-31,313.8,314.239,313.298,313.629
2016-06-01,313.629,314.22,313.289,313.61
2016-06-02,313.561,313.981,312.419,312.612
2016-06-03,312.61,312.781,311.748,312.251
2016-06-06,312.211,312.49,310.669,310.92
2016-06-07,310.92,311.432,310.25,310.371
2016-06-08,310.391,310.812,309.861,310.42
2016-06-09,310.381,311.822,310.18,311.001
2016-06-10,310.988,312.426,310.868,312.34
2016-06-13,312.101,313.161,311.3,312.56
2016-06-14,312.65,314.599,312.418,314.021
2016-06-15,313.879,314.681,313.289,314
2016-06-16,314.011,315.763,313.959,314.01
2016-06-17,314.01,314.878,313.678,313.99
2016-06-20,313.65,313.881,312.289,312.931
2016-06-21,312.981,314.919,312.649,314.632
2016-06-22,314.649,315.309,313.748,314.01
2016-06-23,314.01,314.711,311.55,312.279
2016-06-24,312.281,321.912,312.281,317.667
2016-06-27,317.429,318.721,316.718,318.049
2016-06-28,317.992,318.499,316.31,316.76
2016-06-29,316.76,317.541,316.019,316.711
2016-06-30,316.781,317.14,314.92,315.56
2016-07-01,315.621,317.359,314.979,317.18
2016-07-04,316.949,317.242,316.409,316.749
2016-07-05,316.751,317.231,315.93,316.589
2016-07-06,316.59,316.93,315.919,316.419
2016-07-07,316.418,316.578,314.529,315.502
2016-07-08,315.429,315.891,313.456,314.166
2016-07-11,314.198,314.362,312.763,313.813
2016-07-12,313.81,314.242,312.799,313.831
2016-07-13,313.831,314.352,313.068,313.84
2016-07-14,313.858,314.341,313.343,314.19
2016-07-15,314.192,315.711,314.039,315.439
2016-07-18,315.449,315.651,314.41,315.119
2016-07-19,314.879,315.45,314.48,315.279
2016-07-20,315.209,315.46,314.18,314.56
2016-07-21,314.561,314.79,313.412,313.92
2016-07-22,313.941,314.06,312.941,313.441
2016-07-25,313.375,313.654,311.503,312.348
2016-07-26,312.373,313.8,311.909,313.089
2016-07-27,313.049,314.031,312.849,313.269
2016-07-28,313.269,313.53,311.368,311.691
2016-07-29,311.741,312.549,310.591,310.929
2016-08-01,311.1,312.092,310.619,310.859
2016-08-02,310.863,311.809,310.669,311.209
2016-08-03,311.249,311.558,310.558,310.839
2016-08-04,310.829,311.481,310.65,310.82
2016-08-05,310.82,311.381,310.188,310.249
2016-08-08,310.269,311.392,310.201,311.259
2016-08-09,311.23,311.38,310.216,310.541
2016-08-10,310.56,310.669,309.97,310.509
2016-08-11,310.509,310.64,309.799,309.92
2016-08-12,309.919,310.311,309.598,309.69
2016-08-15,309.811,310.026,309.253,309.521
2016-08-16,309.526,310.02,309.299,309.78
2016-08-17,309.78,311.331,309.601,310.809
2016-08-18,310.809,311.201,309.898,310.201
2016-08-19,310.2,310.711,309.888,310.319
2016-08-22,310.289,310.472,309.859,310.329
2016-08-23,310.33,310.701,309.511,309.891
2016-08-24,310.021,310.432,309.25,309.515
2016-08-25,309.518,309.892,309.001,309.199
2016-08-26,309.201,309.391,308.179,308.709
2016-08-29,308.621,309.381,308.199,308.69
2016-08-30,308.611,309.918,308.319,309.47
2016-08-31,309.47,310.541,309.339,309.509
2016-09-01,309.509,310.4,309.318,309.561
2016-09-02,309.589,310.431,309.089,310.191
2016-09-05,309.711,310.129,308.989,309.87
2016-09-06,309.869,310.051,309.159,309.171
2016-09-07,309.159,309.629,308.239,308.248
2016-09-08,308.248,308.73,307.739,308.55
2016-09-09,308.55,309.622,308.229,309.259
2016-09-12,309.501,310.599,309.05,309.32
2016-09-13,309.32,310.411,309.19,309.929
2016-09-14,309.929,310.36,309.579,310.162
2016-09-15,310.159,310.292,309.48,309.669
2016-09-16,309.669,310.323,307.701,308.139
2016-09-19,308.521,308.832,307.418,308.6
2016-09-20,308.599,309.849,308.411,308.842
2016-09-21,308.85,308.851,307.898,307.908
2016-09-22,308.068,308.302,305.199,306.051
2016-09-23,306.041,306.291,305.199,305.76
2016-09-26,305.928,307.141,305.81,307.019
2016-09-27,307.01,307.841,305.991,307.652
2016-09-28,307.67,308.408,307.398,308.031
2016-09-29,308.177,309.194,307.69,308.639
2016-09-30,308.649,309.883,307.879,307.986
2016-10-03,308.051,308.718,307.249,307.45
2016-10-04,307.461,308.245,306.42,307.292
2016-10-05,307.33,307.83,304.43,304.891
2016-10-06,304.888,305.39,303.87,303.951
2016-10-07,303.991,304.979,303.218,304.639
2016-10-10,304.191,304.792,303.481,304.049
2016-10-11,304.059,305.659,303.439,304.848
2016-10-12,304.855,306.22,304.498,305.51
2016-10-13,305.51,306.859,305.09,305.219
2016-10-14,305.221,306.112,305.008,305.699
2016-10-17,305.739,307.552,305.628,306.659
2016-10-18,306.699,307.269,306.498,306.56
2016-10-19,306.561,307.341,306.071,306.77
2016-10-20,306.77,307.691,306.558,307.231
2016-10-21,307.241,308.751,307.102,308.49
2016-10-24,308.58,308.691,307.641,308.359
2016-10-25,308.359,309.331,307.698,308.85
2016-10-26,308.85,309.691,308.74,309.069
2016-10-27,309.059,309.843,308.98,309.372
2016-10-28,309.349,309.851,309.049,309.42
2016-10-31,309.569,309.963,307.948,308.669
2016-11-01,308.659,308.812,307.139,308.061
2016-11-02,308.061,308.63,307.79,308.208
2016-11-03,308.208,308.63,306.499,306.712
2016-11-04,306.818,307.001,305.479,305.821
2016-11-07,305.78,306.671,305.299,305.378
2016-11-08,305.369,306.161,304.979,305.04
2016-11-09,305.04,307.451,304.768,305.71
2016-11-10,305.602,308.831,305.448,307.65
2016-11-11,307.628,309.761,307.59,309.529
2016-11-14,309.439,310.929,308.501,310.679
2016-11-15,310.66,310.831,309.151,309.74
2016-11-16,309.74,311.042,309.439,310.039
2016-11-17,310.039,310.382,308.579,309.78
2016-11-18,309.781,310.62,308.629,308.799
2016-11-21,309.131,309.3,308.431,308.881
2016-11-22,308.881,309.061,307.829,308.608
2016-11-23,308.608,310.571,308.489,310.501
2016-11-24,310.499,310.731,309.889,310.64
2016-11-25,310.641,310.682,309.121,310.08
2016-11-28,310.11,311.521,309.601,311.211
2016-11-29,311.169,312.042,310.899,311.641
2016-11-30,311.729,313.479,310.761,312.789
2016-12-01,312.789,314.41,312.448,314.301
2016-12-02,314.299,314.58,313.089,313.139
2016-12-05,312.671,314.669,312.428,313.782
2016-12-06,313.782,314.6,312.61,312.762
2016-12-07,312.758,314.13,312.569,313.388
2016-12-08,313.388,315.16,313.109,314.378
2016-12-09,314.378,315.028,313.959,314.879
2016-12-12,314.831,314.96,313.581,314.48
2016-12-13,314.48,314.771,313.958,314.061
2016-12-14,314.061,315.091,313.208,314.091
2016-12-15,314.039,314.36,312.289,312.689
2016-12-16,312.7,313.351,311.67,312.299
2016-12-19,312.51,312.539,310.704,311.55
2016-12-20,311.574,311.812,310.609,311.088
2016-12-21,311.089,311.151,309.869,310.631
2016-12-22,310.631,310.94,309.969,310.589
2016-12-23,310.59,311.251,308.898,309.08
2016-12-27,309.399,309.541,307.999,308.631
2016-12-28,308.66,309.97,308.11,309.069
2016-12-29,309.298,311.001,308.529,310.35
2016-12-30,310.421,311.679,308.249,309.249
2017-01-02,309.429,309.791,308.889,308.94
2017-01-03,308.94,309.72,308.409,309.402
2017-01-04,309.397,309.491,307.681,308.069
2017-01-05,308.051,308.831,307.798,308.08
2017-01-06,308.081,308.269,306.92,307.331
2017-01-09,307.56,308.92,307.209,308.089
2017-01-10,308.089,309.62,308.018,309.181
2017-01-11,309.179,309.77,307.539,307.81
2017-01-12,307.81,308.191,306.93,307.531
2017-01-13,307.421,307.779,306.909,306.991
2017-01-16,307.09,307.962,306.888,307.789
2017-01-17,307.789,308.13,307.148,307.371
2017-01-18,307.36,308.23,307.169,307.711
2017-01-19,307.711,308.842,307.64,308.699
2017-01-20,308.671,309.821,308.181,309.489
2017-01-23,309.472,310.501,309.319,310.448
2017-01-24,310.429,310.692,309.808,310.611
2017-01-25,310.611,310.754,309.189,310.198
2017-01-26,310.193,312.051,309.681,310.949
2017-01-27,310.951,312.081,310.91,311.211
2017-01-30,311.479,311.702,310.058,310.518
2017-01-31,310.52,311.361,309.789,310.051
2017-02-01,310.051,310.641,309.289,309.609
2017-02-02,309.609,309.79,308.309,309.261
2017-02-03,309.26,309.97,308.708,309.79
2017-02-06,309.761,310.298,308.938,309.859
2017-02-07,309.859,310.009,308.741,308.909
2017-02-08,308.909,309.681,308.76,308.911
2017-02-09,308.97,309.581,307.979,308.196
2017-02-10,308.196,308.772,307.978,308.071
2017-02-13,308.37,308.534,307.969,308.268
2017-02-14,308.269,308.711,307.879,308.099
2017-02-15,308.118,308.662,307.97,308.139
2017-02-16,308.141,308.299,307.378,307.55
2017-02-17,307.539,308.54,307.341,308.289
2017-02-20,308.279,308.491,307.801,307.89
2017-02-21,307.89,307.99,306.841,307.613
2017-02-22,307.591,308.259,307.08,307.938
2017-02-23,307.982,308.902,307.419,308.842
2017-02-24,308.75,308.84,308.149,308.401
2017-02-27,308.519,308.75,307.409,307.419
2017-02-28,307.422,308.51,307.422,308.2
2017-03-01,308.199,308.499,307.341,307.51
2017-03-02,307.45,309.731,307.348,309.632
2017-03-03,309.628,310.001,308.63,309.059
2017-03-06,308.912,310.002,308.877,309.951
2017-03-07,309.955,310.289,309.328,310.181
2017-03-08,310.17,311.749,309.978,310.95
2017-03-09,310.978,311.94,310.479,311.63
2017-03-10,311.631,313.131,311.581,313.031
2017-03-13,313.092,313.231,312.01,312.177
2017-03-14,312.173,312.701,310.971,311.322
2017-03-15,311.322,311.371,309.611,310.49
2017-03-16,310.55,310.55,309.228,309.759
2017-03-17,309.769,309.961,308.159,308.421
2017-03-20,308.609,308.959,308.18,308.45
2017-03-21,308.45,308.875,308.072,308.552
2017-03-22,308.562,309.26,308.218,308.609
2017-03-23,308.621,309.559,308.528,309.119
2017-03-24,309.1,310.792,309.079,310.441
2017-03-27,310.421,310.782,308.771,308.848
2017-03-28,308.851,310.147,308.718,309.75
2017-03-29,309.755,310.42,309.36,309.64
2017-03-30,309.64,310.09,308.498,308.588
2017-03-31,308.59,309.112,307.54,308.701
2017-04-03,308.741,309.259,308.31,308.38
2017-04-04,308.381,309.879,308.32,309.879
2017-04-05,309.879,310.58,309.538,310.399
2017-04-06,310.4,310.809,309.318,310.68
2017-04-07,310.71,310.822,309.789,310.022
2017-04-10,310.101,311.481,309.629,311.22
2017-04-11,311.211,312.301,310.989,311.98
2017-04-12,311.98,312.78,311.21,312.711
2017-04-13,312.698,313.271,312.059,312.899
2017-04-14,312.9,313.089,312.611,312.771
2017-04-17,312.789,313.84,312.588,313.539
2017-04-18,313.539,313.781,312.327,313.657
2017-04-19,313.678,313.842,312.681,313.379
2017-04-20,313.351,314.221,312.819,313.34
2017-04-21,313.331,314.291,312.587,312.643
2017-04-24,311.851,312.631,310.939,311.402
2017-04-25,311.411,313.059,311.36,311.75
2017-04-26,311.771,313.112,311.559,312.48
2017-04-27,312.509,312.861,311.398,311.551
2017-04-28,311.568,313.381,311.369,313.069
2017-05-02,311.979,312.606,311.738,312.106
2017-05-03,312.105,312.402,311.768,311.961
2017-05-04,311.959,312.639,311.831,312.401
2017-05-05,312.391,312.471,311.142,311.641
2017-05-08,311.531,311.931,311.031,311.311
2017-05-09,311.281,312.161,311.079,311.589
2017-05-10,311.66,311.91,310.371,310.619
2017-05-11,310.622,310.737,310.056,310.126
2017-05-12,310.13,310.49,309.699,309.802
2017-05-15,309.87,309.961,308.63,308.872
2017-05-16,308.872,309.86,308.47,309.399
2017-05-17,309.36,310.41,308.669,308.951
2017-05-18,308.95,310.781,308.928,309.851
2017-05-19,309.828,310.072,308.378,308.608
2017-05-22,308.589,309.072,308.08,308.362
2017-05-23,308.375,308.95,308.111,308.45
2017-05-24,308.45,309.151,307.171,307.848
2017-05-25,307.848,308.491,306.649,307.35
2017-05-26,307.349,307.831,306.919,307.43
2017-05-29,307.56,308.161,307.322,307.96
2017-05-30,307.959,308.83,307.641,307.749
2017-05-31,307.751,308.571,306.981,308.142
2017-06-01,308.131,308.248,307.341,307.928
2017-06-02,307.99,308.601,307.399,307.621
2017-06-05,307.8,307.908,307.06,307.619
2017-06-06,307.619,308.548,307.248,308.102
2017-06-07,308.1,308.922,307.942,308.6
2017-06-08,308.55,308.709,307.769,307.951
2017-06-09,307.951,308.211,307.149,307.782
2017-06-12,307.519,307.768,307.129,307.49
2017-06-13,307.472,307.58,306.039,306.279
2017-06-14,306.242,306.741,305.578,306.01
2017-06-15,306.009,308.351,305.7,308.23
2017-06-16,308.23,308.279,307.359,307.568
2017-06-19,307.57,308.292,306.999,308.012
2017-06-20,307.989,309.332,307.556,309.181
2017-06-21,309.18,309.601,308.611,309.168
2017-06-22,309.17,309.769,308.749,309.279
2017-06-23,309.249,309.782,308.838,309.64
2017-06-26,309.551,309.83,308.858,309.18
2017-06-27,309.221,310.262,308.889,310.166
2017-06-28,310.161,310.288,308.619,309.499
2017-06-29,309.501,310.39,309.279,309.698
2017-06-30,309.701,310.002,308.54,308.941
2017-07-03,308.951,309.361,308.558,309.041
2017-07-04,309.041,309.041,307.869,307.869
2017-07-05,307.871,309.231,307.629,309.059
2017-07-06,309.058,309.681,308.13,308.17
2017-07-07,308.169,308.762,307.949,308.02
2017-07-10,307.89,308.332,307.54,308.088
2017-07-11,308.107,308.482,307.428,307.679
2017-07-12,307.679,307.966,306.628,307.05
2017-07-13,307.051,307.63,306.539,306.568
2017-07-14,306.547,306.801,305.828,306.001
2017-07-17,306.189,307.361,305.798,306.787
2017-07-18,306.802,307.151,305.72,305.893
2017-07-19,305.88,306.712,305.699,306.11
2017-07-20,306.111,306.27,305.04,305.189
2017-07-21,305.188,305.761,304.671,305.489
2017-07-24,305.37,305.7,304.609,305.19
2017-07-25,305.19,305.802,304.969,305.334
2017-07-26,305.324,306.261,304.789,304.799
2017-07-27,304.799,305.72,304.608,305.59
2017-07-28,305.59,305.682,304.478,304.71
2017-07-31,304.67,305.061,303.86,304.292
2017-08-01,304.294,304.61,302.839,303.411
2017-08-02,303.411,304.362,303.101,303.301
2017-08-03,303.291,304.209,303.108,303.84
2017-08-04,303.838,305.219,303.709,304.599
2017-08-07,304.489,304.971,303.669,304.271
2017-08-08,304.269,304.712,304.108,304.331
2017-08-09,304.33,305.84,304.048,305.21
2017-08-10,305.225,305.929,305.08,305.769
2017-08-11,305.77,305.981,304.531,304.621
2017-08-14,304.631,304.719,303.809,304.363
2017-08-15,304.39,304.6,304.009,304.443
2017-08-16,304.436,304.572,303.649,304.287
2017-08-17,304.262,304.731,303.428,303.812
2017-08-18,303.809,304.021,303.279,303.441
2017-08-21,303.701,303.832,302.958,303.25
2017-08-22,303.311,303.981,303.028,303.086
2017-08-23,303.081,303.511,302.111,302.685
2017-08-24,302.688,304.861,301.738,304.091
2017-08-25,304.101,305.121,304.059,304.231
2017-08-28,304.43,304.76,303.901,304.42
2017-08-29,304.421,306.002,304.229,305.79
2017-08-30,305.79,306.248,305.348,305.75
2017-08-31,305.748,306.672,305.419,305.901
2017-09-01,305.899,306.022,304.679,305.521
2017-09-04,305.658,306.272,305.291,306.162
2017-09-05,306.171,306.471,305.528,306.125
2017-09-06,306.13,306.651,305.967,306.396
2017-09-07,306.402,306.671,305.281,305.761
2017-09-08,305.778,306.821,305.591,306.541
2017-09-11,306.669,306.992,305.95,306.468
2017-09-12,306.471,307.379,306.411,307.221
2017-09-13,307.221,308.422,307.129,307.96
2017-09-14,307.962,309.01,307.76,308.52
2017-09-15,308.519,309.659,308.431,309.412
2017-09-18,309.479,309.972,309.109,309.461
2017-09-19,309.459,309.74,307.45,308.09
2017-09-20,308.095,309.071,307.929,308.83
2017-09-21,308.832,310.83,308.789,310.17
2017-09-22,310.169,310.192,309.181,309.941
2017-09-25,309.739,311.571,309.668,310.402
2017-09-26,310.402,311.601,310.389,311.27
2017-09-27,311.271,311.97,310.672,311.082
2017-09-28,311.119,311.892,310.539,311.01
2017-09-29,311.12,311.842,310.19,311.701
2017-10-02,311.741,312.492,311.098,312.041
2017-10-03,312.041,312.457,311.526,312.181
2017-10-04,312.181,312.321,311.02,312.049
2017-10-05,312.049,312.051,310.76,311.891
2017-10-06,311.882,312.6,311.324,312.11
2017-10-09,312.16,312.62,311.618,311.91
2017-10-10,311.872,312.049,310.097,310.805
2017-10-11,310.794,310.96,309.033,309.339
2017-10-12,309.338,309.532,308.328,308.729
2017-10-13,308.73,309.471,307.778,308.011
2017-10-16,308.231,308.542,307.28,307.661
2017-10-17,307.659,308.39,307.16,308.231
2017-10-18,308.231,308.462,307.879,308.218
2017-10-19,308.22,308.762,307.629,307.841
2017-10-20,307.842,308.561,307.509,308.21
2017-10-23,307.903,308.639,307.663,308.511
2017-10-24,308.502,310.45,308.059,309.82
2017-10-25,309.821,310.651,309.709,310.109
2017-10-26,310.129,311.502,309.87,310.63
2017-10-27,310.631,311.781,310.279,310.291
2017-10-30,310.4,311.389,309.96,311.013
2017-10-31,311.03,311.671,310.829,311.381
2017-11-01,311.351,312.072,310.65,310.819
2017-11-02,310.799,311.562,310.06,310.851
2017-11-03,310.851,311.194,310.1,310.771
2017-11-06,310.801,311.48,310.568,310.98
2017-11-07,310.98,311.862,310.759,311.64
2017-11-08,311.64,312.18,311.199,311.851
2017-11-09,311.84,312.362,311.551,311.869
2017-11-10,311.859,312.451,311.709,311.91
2017-11-13,311.728,312.242,311.501,311.79
2017-11-14,311.739,312.191,311.452,311.879
2017-11-15,311.9,312.612,311.22,312.239
2017-11-16,312.239,312.87,311.749,311.94
2017-11-17,311.905,312.452,311.362,311.865
2017-11-20,311.949,312.634,311.672,312.543
2017-11-21,312.538,314.244,312.161,313.38
2017-11-22,313.384,313.876,312.741,313.141
2017-11-23,313.174,313.5,312.189,312.477
2017-11-24,312.475,312.587,311.453,312.111
2017-11-27,312.001,312.086,310.635,310.912
2017-11-28,310.888,311.486,310.683,310.846
2017-11-29,310.875,312.127,310.803,312.069
2017-11-30,312.06,313.429,311.907,313.143
2017-12-01,313.065,314.157,313.017,313.939
2017-12-04,313.852,314.004,312.778,313.735
2017-12-05,313.733,314.364,313.2,314.101
2017-12-06,314.104,314.697,314.04,314.327
2017-12-07,314.318,315.124,314.228,314.92
2017-12-08,314.884,315.18,313.604,313.941
2017-12-11,313.842,314.973,313.698,314.553
2017-12-12,314.555,314.592,313.755,313.925
2017-12-13,313.934,314.707,313.751,314.593
2017-12-14,314.579,314.722,313.61,314.313
2017-12-15,314.317,314.427,313.353,314.406
2017-12-18,314.051,314.408,313.078,313.246
2017-12-19,313.251,313.466,312.784,313.019
2017-12-20,313.025,313.369,312.47,312.922
2017-12-21,312.937,313.17,311.788,312.108
2017-12-22,312.119,312.372,311.027,311.742
2017-12-26,311.674,312.156,311.091,311.705
2017-12-27,311.682,311.852,309.99,310.225
2017-12-28,310.228,310.571,309.87,309.982
2017-12-29,310.038,310.808,309.959,310.759
2018-01-02,310.432,310.651,308.518,309.125
2018-01-03,309.079,309.68,308.291,308.509
2018-01-04,308.537,309.022,308.009,308.22
2018-01-05,308.192,308.926,308.113,308.394
2018-01-08,308.423,309.221,308.107,309.007
2018-01-09,309.006,310.031,308.873,309.497
2018-01-10,309.563,310.452,309.234,309.335
2018-01-11,309.389,309.476,308.481,308.863
2018-01-12,308.876,309.097,308.369,308.751
2018-01-15,308.869,309.409,308.538,308.865
2018-01-16,308.824,309.169,308.337,308.664
2018-01-17,308.67,309.267,308.404,308.558
2018-01-18,308.6,308.716,307.713,308.258
2018-01-19,308.267,309.598,308.203,309.145
2018-01-22,309.085,309.826,309.008,309.629
2018-01-23,309.638,310.26,309.208,309.339
2018-01-24,309.337,309.633,308.68,309.341
2018-01-25,309.336,309.647,308.775,309.127
2018-01-26,309.222,309.993,309.017,309.357
2018-01-29,309.243,310.145,309.142,309.998
2018-01-30,310.022,311.09,309.925,310.876
2018-01-31,310.876,311.096,309.831,310.052
2018-02-01,310.126,310.234,308.786,309.119
2018-02-02,309.121,310.127,308.945,309.828
2018-02-05,309.762,310.634,309.32,310.188
2018-02-06,310.191,310.794,309.767,309.836
2018-02-07,309.845,310.675,309.474,310.604
2018-02-08,310.616,311.458,310.353,311.392
2018-02-09,311.372,312.693,311.119,311.778
2018-02-12,312.305,312.392,311.753,311.941
2018-02-13,311.935,312.3,311.563,312.039
2018-02-14,312.009,313.236,311.694,312.054
2018-02-15,312.013,312.246,311.089,311.325
2018-02-16,311.322,311.694,311.003,311.364
2018-02-19,311.545,311.684,310.913,311.038
2018-02-20,311.038,312.185,310.994,311.859
2018-02-21,311.953,312.685,311.774,312.394
2018-02-22,312.428,313.231,312.229,312.99
2018-02-23,312.981,313.171,312.699,313.11
2018-02-26,313.131,313.832,312.968,313.6
2018-02-27,313.631,314.316,313.491,314.174
2018-02-28,314.161,314.471,313.699,313.84
2018-03-01,313.85,314.011,313.219,313.64
2018-03-02,313.625,314.077,313.47,313.865
2018-03-05,313.551,314.311,313.551,314.21
2018-03-06,314.209,314.332,312.559,312.831
2018-03-07,312.908,313.43,311.649,312.23
2018-03-08,312.23,312.451,311.628,311.891
2018-03-09,311.88,312.11,311.438,311.619
2018-03-12,311.631,312.172,311.408,311.838
2018-03-13,311.842,311.992,311.452,311.84
2018-03-14,311.84,311.991,311.149,311.31
2018-03-15,311.319,311.461,310.638,311.269
2018-03-16,311.289,311.391,310.7,310.881
2018-03-19,311.399,311.399,310.729,311.247
2018-03-20,311.26,311.661,311.018,311.52
2018-03-21,311.519,311.598,311.079,311.44
2018-03-22,311.441,312.351,311.338,312.141
2018-03-23,312.141,313.27,312.109,312.921
2018-03-26,312.899,313.042,312.548,312.932
2018-03-27,312.932,313.102,312.43,312.849
2018-03-28,312.839,312.992,312.16,312.4
2018-03-29,312.39,312.742,311.928,312.382
2018-03-30,312.382,312.65,311.892,312.589
2018-04-02,312.378,312.828,312.259,312.609
2018-04-03,312.6,312.752,311.709,311.9
2018-04-04,311.899,312.221,311.129,311.259
2018-04-05,311.261,311.582,310.859,311.089
2018-04-06,311.08,312.76,311.039,312.49
2018-04-09,311.921,312.622,311.16,311.361
2018-04-10,311.37,311.832,311.028,311.33
2018-04-11,311.331,311.772,311.178,311.379
2018-04-12,311.379,311.562,311.109,311.342
2018-04-13,311.299,311.401,310.528,310.611
2018-04-16,310.719,310.871,309.918,310.328
2018-04-17,310.331,311.041,309.979,310.319
2018-04-18,310.331,310.581,309.889,310.411
2018-04-19,310.388,310.61,310.08,310.228
2018-04-20,310.23,310.948,310.164,310.758
2018-04-23,310.812,312.675,310.661,312.309
2018-04-24,312.291,312.872,312.051,312.525
2018-04-25,312.552,313.569,312.517,313.189
2018-04-26,313.2,313.351,312.638,312.87
2018-04-27,312.867,313.102,312.451,312.861
2018-04-30,312.869,313.789,312.692,313.658
2018-05-01,313.66,315.53,313.43,314.071
2018-05-02,314.07,314.721,312.978,314.49
2018-05-03,314.499,314.851,313.728,313.902
2018-05-04,313.902,314.499,313.479,313.608
2018-05-07,313.72,314.79,313.568,314.691
2018-05-08,314.7,315.301,314.261,314.94
2018-05-09,314.94,315.719,314.638,315.349
2018-05-10,315.35,315.672,313.528,314.261
2018-05-11,314.251,315.471,314.099,315.429
2018-05-14,315.292,315.641,314.878,315.46
2018-05-15,315.459,317.551,315.319,316.57
2018-05-16,316.57,317.751,315.75,316.01
2018-05-17,316.01,317.482,315.771,317.239
2018-05-18,317.301,318.598,316.878,318.218
2018-05-21,318.209,319.499,317.624,318.049
2018-05-22,318.098,318.77,316.339,317.95
2018-05-23,317.922,319.691,317.888,318.54
2018-05-24,318.55,319.919,318.219,319.4
2018-05-25,319.372,320.169,319.089,319.389
2018-05-28,319.07,319.62,318.47,318.661
2018-05-29,318.661,320.89,318.559,320.84
2018-05-30,320.831,320.921,318.991,319.591
2018-05-31,319.59,319.913,318.538,319.733
2018-06-01,319.739,320.339,319.16,320.139
2018-06-04,319.672,320.212,318.578,318.801
2018-06-05,318.799,319.062,318.239,318.742
2018-06-06,318.759,319.119,317.729,317.971
2018-06-07,317.95,318.782,316.739,318.709
2018-06-08,318.721,320.67,318.49,319.619
2018-06-11,320.101,321.891,319.372,321.105
2018-06-12,321.085,321.851,319.308,319.681
2018-06-13,319.72,320.98,319.469,320.7
2018-06-14,320.7,323.339,320.56,323.059
2018-06-15,322.958,323.94,322.14,322.588
2018-06-18,322.589,324.131,322.37,323.779
2018-06-19,323.781,325.27,321.599,322.43
2018-06-20,322.441,324.361,321.679,323.898
2018-06-21,323.941,326.491,323.668,326.221
2018-06-22,326.22,326.432,323.528,324.852
2018-06-25,324.598,326.354,324.422,325.791
2018-06-26,325.766,326.332,325.068,326.16
2018-06-27,326.16,328.221,325.89,327.611
2018-06-28,327.631,328.96,327.338,327.979
2018-06-29,327.97,330.16,327.268,329.355
2018-07-02,329.311,330.75,328.799,330.111
2018-07-03,330.061,330.461,326.369,327.289
2018-07-04,327.29,327.521,324.87,325.399
2018-07-05,325.41,325.491,322.829,323.561
2018-07-06,323.589,324.731,322.649,322.942
2018-07-09,323.436,324.099,322.518,323.669
2018-07-10,323.669,325.772,323.5,323.881
2018-07-11,323.89,325.625,323.799,325.454
2018-07-12,325.423,325.66,324.119,324.597
2018-07-13,324.658,324.952,322.848,322.909
2018-07-16,323.208,323.559,321.628,323.162
2018-07-17,323.159,323.971,322.708,323.53
2018-07-18,323.539,324.422,323.418,324.161
2018-07-19,324.131,326.962,324.038,326.487
2018-07-20,326.504,326.932,325.048,325.401
2018-07-23,325.86,326.582,325.21,326.311
2018-07-24,326.311,327.34,325.259,325.959
2018-07-25,326.019,326.17,324.829,325.542
2018-07-26,325.529,325.611,323.49,323.762
2018-07-27,323.76,324.081,321.789,322.662
2018-07-30,322.442,322.92,321.468,321.739
2018-07-31,321.751,321.962,320.011,320.602
2018-08-01,320.602,321.681,320.418,320.951
2018-08-02,320.951,322.29,320.778,321.21
2018-08-03,321.21,321.649,319.639,320.02
2018-08-06,320.178,320.861,319.699,319.902
2018-08-07,319.912,320.41,319.168,319.972
2018-08-08,319.972,320.26,318.909,319.49
2018-08-09,319.489,321.062,319.259,320.74
2018-08-10,320.738,324.812,320.668,322.979
2018-08-13,323.629,325.761,322.87,322.921
2018-08-14,322.92,323.48,322.05,322.849
2018-08-15,322.83,325.539,322.151,324.81
2018-08-16,324.811,324.901,323.288,323.979
2018-08-17,323.979,324.499,322.57,322.613
2018-08-20,323.049,324.062,322.698,323.899
2018-08-21,323.899,323.96,322.863,323.499
2018-08-22,323.499,323.701,322.549,322.891
2018-08-23,322.89,324.82,322.659,324.471
2018-08-24,324.412,324.501,323.209,323.765
2018-08-27,323.591,324.162,323.429,323.909
2018-08-28,323.92,324.402,323.529,323.991
2018-08-29,323.988,326.16,323.808,325.74
2018-08-30,325.74,327.171,325.632,326.949
2018-08-31,326.949,327.251,325.829,326.621
2018-09-03,326.471,327.19,326.221,326.849
2018-09-04,326.851,328.19,326.529,327.691
2018-09-05,327.689,329.168,327.326,327.597
2018-09-06,327.608,328.441,325.391,326.049
2018-09-07,326.024,326.191,324.41,324.96
2018-09-10,325.249,325.871,324.309,324.901
2018-09-11,324.91,324.982,323.938,324.639
2018-09-12,324.641,326.392,324.485,325.065
2018-09-13,325.037,325.792,323.798,324.14
2018-09-14,324.171,325.141,323.128,324.803
2018-09-17,324.781,325.351,324.374,324.721
2018-09-18,324.769,325.179,322.828,323.81
2018-09-19,323.818,323.926,322.857,323.167
2018-09-20,323.155,324.277,323.131,323.453
2018-09-21,323.462,324.275,323.111,324.089
2018-09-24,323.979,324.392,323.42,323.63
2018-09-25,323.63,324.522,323.36,324.19
2018-09-26,324.24,324.32,323.408,323.579
2018-09-27,323.569,323.802,323.205,323.643
2018-09-28,323.627,324.652,323.261,323.3
2018-10-01,323.361,323.871,322.71,323.069
2018-10-02,323.08,324.079,322.909,322.981
2018-10-03,322.978,323.25,322.109,322.981
2018-10-04,322.969,325.401,322.729,324.4
2018-10-05,324.4,325.27,324.199,324.881
2018-10-08,324.81,325.699,324.708,325.388
2018-10-09,325.398,325.723,324.126,324.728
2018-10-10,324.712,325.942,324.379,325.59
2018-10-11,325.611,325.892,324.379,325.231
2018-10-12,325.229,325.401,323.879,324.391
2018-10-15,324.138,324.312,322.31,322.589
2018-10-16,322.7,322.781,321.718,321.832
2018-10-17,321.832,322.762,321.792,322.129
2018-10-18,322.13,323.69,321.848,323.18
2018-10-19,323.169,323.882,323.008,323.119
2018-10-22,323.19,323.271,322.529,322.814
2018-10-23,322.829,323.461,322.448,322.881
2018-10-24,322.898,323.692,322.529,323.622
2018-10-25,323.662,324.29,323.358,324.179
2018-10-26,324.181,324.552,323.738,324.112
2018-10-29,323.938,324.901,323.841,324.821
2018-10-30,324.831,325.022,324.439,324.901
2018-10-31,324.859,325.529,324.5,324.769
2018-11-01,324.821,324.821,321.98,322.75
2018-11-02,322.741,323.06,320.948,321.759
2018-11-05,321.431,322.681,321.369,322.061
2018-11-06,322.059,322.289,321.718,321.97
2018-11-07,321.97,322.152,321.26,321.461
2018-11-08,321.439,321.771,320.844,321.013
2018-11-09,321.057,321.606,320.936,321.455
2018-11-12,321.5,322.518,321.271,322.449
2018-11-13,322.39,323.614,322.099,322.835
2018-11-14,322.835,323.202,322.268,322.441
2018-11-15,322.44,322.871,321.708,321.98
2018-11-16,321.95,322.121,321.369,321.737
2018-11-19,321.701,321.902,321.164,321.241
2018-11-20,321.264,321.862,320.95,321.429
2018-11-21,321.45,321.93,321.06,321.799
2018-11-22,321.781,321.9,321.187,321.33
2018-11-23,321.38,322.452,320.949,322.394
2018-11-26,322.35,323.819,322.071,323.78
2018-11-27,323.78,324.942,323.269,323.881
2018-11-28,323.889,324.48,323.349,323.62
2018-11-29,323.61,324.008,322.63,323.569
2018-11-30,323.569,324.062,323.278,323.7
2018-12-03,323.719,323.762,322.119,322.621
2018-12-04,322.622,323.93,322.438,323.659
2018-12-05,323.661,324.021,323.235,323.509
2018-12-06,323.501,324.171,322.861,322.995
2018-12-07,323.006,323.658,322.65,323.372
2018-12-10,323.171,323.771,322.819,323.543
2018-12-11,323.611,323.902,323.221,323.719
2018-12-12,323.719,323.812,322.906,323
2018-12-13,322.992,323.609,322.619,323.171
2018-12-14,323.26,324.259,323.109,323.648
2018-12-17,323.65,323.781,322.998,323.529
2018-12-18,323.54,323.592,321.991,322.169
2018-12-19,322.17,322.932,322.118,322.72
2018-12-20,322.707,322.902,321.138,321.592
2018-12-21,321.592,322.492,321.171,322.2
2018-12-24,322.049,322.299,320.919,321.639
2018-12-26,321.839,321.933,320.859,321.609
2018-12-27,321.57,321.798,320.759,321.101
2018-12-28,321.099,322.472,320.798,321.19
2018-12-31,321.58,321.812,320.798,321.083
2019-01-02,321.312,322.909,321.057,322.671
2019-01-03,322.738,322.981,320.84,321.362
2019-01-04,321.4,321.61,320.818,320.86
2019-01-07,320.95,321.442,320.829,321.14
2019-01-08,321.159,322.342,321.089,321.74
2019-01-09,321.732,321.961,321.189,321.459
2019-01-10,321.459,321.829,320.97,321.26
2019-01-11,321.261,321.72,321.108,321.178
2019-01-14,321.28,321.764,321.061,321.738
2019-01-15,321.721,323.512,321.57,323.161
2019-01-16,323.198,324.27,321.239,321.43
2019-01-17,321.43,322.209,319.161,319.46
2019-01-18,319.479,319.701,317.569,317.781
2019-01-21,317.942,318.263,317.467,317.67
2019-01-22,317.649,318.301,317.488,318.229
2019-01-23,318.2,318.261,317.951,318.031
2019-01-24,318.03,319.319,317.968,318.869
2019-01-25,318.8,318.898,317.479,317.63
2019-01-28,317.699,317.922,317.238,317.368
2019-01-29,317.35,317.582,317.069,317.25
2019-01-30,317.19,317.422,315.03,315.62
2019-01-31,315.62,316.347,315.161,315.941
2019-02-01,315.955,318.324,315.611,317.654
2019-02-04,317.278,318.061,317.138,317.319
2019-02-05,317.322,317.76,317.12,317.57
2019-02-06,317.569,319.04,317.529,318.61
2019-02-07,318.61,319.671,318.539,318.86
2019-02-08,318.86,319.292,317.94,318.848
2019-02-11,319.139,320.101,318.572,319.92
2019-02-12,319.909,319.96,317.588,318.129
2019-02-13,318.221,319.27,317.429,318.92
2019-02-14,318.958,319.902,318.189,318.389
2019-02-15,318.389,318.948,317.949,318.663
2019-02-18,318.046,318.303,317.789,317.991
2019-02-19,317.989,318.501,317.239,317.559
2019-02-20,317.559,317.821,316.738,317.091
2019-02-21,317.091,317.872,316.8,317.602
2019-02-22,317.599,318.109,317.249,317.838
2019-02-25,317.77,318.089,317.198,317.729
2019-02-26,317.731,318.061,316.518,316.569
2019-02-27,316.569,317.021,316.038,316.209
2019-02-28,316.212,316.551,315.738,315.81
2019-03-01,315.82,316.4,315.6,316.058
2019-03-04,316.12,316.5,315.678,315.699
2019-03-05,315.694,316,315.419,315.53
2019-03-06,315.539,315.681,315.338,315.5
2019-03-07,315.51,316.351,315.02,316.32
2019-03-08,316.298,316.491,315.15,315.35
2019-03-11,315.409,316.01,315.238,315.51
2019-03-12,315.531,315.769,315.048,315.301
2019-03-13,315.31,315.441,314.449,314.623
2019-03-14,314.61,314.822,314.239,314.389
2019-03-18,314.448,314.511,313.589,313.971
2019-03-19,313.968,313.981,312.889,313.079
2019-03-20,313.069,314.05,312.619,313.552
2019-03-21,313.549,314.971,313.299,314.861
2019-03-22,314.859,316.931,314.21,316.649
2019-03-25,316.41,317.051,315.789,316.127
2019-03-26,316.131,319.01,315.549,318.72
2019-03-27,318.638,320.782,318.508,319.891
2019-03-28,319.92,320.841,319.568,320.49
2019-03-29,320.479,321.752,319.999,321.19
2019-04-01,321.31,321.76,320.49,321.655
2019-04-02,321.659,322.361,321.087,321.147
2019-04-03,321.143,321.449,319.588,319.801
2019-04-04,319.79,320.401,319.631,320.079
2019-04-05,320.08,321.551,320.019,321.177
2019-04-08,321.349,321.801,321.098,321.169
2019-04-09,321.172,322.58,320.669,322.259
2019-04-10,322.242,322.431,321.139,321.602
2019-04-11,321.6,322.22,321.22,322.111
2019-04-12,322.112,322.4,321.465,321.541
2019-04-15,321.65,321.859,320.089,320.291
2019-04-16,320.301,320.35,319.361,319.694
2019-04-17,319.672,319.891,319.089,319.309
2019-04-18,319.309,320.351,319.249,319.881
2019-04-22,320.005,320.605,319.666,319.99
2019-04-23,320.02,321.14,320.02,320.73
2019-04-24,320.718,322.141,320.609,321.629
2019-04-25,321.629,322.759,321.568,322.231
2019-04-26,322.231,322.603,320.497,322.42
2019-04-29,322.249,323.912,322.08,323.401
2019-04-30,323.4,324.142,322.68,323.951
2019-05-01,323.949,324.638,323.81,324.49
2019-05-02,324.549,324.841,323.888,324.259
2019-05-03,324.259,324.42,322.759,323.172
2019-05-06,323.186,323.835,323.163,323.513
2019-05-07,323.665,324.452,323.179,324.11
2019-05-08,324.111,324.669,323.839,324.16
2019-05-09,324.16,324.8,323.221,324.08
2019-05-10,324.07,324.339,323.02,323.402
2019-05-13,323.242,324.531,323.238,323.929
2019-05-14,323.93,324.601,323.698,324.519
2019-05-15,324.521,325.834,324.35,324.719
2019-05-16,324.726,324.942,323.85,324.429
2019-05-17,324.43,326.592,324.421,326.479
2019-05-20,326.342,326.539,325.758,326.479
2019-05-21,326.481,327.49,326.13,326.269
2019-05-22,326.209,326.759,326.112,326.341
2019-05-23,326.35,327.49,326.209,326.331
2019-05-24,326.33,326.831,325.158,325.53
2019-05-27,325.529,326.278,325.05,325.821
2019-05-28,325.82,327.25,325.569,327.1
2019-05-29,327.18,327.571,325.758,326.02
2019-05-30,326.021,326.032,324.539,324.715
2019-05-31,324.71,325.392,324.079,325.05
2019-06-03,324.82,325.192,322.68,323.241
2019-06-04,323.251,323.32,321.799,322.041
2019-06-05,322.041,322.321,320.732,321.431
2019-06-06,321.431,321.721,320.621,320.929
2019-06-07,320.931,321.72,319.919,320.199
2019-06-10,320.192,320.4,319.768,320.199
2019-06-11,320.2,321.432,319.979,321.138
2019-06-12,321.131,322.175,320.969,322.092
2019-06-13,322.093,322.37,321.892,322.061
2019-06-14,322.061,322.479,321.39,322.409
2019-06-17,322.381,322.452,322.061,322.43
2019-06-18,322.389,323.42,322.06,323.31
2019-06-19,323.31,324.289,322.97,323.33
2019-06-20,323.362,324.341,322.991,323.127
2019-06-21,323.142,324.351,323.059,324.212
2019-06-24,324.111,324.452,323.359,323.638
2019-06-25,323.634,324.599,322.929,323.41
2019-06-26,323.421,323.761,323.221,323.449
2019-06-27,323.43,323.892,323.348,323.72
2019-06-28,323.721,323.972,322.65,323.07
2019-07-01,323.072,323.43,322.561,323.37
2019-07-02,323.37,323.402,322.759,323.031
2019-07-03,323.031,323.201,322.18,322.301
2019-07-04,322.31,323.071,322.239,322.781
2019-07-05,322.852,324.461,322.678,324.021
2019-07-08,324.09,324.891,323.879,324.671
2019-07-09,324.669,325.79,324.65,325.572
2019-07-10,325.572,326.141,325.447,325.572
2019-07-11,325.584,326.141,325.458,325.9
2019-07-12,325.901,326.001,325.398,325.629
2019-07-15,325.72,325.971,325.171,325.282
2019-07-16,325.28,326.099,325.138,325.966
2019-07-17,325.997,326.811,325.908,326.55
2019-07-18,326.561,326.682,325.658,325.811
2019-07-19,325.811,326.05,324.789,324.941
2019-07-22,325.289,325.471,324.741,325.392
2019-07-23,325.391,326.031,325.279,325.871
2019-07-24,325.869,325.979,325.289,325.351
2019-07-25,325.351,326.569,325.15,326.29
2019-07-26,326.28,327.1,326.22,326.95
2019-07-29,326.739,328.021,326.56,327.789
2019-07-30,327.789,328.018,327.329,327.669
2019-07-31,327.67,327.672,325.581,326.15
2019-08-01,326.141,327.644,326.041,327.21
2019-08-02,327.173,327.842,326.22,327.519
2019-08-05,327.351,327.835,326.15,327.075
2019-08-06,327.054,327.151,324.769,324.871
2019-08-07,324.861,326.49,324.731,326.05
2019-08-08,326.05,326.171,324.06,324.199
2019-08-09,324.2,325.039,324.11,324.411
2019-08-12,324.731,324.879,324.168,324.251
2019-08-13,324.229,324.52,323.171,323.459
2019-08-14,323.459,325.742,323.249,325.541
2019-08-15,325.542,326.462,325.22,325.709
2019-08-16,325.729,325.782,324.421,324.579
2019-08-19,324.631,326.901,324.54,326.37
2019-08-20,326.3,327.842,326.139,327.24
2019-08-21,327.24,327.55,326.998,327.37
2019-08-22,327.369,328.448,327.098,328.016
2019-08-23,328.055,329.452,327.979,329.418
2019-08-26,329.158,329.429,328.499,329.241
2019-08-27,329.26,329.641,328.599,329.432
2019-08-28,329.451,330.432,329.378,330.162
2019-08-29,330.179,331.869,329.989,331.4
2019-08-30,331.41,331.758,330.678,331.2
2019-09-02,331.369,331.911,330.68,331.161
2019-09-03,331.261,331.392,329.908,329.919
2019-09-04,329.919,330.07,328.349,329.588
2019-09-05,329.588,329.9,329.1,329.759
2019-09-06,329.75,331.041,329.441,329.981
2019-09-09,330.291,330.382,329.709,330.332
2019-09-10,330.319,331.972,330.079,331.66
2019-09-11,331.659,333.469,331.409,332.199
2019-09-12,332.15,332.74,330.289,332.529
2019-09-13,332.519,332.83,330.808,331.17
2019-09-16,331.561,332.471,331.471,332.098
2019-09-17,332.081,334.311,332.068,333.741
2019-09-18,333.741,333.83,332.669,333.001
2019-09-19,333.018,333.442,332.249,332.391
2019-09-20,332.319,334.331,331.808,333.719
2019-09-23,333.9,335.381,333.408,335.102
2019-09-24,335.102,336.11,333.58,333.728
2019-09-25,333.691,335.019,333.572,334.192
2019-09-26,334.191,335.772,333.55,335.581
2019-09-27,335.549,336.309,334.938,335.311
2019-09-30,335.31,335.621,334.479,334.92
2019-10-01,334.92,335.83,334.268,335.481
2019-10-02,335.482,335.762,333.65,333.831
2019-10-03,333.83,333.941,332.033,332.298
2019-10-04,332.326,332.97,331.958,332.57
2019-10-07,332.628,333.819,332.358,333.463
2019-10-08,333.403,334.672,333.289,334
2019-10-09,334,334.702,333.661,334.232
2019-10-10,334.231,334.42,332.038,332.322
2019-10-11,332.321,332.421,330.939,332.141
2019-10-14,331.972,332.774,331.238,331.55
2019-10-15,331.56,332.931,331.44,332.12
2019-10-16,332.118,333.648,332.081,332.611
2019-10-17,332.581,333.408,330.55,331.138
2019-10-18,331.088,331.36,330.218,330.521
2019-10-21,330.742,331.121,329.818,329.95
2019-10-22,329.942,330.419,328.789,329.01
2019-10-23,328.989,329.351,328.044,328.109
2019-10-24,328.103,329.722,328.068,329.25
2019-10-25,329.25,329.351,328.519,328.699
2019-10-28,328.588,329.071,327.769,328.109
2019-10-29,328.109,329.922,327.858,329.77
2019-10-30,329.759,330.251,329.202,329.491
2019-10-31,329.48,329.94,328.101,328.751
2019-11-01,328.749,328.811,327.715,328.001
2019-11-04,328.108,329.582,327.858,329.371
2019-11-05,329.34,331.362,329.009,331.172
2019-11-06,331.202,332.252,331.099,331.922
2019-11-07,331.919,332.98,331.689,332.603
2019-11-08,332.589,334.082,332.509,333.541
2019-11-11,333.62,334.569,333.548,334.059
2019-11-12,334.09,334.853,333.898,334.809
2019-11-13,334.828,334.972,333.908,334.001
2019-11-14,333.972,334.48,333.421,334.319
2019-11-15,334.42,334.952,334.111,334.651
2019-11-18,334.559,335.68,334.479,335.428
2019-11-19,335.399,335.699,332.649,332.93
2019-11-20,332.931,333.727,332.68,333.299
2019-11-21,333.32,334.662,333.19,334.44
2019-11-22,334.44,335.371,333.8,334.59
2019-11-25,334.249,335.992,334.068,335.978
2019-11-26,335.981,337.27,335.419,336.002
2019-11-27,335.989,336.739,335.78,336.338
2019-11-28,336.338,337.221,335.902,335.991
2019-11-29,335.981,336.231,333.18,334.487
2019-12-02,334.62,335.992,331.961,332.428
2019-12-03,332.39,332.44,331.339,331.659
2019-12-04,331.671,331.931,330.84,331.139
2019-12-05,331.149,331.498,330.491,330.818
2019-12-06,330.808,331.191,330.07,331.19
2019-12-09,331.07,331.878,330.799,331.669
2019-12-10,331.669,331.992,330.189,330.939
2019-12-11,330.938,331.23,330.091,330.282
2019-12-12,330.24,330.33,329.179,329.841
2019-12-13,329.821,329.83,328.669,329.617
2019-12-16,329.239,329.702,328.13,328.73
2019-12-17,328.728,331,328.619,330.323
2019-12-18,330.263,331.091,330.145,330.788
2019-12-19,330.76,331.47,330.229,330.658
2019-12-20,330.648,330.931,330.161,330.559
2019-12-23,330.681,331.652,330.538,331.501
2019-12-24,331.479,332.524,331.21,332.168
2019-12-27,331.611,331.681,330.358,330.39
2019-12-30,331.098,331.959,330.24,331.121
2019-12-31,331.091,331.282,330.269,331.084
2020-01-02,330.981,331.146,328.809,328.91
2020-01-03,328.88,330.691,328.86,329.73
2020-01-06,329.818,330.22,329.378,329.701
2020-01-07,329.711,331.83,329.659,331.766
2020-01-08,331.797,332.211,330.282,331.081
2020-01-09,331.021,333.231,330.509,332.611
2020-01-10,332.659,334.141,332.578,333.803
2020-01-13,333.821,335.158,333.48,333.749
2020-01-14,333.642,334.171,332.149,332.568
2020-01-15,332.579,333.362,331.86,332.768
2020-01-16,333.053,334.712,332.759,334.639
2020-01-17,334.64,336.351,334.551,336.152
2020-01-20,336.168,337.062,334.188,334.563
2020-01-21,334.58,335.742,334.078,334.301
2020-01-22,334.282,336.669,334.059,336.183
2020-01-23,336.181,337.57,336.159,336.721
2020-01-24,336.74,336.99,335.551,336.32
2020-01-27,336.079,338.759,336.078,337.301
2020-01-28,337.288,338.66,336.658,338.099
2020-01-29,338.099,338.401,337.298,337.602
2020-01-30,337.73,338.691,336.98,337.105
2020-01-31,337.124,337.748,336.389,337.359
2020-02-03,337.479,338.162,336.659,337.21
2020-02-04,337.329,337.41,335.738,335.92
2020-02-05,335.918,337.341,335.6,336.82
2020-02-06,336.8,338.082,336.459,337.891
2020-02-07,337.861,339.241,337.808,338.21
2020-02-10,338.471,338.55,337.271,337.94
2020-02-11,337.959,339.012,337.529,338.749
2020-02-12,338.749,340.371,338.439,340.001
2020-02-13,340.001,340.199,336.961,337.68
2020-02-14,337.599,337.993,334.81,335.488
2020-02-17,335.811,336.12,334.419,335.49
2020-02-18,335.541,336.062,334.432,335.73
2020-02-19,335.751,337.354,334.04,336.991
2020-02-20,337.005,338.46,336.749,338.144
2020-02-21,338.139,338.45,336.829,336.958
2020-02-24,337.21,338.68,336.878,338.219
2020-02-25,338.221,338.86,336.728,338.721
2020-02-26,338.721,339.881,338.52,339.399
2020-02-27,339.39,339.951,338.159,339.234
2020-02-28,339.148,340.591,337.169,338.198
2020-03-02,338.218,338.99,336.139,337.261
2020-03-03,337.289,338.171,334.942,336.009
2020-03-04,336.01,336.411,334.49,335.92
2020-03-05,335.911,336.901,335.509,336.54
2020-03-06,336.49,337.942,334.189,335.722
2020-03-09,335.8,338.631,335.44,336.15
2020-03-10,335.908,336.6,334.733,335.022
2020-03-11,334.977,337.071,334.188,336.868
2020-03-12,336.87,340.281,336.649,338.13
2020-03-13,338.131,340.462,337.66,339.392
2020-03-16,338.831,347.302,338.291,344.401
2020-03-17,344.25,348.812,343.828,347.242
2020-03-18,347.255,355.552,347,352.851
2020-03-19,352.849,359.68,352.848,357.688
2020-03-20,357.65,358.092,348.351,349.5
2020-03-23,350.759,356.212,350.578,352.732
2020-03-24,352.78,358.091,349.459,355.05
2020-03-25,355.06,355.512,351.689,353.84
2020-03-26,353.842,358.278,352.46,355.798
2020-03-27,355.781,357.264,353.459,356.499
2020-03-30,356.955,359.642,356.028,358.73
2020-03-31,358.729,361.766,358.011,360.6
2020-04-01,360.541,369.54,360.48,363.571
2020-04-02,363.541,364.851,358.488,363.818
2020-04-03,363.818,367.941,362.838,366.03
2020-04-06,365.912,366.352,361.809,364.042
2020-04-07,364.052,364.332,356.559,357.932
2020-04-08,357.97,359.921,356.85,358.479
2020-04-09,358.521,359.26,352.33,353.418
2020-04-13,353.198,354.721,353.008,354.151
2020-04-14,354.15,354.42,350.05,351.689
2020-04-15,351.692,352.521,350.161,352.18
2020-04-16,352.18,352.7,349.109,350.911
2020-04-17,350.911,353.781,350.06,353.021
2020-04-20,352.569,354.929,351.611,352.651
2020-04-21,352.64,355.992,352.403,354.181
2020-04-22,354.181,357.891,353.641,357.099
2020-04-23,357.099,358.55,356.352,357.319
2020-04-24,357.35,357.6,353.67,355.391
2020-04-27,356.22,356.352,353.581,355.42
2020-04-28,355.376,358.891,354.72,357.482
2020-04-29,357.481,357.81,352.709,354.479
2020-04-30,354.519,354.85,350.968,352.916
2020-05-01,352.951,354.958,352.348,354.121
2020-05-04,353.829,354.911,352.289,353.679
2020-05-05,353.679,354.32,349.349,350.33
2020-05-06,350.33,351.652,348.039,350.741
2020-05-07,350.741,351.35,348.979,350.578
2020-05-08,350.579,350.88,349.119,349.521
2020-05-11,349.349,350.67,349.101,350.079
2020-05-12,350.079,352.23,349.871,351.252
2020-05-13,351.252,354.851,350.981,354.133
2020-05-14,354.163,354.902,353.788,354.199
2020-05-15,354.199,354.912,353.662,354.8
2020-05-18,354.842,354.981,352.139,352.864
2020-05-19,352.917,353.462,349.595,350.431
2020-05-20,350.429,350.771,349.26,349.701
2020-05-21,349.691,350.201,347.598,348.208
2020-05-22,348.15,350.678,347.881,350.021
2020-05-25,350.329,351.268,349.618,350.882
2020-05-26,350.879,351.092,347.693,347.784
2020-05-27,347.78,349.441,347.766,348.611
2020-05-28,348.588,350.382,348.438,349.48
2020-05-29,349.571,349.901,346.16,347.13
2020-06-01,347.03,347.392,344.55,344.968
2020-06-02,344.971,346.341,344.281,345.4
2020-06-03,345.398,346.4,344.001,344.759
2020-06-04,344.76,345.899,344.22,344.631
2020-06-05,344.631,344.921,343.309,343.979
2020-06-08,343.779,344.442,343.279,343.889
2020-06-09,343.889,345.351,343.4,344.399
2020-06-10,344.4,344.76,343.059,343.831
2020-06-11,343.831,346.361,343.548,345.438
2020-06-12,345.421,347.461,345.112,346.639
2020-06-15,346.941,348.14,345.691,345.742
2020-06-16,345.888,346.9,344.411,345.709
2020-06-17,345.709,345.709,343.618,344.95
2020-06-18,344.949,346.759,344.199,346.279
2020-06-19,346.28,346.5,345.238,345.942
2020-06-22,345.851,347.402,345.602,347.07
2020-06-23,347.05,350.828,347.029,349.28
2020-06-24,349.282,352.201,349.169,351.752
2020-06-25,351.8,355.192,351.629,354.05
2020-06-26,354.05,356.08,353.829,355.56
2020-06-29,355.419,357.401,354.419,356.56
2020-06-30,356.558,357.471,353.37,354.77
2020-07-01,354.729,355.221,352.498,352.959
2020-07-02,352.989,353.321,350.608,351.458
2020-07-03,351.458,353.435,351.002,353.364
2020-07-06,353.704,354.778,351.729,352.309
2020-07-07,352.348,354.86,352.148,354.15
2020-07-08,354.151,355.891,354.151,354.931
2020-07-09,354.87,355.112,352.359,353.062
2020-07-10,353.1,354.112,352.599,353.14
2020-07-13,353.618,356.68,352.78,355.591
2020-07-14,355.589,355.968,354.702,355.349
2020-07-15,355.328,355.462,353.1,353.972
2020-07-16,353.97,354.35,353.169,354.078
2020-07-17,354.078,354.411,353.13,353.241
2020-07-20,353.199,354,351.873,352.399
2020-07-21,352.399,352.432,349.72,350.6
2020-07-22,350.911,351.052,347.9,348.53
2020-07-23,348.531,348.57,346.219,346.663
2020-07-24,346.678,348.299,345.809,345.898
2020-07-27,346.129,346.45,344.888,346.139
2020-07-28,346.149,347.242,345.678,347.071
2020-07-29,347.071,348.648,345.048,345.188
2020-07-30,345.198,346.412,344.568,345.261
2020-07-31,345.262,345.492,343.671,344.31
2020-08-03,344.331,346.212,344.069,344.508
2020-08-04,344.548,346.681,344.208,346.339
2020-08-05,346.339,346.602,344.198,345.155
2020-08-06,345.021,346.79,344.519,346.062
2020-08-07,346.062,347.478,345.599,346.218
2020-08-10,346.252,346.92,344.271,345.001
2020-08-11,345.001,345.672,344.332,344.656
2020-08-12,344.669,345.849,344.549,345.325
2020-08-13,345.308,345.722,344.638,345.331
2020-08-14,345.331,346.908,345.029,346.779
2020-08-17,346.158,349.28,345.64,349.042
2020-08-18,349.04,350.362,348.702,348.859
2020-08-19,348.952,350.14,347.491,348.79
2020-08-20,348.781,351.1,348.358,348.669
2020-08-21,348.669,351.411,347.999,351.031
2020-08-24,350.251,352.222,350.09,351.915
2020-08-25,351.908,354.131,351.642,352.819
2020-08-26,352.821,356.609,352.588,355.821
2020-08-27,355.82,356.859,355.63,356.3
2020-08-28,356.3,356.642,353.671,353.731
2020-08-31,353.99,356.341,353.478,355.25
2020-09-01,355.248,356.309,353.831,355.998
2020-09-02,355.998,359.058,355.951,358.093
2020-09-03,358.09,359.106,357.658,358.824
2020-09-04,358.796,361.708,358.744,360.11
2020-09-07,360.398,360.951,359.329,359.822
2020-09-08,359.811,361.519,357.09,357.372
2020-09-09,357.369,358.528,356.439,356.98
2020-09-10,356.981,358.049,356.632,357.812
2020-09-11,357.808,357.93,356.602,357.422
2020-09-14,357.411,358.562,356.779,357.401
2020-09-15,357.4,357.999,356.929,357.94
2020-09-16,357.92,359.389,357.551,359.239
2020-09-17,359.238,361.301,359.153,360.52
2020-09-18,360.52,361.159,359.649,360.039
2020-09-21,360.4,363.492,359.861,362.222
2020-09-22,362.22,363.779,360.608,362.68
2020-09-23,362.681,365.851,362.609,365.192
2020-09-24,365.191,366.441,362.708,362.71
2020-09-25,362.7,364.001,361.831,363.558
2020-09-28,363.23,366.424,363.078,365.988
2020-09-29,366.023,366.362,364.143,365.288
2020-09-30,365.295,365.701,363.069,363.46
2020-10-01,363.46,363.61,358.551,358.81
2020-10-02,358.809,359.769,358.077,358.747
2020-10-05,358.759,361.184,357.618,361.139
2020-10-06,361.135,361.166,359.308,360.631
2020-10-07,360.629,360.782,358.599,359.069
2020-10-08,359.071,359.152,357.019,357.441
2020-10-09,357.44,357.508,356.099,356.23
2020-10-12,356.281,358.04,356.02,357.541
2020-10-13,357.578,361.932,357.471,361.77
2020-10-14,361.77,364.101,361.68,363.432
2020-10-15,363.464,365.524,363.365,364.701
2020-10-16,364.69,365.191,363.981,364.49
2020-10-19,364.581,366.178,364.228,365.072
2020-10-20,365.071,366.312,362.952,363.099
2020-10-21,363.102,364.692,362.217,363.737
2020-10-22,363.746,365.171,363.565,364.401
2020-10-23,364.4,365.761,363.641,365.261
2020-10-26,365.1,365.622,364.598,365.159
2020-10-27,365.162,365.781,363.079,364.931
2020-10-28,364.931,368.872,364.842,368.411
2020-10-29,368.418,369.238,366.569,368.122
2020-10-30,368.122,368.882,366.321,366.359
2020-11-02,366.54,367.258,365.731,366.849
2020-11-03,366.859,366.942,361.741,363.319
2020-11-04,363.318,366.821,361.709,362.859
2020-11-05,362.909,363.042,357.661,358.922
2020-11-06,358.962,359.951,357.932,358.49
2020-11-09,358.6,361.632,356.481,359.12
2020-11-10,359.11,360.542,355.568,356.06
2020-11-11,356.062,356.472,354.558,355.478
2020-11-12,355.439,355.9,353.861,354.791
2020-11-13,354.791,357.232,354.619,357.198
2020-11-16,357.429,359.992,356.739,359.092
2020-11-17,359.092,362.011,359.008,361.481
2020-11-18,361.48,362.648,360.039,360.421
2020-11-19,360.421,361.754,358.162,358.91
2020-11-20,358.92,360.221,358.76,360.061
2020-11-23,359.73,361.619,359.658,360.71
2020-11-24,360.729,361.509,360.449,360.669
2020-11-25,360.671,361.552,360.489,360.997
2020-11-26,360.992,361.381,360.628,360.861
2020-11-27,360.918,362.662,360.729,361.933
2020-11-30,361.65,361.938,358.359,359.199
2020-12-01,359.202,359.232,355.558,356.598
2020-12-02,356.594,359.88,355.71,359.521
2020-12-03,359.521,360.6,356.508,357.069
2020-12-04,357.072,359.132,356.939,358.769
2020-12-07,358.781,360.65,358.572,360.569
2020-12-08,360.601,361.709,358.768,358.99
2020-12-09,358.991,359.072,355.208,356.879
2020-12-10,356.882,356.882,353.399,354.172
2020-12-11,354.168,355.302,353.728,354.219
2020-12-14,354.55,354.879,353.17,354.109
2020-12-15,354.149,356.75,353.65,356.11
2020-12-16,356.109,356.52,354.749,355.22
2020-12-17,355.241,356.032,354.068,355.371
2020-12-18,355.382,358.092,355.179,357.73
2020-12-21,357.789,361.661,357.488,360.539
2020-12-22,360.552,362.49,360.499,362.309
2020-12-23,362.23,363.188,361.568,362.139
2020-12-24,362.13,363.19,361.389,363.061
2020-12-28,362.262,364.871,361.978,363.892
2020-12-29,363.889,365.041,363.068,364.79
2020-12-30,364.79,365.209,363.979,364.19
2020-12-31,364.2,365.193,362.139,362.644
2021-01-04,363.51,363.6,360.659,361.838
2021-01-05,361.84,362.1,358.949,359.48
2021-01-06,359.479,359.5,357.149,358.821
2021-01-07,358.851,360.161,356.511,359.448
2021-01-08,359.491,360.668,358.488,359.448
2021-01-11,359.449,361.939,359.291,361.419
2021-01-12,361.421,361.571,358.991,359.071
2021-01-13,359.071,360.771,358.672,360.541
2021-01-14,360.551,360.85,358.96,359.698
2021-01-15,359.699,360.912,359.098,360.378
2021-01-18,360.459,361.102,359.179,359.829
2021-01-19,359.692,360.009,357.519,358.07
2021-01-20,358.07,358.091,356.878,357.261
2021-01-21,357.2,357.821,356.559,356.85
2021-01-22,356.841,357.862,356.649,357.481
2021-01-25,357.55,358.211,356.329,357.649
2021-01-26,357.65,359.539,357.64,359.471
2021-01-27,359.58,360.992,359.26,360.429
2021-01-28,360.429,361.163,358.458,358.928
2021-01-29,358.928,359.189,356.829,356.982
2021-02-01,357.281,357.622,355.798,356.259
2021-02-02,356.26,356.479,354.868,355.848
2021-02-03,355.85,356.058,354.89,355.491
2021-02-04,355.488,356.281,355.218,355.902
2021-02-05,355.899,356.97,355.348,356.798
2021-02-08,356.618,359.21,356.539,358.569
2021-02-09,358.569,359.659,357.849,358.361
2021-02-10,358.359,358.472,356.012,356.996
2021-02-11,357.006,358.338,356.419,358.04
2021-02-12,358.038,359.439,357.871,358.738
2021-02-15,358.709,359.221,357.16,357.995
2021-02-16,357.98,359.411,357.149,358.868
2021-02-17,358.868,359.431,358.382,358.577
2021-02-18,358.6,359.659,357.94,358.858
2021-02-19,358.858,358.962,357.888,358.602
2021-02-22,358.578,359.68,358.388,359.082
2021-02-23,359.091,359.802,358.079,358.64
2021-02-24,358.668,360.159,358.349,359.681
2021-02-25,359.681,362.41,359.329,361.6
2021-02-26,361.598,362.642,360.551,362.468
2021-03-01,362.318,364.278,360.82,363.859
2021-03-02,363.862,364.791,363.259,364.11
2021-03-03,364.11,364.548,363.488,364.132
2021-03-04,364.13,365.451,363.879,365.098
2021-03-05,365.098,367.86,364.979,366.988
2021-03-08,366.809,368.251,366.61,367.82
2021-03-09,367.798,367.938,366.35,366.55
2021-03-10,366.552,367.592,366.489,367.01
2021-03-11,367.012,367.079,364.571,365.022
2021-03-12,365.13,366.972,364.898,366.892
2021-03-15,366.819,367.711,366.3,367.328
2021-03-16,367.3,367.762,367.019,367.561
2021-03-17,367.541,367.962,366.289,366.711
2021-03-18,366.648,369.192,366.01,368.602
2021-03-19,368.441,368.852,367.418,367.649
2021-03-22,367.819,368.332,366.018,366.118
2021-03-23,366.131,367.1,365.57,366.019
2021-03-24,366.022,366.882,364.44,364.791
2021-03-25,364.77,364.931,364.119,364.491
2021-03-26,364.438,364.672,362.4,362.579
2021-03-29,362.701,363.251,362.179,362.822
2021-03-30,362.802,363.649,362.308,363.449
2021-03-31,363.582,363.892,361.739,362.189
2021-04-01,362.19,362.568,360.868,361.482
2021-04-05,361.349,362.802,360.118,360.399
2021-04-06,360.39,362.391,360.089,360.852
2021-04-07,360.839,361.072,358.428,359.171
2021-04-08,359.172,359.342,357.958,358.349
2021-04-09,358.351,359.55,357.17,357.469
2021-04-12,357.5,358.09,356.272,357.229
2021-04-13,357.232,359.831,357.198,359.31
2021-04-14,359.31,359.71,358.129,358.58
2021-04-15,358.58,359.56,358.32,359.251
2021-04-16,359.251,361.499,359.208,361.311
2021-04-19,361.028,361.802,360.119,360.972
2021-04-20,360.972,361.638,360.528,361.081
2021-04-21,361.08,363.45,360.948,362.652
2021-04-22,362.649,364.161,362.128,363.931
2021-04-23,363.929,364.399,363.008,363.242
2021-04-26,363.712,364.072,363.13,363.631
2021-04-27,363.628,363.701,362.459,362.671
2021-04-28,362.672,362.87,361.627,361.969
2021-04-29,361.969,362.082,360.05,360.188
2021-04-30,360.188,360.462,359.278,360.011
2021-05-03,360,360.392,359.313,359.578
2021-05-04,359.584,360.779,359.191,360.159
2021-05-05,360.158,360.73,358.741,358.882
2021-05-06,358.882,359.102,358.019,358.282
2021-05-07,358.261,359.192,357.238,358.718
2021-05-10,357.858,358.481,357.188,357.752
2021-05-11,357.748,359.429,357.741,358.59
2021-05-12,358.588,359.129,357.018,357.44
2021-05-13,357.44,357.662,356.267,356.851
2021-05-14,356.906,356.942,354.992,355.17
2021-05-17,355.148,355.468,351.409,351.64
2021-05-18,351.641,351.68,349.789,350.608
2021-05-19,350.61,351.861,349.672,350.522
2021-05-20,350.522,350.961,348.961,349.649
2021-05-21,349.652,350.09,348.318,348.48
2021-05-24,348.938,349.112,346.719,347.222
2021-05-25,347.222,350.009,347.09,349.25
2021-05-26,349.215,351.462,348.699,349.909
2021-05-27,349.911,350.029,347.809,348.173
2021-05-28,348.081,348.619,347.339,348.199
2021-05-31,347.882,348.302,347.051,347.548
2021-06-01,347.501,347.649,345.778,346.251
2021-06-02,346.251,347.511,345.659,347.392
2021-06-03,347.392,347.862,345.26,347.37
2021-06-04,347.374,347.486,345.658,345.832
2021-06-07,345.86,346.94,345.579,346.652
2021-06-08,346.699,348.99,346.699,348.512
2021-06-09,348.51,348.84,345.93,346.761
2021-06-10,346.778,346.781,345.149,345.898
2021-06-11,345.898,348.459,345.189,348.286
2021-06-14,348.248,351.401,347.84,350.118
2021-06-15,350.108,352.852,349.838,351.559
2021-06-16,351.559,353.639,350.558,352.532
2021-06-17,352.532,356.139,351.761,355.75
2021-06-18,355.691,356.438,354.145,355.833
2021-06-21,355.91,356.112,352.981,353.132
2021-06-22,353.132,356.55,349.878,350.45
2021-06-23,350.441,351.3,347.838,350.23
2021-06-24,350.442,352.03,348.971,351.549
2021-06-25,351.465,352.331,350.558,351.171
2021-06-28,351.299,352.141,350.2,350.619
2021-06-29,350.62,352.242,349.639,351.56
2021-06-30,351.561,352.142,350.789,351.371
2021-07-01,351.371,351.95,350.579,351.571
2021-07-02,351.57,352.519,350.778,351.788
2021-07-05,351.749,352.344,350.499,351.704
2021-07-06,351.717,354.392,351.279,354.059
2021-07-07,354.059,358.071,353.778,356.268
2021-07-08,356.269,358.78,356.17,357.448
2021-07-09,357.448,357.782,354.728,355.449
2021-07-12,355.74,356.159,354.751,355.279
2021-07-13,355.279,358.058,354.828,357.13
2021-07-14,357.13,359.393,356.758,358.372
2021-07-15,358.359,359.83,358.23,358.541
2021-07-16,358.549,360.102,358.159,359.55
2021-07-19,359.472,360.408,358.838,359.91
2021-07-20,359.903,360.282,358.701,359.461
2021-07-21,359.472,360.369,359.248,359.742
2021-07-22,359.742,360.032,356.891,357.69
2021-07-23,357.683,360.441,357.219,360.161
2021-07-26,360.298,362.452,360.098,361.391
2021-07-27,361.39,362.202,358.548,358.548
2021-07-28,358.551,361.372,358.551,360.382
2021-07-29,360.402,360.48,357.391,357.801
2021-07-30,357.83,359.012,356.28,358.761
2021-08-02,359.3,359.599,355.818,357.091
2021-08-03,357.091,357.091,354.188,355.829
2021-08-04,355.829,356.011,353.718,354.789
2021-08-05,354.79,355.178,353.232,353.501
2021-08-06,353.49,353.963,352.39,353.876
2021-08-09,353.619,354.531,352.798,353.382
2021-08-10,353.338,353.959,352.428,353.518
2021-08-11,353.629,355.55,353.511,353.811
2021-08-12,353.809,354.159,352.628,352.941
2021-08-13,352.941,353.129,352.302,352.441
2021-08-16,352.588,352.889,351.23,351.762
2021-08-17,351.76,352.192,350.868,351.7
2021-08-18,351.698,351.702,350.178,350.4
2021-08-19,350.402,351.751,350.319,350.73
2021-08-20,350.721,351.362,349.882,350.029
2021-08-23,350.252,352.47,349.608,350.049
2021-08-24,350.052,350.121,347.958,348.28
2021-08-25,348.28,349.201,347.249,348.521
2021-08-26,348.792,349.262,348.042,348.808
2021-08-27,348.811,350.992,348.571,349.239
2021-08-30,349.314,349.518,347.73,348.098
2021-08-31,348.083,349.937,347.84,349.168
2021-09-01,349.152,349.199,347.797,347.981
2021-09-02,347.964,349.325,347.08,348.928
2021-09-03,348.865,348.978,347.104,347.255
2021-09-06,347.717,348.294,346.81,347.514
2021-09-07,347.514,349.112,347.17,348.611
2021-09-08,348.659,350.611,348.245,349.797
2021-09-09,349.791,351.448,349.78,350.652
2021-09-10,350.647,351.252,349.193,350.045
2021-09-13,350.317,350.575,348.963,350.099
2021-09-14,350.066,350.246,349.309,349.688
2021-09-15,349.679,350.151,348.591,348.996
2021-09-16,349.014,351.441,348.562,350.769
2021-09-17,350.802,353.344,350.289,352.7
2021-09-20,352.704,354.658,352.654,354.211
2021-09-21,354.154,355.07,352.283,352.557
2021-09-22,352.537,355.63,352.525,355.147
2021-09-23,355.153,356.624,354.685,355.707
2021-09-24,355.732,357.167,355.732,357.021
2021-09-27,356.658,358.576,356.643,358.006
2021-09-28,358.061,359.912,357.964,359.727
2021-09-29,359.68,360.555,359.076,360.18
2021-09-30,360.184,361.257,358.649,359.105
2021-10-01,359.105,359.746,356.827,357.454
2021-10-04,357.147,357.591,355.174,356.493
2021-10-05,356.519,358.432,355.73,357.809
2021-10-06,357.8,360.7,357.667,358.958
2021-10-07,358.986,359.418,357.567,359.312
2021-10-08,359.33,361.194,358.395,360.398
2021-10-11,361.053,361.909,358.663,359.261
2021-10-12,359.355,360.665,359.116,360.287
2021-10-13,360.323,360.883,359.714,360.281
2021-10-14,360.279,360.379,358.572,358.814
2021-10-15,358.806,360.169,358.537,359.332
2021-10-18,359.668,362.443,359.56,361.767
2021-10-19,361.763,362.983,359.805,362.468
2021-10-20,362.498,363.482,361.166,362.485
2021-10-21,362.494,365.454,361.554,364.212
2021-10-22,364.209,364.881,363.164,364.845
2021-10-25,364.064,366.892,359.166,365.654
2021-10-26,365.653,366.717,364.545,365.115
2021-10-27,365.152,365.739,363.106,363.293
2021-10-28,363.263,363.96,360.554,361.298
2021-10-29,361.294,362.515,359.478,359.903
2021-11-01,359.971,361.046,359.807,360.64
2021-11-02,360.65,361.345,358.822,359.296
2021-11-03,359.281,363.596,358.563,358.606
2021-11-04,358.604,360.635,358.467,359.845
2021-11-05,359.805,360.414,358.549,358.855
2021-11-08,358.924,362.955,358.643,361.01
2021-11-09,361.012,362.305,359.817,360.587
2021-11-10,360.597,363.837,360.176,363.59
2021-11-11,363.601,365.961,363.302,365.211
2021-11-12,365.229,367.263,364.549,367.177
2021-11-15,366.649,367.261,365.519,365.867
2021-11-16,365.904,366.836,363.041,365.326
2021-11-17,365.333,365.485,363.45,364.414
2021-11-18,364.408,364.69,362.009,364.037
2021-11-19,364.05,368.479,363.27,367.552
2021-11-22,367.412,370.756,367.241,370.235
2021-11-23,370.225,371.998,369.73,370.286
2021-11-24,370.321,370.396,367.271,368.422
2021-11-25,368.385,368.896,364.755,366.165
2021-11-26,366.166,369.786,366.147,369.364
2021-11-29,369.531,369.604,367.051,367.1
2021-11-30,367.152,368.761,364.037,364.872
2021-12-01,364.876,365.256,362.233,362.641
2021-12-02,362.626,364.787,360.97,364.512
2021-12-03,364.52,366.246,362.969,364.701
2021-12-06,364.994,366.353,363.194,365.643
2021-12-07,365.573,367.623,364.315,367.016
2021-12-08,367.034,369.093,364.452,364.736
2021-12-09,364.733,366.408,363.938,365.474
2021-12-10,365.477,365.983,365.008,365.841
2021-12-13,365.751,368.522,365.56,367.877
2021-12-14,367.834,368.455,365.46,367.736
2021-12-15,367.733,372.115,367.637,369.149
2021-12-16,369.241,369.85,367.483,368.765
2021-12-17,368.792,368.921,366.458,367.115
2021-12-20,367.081,368.737,366.365,367.899
2021-12-21,367.946,369.208,367.006,367.91
2021-12-22,367.908,369.345,366.616,368.235
2021-12-23,368.092,370.257,367.633,370.055
2021-12-24,370.044,371.833,369.212,369.534
2021-12-27,369.807,373.269,368.929,369.838
2021-12-28,369.971,370.329,368.705,369.532
2021-12-29,369.397,370.78,368.768,370.465
2021-12-30,370.413,370.635,368.307,369.237
2021-12-31,369.212,369.924,368.185,369.4
2022-01-03,369.18,369.849,366.265,366.877
2022-01-04,366.872,367.28,362.182,362.794
2022-01-05,362.791,363.073,360.765,362.385
2022-01-06,362.392,363.497,359.34,360.099
2022-01-07,360.125,360.499,358.421,358.636
2022-01-10,358.951,359.604,357.253,358.452
2022-01-11,358.502,359.09,356.565,357.112
2022-01-12,357.096,357.34,351.479,352.375
2022-01-13,352.348,356.207,351.83,354.731
2022-01-14,354.72,357.254,354.044,356.661
2022-01-17,355.503,356.848,355.007,355.972
2022-01-18,355.961,358.155,355.851,357.969
2022-01-19,357.973,358.367,355.026,355.918
2022-01-20,355.798,357.158,355.066,356.375
2022-01-21,356.335,359.057,356.131,358.439
2022-01-24,358.735,362.123,358.116,361.317
2022-01-25,361.356,361.715,358.352,359.13
2022-01-26,358.922,360.391,358.496,360.151
2022-01-27,360.162,361.081,355.681,356.671
2022-01-28,356.704,359.311,355.772,358.882
2022-01-31,358.477,358.818,355.2,355.274
2022-02-01,355.242,356.433,354.901,355.692
2022-02-02,355.597,356.057,353.796,354.494
2022-02-03,354.49,355.565,353.322,354.4
2022-02-04,354.413,355.395,352.604,355.056
2022-02-07,354.242,356.368,352.601,353.86
2022-02-08,354.011,354.393,352.856,353.802
2022-02-09,353.812,353.872,352.426,352.895
2022-02-10,352.904,355.764,352.368,354.043
2022-02-11,353.992,357.557,352.891,356.299
2022-02-14,356.209,358.313,354.788,357.55
2022-02-15,357.419,357.682,353.423,353.944
2022-02-16,353.913,356.856,353.172,354.857
2022-02-17,354.859,357.577,354.772,356.481
2022-02-18,356.348,357.825,355.817,356.584
2022-02-21,356.778,357.628,355.159,357.402
2022-02-22,357.381,358.59,355.253,355.684
2022-02-23,355.697,362.002,354.878,361.38
2022-02-24,361.34,371.716,360.446,366.931
2022-02-25,366.733,369.533,364.745,365.113
2022-02-28,369.488,372.653,367.102,370.799
2022-03-01,371.126,379.76,367.584,376.725
2022-03-02,376.794,383.602,376.037,379.188
2022-03-03,379.205,382.575,376.267,380.543
2022-03-04,380.524,394.581,380.328,387.453
2022-03-07,386.268,399.583,386.051,393.994
2022-03-08,393.826,395.22,384.435,388.795
2022-03-09,388.865,390.636,377.137,378.491
2022-03-10,378.377,383.17,376.624,381.001
2022-03-11,381.03,383.356,379.96,382.854
2022-03-14,382.474,382.534,372.602,373.848
2022-03-15,373.883,374.224,370.226,371.107
2022-03-16,371.123,373.913,369.471,369.954
2022-03-17,369.856,372.79,369.386,371.898
2022-03-18,371.892,376.564,371.21,375.428
2022-03-21,374.805,375.345,372.179,373.365
2022-03-22,373.349,373.895,369.444,370.659
2022-03-23,370.705,375.239,370.225,374.355
2022-03-24,374.395,375.584,372.621,375.283
2022-03-25,375.29,375.457,372.348,372.416
2022-03-28,372.713,375.492,372.278,374.277
2022-03-29,374.346,375.117,367.216,367.416
2022-03-30,367.47,369.098,366.419,367.319
2022-03-31,367.253,370.782,366.791,367.631
2022-04-01,368.046,368.709,367.199,367.648
2022-04-04,366.692,369.892,365.823,368.858
2022-04-05,368.934,376.948,368.574,375.985
2022-04-06,375.91,379.732,375.284,379.27
2022-04-07,379.209,382.169,377.921,378.219
2022-04-08,378.184,379.039,375.128,378.151
2022-04-11,378.437,380.311,377.358,378.436
2022-04-12,378.496,379.921,376.76,377.854
2022-04-13,377.881,378.846,376.65,376.856
2022-04-14,376.89,377.06,375.068,376.242
2022-04-18,376.008,376.504,370.463,373.946
2022-04-19,373.989,374.594,371.469,372.142
2022-04-20,372.14,372.578,370.499,370.909
2022-04-21,370.75,372.342,370.049,370.515
2022-04-22,370.478,372.13,369.518,371.988
2022-04-25,371.204,375.059,371.162,373.251
2022-04-26,373.223,377.985,371.803,377.481
2022-04-27,377.38,380.492,377.021,377.922
2022-04-28,377.986,378.818,375.159,378.231
2022-04-29,378.006,379.921,376.441,378.208
2022-05-02,378.144,382.801,377.322,381.851
2022-05-03,381.874,382.642,380.43,380.727
2022-05-04,380.715,381.709,374.519,376.757
2022-05-05,376.636,381.618,375.362,380.566
2022-05-06,380.56,383.92,379.519,382.209
2022-05-09,382.095,384.778,379.241,380.014
2022-05-10,379.957,381.381,378.111,379.644
2022-05-11,379.66,380.73,378.849,379.083
2022-05-12,379.16,384.475,378.97,383.204
2022-05-13,382.914,386.895,382.547,385.826
2022-05-16,385.656,393.146,384.639,390.084
2022-05-17,389.806,390.671,385.581,386.094
2022-05-18,386.105,386.34,381.568,383.765
2022-05-19,383.725,387.238,382.898,384.47
2022-05-20,384.481,385.242,382.35,384.131
2022-05-23,383.912,383.949,381.28,382.199
2022-05-24,382.219,384.649,380.75,382.784
2022-05-25,382.844,394.964,382.389,392.689
2022-05-26,392.74,396.689,389.529,392.409
2022-05-27,392.399,395.459,390.314,394.309
2022-05-30,393.991,395.781,391.559,394.483
2022-05-31,394.189,397.719,393.199,396.994
2022-06-01,397.044,398.67,394.199,396.639
2022-06-02,396.639,397.079,393.759,394.444
2022-06-03,394.419,395.809,391.149,391.88
2022-06-06,393.703,393.719,387.079,387.374
2022-06-07,387.354,390.269,387.089,388.449
2022-06-08,388.399,396.019,388.089,395.079
2022-06-09,394.959,396.899,393.029,395.525
2022-06-10,395.504,399.49,394.939,397.434
2022-06-13,397.933,402.949,396.8,399.335
2022-06-14,399.329,402.969,397.559,400.979
2022-06-15,400.929,401.589,396.409,397.594
2022-06-16,397.604,400.914,394.529,398.669
2022-06-17,398.654,401.419,396.669,399.809
2022-06-20,399.4,400.999,396.035,397.071
2022-06-21,396.809,397.689,394.269,394.349
2022-06-22,394.424,397.309,393.839,396.164
2022-06-23,396.199,400.509,395.709,399.624
2022-06-24,399.649,402.159,399.529,401.4
2022-06-27,400.983,404.779,400.319,402.469
2022-06-28,402.349,402.72,396.544,397.074
2022-06-29,397.069,397.749,393.259,393.755
2022-06-30,393.734,397.679,393.405,396.379
2022-07-01,396.449,402.169,396.329,399.909
2022-07-04,400.853,403.229,399.539,402.576
2022-07-05,402.559,409.679,401.909,407.424
2022-07-06,407.434,416.859,406.669,409.884
2022-07-07,409.849,415.309,401.919,402.774
2022-07-08,402.779,407.869,401.119,405.389
2022-07-11,404.753,411.939,404.074,408.749
2022-07-12,408.749,414.619,403.879,407.109
2022-07-13,406.844,411.614,406.844,410.994
2022-07-14,411.109,412.509,405.029,406.5
2022-07-15,406.604,407.179,400.629,401.129
2022-07-18,401.266,403.589,399.324,401.404
2022-07-19,401.14,402.104,396.439,398.049
2022-07-20,398.069,400.469,395.579,398.649
2022-07-21,398.539,403.039,396.754,398.584
2022-07-22,398.584,399.234,396.149,397.019
2022-07-25,397.182,399.929,394.879,399.289
2022-07-26,399.209,402.219,397.259,400.999
2022-07-27,400.924,406.809,400.575,404.304
2022-07-28,404.329,408.61,402.644,405.12
2022-07-29,405.324,405.989,402.299,404.259
2022-08-01,403.863,404.874,399.319,400.649
2022-08-02,400.689,401.204,395.559,398.139
2022-08-03,398.009,399.394,394.009,394.764
2022-08-04,394.779,396.819,394.179,395.354
2022-08-05,395.405,395.659,393.249,393.63
2022-08-08,393.988,399.374,391.849,394.489
2022-08-09,394.559,398.169,393.414,397.139
2022-08-10,397.169,401.369,393.149,396.729
2022-08-11,396.775,397.27,392.889,394.929
2022-08-12,394.939,395.249,391.569,392.159
2022-08-15,392.566,399.94,392.074,398.834
2022-08-16,398.779,406.329,398.394,404.284
2022-08-17,404.015,408.189,403.009,403.81
2022-08-18,403.755,407.899,402.714,406.239
2022-08-19,406.124,408.649,404.039,404.289
2022-08-22,405.101,410.109,404.044,409.105
2022-08-23,409.084,414.278,407.58,413.693
2022-08-24,413.403,414.783,409.029,409.698
2022-08-25,409.819,411.959,406.739,411.527
2022-08-26,411.576,413.47,408.591,411.235
2022-08-29,411.295,412.862,407.624,408.199
2022-08-30,408.079,408.864,401.979,402.499
2022-08-31,402.489,406.685,400.179,400.82
2022-09-01,400.869,402.249,397.889,401.798
2022-09-02,401.723,403.379,397.649,401.27
2022-09-05,401.094,405.049,401.017,404.453
2022-09-06,404.457,404.77,401.592,403.39
2022-09-07,403.455,404.897,395.264,396.915
2022-09-08,396.919,400.099,394.139,397.064
2022-09-09,397.114,397.799,394.259,396.659
2022-09-12,396.411,398.079,394.109,397.694
2022-09-13,397.834,399.532,395.999,399.03
2022-09-14,399.174,406.201,398.532,405.621
2022-09-15,405.67,409.449,404.892,408.649
2022-09-16,408.604,409.389,403.27,405.219
2022-09-19,405.115,405.689,398.559,398.844
2022-09-20,398.894,401.8,396.569,400.468
2022-09-21,400.887,407.81,399.991,406.582
2022-09-22,406.572,408.339,404.441,405.273
2022-09-23,405.262,407.421,405.052,406.344
2022-09-26,405.744,410.063,404.792,408.276
2022-09-27,408.237,408.872,404.183,406.825
2022-09-28,406.794,415.453,406.74,413.48
2022-09-29,413.699,423.941,412.771,421.276
2022-09-30,421.271,423.418,419.401,423.192
2022-10-03,421.958,426.091,418.164,418.677
2022-10-04,418.852,420.045,415.842,419.165
2022-10-05,419.17,425.991,418.965,421.65
2022-10-06,421.655,424.335,421.049,423.76
2022-10-07,423.745,425.042,422.894,424.801
2022-10-10,422.709,428.552,422.665,426.212
2022-10-11,426.186,429.981,425.932,429.727
2022-10-12,429.833,432.953,428.79,432.25
2022-10-13,432.275,434.105,428.472,429.13
2022-10-14,429.055,429.215,415.513,418.197
2022-10-17,418.032,419.282,410.901,411.977
2022-10-18,411.936,414.002,409.955,413.09
2022-10-19,413.11,414.912,410.6,413.831
2022-10-20,413.839,413.904,406.679,408.683
2022-10-21,408.713,415.611,405.421,408.731
2022-10-24,413.186,414.659,407.301,413.757
2022-10-25,413.811,414.912,410.153,414.434
2022-10-26,414.404,414.48,406.65,408.954
2022-10-27,408.989,412.354,407.309,408.919
2022-10-28,409.079,413.121,408.519,411.79
2022-10-31,411.662,413.17,408.865,409.351
2022-11-01,409.341,409.367,405.099,406.693
2022-11-02,406.703,408.773,405.946,407.457
2022-11-03,407.509,410.711,405.335,405.945
2022-11-04,405.945,407.401,400.832,402.627
2022-11-07,402.913,403.446,398.851,400.944
2022-11-08,401.034,403.359,399.229,401.839
2022-11-09,401.764,405.689,401.359,402.389
2022-11-10,402.4,406.149,398.259,401.354
2022-11-11,401.384,405.609,399.899,405.539
2022-11-14,404.759,411.32,404.399,409.264
2022-11-15,409.489,414.254,404.939,411.769
2022-11-16,412.159,412.759,406.129,409.674
2022-11-17,409.529,415.85,407.759,411.339
2022-11-18,411.499,412.359,405.169,406.669
2022-11-21,407.376,410.989,406.409,408.829
2022-11-22,408.934,409.389,405.665,405.889
2022-11-23,405.869,411.679,404.269,409.984
2022-11-24,409.999,415.719,409.47,413.401
2022-11-25,412.278,414.239,408.359,408.589
2022-11-28,410.28,410.339,405.429,406.455
2022-11-29,406.504,409.729,405.329,406.404
2022-11-30,406.444,410.189,404.029,409.154
2022-12-01,409.135,413.539,407.809,412.464
2022-12-02,412.464,412.994,408.059,409.509
2022-12-05,409.642,413.9,408.519,413.245
2022-12-06,413.329,415.82,410.364,411.439
2022-12-07,411.449,413.879,408.594,411.054
2022-12-08,411.059,419.639,410.809,417.894
2022-12-09,417.839,419.619,414.659,418.754
2022-12-12,418.954,420.369,414.299,414.474
2022-12-13,414.479,414.699,407.929,410.134
2022-12-14,410.164,411.094,403.389,405.189
2022-12-15,405.14,408.394,403.509,406.299
2022-12-16,406.554,407.409,405.338,406.009
2022-12-19,406.179,406.219,401.989,403.694
2022-12-20,403.749,405.459,401.649,402.154
2022-12-21,402.259,403.194,401.094,402.044
2022-12-22,402.369,403.229,400.174,400.244
2022-12-23,400.159,401.379,399.649,399.889
2022-12-27,400.202,404.125,399.729,400.929
2022-12-28,400.97,403.919,400.699,401.639
2022-12-29,401.629,403.019,399.174,399.584
2022-12-30,399.574,402.089,398.359,399.434
2023-01-02,400.059,402.746,399.168,401.482
2023-01-03,401.417,404.309,399.889,399.984
2023-01-04,400.204,400.209,394.409,396.019
2023-01-05,395.954,397.609,394.879,396.7
2023-01-06,396.644,398.969,394.099,394.454
2023-01-09,395.883,400.594,393.675,396.34
2023-01-10,396.359,399.819,396.18,398.454
2023-01-11,398.424,400.919,397.729,398.319
2023-01-12,398.209,399.969,396.589,397.599
2023-01-13,397.594,398.659,394.69,396.374
2023-01-16,396.554,400.214,396.159,398.855
2023-01-17,398.847,401.379,395.919,396.784
2023-01-18,396.784,397.219,392.004,394.369
2023-01-19,394.505,396.839,393.909,394.209
2023-01-20,394.184,396.779,392.949,393.249
2023-01-23,393.843,397.539,392.229,395.319
2023-01-24,395.309,397.949,389.13,389.634
2023-01-25,389.634,390.869,386.154,386.969
2023-01-26,387.069,389.409,386.499,387.679
2023-01-27,387.694,390.499,387.009,389.899
2023-01-30,390.239,392.609,389.089,390.029
2023-01-31,390.134,391.869,388.369,391.154
2023-02-01,391.184,391.43,388.779,389.884
2023-02-02,389.964,390.559,384.509,385.424
2023-02-03,385.264,389,384.479,388.359
2023-02-06,388.134,395.929,387.915,394.674
2023-02-07,394.674,396.109,390.829,391.744
2023-02-08,391.709,392.655,385.67,386.639
2023-02-09,386.649,388.239,384.249,387.699
2023-02-10,387.69,391.93,386.509,387.029
2023-02-13,386.894,388.839,381.599,383.059
2023-02-14,383.004,384.269,377.279,377.739
2023-02-15,377.739,381.57,377.379,379.564
2023-02-16,379.574,384.479,379.354,383.824
2023-02-17,384.039,387.409,383.08,383.665
2023-02-20,384.151,384.21,381.789,382.77
2023-02-21,382.738,385.509,381.339,383.044
2023-02-22,383.069,384.799,380.199,381.569
2023-02-23,381.554,382.119,379.939,381.129
2023-02-24,380.759,382.589,379.539,379.979
2023-02-27,380.046,381.339,376.849,378.144
2023-02-28,378.129,380.199,376.479,377.964
2023-03-01,378.099,378.759,372.299,372.915
2023-03-02,372.874,376.859,372.624,376.099
2023-03-03,376.179,379.499,375.945,379.019
2023-03-06,378.824,379.799,376.119,376.845
2023-03-07,376.759,379.579,376.029,378.749
2023-03-08,378.784,382.06,377.789,378.38
2023-03-09,378.335,384.279,377.939,382.759
2023-03-10,382.754,385.749,381.619,382.979
2023-03-13,383.179,393.929,381.134,393.194
2023-03-14,393.194,396.339,387.569,389.569
2023-03-15,389.564,401.949,388.099,396.279
2023-03-16,396.229,401.399,393.379,394.494
2023-03-17,394.479,398.989,392.344,397.844
2023-03-20,397.154,402.44,394.251,394.604
2023-03-21,394.609,395.064,388.18,388.879
2023-03-22,388.89,392.349,385.259,387.489
2023-03-23,387.494,388.149,382.219,383.669
2023-03-24,383.664,389.53,383.424,384.668
2023-03-27,385.432,387.33,382.909,386.254
2023-03-28,386.264,386.379,380.299,381.024
2023-03-29,381.004,382.559,378.879,380.414
2023-03-30,380.429,381.959,379.03,379.919
2023-03-31,379.889,382.659,379.059,380.1
2023-04-03,379.976,381.609,377.269,377.939
2023-04-04,377.959,378.499,375.839,377.789
2023-04-05,377.769,378.199,375.109,376.299
2023-04-06,376.304,377.709,375.289,375.679
2023-04-10,374.968,376.209,373.869,375.525
2023-04-11,375.464,376.649,374.319,375.604
2023-04-12,375.609,377.889,373.939,374.444
2023-04-13,374.459,375.699,372.759,373.604
2023-04-14,373.549,374.849,373.249,373.549
2023-04-17,373.379,374.139,371.029,372.279
2023-04-18,372.289,372.489,369.539,371.174
2023-04-19,371.174,379.139,370.919,378.449
2023-04-20,378.419,380.329,375.934,376.395
2023-04-21,376.469,378.429,375.679,375.884
2023-04-24,376.16,377.429,374.709,375.919
2023-04-25,375.934,378.689,374.429,377.914
2023-04-26,377.939,378.409,373.619,373.984
2023-04-27,373.979,374.609,372.449,373.459
2023-04-28,373.424,374.409,371.969,373.109
2023-05-01,372.774,373.359,371.309,372.394
2023-05-02,372.404,375.439,371.169,374.889
2023-05-03,374.859,376.579,373.159,375.4
2023-05-04,375.459,375.75,372.479,372.944
2023-05-05,372.939,373.729,371.299,371.729
2023-05-08,371.724,372.999,371.609,372.509
2023-05-09,372.499,372.629,370.569,371.469
2023-05-10,371.219,371.689,369.169,369.54
2023-05-11,369.514,371.949,369.389,371.544
2023-05-12,371.564,371.879,369.579,370.359
2023-05-15,370.129,370.449,368.319,369.219
2023-05-16,369.249,370.364,368.03,368.509
2023-05-17,368.539,371.909,368.494,369.859
2023-05-18,369.894,377.269,369.819,375.284
2023-05-19,375.295,378.819,374.859,375.55
2023-05-22,375.785,376.469,373.719,374.164
2023-05-23,374.254,377.239,373.554,375.614
2023-05-24,375.624,376.669,371.809,372.504
2023-05-25,372.504,373.899,372.02,373.099
2023-05-26,373.129,373.154,370.459,371.27
2023-05-29,371.055,372.129,370.749,371.449
2023-05-30,371.563,371.899,369.569,370.17
2023-05-31,370.159,371.419,370.019,370.534
2023-06-01,370.754,371.499,369.899,370.949
2023-06-02,370.944,371.789,369.669,370.059
2023-06-05,370.175,370.509,368.609,369.224
2023-06-06,369.269,369.519,367.739,368.294
2023-06-07,368.324,369.489,367.959,368.874
2023-06-08,368.884,369.719,368.289,369.484
2023-06-09,369.444,369.729,367.669,368.019
2023-06-12,367.911,369.509,367.599,369.139
2023-06-13,369.214,371.279,368.929,370.014
2023-06-14,369.999,372.497,369.999,371.584
2023-06-15,371.589,376.949,371.319,373.669
2023-06-16,373.674,374.809,372.599,373.739
2023-06-19,373.656,374.869,372.86,373.706
2023-06-20,373.774,374.379,371.469,372.124
2023-06-21,372.114,372.459,369.1,369.519
2023-06-22,369.509,370.08,369.08,369.539
2023-06-23,369.539,371.1,369.189,370.084
2023-06-26,370.083,370.759,368.749,369.165
2023-06-27,369.164,370.564,368.099,370.115
2023-06-28,370.114,371.96,369.789,371.449
2023-06-29,371.465,372.149,370.369,371.334
2023-06-30,371.339,373.159,370.859,372.789
2023-07-03,372.491,375.339,372.109,374.44
2023-07-04,374.439,375.75,374.269,375.104
2023-07-05,375.104,381.724,374.974,380.919
2023-07-06,380.919,386.429,380.779,385.739
2023-07-07,385.784,389.139,383.91,384.759
2023-07-10,384.865,385.83,380.059,380.404
2023-07-11,380.389,380.729,377.869,378.544
2023-07-12,378.559,378.759,374.789,375.059
2023-07-13,375.054,375.979,373.674,373.819
2023-07-14,373.804,375.349,373.479,374.399
2023-07-17,374.052,374.629,372.779,373.86
2023-07-18,373.859,374.469,373.019,373.569
2023-07-19,373.579,378.459,373.514,377.77
2023-07-20,377.77,381.959,377.77,381.544
2023-07-21,381.544,381.669,379.009,379.499
2023-07-24,379.361,379.664,377.699,377.894
2023-07-25,377.91,380.65,376.829,379.525
2023-07-26,379.434,384.759,378.879,381.794
2023-07-27,381.799,383.699,378.509,382.179
2023-07-28,382.179,385.719,379.744,385.049
2023-07-31,384.224,387.989,383.789,387.23
2023-08-01,387.244,390.869,387.204,388.499
2023-08-02,388.939,389.459,386.269,388.549
2023-08-03,388.554,394.729,388.049,393.535
2023-08-04,393.569,393.98,387.859,389.749
2023-08-07,389.33,392.48,387.594,388.579
2023-08-08,388.554,391.359,386.109,389.774
2023-08-09,389.774,389.834,387.009,388.609
2023-08-10,388.609,389.029,383.204,385.509
2023-08-11,385.319,385.793,381.659,383.099
2023-08-14,382.722,385.279,382.059,384.63
2023-08-15,384.565,389.209,384.115,387.849
2023-08-16,387.839,388.219,385.139,386.669
2023-08-17,386.674,387.839,384.32,384.794
2023-08-18,384.805,385.919,381.789,382.254
2023-08-21,382.732,386.019,381.339,383.349
2023-08-22,383.344,383.599,381.43,382.809
2023-08-23,382.809,383.809,381.879,382.634
2023-08-24,382.619,384.719,382.389,383.649
2023-08-25,383.619,384.269,381.339,381.749
2023-08-28,381.73,384.044,381.649,383.569
2023-08-29,383.574,383.639,380.719,381.179
2023-08-30,381.174,381.629,378.251,379.684
2023-08-31,379.675,381.939,379.589,380.954
2023-09-01,381.164,384.909,380.354,384.229
2023-09-04,383.789,384.679,381.924,382.374
2023-09-05,382.279,388.409,382.014,387.109
2023-09-06,387.089,391.059,386.584,389.259
2023-09-07,389.254,391.74,386.669,386.779
2023-09-08,386.989,387.309,384.869,385.289
2023-09-11,385.779,385.834,383.039,383.634
2023-09-12,383.634,387.009,383.449,385.7
2023-09-13,385.689,386.029,383.219,384.31
2023-09-14,384.309,384.789,383.029,384.079
2023-09-15,384.099,385.299,382.619,383.549
2023-09-18,383.452,384.939,383.109,383.505
2023-09-19,383.474,384.209,382.809,383.589
2023-09-20,383.569,384.464,382.909,384.329
2023-09-21,384.339,388.759,383.789,387.979
2023-09-22,387.979,389.979,386.019,389.739
2023-09-25,388.656,391.79,388.581,390.269
2023-09-26,390.259,391.759,386.979,390.544
2023-09-27,390.602,394.259,387.279,392.064
2023-09-28,392.054,394.649,391.519,391.849
2023-09-29,391.804,392.659,388.189,389.324
2023-10-02,389.722,390.169,386.889,388.659
2023-10-03,388.664,390.219,385.839,389.359
2023-10-04,389.349,392.63,386.579,387.204
2023-10-05,387.204,388.089,386.109,387.384
2023-10-06,387.389,388.619,385.689,386.414
2023-10-09,387.079,389.209,386.435,388.824
2023-10-10,388.829,389.149,386.739,387.46
2023-10-11,387.389,387.734,385.889,386.584
2023-10-12,386.584,387.539,385.669,387.009
2023-10-13,387.009,388.81,386.6,388.619
2023-10-16,387.737,388.62,385.974,386.384
2023-10-17,386.469,386.519,383.739,384.364
2023-10-18,384.344,385.119,383.249,384.234
2023-10-19,384.229,385.349,382.159,382.684
2023-10-20,382.684,384.459,381.779,382.049
2023-10-23,382.048,382.52,381.339,381.509
2023-10-24,381.529,383.439,380.719,383.049
2023-10-25,383.024,386.309,382.949,384.899
2023-10-26,384.889,385.989,382.21,383.134
2023-10-27,383.194,384.019,382.249,383.689
2023-10-30,383.714,383.859,381.919,382.759
2023-10-31,382.764,383.329,381.819,382.559
2023-11-01,382.564,384.249,382.019,383.569
2023-11-02,383.564,384.189,381.119,381.824
2023-11-03,381.824,382.469,378.389,379.864
2023-11-06,379.116,380.659,377.909,379.439
2023-11-07,379.395,379.959,377.959,378.434
2023-11-08,378.485,379.789,377.829,379.039
2023-11-09,379.099,380.019,377.599,379.069
2023-11-10,379.169,380.019,376.559,377.379
2023-11-13,377.2,377.999,376.209,377.26
2023-11-14,377.269,377.929,375.589,376.099
2023-11-15,376.104,377.959,375.809,376.449
2023-11-16,376.469,377.749,375.789,376.679
2023-11-17,376.689,379.289,376.629,379.194
2023-11-20,378.178,380.209,378.054,379.634
2023-11-21,379.664,381.109,378.929,380.719
2023-11-22,380.694,382.069,380.199,381.134
2023-11-23,381.169,381.204,379.129,379.434
2023-11-24,379.399,380.879,378.984,380.744
2023-11-27,380.194,380.919,379.249,379.559
2023-11-28,379.639,380.349,376.964,377.315
2023-11-29,377.334,378.699,376.769,378.074
2023-11-30,378.049,381.479,378.044,380.524
2023-12-01,380.619,381.599,378.565,378.565
2023-12-04,379.272,380.509,378.259,379.929
2023-12-05,379.89,381.009,379.019,379.519
2023-12-06,379.484,381.299,379.099,380.214
2023-12-07,380.195,382.299,379.944,381.774
2023-12-08,381.749,382.85,379.979,380.749
2023-12-11,381.206,383.509,380.034,383.049
2023-12-12,383.044,383.589,381.619,382.294
2023-12-13,382.299,382.499,378.284,378.989
2023-12-14,378.949,380.299,378.209,379.574
2023-12-15,379.579,383.869,379.249,382.8
2023-12-18,382.439,385.779,381.484,384.514
2023-12-19,384.499,384.839,382.319,384.568
2023-12-20,384.559,385.709,383.409,384.044
2023-12-21,384.084,384.329,381.934,382.449
2023-12-22,382.369,382.939,381.039,381.149
2023-12-26,381.668,382.879,380.695,381.474
2023-12-27,381.459,383.324,380.889,382.314
2023-12-28,382.314,383.719,381.674,382.489
2023-12-29,382.499,383.15,381.934,383.079
2024-01-02,382.284,383.66,380.999,381.814
2024-01-03,381.734,382.179,379.83,380.024
2024-01-04,380.139,380.659,378.259,378.759
2024-01-05,378.719,379.964,377.259,378.289
2024-01-08,377.928,378.609,377.089,377.499
2024-01-09,377.769,379.629,377.369,379.055
2024-01-10,379.074,379.254,377.739,378.254
2024-01-11,378.259,379.989,377.809,379.219
2024-01-12,379.159,380.504,378.639,379.139
2024-01-15,379.284,380.009,378.494,378.694
2024-01-16,378.699,380.549,378.609,379.444
2024-01-17,379.424,382.099,379.309,380.509
2024-01-18,380.594,382.759,379.949,382.509
2024-01-19,382.559,383.679,381.499,382.07
2024-01-22,382.115,383.879,381.509,383.609
2024-01-23,383.699,386.899,382.589,386.204
2024-01-24,386.199,387.654,384.989,387.239
2024-01-25,387.234,387.71,384.919,385.094
2024-01-26,385.269,388.03,384.939,387.379
2024-01-29,388.264,390.519,387.309,389.509
2024-01-30,389.514,390.51,386.119,386.419
2024-01-31,386.404,386.719,383.314,383.894
2024-02-01,384.029,384.999,382.319,382.794
2024-02-02,382.785,384.739,382.349,383.854
2024-02-05,384.116,386.889,384.029,386.679
2024-02-06,386.649,387.559,385.519,386.42
2024-02-07,386.419,388.939,386.169,388.189
2024-02-08,388.179,388.889,386.949,388.684
2024-02-09,388.624,389.709,386.799,386.98
2024-02-12,387.724,387.734,386.169,386.949
2024-02-13,386.899,388.129,386.429,387.139
2024-02-14,387.16,389.489,387.015,388.649
2024-02-15,388.609,389.479,387.444,389.24
2024-02-16,389.299,389.889,388.739,389.369
2024-02-19,389.352,389.784,388.089,388.974
2024-02-20,388.969,389.429,387.449,387.664
2024-02-21,387.684,388.32,386.999,387.205
2024-02-22,387.214,388.189,386.409,387.664
2024-02-23,387.699,389.179,387.559,389.079
2024-02-26,388.717,389.909,388.579,389.374
2024-02-27,389.419,391.299,388.639,390.889
2024-02-28,390.869,394.079,390.759,393.399
2024-02-29,393.414,394.679,392.059,392.719
2024-03-01,392.724,394.339,392.409,394.089
2024-03-04,394.057,396.129,393.639,395.584
2024-03-05,395.609,396.26,393.179,393.634
2024-03-06,393.814,394.45,391.869,393.864
2024-03-07,393.879,395.999,393.844,395.395
2024-03-08,395.399,395.859,392.989,394.179
2024-03-11,393.924,395.649,393.904,394.739
2024-03-12,394.734,399.719,394.619,398.959
2024-03-13,398.959,399.519,395.739,396.389
2024-03-14,396.384,397.21,393.819,395.469
2024-03-15,395.475,395.919,392.539,392.809
2024-03-18,392.919,395.339,392.299,394.939
2024-03-19,394.94,396.009,394.079,394.729
2024-03-20,394.719,395.92,393.249,393.804
2024-03-21,393.809,395.139,393.009,394.52
2024-03-22,394.525,398.109,394.369,397.139
2024-03-25,397.144,398.02,395.749,396.86
2024-03-26,396.86,397.174,394.609,395.564
2024-03-27,395.564,395.749,394.35,394.87
2024-03-28,394.869,396.009,393.689,394.119
2024-04-01,394.165,395.749,393.274,394.509
2024-04-02,394.519,395.769,394.429,394.834
2024-04-03,394.869,394.979,392.089,392.744
2024-04-04,392.754,392.879,390.659,392.264
2024-04-05,392.264,392.359,388.409,389.93
2024-04-08,389.736,390.999,388.999,389.759
2024-04-09,389.839,390.829,388.459,390.534
2024-04-10,390.489,391.88,388.674,391.199
2024-04-11,391.199,391.339,388.999,389.654
2024-04-12,389.739,393.569,389.68,393.099
2024-04-15,391.944,394.699,391.374,394.119
2024-04-16,394.124,395.6,393.884,395.154
2024-04-17,395.084,395.449,392.089,393.049
2024-04-18,393.054,394.779,391.899,394.239
2024-04-19,394.224,395.979,393.779,394.429
2024-04-22,394.334,394.93,393.379,394.254
2024-04-23,394.259,394.869,392.879,393.039
2024-04-24,393.039,394.219,392.659,394.064
2024-04-25,394.07,394.439,392.314,392.819
2024-04-26,392.994,393.629,392.049,392.079
2024-04-29,392.676,392.979,391.039,391.244
2024-04-30,391.249,391.734,390.339,391.029
2024-05-01,390.984,391.439,389.389,390.144
2024-05-02,390.289,390.309,388.74,389.369
2024-05-03,389.304,390.149,388.334,389.599
2024-05-06,389.374,390.019,388.309,388.514
2024-05-07,388.439,389.64,388.219,389.224
2024-05-08,389.179,389.71,388.439,388.834
2024-05-09,388.899,389.129,387.55,388.054
2024-05-10,388.039,388.259,387.039,387.949
2024-05-13,387.774,388.189,386.509,387.015
2024-05-14,386.909,387.099,385.559,385.779
2024-05-15,385.879,386.429,385.379,385.844
2024-05-16,385.949,387.034,385.459,386.849
2024-05-17,386.779,388.179,386.34,387.009
2024-05-20,387.114,387.39,385.329,385.794
2024-05-21,385.709,386.279,384.899,385.454
2024-05-22,385.454,388.149,385.219,387.134
2024-05-23,387.149,387.769,385.799,386.165
2024-05-24,386.144,386.714,383.689,383.979
2024-05-27,384.469,385.16,383.789,384.69
2024-05-28,384.707,384.839,382.729,384.26
2024-05-29,384.32,388.439,384.319,387.974
2024-05-30,388.079,389.68,387.749,389.224
2024-05-31,389.219,390.529,388.379,389.619
2024-06-03,389.654,391.889,389.229,390.394
2024-06-04,390.419,393.4,389.919,393.124
2024-06-05,393.129,393.319,390.329,390.534
2024-06-06,390.519,391.969,389.229,389.874
2024-06-07,389.979,391.639,388.649,391.579
2024-06-10,390.502,394.799,390.17,393.164
2024-06-11,393.174,395.459,392.679,395.104
2024-06-12,395.104,395.629,393.369,394.864
2024-06-13,394.884,397.679,394.709,396.844
2024-06-14,396.809,398.869,396.659,398.169
2024-06-17,398.122,398.529,395.554,395.624
2024-06-18,395.644,397.109,393.649,394.464
2024-06-19,394.459,397.189,393.739,395.499
2024-06-20,395.489,397.749,395.424,396.899
2024-06-21,396.899,398.219,396.309,396.33
2024-06-24,397.106,397.329,394.149,394.949
2024-06-25,394.929,396.77,394.189,395.839
2024-06-26,395.894,397.069,395.519,396.704
2024-06-27,396.669,397.959,395.839,396.335
2024-06-28,396.324,396.709,394.609,395.049
2024-07-01,395.104,395.414,392.849,394.784
2024-07-02,394.784,396.559,394.674,394.789
2024-07-03,394.789,395.449,394.259,394.769
2024-07-04,394.77,394.974,392.609,393.034
2024-07-05,393.044,393.179,392.009,392.549
2024-07-08,392.766,395.219,391.789,394.664
2024-07-09,394.619,396.509,393.549,394.29
2024-07-10,394.279,394.629,391.729,393.704
2024-07-11,393.544,394.439,392.409,393.984
2024-07-12,393.994,394.009,391.759,391.919
2024-07-15,392.326,393.559,390.499,391.514
2024-07-16,391.525,393.029,390.509,391.964
2024-07-17,391.959,392.499,390.529,390.889
2024-07-18,390.89,391.249,389.469,390.974
2024-07-19,390.974,391.299,390.099,390.329
2024-07-22,390.681,391.189,388.799,389.579
2024-07-23,389.644,391.629,389.229,390.249
2024-07-24,390.204,393.79,390.099,393.214
2024-07-25,393.199,394.699,392.169,392.439
2024-07-26,392.414,392.57,390.059,390.999
2024-07-29,390.724,393.819,390.469,393.219
2024-07-30,393.169,395.484,392.269,395.479
2024-07-31,395.494,396.329,393.759,393.994
2024-08-01,394.069,396.579,393.949,396.165
2024-08-02,396.149,398.109,395.509,397.759
2024-08-05,397.374,399.229,396.339,396.694
2024-08-06,396.684,398.429,396.169,397.969
2024-08-07,397.959,398.629,397.319,397.869
2024-08-08,397.864,397.939,395.899,396.454
2024-08-09,396.494,396.534,394.179,394.329
2024-08-12,394.634,394.809,392.769,393.985
2024-08-13,393.979,394.319,392.829,393.529
2024-08-14,393.535,395.279,392.739,395.129
2024-08-15,395.119,395.849,394.2,395.674
2024-08-16,395.614,396.039,394.219,394.369
2024-08-19,394.805,395.059,392.929,394.164
2024-08-20,394.229,394.929,392.759,393.464
2024-08-21,393.429,394.069,391.934,392.544
2024-08-22,392.534,394.494,392.225,393.549
2024-08-23,393.519,394.154,392.664,393.694
2024-08-26,393.514,395.549,393.229,394.704
2024-08-27,394.759,394.909,392.759,392.914
2024-08-28,392.884,393.939,392.704,393.379
2024-08-29,393.464,393.609,392.259,392.705
2024-08-30,392.699,392.949,392.134,392.819
2024-09-02,392.759,393.379,392.139,392.599
2024-09-03,392.569,394.42,392.239,393.774
2024-09-04,393.769,394.364,392.809,393.31
2024-09-05,393.329,393.394,392.089,393.229
2024-09-06,393.219,395.019,392.669,394.374
2024-09-09,394.116,397.284,393.549,396.624
2024-09-10,396.614,397.669,396.459,397.029
2024-09-11,397.03,397.319,395.754,396.189
2024-09-12,396.194,396.959,395.139,395.409
2024-09-13,395.424,396.069,394.449,394.649
2024-09-16,395.062,395.359,393.459,394.474
2024-09-17,394.479,394.819,393.964,394.515
2024-09-18,394.519,395.405,393.959,394.44
2024-09-19,394.44,395.204,393.929,394.114
2024-09-20,394.099,394.499,392.919,392.965
2024-09-23,393.219,394.989,392.734,394.854
2024-09-24,394.854,395.199,393.789,394.194
2024-09-25,394.129,395.539,394.114,395.269
2024-09-26,395.264,396.544,394.859,396.299
2024-09-27,396.309,397.249,395.744,397.004
2024-09-30,396.879,397.839,396.699,397.164
2024-10-01,397.159,398.439,396.809,397.959
2024-10-02,397.949,400.859,397.679,400.139
2024-10-03,400.119,402.019,399.169,401.689
2024-10-04,401.644,402.079,400.174,401.339
2024-10-07,401.214,402.369,400.839,401.939
2024-10-08,401.924,402.169,398.679,399.474
2024-10-09,399.469,400.069,398.309,399.064
2024-10-10,399.064,401.759,398.859,401.044
2024-10-11,401.044,401.779,400.629,401.239
2024-10-14,401.32,401.7,400.119,400.744
2024-10-15,400.785,401.119,399.949,400.304
2024-10-16,400.319,401.759,400.029,401.054
2024-10-17,401.044,402.079,399.569,400.4
2024-10-18,400.385,400.46,399.539,400.099
2024-10-21,400.1,402.149,400.009,401.519
2024-10-22,401.524,401.549,399.719,400.23
2024-10-23,400.185,403.469,400.064,402.929
2024-10-24,402.944,403.704,402.229,402.944
2024-10-25,402.934,404.799,402.854,404.319
2024-10-28,403.865,404.889,403.819,404.305
2024-10-29,404.305,405.979,404.225,405.399
2024-10-30,405.389,408.779,405.019,407.759
2024-10-31,407.729,409.589,407.719,408.564
2024-11-01,408.589,408.959,407.619,408.174
2024-11-04,407.916,408.415,407.289,408.009
2024-11-05,408.039,409.999,407.889,408.914
2024-11-06,408.939,412.419,408.379,409.499
2024-11-07,409.629,409.989,403.859,404.58
2024-11-08,404.604,407.659,404.419,407.389
2024-11-11,406.898,411.23,406.709,410.529
2024-11-12,410.519,411.569,409.339,410.884
2024-11-13,410.904,411.199,407.559,407.9
2024-11-14,407.909,408.939,405.969,406.545
2024-11-15,406.564,408.869,405.509,408.189
2024-11-18,408.118,409.829,406.219,406.519
2024-11-19,406.524,409.149,405.679,409.014
2024-11-20,409.014,410.689,407.809,409.829
2024-11-21,409.849,411.629,409.6,411.084
2024-11-22,411.059,411.929,410.009,411.679
2024-11-25,411.557,412.469,409.139,409.714
2024-11-26,409.67,411.829,409.029,410.399
2024-11-27,410.364,413.229,409.869,412.499
2024-11-28,412.484,415.049,412.319,414.029
2024-11-29,414.099,414.284,411.639,412.999
2024-12-02,413.559,415.149,413.074,414.719
2024-12-03,414.749,415.359,413.369,414.659
2024-12-04,414.669,415.259,413.169,413.634
2024-12-05,413.634,413.949,411.379,413.075
2024-12-06,413.079,414.839,412.39,414.369
2024-12-09,413.969,414.385,410.949,411.864
2024-12-10,411.859,412.349,409.759,410.219
2024-12-11,410.264,411.209,408.529,409.945
2024-12-12,409.959,410.109,408.159,409.614
2024-12-13,409.634,410.119,408.159,408.799
2024-12-16,409.985,411.589,408.019,408.734
2024-12-17,408.689,409.839,408.229,409.609
2024-12-18,409.605,414.305,409.159,413.429
2024-12-19,413.675,416.439,412.65,414.619
2024-12-20,414.649,415.229,412.479,413.509
2024-12-23,414.023,415.21,411.929,412.759
2024-12-24,412.454,413.074,409.673,410.838
2024-12-26,413.209,413.489,409.569,410.974
2024-12-27,410.954,411.529,409.819,410.739
2024-12-30,411.722,412.249,410.064,411.379
2024-12-31,411.474,411.599,409.789,411.435
2025-01-02,411.629,413.939,410.919,413.194
2025-01-03,413.165,416.159,413.154,415.37
2025-01-06,415.379,416.549,413.569,416.42
2025-01-07,416.619,416.694,415.119,415.329
2025-01-08,415.329,416.259,413.904,414.114
2025-01-09,414.104,414.689,413.199,413.759
2025-01-10,413.744,414.249,412.859,413.239
2025-01-13,413.046,414.469,412.369,412.734
2025-01-14,412.794,413.5,411.769,412.075
2025-01-15,412.079,412.349,410.099,411.534
2025-01-16,411.694,413.189,411.074,412.574
2025-01-17,412.579,414.099,412.309,412.899
2025-01-20,412.732,413.689,410.389,411.145
2025-01-21,411.064,412.269,410.619,411.579
2025-01-22,411.584,412.909,410.369,410.739
2025-01-23,410.724,411.21,409.579,410.139
2025-01-24,410.199,410.419,407.49,407.609
2025-01-27,408.015,409.369,407.559,408.264
2025-01-28,408.269,409.329,407.269,407.759
2025-01-29,407.759,408.589,406.969,408.34
2025-01-30,408.349,408.724,405.919,407.199
2025-01-31,407.234,409.269,406.809,408.049
2025-02-03,408.946,409.489,407.949,408.699
2025-02-04,408.709,408.749,406.839,407.204
2025-02-05,407.384,407.619,405.629,406.259
2025-02-06,406.259,407.65,404.649,404.774
2025-02-07,404.745,406.299,404.049,405.419
2025-02-10,405.838,405.899,403.499,404.729
2025-02-11,404.809,405.119,402.674,403.039
2025-02-12,403.149,403.919,401.069,402.21
2025-02-13,402.199,403.179,401.029,402.139
2025-02-14,402.214,403.479,400.719,402.199
2025-02-17,402.222,403.409,401.279,401.661
2025-02-18,401.668,402.079,400.539,401.159
2025-02-19,401.169,403.319,400.719,402.644
2025-02-20,402.709,403.049,401.369,402.349
2025-02-21,402.439,405.21,402.229,403.459
2025-02-24,403.229,403.879,400.879,401.239
2025-02-25,401.22,401.869,400.119,401.044
2025-02-26,401.054,401.409,399.019,399.564
2025-02-27,399.549,401.399,398.849,400.614
2025-02-28,400.494,407.68,399.349,403.459
2025-03-03,402.518,403.299,399.219,399.789
2025-03-04,399.789,400.719,398.069,399.075
2025-03-05,399.074,399.399,397.759,398.344
2025-03-06,398.484,401.159,397.999,399.404
2025-03-07,399.424,399.789,397.809,397.849
2025-03-10,398.574,400.729,397.719,400.344
2025-03-11,400.359,402.169,398.78,401.104
2025-03-12,401.034,402.079,398.929,399.339
2025-03-13,399.319,400.98,398.829,399.629
2025-03-14,399.609,400.32,398.819,399.034
2025-03-17,399.269,400,397.609,397.869
2025-03-18,397.869,398.529,397.069,397.729
2025-03-19,397.729,401.089,397.509,398.529
2025-03-20,398.579,399.949,398.189,398.599
2025-03-21,398.649,399.56,397.009,397.979
2025-03-24,397.919,399.359,397.069,398.639
2025-03-25,398.619,399.66,397.369,399.229
2025-03-26,399.219,401.019,399.089,400.459
2025-03-27,400.459,403.169,399.929,401.499
2025-03-28,401.499,403.729,401.279,402.523
2025-03-31,402.264,403.419,400.939,402.849
2025-04-01,402.879,403.71,401.719,401.984
2025-04-02,402.004,402.209,399.009,400.364
2025-04-03,400.199,403.879,399.729,403.184
2025-04-04,403.214,407.139,402.954,406.199
2025-04-07,405.961,408.81,405.174,407.909
2025-04-08,407.889,408.629,406.329,407.919
2025-04-09,407.939,410.019,402.599,403.499
2025-04-10,403.499,408.424,402.649,407.169
2025-04-11,407.37,410.554,406.484,409.924
2025-04-14,410.198,410.904,408.674,410.124
2025-04-15,409.959,410.974,407.165,408.074
2025-04-16,408.104,408.934,407.344,407.7
2025-04-17,407.755,408.625,407.365,408.299
2025-04-21,407.824,408.139,407.094,407.385
2025-04-22,407.399,409.869,407.149,408.564
2025-04-23,408.379,409.195,407.874,408.649
2025-04-24,408.654,408.904,405.984,406.164
2025-04-25,406.194,407.404,405.324,405.614
2025-04-28,406.021,406.309,404.049,404.274
2025-04-29,404.245,404.764,403.484,404.379
2025-04-30,404.253,404.844,403.634,404.539
2025-05-01,404.694,405.099,403.594,404.624
2025-05-02,404.704,404.885,403.184,404.384
2025-05-05,404.485,404.844,403.094,403.574
2025-05-06,403.519,405.554,403.274,404.394
2025-05-07,404.409,405.104,403.619,404.414
2025-05-08,404.469,406.209,404.174,405.539
2025-05-09,405.564,406.944,403.894,404.024
2025-05-12,404.057,406.404,403.314,405.094
2025-05-13,404.999,405.769,403.854,403.969
2025-05-14,404.089,404.604,402.984,403.329
2025-05-15,403.239,403.679,402.469,402.694
2025-05-16,402.829,403.484,402.379,402.649
2025-05-19,402.899,403.319,401.504,402.219
2025-05-20,402.323,402.899,401.784,402.399
2025-05-21,402.399,403.314,401.904,402.904
2025-05-22,402.804,403.994,402.614,403.304
2025-05-23,403.314,403.864,402.47,403.719
2025-05-26,403.817,404.375,403.278,403.409
2025-05-27,403.393,404.645,402.904,403.884
2025-05-28,403.885,403.954,402.824,403.779
2025-05-29,403.849,404.554,403.224,403.834
2025-05-30,403.954,404.154,403.274,403.854
2025-06-02,403.844,404.034,402.434,403.14
2025-06-03,403.334,404.074,402.804,403.789
2025-06-04,403.789,403.925,403.164,403.469
2025-06-05,403.414,403.839,402.779,402.934
2025-06-06,402.929,403.614,402.879,403.469
2025-06-09,403.474,403.499,401.215,402.004
2025-06-10,401.879,402.355,400.629,400.934
2025-06-11,400.949,401.149,399.579,400.124
2025-06-12,400.119,401.604,400.024,401.584
2025-06-13,401.664,404.044,400.849,402.929
2025-06-16,402.93,403.194,400.519,402.409
2025-06-17,402.389,404.389,401.959,404.129
2025-06-18,404.134,404.134,402.699,403.189
2025-06-19,403.234,403.944,402.668,403.216
2025-06-20,403.194,403.589,402.169,402.829
2025-06-23,403.408,404.509,402.699,402.789
2025-06-24,402.759,403.029,400.834,401.344
2025-06-25,401.41,401.489,400.479,400.654
2025-06-26,400.639,402.154,399.164,399.999
2025-06-27,400.044,400.099,398.399,398.899
2025-06-30,399.065,399.899,398.389,399.339
2025-07-01,399.419,400.144,398.754,399.349
2025-07-02,399.324,401.094,398.704,400.279
2025-07-03,400.274,400.359,398.639,398.784
2025-07-04,398.799,398.885,398.239,398.556
2025-07-07,398.566,400.259,398.359,399.854
2025-07-08,399.764,400.515,398.584,399.904
2025-07-09,399.979,400.684,399.329,399.554
2025-07-10,399.539,399.85,398.559,398.814
2025-07-11,398.714,400.254,398.65,399.999
2025-07-14,400.084,400.849,399.789,400.024
2025-07-15,400.049,400.749,399.809,400.499
2025-07-16,400.499,400.649,399.254,399.599
2025-07-17,399.614,399.769,398.839,399.099
2025-07-18,399.144,399.469,398.61,399.049
2025-07-21,399.202,399.409,398.839,399.059
2025-07-22,399.089,399.674,398.789,398.954
2025-07-23,398.969,399.354,398.244,398.734
2025-07-24,398.759,398.809,397.069,397.434
2025-07-25,397.564,397.624,396.079,396.369
2025-07-28,396.244,398.229,395.989,397.504
2025-07-29,397.409,400.434,397.189,399.859
2025-07-30,399.889,400.569,398.489,400.449
2025-07-31,400.454,400.639,399.515,400.009
2025-08-01,400.094,400.244,397.739,398.54
2025-08-04,397.369,399.369,396.874,399.054
2025-08-05,399.119,399.704,398.099,398.109
2025-08-06,398.094,398.489,397.644,398.029
2025-08-07,397.929,398.389,396.499,396.884
2025-08-08,396.899,397.374,394.829,395.229
2025-08-11,395.377,395.894,394.794,395.664
2025-08-12,395.625,396.099,395.114,395.239
2025-08-13,395.274,396.109,394.839,395.245
2025-08-14,395.199,395.889,394.554,395.484
2025-08-15,395.414,395.589,394.514,394.88
2025-08-18,395.198,395.914,394.509,395.179
2025-08-19,395.129,395.214,393.444,393.859
2025-08-20,393.859,395.009,393.659,394.724
2025-08-21,394.754,397.109,394.235,396.444
2025-08-22,396.409,397.569,394.264,395.125
2025-08-25,395.234,397.759,395.149,397.214
2025-08-26,397.284,398.199,395.87,396.104
2025-08-27,396.024,397.509,395.819,396.504
2025-08-28,396.494,397.349,396.209,396.689
2025-08-29,396.719,397.129,396.314,396.36
2025-09-01,396.667,396.789,394.669,395.21
2025-09-02,395.21,396.93,394.909,395.419
2025-09-03,395.504,395.679,393.039,393.744
2025-09-04,393.749,394.549,392.769,392.994
2025-09-05,393.009,393.219,392.014,392.889
2025-09-08,393.01,393.729,392.729,393.11
2025-09-09,393.014,394.02,392.664,393.294
2025-09-10,393.229,394.059,392.689,393.254
2025-09-11,393.264,393.629,391.169,391.645
2025-09-12,391.574,392.184,390.249,390.349
2025-09-15,390.919,391.234,389.169,389.704
2025-09-16,389.589,390.179,389.229,389.714
2025-09-17,389.739,390.379,389.274,390.034
2025-09-18,390.134,390.784,387.929,389.139
2025-09-19,389.169,391.28,389.069,390.309
2025-09-22,389.922,390.789,388.614,389.084
2025-09-23,389.129,390.434,388.759,389.914
2025-09-24,389.994,391.809,389.814,391.354
2025-09-25,391.354,392.669,390.519,391.884
2025-09-26,392.004,392.389,390.819,390.999
2025-09-29,391.51,391.664,390.169,391.364
2025-09-30,391.354,391.469,389.509,389.959
2025-10-01,389.939,390.159,388.214,389.184
2025-10-02,389.204,389.624,388.529,389.259
2025-10-03,389.204,389.339,387.559,388.169
2025-10-06,388.229,389.48,387.794,388.784
2025-10-07,388.994,393.61,388.495,393.165
2025-10-08,393.194,393.799,391.199,391.374
2025-10-09,391.404,392.93,390.539,391.199
2025-10-10,391.055,392.49,390.209,392.449
2025-10-13,392.196,392.869,391.359,391.714
2025-10-14,391.709,393.479,391.279,391.699
2025-10-15,391.724,391.934,389.979,390.584
2025-10-16,390.569,390.855,389.114,389.914
2025-10-17,389.924,391.409,389.119,389.349
2025-10-20,389.375,389.87,388.349,388.959
2025-10-21,388.924,389.709,388.619,389.254
2025-10-22,389.25,390.07,388.629,389.09
2025-10-23,389.129,390.859,388.92,390.269
2025-10-24,390.284,390.349,388.929,390.269
2025-10-27,389.999,390.33,388.379,388.619
2025-10-28,388.629,388.819,387.935,388.264
2025-10-29,388.219,388.99,387.879,388.729
2025-10-30,388.734,389.129,388.209,388.429
2025-10-31,388.439,388.669,387.688,388.075
2025-11-03,388.099,388.319,386.709,387.38
2025-11-04,387.354,388.784,387.114,388.199
2025-11-05,388.229,388.549,386.369,386.779
2025-11-06,386.774,387.255,385.859,385.919
2025-11-07,386.01,386.439,384.149,384.399
2025-11-10,384.719,384.849,383.059,383.605
2025-11-11,383.549,386.329,383.549,385.069
2025-11-12,385.083,385.849,384.309,384.484
2025-11-13,384.394,384.759,383.689,384.394
2025-11-14,384.374,386.289,383.849,384.429
2025-11-17,384.384,384.769,383.649,384.489
2025-11-18,384.404,385.149,383.514,384.049
2025-11-19,384.164,384.164,381.379,381.869
2025-11-20,381.994,382.879,381.499,382.159
2025-11-21,382.169,385.679,382.074,383.804
2025-11-24,383.994,384.114,382.019,382.315
2025-11-25,382.284,382.699,381.119,381.929
2025-11-26,381.804,382.459,381.699,382.164
2025-11-27,382.159,382.159,381.209,381.544
2025-11-28,381.544,381.76,381.16,381.619
2025-12-01,381.905,381.93,380.449,380.959
2025-12-02,380.964,381.524,380.539,380.879
2025-12-03,380.939,381.729,380.259,380.849
2025-12-04,380.899,383.219,380.769,382.894
2025-12-05,382.889,383.029,381.419,382.204
2025-12-08,381.655,384.979,381.389,384.489
2025-12-09,384.504,385.109,383.409,383.669
2025-12-10,383.749,384.259,381.694,382.449
2025-12-11,382.399,385.384,381.149,382.959
2025-12-12,383.039,385.62,382.564,385.169
2025-12-15,384.554,386.009,384.204,384.619
2025-12-16,384.635,385.783,383.698,385.474
2025-12-17,385.433,389.464,385.32,388.815
2025-12-18,388.959,390.614,387.214,387.589
2025-12-19,387.599,388.309,386.239,386.469
2025-12-22,386.729,388.814,386.259,388.734
2025-12-23,388.734,391.529,388.554,390.604
2025-12-24,390.544,391.55,388.524,388.645
2025-12-26,389.684,390.064,386.569,387.574
2025-12-29,387.709,388.275,385.999,386.449
2025-12-30,386.749,386.749,385.434,385.909
2025-12-31,386.084,386.355,383.844,384.219
