Date,Open,High,Low,Close
2016-01-04,4.27296,4.30279,4.25823,4.29871
2016-01-05,4.29859,4.31993,4.2973,4.30676
2016-01-06,4.3069,4.35582,4.30551,4.35044
2016-01-07,4.3499,4.35853,4.32703,4.3459
2016-01-08,4.34575,4.36593,4.33151,4.3639
2016-01-11,4.36064,4.36836,4.34914,4.35167
2016-01-12,4.35113,4.37666,4.35087,4.36065
2016-01-13,4.36065,4.3618,4.33119,4.35426
2016-01-14,4.35371,4.3951,4.3436,4.39452
2016-01-15,4.39454,4.49339,4.38764,4.48024
2016-01-18,4.48414,4.49217,4.45306,4.4601
2016-01-19,4.46015,4.46307,4.43184,4.44904
2016-01-20,4.44904,4.50463,4.4487,4.49696
2016-01-21,4.49646,4.51309,4.46948,4.49217
2016-01-22,4.49212,4.49285,4.44444,4.45929
2016-01-25,4.46103,4.48168,4.45442,4.47802
2016-01-26,4.47802,4.50107,4.44379,4.44782
2016-01-27,4.44795,4.48496,4.44622,4.48303
2016-01-28,4.4827,4.48439,4.44445,4.45443
2016-01-29,4.45522,4.46309,4.41542,4.41985
2016-02-01,4.42675,4.43291,4.3874,4.39946
2016-02-02,4.39946,4.42242,4.37489,4.42179
2016-02-03,4.42159,4.4301,4.38577,4.4168
2016-02-04,4.4186,4.42795,4.40283,4.42252
2016-02-05,4.4226,4.42693,4.39827,4.40893
2016-02-08,4.41439,4.45621,4.39955,4.44757
2016-02-09,4.44776,4.47307,4.4393,4.44818
2016-02-10,4.44831,4.44831,4.40043,4.40564
2016-02-11,4.40545,4.46605,4.40218,4.42354
2016-02-12,4.4236,4.4268,4.38829,4.39712
2016-02-15,4.39799,4.40706,4.39054,4.39533
2016-02-16,4.39543,4.41791,4.39278,4.40337
2016-02-17,4.40327,4.41711,4.38561,4.3973
2016-02-18,4.39734,4.40071,4.37312,4.39478
2016-02-19,4.39467,4.39806,4.36907,4.36962
2016-02-22,4.37272,4.38963,4.35704,4.35843
2016-02-23,4.35838,4.38289,4.35694,4.382
2016-02-24,4.38198,4.38789,4.36171,4.37841
2016-02-25,4.37841,4.37897,4.35156,4.3558
2016-02-26,4.3549,4.37129,4.35106,4.36845
2016-02-29,4.36844,4.37804,4.34038,4.35099
2016-03-01,4.35035,4.35139,4.32672,4.32962
2016-03-02,4.32966,4.33733,4.31584,4.32279
2016-03-03,4.32279,4.35256,4.31438,4.33772
2016-03-04,4.33866,4.3478,4.31333,4.32118
2016-03-07,4.32739,4.33665,4.31582,4.33202
2016-03-08,4.3319,4.34124,4.31852,4.32346
2016-03-09,4.3239,4.32684,4.30738,4.31883
2016-03-10,4.31876,4.34664,4.28707,4.33824
2016-03-11,4.33781,4.33889,4.28895,4.29214
2016-03-14,4.29513,4.306,4.27288,4.27854
2016-03-15,4.27859,4.30147,4.2771,4.28924
2016-03-16,4.28927,4.31244,4.28622,4.28926
2016-03-17,4.28926,4.3055,4.26618,4.27618
2016-03-18,4.27618,4.27913,4.25612,4.2628
2016-03-21,4.26439,4.26846,4.25362,4.25963
2016-03-22,4.25963,4.26927,4.25374,4.25648
2016-03-23,4.25659,4.26358,4.25009,4.26328
2016-03-24,4.26311,4.28511,4.25603,4.26898
2016-03-28,4.2641,4.26415,4.24101,4.25176
2016-03-29,4.25202,4.25628,4.2441,4.24754
2016-03-30,4.24734,4.28226,4.24004,4.27133
2016-03-31,4.27093,4.28295,4.23618,4.243
2016-04-01,4.24298,4.25723,4.22944,4.25498
2016-04-04,4.2485,4.2556,4.22693,4.24087
2016-04-05,4.24191,4.26895,4.23828,4.26483
2016-04-06,4.26545,4.27992,4.25425,4.27014
2016-04-07,4.27014,4.30267,4.25441,4.29951
2016-04-08,4.29824,4.29951,4.28599,4.29485
2016-04-11,4.29633,4.29771,4.26968,4.27656
2016-04-12,4.2768,4.29803,4.27333,4.28852
2016-04-13,4.28792,4.29583,4.27795,4.28727
2016-04-14,4.28751,4.30882,4.28485,4.30048
2016-04-15,4.30072,4.30239,4.29052,4.29563
2016-04-18,4.29263,4.31052,4.29009,4.30622
2016-04-19,4.30618,4.3105,4.28917,4.29721
2016-04-20,4.29623,4.3033,4.2664,4.27399
2016-04-21,4.27316,4.32938,4.26832,4.32112
2016-04-22,4.32121,4.37353,4.31591,4.3636
2016-04-25,4.36376,4.42721,4.36129,4.4102
2016-04-26,4.4101,4.41521,4.36902,4.37397
2016-04-27,4.37388,4.41053,4.37065,4.3849
2016-04-28,4.38496,4.40365,4.37984,4.39726
2016-04-29,4.39726,4.41232,4.36679,4.3732
2016-05-02,4.37612,4.39315,4.36747,4.37999
2016-05-03,4.37997,4.40562,4.36754,4.39264
2016-05-04,4.39277,4.407,4.39126,4.40154
2016-05-05,4.40091,4.43035,4.39008,4.40529
2016-05-06,4.40546,4.43658,4.40285,4.43284
2016-05-09,4.43195,4.43376,4.40555,4.4324
2016-05-10,4.4324,4.43324,4.40827,4.41787
2016-05-11,4.41804,4.43007,4.41644,4.42564
2016-05-12,4.42533,4.43548,4.40781,4.41406
2016-05-13,4.41386,4.4207,4.38674,4.41173
2016-05-16,4.38638,4.39037,4.35788,4.37118
2016-05-17,4.37123,4.37469,4.3559,4.37038
2016-05-18,4.37031,4.40386,4.36817,4.39674
2016-05-19,4.39679,4.41713,4.39111,4.41161
2016-05-20,4.41161,4.42743,4.40817,4.41542
2016-05-23,4.4182,4.44877,4.41209,4.44423
2016-05-24,4.44424,4.45704,4.4212,4.42696
2016-05-25,4.42599,4.42834,4.40221,4.40693
2016-05-26,4.40698,4.42153,4.3957,4.40795
2016-05-27,4.4079,4.41274,4.3839,4.38639
2016-05-30,4.38853,4.401,4.38669,4.39392
2016-05-31,4.39525,4.39941,4.37674,4.38625
2016-06-01,4.38625,4.39877,4.38314,4.38447
2016-06-02,4.38459,4.39876,4.38165,4.38516
2016-06-03,4.38545,4.40352,4.37489,4.38616
2016-06-06,4.38284,4.39644,4.35357,4.35692
2016-06-07,4.35692,4.35979,4.34117,4.35341
2016-06-08,4.35351,4.3564,4.31467,4.3213
2016-06-09,4.32152,4.3404,4.31918,4.33559
2016-06-10,4.33539,4.37816,4.33413,4.37514
2016-06-13,4.36911,4.41806,4.36653,4.41284
2016-06-14,4.41279,4.44364,4.41143,4.43063
2016-06-15,4.43062,4.43647,4.40532,4.42666
2016-06-16,4.42676,4.45646,4.40299,4.42723
2016-06-17,4.42728,4.44843,4.41017,4.42015
2016-06-20,4.42159,4.42222,4.38067,4.38815
2016-06-21,4.38833,4.42713,4.3807,4.3993
2016-06-22,4.3993,4.40762,4.36731,4.3714
2016-06-23,4.37134,4.38705,4.32241,4.33946
2016-06-24,4.33941,4.52995,4.32471,4.4496
2016-06-27,4.44593,4.47096,4.41076,4.46282
2016-06-28,4.46326,4.47197,4.41956,4.42726
2016-06-29,4.42697,4.43606,4.40871,4.42188
2016-06-30,4.42157,4.44118,4.36494,4.37276
2016-07-01,4.37267,4.41795,4.37015,4.41143
2016-07-04,4.41071,4.43872,4.3994,4.43622
2016-07-05,4.4363,4.45647,4.43518,4.43963
2016-07-06,4.43948,4.45667,4.43243,4.44127
2016-07-07,4.4412,4.44619,4.42128,4.42725
2016-07-08,4.42727,4.43667,4.40953,4.41266
2016-07-11,4.41124,4.43347,4.40744,4.42616
2016-07-12,4.42701,4.42977,4.39231,4.39508
2016-07-13,4.39508,4.41613,4.39508,4.40627
2016-07-14,4.40612,4.41789,4.38996,4.40877
2016-07-15,4.40892,4.41746,4.40761,4.41039
2016-07-18,4.42286,4.4238,4.36728,4.36958
2016-07-19,4.36996,4.39074,4.36701,4.38055
2016-07-20,4.38149,4.38419,4.36497,4.37036
2016-07-21,4.37041,4.37242,4.35418,4.35944
2016-07-22,4.35983,4.36892,4.35112,4.358
2016-07-25,4.36386,4.36833,4.35428,4.36063
2016-07-26,4.36089,4.37116,4.35383,4.36005
2016-07-27,4.36051,4.38083,4.35827,4.36982
2016-07-28,4.36982,4.38221,4.35787,4.36387
2016-07-29,4.36348,4.37594,4.35239,4.35588
2016-08-01,4.35823,4.36299,4.35065,4.35998
2016-08-02,4.35954,4.36353,4.32101,4.32466
2016-08-03,4.32494,4.32685,4.2765,4.28017
2016-08-04,4.28024,4.3034,4.28008,4.28748
2016-08-05,4.28748,4.29845,4.26537,4.27974
2016-08-08,4.2814,4.29116,4.26402,4.27144
2016-08-09,4.27154,4.27192,4.25843,4.26193
2016-08-10,4.26106,4.27051,4.25894,4.26479
2016-08-11,4.26479,4.26966,4.25585,4.26275
2016-08-12,4.26248,4.27432,4.25605,4.27301
2016-08-15,4.26844,4.27807,4.26177,4.26913
2016-08-16,4.26885,4.28125,4.25623,4.27341
2016-08-17,4.27351,4.30234,4.27173,4.28965
2016-08-18,4.28951,4.29906,4.28013,4.29086
2016-08-19,4.29081,4.31652,4.28692,4.31438
2016-08-22,4.30879,4.31575,4.29924,4.31013
2016-08-23,4.30959,4.31499,4.29515,4.30972
2016-08-24,4.30972,4.31343,4.29995,4.30908
2016-08-25,4.309,4.33524,4.3015,4.33268
2016-08-26,4.33274,4.33597,4.30743,4.33057
2016-08-29,4.32613,4.34725,4.3176,4.34347
2016-08-30,4.34341,4.36539,4.335,4.35837
2016-08-31,4.35837,4.36895,4.34598,4.36284
2016-09-01,4.36284,4.37821,4.35443,4.36106
2016-09-02,4.36062,4.40382,4.35669,4.36619
2016-09-05,4.37012,4.37052,4.33804,4.34191
2016-09-06,4.34192,4.34666,4.33014,4.33348
2016-09-07,4.33345,4.33619,4.31743,4.3198
2016-09-08,4.31997,4.3283,4.3052,4.32669
2016-09-09,4.32664,4.34549,4.32277,4.33888
2016-09-12,4.33233,4.35866,4.33128,4.34898
2016-09-13,4.34898,4.35733,4.34121,4.35376
2016-09-14,4.35376,4.35504,4.33461,4.33708
2016-09-15,4.33701,4.34128,4.31579,4.32826
2016-09-16,4.32826,4.33261,4.30745,4.31021
2016-09-19,4.30981,4.31325,4.28987,4.29752
2016-09-20,4.29762,4.30895,4.29148,4.30182
2016-09-21,4.30158,4.30705,4.28562,4.28966
2016-09-22,4.2895,4.29142,4.27554,4.28121
2016-09-23,4.28093,4.30803,4.27369,4.30114
2016-09-26,4.29942,4.31118,4.2921,4.29538
2016-09-27,4.29538,4.29904,4.27526,4.28225
2016-09-28,4.28202,4.30068,4.28035,4.29605
2016-09-29,4.29601,4.31296,4.29156,4.30279
2016-09-30,4.30283,4.31931,4.29508,4.29529
2016-10-03,4.29699,4.30328,4.28878,4.2959
2016-10-04,4.29601,4.31296,4.28772,4.30698
2016-10-05,4.30691,4.31539,4.29052,4.29957
2016-10-06,4.29947,4.30357,4.27671,4.27747
2016-10-07,4.27767,4.29182,4.27201,4.28391
2016-10-10,4.28303,4.2867,4.26293,4.26517
2016-10-11,4.26535,4.28953,4.2642,4.28476
2016-10-12,4.28428,4.30872,4.27928,4.29539
2016-10-13,4.29546,4.31334,4.28771,4.29483
2016-10-14,4.29483,4.30948,4.28855,4.3089
2016-10-17,4.30984,4.33742,4.30737,4.32176
2016-10-18,4.32177,4.32477,4.30869,4.31416
2016-10-19,4.31411,4.32469,4.3077,4.31135
2016-10-20,4.31135,4.33371,4.30855,4.31696
2016-10-21,4.31731,4.33365,4.31475,4.33028
2016-10-24,4.32763,4.33229,4.31099,4.32033
2016-10-25,4.32033,4.32268,4.30268,4.31882
2016-10-26,4.31877,4.33306,4.31325,4.32587
2016-10-27,4.32588,4.34501,4.32024,4.33713
2016-10-28,4.33775,4.34163,4.31924,4.33806
2016-10-31,4.33575,4.33644,4.30414,4.30713
2016-11-01,4.30718,4.31528,4.29479,4.30148
2016-11-02,4.30154,4.33543,4.30118,4.32516
2016-11-03,4.32516,4.33039,4.31077,4.31618
2016-11-04,4.31669,4.33087,4.31235,4.32845
2016-11-07,4.32534,4.33559,4.31834,4.32916
2016-11-08,4.32929,4.33677,4.32377,4.32907
2016-11-09,4.32907,4.35522,4.31644,4.3424
2016-11-10,4.34263,4.38431,4.33409,4.3703
2016-11-11,4.37016,4.44797,4.37004,4.42109
2016-11-14,4.42797,4.43613,4.38747,4.42231
2016-11-15,4.42279,4.4358,4.39407,4.40803
2016-11-16,4.40803,4.46144,4.4007,4.45277
2016-11-17,4.45277,4.45875,4.42808,4.43886
2016-11-18,4.43881,4.45726,4.43433,4.43921
2016-11-21,4.44223,4.4426,4.42343,4.42749
2016-11-22,4.42755,4.43136,4.40826,4.41701
2016-11-23,4.41706,4.43915,4.40379,4.43288
2016-11-24,4.43263,4.43629,4.4172,4.42267
2016-11-25,4.42272,4.42795,4.40827,4.41938
2016-11-28,4.41717,4.4306,4.40992,4.42195
2016-11-29,4.42154,4.44022,4.4197,4.43487
2016-11-30,4.43479,4.45867,4.43424,4.4554
2016-12-01,4.4554,4.4927,4.44636,4.49033
2016-12-02,4.49042,4.49598,4.48078,4.48363
2016-12-05,4.48366,4.50658,4.48029,4.49742
2016-12-06,4.49748,4.50644,4.45434,4.45907
2016-12-07,4.45895,4.46881,4.41956,4.43308
2016-12-08,4.43308,4.47535,4.4262,4.44137
2016-12-09,4.44137,4.46031,4.43288,4.45059
2016-12-12,4.44519,4.46012,4.44194,4.45048
2016-12-13,4.45053,4.45569,4.42368,4.42505
2016-12-14,4.42505,4.44567,4.41843,4.4361
2016-12-15,4.43582,4.45941,4.42493,4.43328
2016-12-16,4.43317,4.43871,4.40978,4.4181
2016-12-19,4.42511,4.43391,4.40249,4.42285
2016-12-20,4.41988,4.43186,4.40452,4.40921
2016-12-21,4.40909,4.41877,4.40291,4.41212
2016-12-22,4.41094,4.42622,4.40415,4.42009
2016-12-23,4.42008,4.42466,4.39864,4.40533
2016-12-27,4.40876,4.4172,4.39352,4.40034
2016-12-28,4.4002,4.41496,4.39347,4.40621
2016-12-29,4.40684,4.42058,4.40276,4.40669
2016-12-30,4.40669,4.4349,4.40176,4.40511
2017-01-02,4.41105,4.42163,4.40229,4.41213
2017-01-03,4.41213,4.41303,4.38407,4.38754
2017-01-04,4.38792,4.39034,4.36433,4.36891
2017-01-05,4.36888,4.38275,4.36096,4.36464
2017-01-06,4.36467,4.36903,4.34878,4.35654
2017-01-09,4.35857,4.38484,4.35535,4.38121
2017-01-10,4.38126,4.3836,4.36399,4.37276
2017-01-11,4.37365,4.37603,4.36593,4.37158
2017-01-12,4.37153,4.38051,4.36725,4.37377
2017-01-13,4.36891,4.39281,4.36289,4.38251
2017-01-16,4.38271,4.38784,4.37181,4.37402
2017-01-17,4.37407,4.37831,4.36095,4.36316
2017-01-18,4.36254,4.37894,4.35826,4.36051
2017-01-19,4.36055,4.37678,4.35836,4.37286
2017-01-20,4.37348,4.37509,4.36439,4.36981
2017-01-23,4.3694,4.37583,4.36586,4.37182
2017-01-24,4.37153,4.37736,4.36723,4.37101
2017-01-25,4.37176,4.37196,4.35203,4.35498
2017-01-26,4.35436,4.35862,4.33758,4.34504
2017-01-27,4.34519,4.35028,4.32771,4.33544
2017-01-30,4.33489,4.33865,4.323,4.33406
2017-01-31,4.33403,4.33897,4.31727,4.32136
2017-02-01,4.32126,4.32662,4.30419,4.3053
2017-02-02,4.30519,4.32011,4.30068,4.31484
2017-02-03,4.31507,4.31847,4.28697,4.30512
2017-02-06,4.30238,4.30637,4.27599,4.29535
2017-02-07,4.29551,4.31076,4.27337,4.30476
2017-02-08,4.30476,4.32074,4.29668,4.31552
2017-02-09,4.31548,4.32478,4.30647,4.31676
2017-02-10,4.31684,4.31684,4.28763,4.2959
2017-02-13,4.29635,4.32295,4.29322,4.31225
2017-02-14,4.31168,4.31888,4.29502,4.30318
2017-02-15,4.30311,4.3175,4.29758,4.31079
2017-02-16,4.31065,4.32281,4.31043,4.31513
2017-02-17,4.31515,4.33725,4.31082,4.32979
2017-02-20,4.3291,4.33314,4.31399,4.31922
2017-02-21,4.31927,4.31943,4.29356,4.29588
2017-02-22,4.29561,4.31117,4.288,4.29892
2017-02-23,4.29889,4.31249,4.29556,4.30182
2017-02-24,4.30193,4.31837,4.30168,4.31408
2017-02-27,4.31441,4.31879,4.30898,4.31195
2017-02-28,4.31189,4.32062,4.30289,4.30565
2017-03-01,4.30571,4.30817,4.27702,4.28072
2017-03-02,4.28072,4.30481,4.27714,4.29699
2017-03-03,4.2972,4.3147,4.28854,4.30339
2017-03-06,4.3008,4.31726,4.29942,4.30683
2017-03-07,4.3067,4.31417,4.30133,4.30491
2017-03-08,4.30519,4.31405,4.30072,4.3096
2017-03-09,4.30963,4.32648,4.30776,4.32586
2017-03-10,4.32685,4.33977,4.3177,4.33844
2017-03-13,4.33434,4.35358,4.32122,4.33067
2017-03-14,4.33035,4.33932,4.31347,4.31769
2017-03-15,4.31769,4.32468,4.30455,4.31042
2017-03-16,4.31049,4.31775,4.29044,4.30906
2017-03-17,4.30911,4.3102,4.27849,4.28249
2017-03-20,4.28443,4.29151,4.25649,4.26553
2017-03-21,4.26558,4.27902,4.25945,4.27743
2017-03-22,4.27751,4.28834,4.27276,4.27969
2017-03-23,4.27976,4.28243,4.2608,4.26534
2017-03-24,4.26529,4.27649,4.25862,4.26123
2017-03-27,4.26613,4.27434,4.24281,4.24781
2017-03-28,4.24786,4.25523,4.23141,4.24084
2017-03-29,4.24081,4.24445,4.21361,4.2263
2017-03-30,4.2263,4.23467,4.21004,4.21187
2017-03-31,4.2117,4.24124,4.21072,4.23042
2017-04-03,4.23479,4.24864,4.22057,4.23468
2017-04-04,4.23467,4.26277,4.23301,4.25162
2017-04-05,4.25165,4.25352,4.22526,4.23168
2017-04-06,4.2315,4.24194,4.21918,4.23581
2017-04-07,4.2356,4.23803,4.21315,4.22569
2017-04-10,4.22118,4.24063,4.21902,4.23472
2017-04-11,4.23483,4.25152,4.2327,4.24685
2017-04-12,4.24685,4.2519,4.24141,4.24674
2017-04-13,4.24687,4.25186,4.23901,4.2478
2017-04-14,4.24819,4.25011,4.23331,4.2404
2017-04-17,4.2325,4.25422,4.23009,4.24343
2017-04-18,4.2424,4.24892,4.22829,4.2301
2017-04-19,4.23015,4.25904,4.229,4.2571
2017-04-20,4.25717,4.27576,4.25232,4.26739
2017-04-21,4.26762,4.28373,4.25846,4.26772
2017-04-24,4.24157,4.26209,4.22418,4.24419
2017-04-25,4.2442,4.24589,4.21964,4.22056
2017-04-26,4.22082,4.23055,4.22011,4.22504
2017-04-27,4.22473,4.23053,4.2167,4.22045
2017-04-28,4.22033,4.22923,4.21282,4.22525
2017-05-02,4.2223,4.22707,4.19783,4.20311
2017-05-03,4.20327,4.21014,4.18737,4.20739
2017-05-04,4.20776,4.23633,4.19981,4.2303
2017-05-05,4.22984,4.23063,4.20367,4.20586
2017-05-08,4.21133,4.23392,4.18814,4.22972
2017-05-09,4.22995,4.24033,4.21693,4.2286
2017-05-10,4.22868,4.23426,4.20763,4.21068
2017-05-11,4.21068,4.2297,4.20746,4.22604
2017-05-12,4.2262,4.22727,4.21229,4.21638
2017-05-15,4.20952,4.21705,4.19534,4.19796
2017-05-16,4.19796,4.2041,4.15162,4.17251
2017-05-17,4.17118,4.1978,4.1668,4.18607
2017-05-18,4.1873,4.22899,4.18444,4.21812
2017-05-19,4.21768,4.22043,4.19117,4.19387
2017-05-22,4.19921,4.2025,4.18542,4.19679
2017-05-23,4.19691,4.20677,4.19368,4.19975
2017-05-24,4.20183,4.20573,4.17261,4.17433
2017-05-25,4.17422,4.18268,4.16475,4.17457
2017-05-26,4.17489,4.18846,4.1697,4.18436
2017-05-29,4.18039,4.18863,4.16894,4.178
2017-05-30,4.17802,4.18927,4.16866,4.17431
2017-05-31,4.17441,4.18675,4.16788,4.1819
2017-06-01,4.18134,4.20367,4.1777,4.19303
2017-06-02,4.19312,4.20016,4.17954,4.18308
2017-06-05,4.18289,4.1964,4.17388,4.18847
2017-06-06,4.18848,4.20594,4.18549,4.19339
2017-06-07,4.19351,4.21189,4.1888,4.20777
2017-06-08,4.20778,4.21248,4.19362,4.19888
2017-06-09,4.19886,4.20949,4.18185,4.18682
2017-06-12,4.18482,4.19845,4.17876,4.19397
2017-06-13,4.19325,4.19569,4.18938,4.19375
2017-06-14,4.1937,4.20379,4.18849,4.19711
2017-06-15,4.19706,4.24201,4.19246,4.23415
2017-06-16,4.23418,4.23588,4.2059,4.20973
2017-06-19,4.21125,4.2215,4.20427,4.21777
2017-06-20,4.21759,4.24976,4.21378,4.24705
2017-06-21,4.24705,4.25789,4.23263,4.25395
2017-06-22,4.25397,4.26216,4.22136,4.22227
2017-06-23,4.22227,4.24388,4.2216,4.223
2017-06-26,4.22639,4.22862,4.19972,4.20244
2017-06-27,4.20246,4.24337,4.20238,4.24152
2017-06-28,4.24157,4.24831,4.22005,4.22952
2017-06-29,4.22967,4.24972,4.2273,4.24208
2017-06-30,4.24219,4.24455,4.22015,4.23179
2017-07-03,4.23285,4.25268,4.22761,4.24737
2017-07-04,4.2472,4.25034,4.23337,4.23443
2017-07-05,4.23451,4.25311,4.22578,4.23043
2017-07-06,4.23043,4.25084,4.22697,4.24041
2017-07-07,4.24045,4.24313,4.22564,4.23326
2017-07-10,4.24085,4.24085,4.23053,4.23717
2017-07-11,4.23711,4.24993,4.23585,4.23903
2017-07-12,4.23903,4.24766,4.22856,4.23153
2017-07-13,4.23162,4.23666,4.21959,4.22425
2017-07-14,4.22411,4.22521,4.20273,4.20351
2017-07-17,4.20834,4.21334,4.20152,4.20253
2017-07-18,4.20261,4.20745,4.19654,4.20124
2017-07-19,4.20112,4.21726,4.19743,4.20862
2017-07-20,4.20862,4.21645,4.20488,4.21301
2017-07-21,4.21296,4.26917,4.21196,4.26833
2017-07-24,4.26731,4.27102,4.23241,4.26351
2017-07-25,4.26355,4.26542,4.24764,4.26174
2017-07-26,4.26185,4.26722,4.24203,4.24905
2017-07-27,4.24907,4.26764,4.24691,4.25024
2017-07-28,4.25022,4.263,4.24597,4.2543
2017-07-31,4.25633,4.26099,4.24478,4.25472
2017-08-01,4.2538,4.26298,4.24834,4.25259
2017-08-02,4.25262,4.26165,4.24905,4.25793
2017-08-03,4.2578,4.26069,4.23937,4.24283
2017-08-04,4.24232,4.24625,4.23568,4.24495
2017-08-07,4.23966,4.2542,4.23925,4.25211
2017-08-08,4.25206,4.26623,4.25186,4.26438
2017-08-09,4.26435,4.2724,4.25752,4.26705
2017-08-10,4.26705,4.28421,4.2666,4.27945
2017-08-11,4.2795,4.29772,4.2755,4.28678
2017-08-14,4.29078,4.29318,4.27797,4.28556
2017-08-15,4.28562,4.29591,4.27051,4.29015
2017-08-16,4.29003,4.29267,4.25946,4.26838
2017-08-17,4.26819,4.27462,4.25311,4.269
2017-08-18,4.26887,4.28566,4.26237,4.27113
2017-08-21,4.27587,4.28145,4.26813,4.27848
2017-08-22,4.27856,4.28184,4.26951,4.27314
2017-08-23,4.27315,4.28839,4.27163,4.28587
2017-08-24,4.28586,4.2884,4.25782,4.2612
2017-08-25,4.26125,4.26316,4.24692,4.26025
2017-08-28,4.24838,4.2665,4.24333,4.25276
2017-08-29,4.25269,4.2716,4.24749,4.25466
2017-08-30,4.25461,4.26451,4.25262,4.25496
2017-08-31,4.25482,4.26401,4.24396,4.24787
2017-09-01,4.248,4.25811,4.23024,4.25417
2017-09-04,4.25603,4.26462,4.23685,4.24084
2017-09-05,4.24082,4.24414,4.23029,4.23335
2017-09-06,4.23341,4.25431,4.23169,4.24559
2017-09-07,4.24509,4.25938,4.23944,4.25102
2017-09-08,4.25076,4.25776,4.24361,4.24408
2017-09-11,4.24518,4.2539,4.23952,4.24545
2017-09-12,4.24525,4.26836,4.24432,4.25736
2017-09-13,4.25736,4.28596,4.25574,4.28265
2017-09-14,4.28153,4.2904,4.27284,4.27828
2017-09-15,4.27817,4.28349,4.26593,4.27943
2017-09-18,4.27733,4.29561,4.27472,4.29191
2017-09-19,4.29185,4.29592,4.27437,4.28131
2017-09-20,4.2814,4.2878,4.26979,4.27867
2017-09-21,4.27862,4.2893,4.26696,4.27385
2017-09-22,4.27392,4.27955,4.26084,4.26781
2017-09-25,4.27022,4.28386,4.26441,4.27635
2017-09-26,4.27647,4.29562,4.27132,4.29058
2017-09-27,4.29063,4.32585,4.28363,4.32447
2017-09-28,4.32463,4.33261,4.30542,4.3156
2017-09-29,4.3155,4.31904,4.29288,4.3131
2017-10-02,4.31042,4.32169,4.30002,4.3101
2017-10-03,4.31015,4.3194,4.30056,4.3152
2017-10-04,4.31511,4.32527,4.29351,4.29749
2017-10-05,4.29758,4.30722,4.29336,4.30321
2017-10-06,4.30336,4.31778,4.29821,4.31119
2017-10-09,4.31268,4.31756,4.29654,4.29851
2017-10-10,4.29851,4.30593,4.2858,4.2943
2017-10-11,4.29477,4.29746,4.26547,4.26991
2017-10-12,4.26986,4.28157,4.26655,4.26753
2017-10-13,4.26761,4.2703,4.24474,4.24888
2017-10-16,4.25121,4.25346,4.22715,4.2336
2017-10-17,4.23368,4.23932,4.22105,4.2367
2017-10-18,4.23677,4.23782,4.22498,4.23487
2017-10-19,4.2349,4.24382,4.2302,4.23525
2017-10-20,4.23524,4.2479,4.22744,4.23571
2017-10-23,4.23287,4.24248,4.22069,4.2295
2017-10-24,4.22956,4.24898,4.22686,4.24524
2017-10-25,4.24529,4.24912,4.2286,4.2418
2017-10-26,4.24192,4.25528,4.23219,4.25489
2017-10-27,4.25479,4.26387,4.24233,4.24646
2017-10-30,4.24823,4.25103,4.23865,4.25046
2017-10-31,4.2504,4.25081,4.23665,4.23899
2017-11-01,4.23905,4.24147,4.2304,4.23403
2017-11-02,4.23396,4.24146,4.23007,4.23425
2017-11-03,4.23425,4.24931,4.23353,4.24491
2017-11-06,4.24487,4.24872,4.23596,4.23851
2017-11-07,4.23851,4.24831,4.2322,4.2434
2017-11-08,4.2434,4.24543,4.22976,4.23715
2017-11-09,4.23689,4.23944,4.22744,4.23025
2017-11-10,4.23041,4.23569,4.22307,4.22737
2017-11-13,4.22637,4.24033,4.22357,4.23613
2017-11-14,4.23621,4.25035,4.2277,4.24858
2017-11-15,4.24863,4.25084,4.23916,4.24306
2017-11-16,4.24316,4.24441,4.23036,4.23787
2017-11-17,4.23789,4.24507,4.23169,4.23327
2017-11-20,4.23524,4.23829,4.22674,4.22909
2017-11-21,4.22902,4.23609,4.21577,4.21921
2017-11-22,4.22005,4.22155,4.20477,4.21289
2017-11-23,4.21322,4.21766,4.20436,4.20884
2017-11-24,4.20854,4.21349,4.20423,4.20858
2017-11-27,4.21006,4.21242,4.20075,4.20921
2017-11-28,4.20937,4.21142,4.20017,4.20329
2017-11-29,4.20338,4.2044,4.18731,4.20188
2017-11-30,4.20227,4.20897,4.19437,4.2026
2017-12-01,4.20276,4.21594,4.20111,4.21399
2017-12-04,4.20957,4.21316,4.19818,4.2083
2017-12-05,4.20772,4.21138,4.19907,4.20928
2017-12-06,4.20924,4.21751,4.2077,4.21286
2017-12-07,4.21301,4.21657,4.20501,4.20981
2017-12-08,4.20823,4.21069,4.19486,4.19872
2017-12-11,4.19653,4.21168,4.19496,4.19947
2017-12-12,4.19914,4.21885,4.19768,4.20866
2017-12-13,4.20905,4.22197,4.20745,4.21759
2017-12-14,4.21746,4.22534,4.21593,4.22345
2017-12-15,4.22353,4.22402,4.20433,4.20526
2017-12-18,4.21318,4.215,4.19847,4.20723
2017-12-19,4.20596,4.20922,4.1953,4.20126
2017-12-20,4.20117,4.20902,4.19642,4.20472
2017-12-21,4.20481,4.2057,4.19277,4.19635
2017-12-22,4.19677,4.20119,4.18975,4.19111
2017-12-26,4.19588,4.20251,4.1901,4.19759
2017-12-27,4.19916,4.20058,4.18689,4.18972
2017-12-28,4.19019,4.19277,4.17465,4.17891
2017-12-29,4.17933,4.18477,4.16843,4.17669
2018-01-02,4.17655,4.179,4.1604,4.16164
2018-01-03,4.16158,4.17135,4.14694,4.14785
2018-01-04,4.14815,4.15745,4.14651,4.14723
2018-01-05,4.14822,4.15703,4.14242,4.15357
2018-01-08,4.15198,4.17484,4.15194,4.1716
2018-01-09,4.17173,4.1928,4.17015,4.19186
2018-01-10,4.19101,4.19298,4.17143,4.17518
2018-01-11,4.17523,4.18067,4.1662,4.16711
2018-01-12,4.16706,4.17271,4.16412,4.17004
2018-01-15,4.17107,4.17724,4.16455,4.17164
2018-01-16,4.17172,4.18557,4.16752,4.17069
2018-01-17,4.17164,4.17859,4.16453,4.16577
2018-01-18,4.16594,4.17053,4.16012,4.1607
2018-01-19,4.16084,4.17742,4.16036,4.17314
2018-01-22,4.17208,4.17363,4.1652,4.1669
2018-01-23,4.16701,4.17457,4.16532,4.16721
2018-01-24,4.16722,4.17054,4.14447,4.15274
2018-01-25,4.15251,4.15471,4.13639,4.14338
2018-01-26,4.14464,4.14896,4.13149,4.13735
2018-01-29,4.13581,4.15037,4.13034,4.14635
2018-01-30,4.14586,4.16538,4.14068,4.15817
2018-01-31,4.15827,4.15921,4.14661,4.15255
2018-02-01,4.15264,4.1607,4.14746,4.15361
2018-02-02,4.15357,4.17046,4.15183,4.16934
2018-02-05,4.16917,4.16975,4.14214,4.15892
2018-02-06,4.1588,4.17289,4.14937,4.15688
2018-02-07,4.15627,4.1719,4.15298,4.17041
2018-02-08,4.17045,4.1927,4.16394,4.19196
2018-02-09,4.19222,4.20334,4.18091,4.18355
2018-02-12,4.1875,4.18838,4.16624,4.16839
2018-02-13,4.16841,4.17864,4.16446,4.1665
2018-02-14,4.16624,4.182,4.15291,4.15444
2018-02-15,4.15412,4.16216,4.14728,4.15451
2018-02-16,4.15579,4.16495,4.14976,4.15838
2018-02-19,4.15912,4.15912,4.13146,4.13498
2018-02-20,4.13509,4.15185,4.1347,4.14931
2018-02-21,4.1491,4.17522,4.14656,4.17176
2018-02-22,4.1724,4.18845,4.17168,4.18032
2018-02-23,4.18055,4.18356,4.16814,4.17374
2018-02-26,4.17211,4.17724,4.16573,4.16847
2018-02-27,4.16879,4.17741,4.1647,4.17299
2018-02-28,4.1728,4.18269,4.17101,4.17609
2018-03-01,4.17605,4.19368,4.17482,4.18837
2018-03-02,4.1883,4.19973,4.18722,4.19116
2018-03-05,4.19227,4.19958,4.18676,4.18883
2018-03-06,4.18878,4.19402,4.17887,4.18682
2018-03-07,4.18664,4.21439,4.18571,4.20738
2018-03-08,4.20738,4.21614,4.20127,4.204
2018-03-09,4.20396,4.20642,4.1899,4.19253
2018-03-12,4.1925,4.20726,4.18794,4.204
2018-03-13,4.20393,4.21595,4.20325,4.21145
2018-03-14,4.21145,4.21577,4.19747,4.20039
2018-03-15,4.20028,4.21855,4.19874,4.21268
2018-03-16,4.2128,4.21925,4.21201,4.21761
2018-03-19,4.21613,4.22485,4.21287,4.22376
2018-03-20,4.22376,4.23279,4.22077,4.23005
2018-03-21,4.23006,4.24357,4.22624,4.22842
2018-03-22,4.22841,4.23221,4.21672,4.22192
2018-03-23,4.22201,4.23464,4.21681,4.22815
2018-03-26,4.2294,4.2335,4.21671,4.22201
2018-03-27,4.2217,4.22328,4.20834,4.21293
2018-03-28,4.2128,4.21517,4.20054,4.20438
2018-03-29,4.20459,4.21456,4.20188,4.20835
2018-03-30,4.20829,4.21735,4.2029,4.21367
2018-04-02,4.21112,4.21743,4.20614,4.20985
2018-04-03,4.20973,4.21246,4.19216,4.19422
2018-04-04,4.19432,4.21078,4.19272,4.20091
2018-04-05,4.20081,4.20786,4.19289,4.1946
2018-04-06,4.19494,4.20254,4.19255,4.19824
2018-04-09,4.19847,4.20121,4.19162,4.19363
2018-04-10,4.19373,4.20166,4.18609,4.18911
2018-04-11,4.18928,4.19686,4.18246,4.1842
2018-04-12,4.1842,4.19031,4.1769,4.17867
2018-04-13,4.17851,4.18037,4.16591,4.16784
2018-04-16,4.16769,4.16954,4.1508,4.15391
2018-04-17,4.15408,4.16437,4.15113,4.16279
2018-04-18,4.16289,4.17384,4.16129,4.16461
2018-04-19,4.16473,4.17068,4.16051,4.16618
2018-04-20,4.1665,4.17616,4.1636,4.17304
2018-04-23,4.17199,4.20584,4.17199,4.20149
2018-04-24,4.20131,4.21012,4.19751,4.20701
2018-04-25,4.20707,4.23913,4.20706,4.22705
2018-04-26,4.2274,4.24057,4.22442,4.22878
2018-04-27,4.22901,4.23444,4.20754,4.2101
2018-04-30,4.20827,4.24194,4.20643,4.23874
2018-05-01,4.23879,4.29166,4.23538,4.27611
2018-05-02,4.27605,4.28372,4.25206,4.27053
2018-05-03,4.27111,4.28002,4.25848,4.27052
2018-05-04,4.27052,4.27823,4.23705,4.2459
2018-05-07,4.24573,4.26364,4.2429,4.26118
2018-05-08,4.26118,4.28903,4.25406,4.28104
2018-05-09,4.28108,4.29717,4.2595,4.26341
2018-05-10,4.26346,4.2664,4.23523,4.24859
2018-05-11,4.24976,4.26701,4.24916,4.26461
2018-05-14,4.26331,4.27451,4.25693,4.27245
2018-05-15,4.27287,4.30213,4.27098,4.29473
2018-05-16,4.29485,4.30012,4.27062,4.27204
2018-05-17,4.27204,4.30002,4.27043,4.29631
2018-05-18,4.29625,4.30332,4.28474,4.30175
2018-05-21,4.30137,4.3148,4.2888,4.28958
2018-05-22,4.28968,4.29393,4.271,4.28375
2018-05-23,4.28354,4.31645,4.28197,4.30314
2018-05-24,4.3033,4.31763,4.28979,4.30896
2018-05-25,4.30948,4.31871,4.29607,4.31535
2018-05-28,4.31031,4.31307,4.29439,4.29939
2018-05-29,4.29939,4.3387,4.29781,4.33326
2018-05-30,4.33371,4.34023,4.3029,4.30488
2018-05-31,4.30489,4.32305,4.30206,4.31629
2018-06-01,4.31628,4.3222,4.29952,4.30372
2018-06-04,4.30476,4.30843,4.269,4.27185
2018-06-05,4.27179,4.29111,4.26688,4.27949
2018-06-06,4.2791,4.28492,4.26229,4.26717
2018-06-07,4.26718,4.28156,4.25721,4.27494
2018-06-08,4.27607,4.29526,4.27226,4.27807
2018-06-11,4.27746,4.28098,4.26315,4.26641
2018-06-12,4.26631,4.28316,4.26266,4.27958
2018-06-13,4.27973,4.2846,4.2715,4.27832
2018-06-14,4.27826,4.28761,4.26482,4.28462
2018-06-15,4.28445,4.29088,4.27497,4.2864
2018-06-18,4.28182,4.30724,4.27904,4.3041
2018-06-19,4.30422,4.3196,4.29934,4.31094
2018-06-20,4.3112,4.32074,4.30298,4.31586
2018-06-21,4.31583,4.33284,4.31481,4.32782
2018-06-22,4.32779,4.32993,4.30976,4.32378
2018-06-25,4.32181,4.34951,4.31795,4.34335
2018-06-26,4.3436,4.34851,4.33024,4.33718
2018-06-27,4.33729,4.35596,4.32762,4.35183
2018-06-28,4.35178,4.37044,4.34868,4.36409
2018-06-29,4.36389,4.37739,4.35076,4.37375
2018-07-02,4.36836,4.41437,4.36378,4.39886
2018-07-03,4.39892,4.41225,4.3874,4.39387
2018-07-04,4.39386,4.40226,4.37584,4.38141
2018-07-05,4.38136,4.38488,4.34912,4.35161
2018-07-06,4.35169,4.37018,4.34759,4.35382
2018-07-09,4.35749,4.35772,4.30966,4.31475
2018-07-10,4.31469,4.33808,4.3077,4.31524
2018-07-11,4.31528,4.34922,4.3089,4.34191
2018-07-12,4.34253,4.34366,4.31372,4.31954
2018-07-13,4.31961,4.33191,4.31282,4.31297
2018-07-16,4.31699,4.31715,4.29919,4.30146
2018-07-17,4.30142,4.3099,4.29092,4.29697
2018-07-18,4.29698,4.31376,4.29569,4.31037
2018-07-19,4.31037,4.34221,4.30732,4.33936
2018-07-20,4.33905,4.35165,4.31355,4.31894
2018-07-23,4.32749,4.33145,4.31604,4.32618
2018-07-24,4.32613,4.33585,4.29611,4.30047
2018-07-25,4.30043,4.31109,4.29364,4.30153
2018-07-26,4.30143,4.3024,4.28166,4.28772
2018-07-27,4.28767,4.29726,4.26997,4.28474
2018-07-30,4.28358,4.28844,4.26847,4.27134
2018-07-31,4.27087,4.28274,4.26811,4.27644
2018-08-01,4.27646,4.28323,4.26002,4.26337
2018-08-02,4.2635,4.28495,4.26071,4.27423
2018-08-03,4.27434,4.2818,4.25195,4.26189
2018-08-06,4.25661,4.27682,4.25348,4.25833
2018-08-07,4.25854,4.26064,4.24622,4.25729
2018-08-08,4.25729,4.26622,4.25409,4.26507
2018-08-09,4.26499,4.28082,4.26347,4.27732
2018-08-10,4.27731,4.30611,4.27066,4.29444
2018-08-13,4.30289,4.32272,4.28566,4.30107
2018-08-14,4.30097,4.30924,4.28882,4.30514
2018-08-15,4.30508,4.34379,4.29607,4.32138
2018-08-16,4.32137,4.32266,4.30087,4.30505
2018-08-17,4.30493,4.31934,4.29276,4.29656
2018-08-20,4.29908,4.31722,4.29366,4.30912
2018-08-21,4.30912,4.31137,4.28394,4.28771
2018-08-22,4.28847,4.29723,4.26877,4.26947
2018-08-23,4.26954,4.29147,4.26921,4.28995
2018-08-24,4.28998,4.29202,4.26957,4.27565
2018-08-27,4.2768,4.27916,4.26613,4.27235
2018-08-28,4.27233,4.27683,4.26563,4.27086
2018-08-29,4.27096,4.29121,4.26909,4.2881
2018-08-30,4.28813,4.30504,4.28454,4.29874
2018-08-31,4.29868,4.30503,4.28115,4.30319
2018-09-03,4.30094,4.30523,4.28621,4.29192
2018-09-04,4.29196,4.31403,4.2907,4.31008
2018-09-05,4.31035,4.33501,4.30748,4.32877
2018-09-06,4.3289,4.33989,4.31202,4.32431
2018-09-07,4.32434,4.3257,4.30081,4.31399
2018-09-10,4.31407,4.32316,4.30869,4.31234
2018-09-11,4.31229,4.31292,4.30159,4.30409
2018-09-12,4.3042,4.31511,4.30283,4.3075
2018-09-13,4.3066,4.3191,4.29868,4.30554
2018-09-14,4.30561,4.31386,4.29766,4.30479
2018-09-17,4.30623,4.31081,4.29488,4.30026
2018-09-18,4.30027,4.30478,4.28757,4.28852
2018-09-19,4.28848,4.29716,4.28549,4.28574
2018-09-20,4.28595,4.30086,4.28512,4.29044
2018-09-21,4.29041,4.30822,4.28781,4.30703
2018-09-24,4.30972,4.31113,4.29321,4.29594
2018-09-25,4.29594,4.30427,4.2856,4.28929
2018-09-26,4.28919,4.28941,4.26841,4.27395
2018-09-27,4.27377,4.28239,4.26625,4.27035
2018-09-28,4.2702,4.28723,4.26598,4.28036
2018-10-01,4.27861,4.28632,4.27102,4.28495
2018-10-02,4.28485,4.29928,4.28436,4.2967
2018-10-03,4.2967,4.30393,4.28514,4.29682
2018-10-04,4.29664,4.31685,4.29579,4.31033
2018-10-05,4.31011,4.31385,4.29839,4.30707
2018-10-08,4.30614,4.32038,4.30309,4.31406
2018-10-09,4.31423,4.32146,4.30073,4.3027
2018-10-10,4.30242,4.32294,4.3011,4.32173
2018-10-11,4.32161,4.32441,4.30403,4.3126
2018-10-12,4.31307,4.31307,4.29292,4.29787
2018-10-15,4.29813,4.29963,4.28304,4.29239
2018-10-16,4.29239,4.29571,4.28316,4.28539
2018-10-17,4.28535,4.29607,4.28447,4.29096
2018-10-18,4.29101,4.31043,4.28895,4.30538
2018-10-19,4.30534,4.30859,4.29312,4.29493
2018-10-22,4.29875,4.30125,4.28767,4.29209
2018-10-23,4.29197,4.30094,4.29094,4.29595
2018-10-24,4.29597,4.31624,4.28432,4.3132
2018-10-25,4.31316,4.31696,4.3055,4.31083
2018-10-26,4.31092,4.31953,4.30645,4.31022
2018-10-29,4.31132,4.33282,4.30524,4.32818
2018-10-30,4.32824,4.33379,4.32176,4.33093
2018-10-31,4.33093,4.34699,4.32725,4.34251
2018-11-01,4.34269,4.34293,4.3217,4.32437
2018-11-02,4.324,4.32638,4.30386,4.30828
2018-11-05,4.30785,4.31504,4.30376,4.3055
2018-11-06,4.30546,4.31333,4.30231,4.30477
2018-11-07,4.30475,4.30672,4.28578,4.28805
2018-11-08,4.28816,4.29683,4.27599,4.28068
2018-11-09,4.28029,4.29437,4.27781,4.28799
2018-11-12,4.28922,4.30556,4.2854,4.30548
2018-11-13,4.30541,4.30619,4.28834,4.29322
2018-11-14,4.29328,4.2997,4.28787,4.29623
2018-11-15,4.29618,4.29884,4.28501,4.29022
2018-11-16,4.29048,4.31811,4.28458,4.31384
2018-11-19,4.31579,4.33507,4.31141,4.33128
2018-11-20,4.33153,4.33815,4.3031,4.31004
2018-11-21,4.31037,4.31216,4.29675,4.30137
2018-11-22,4.30155,4.30737,4.29257,4.29345
2018-11-23,4.2936,4.30012,4.28882,4.29142
2018-11-26,4.29134,4.29956,4.28758,4.29609
2018-11-27,4.29604,4.30032,4.28784,4.29317
2018-11-28,4.29295,4.3005,4.28228,4.28629
2018-11-29,4.28643,4.29716,4.28476,4.2872
2018-11-30,4.2872,4.29398,4.28437,4.29225
2018-12-03,4.28908,4.28925,4.27504,4.27735
2018-12-04,4.27725,4.28587,4.27488,4.28189
2018-12-05,4.28198,4.29041,4.27986,4.28246
2018-12-06,4.28281,4.29387,4.27758,4.28094
2018-12-07,4.28109,4.29418,4.27938,4.29253
2018-12-10,4.29125,4.29621,4.28563,4.2942
2018-12-11,4.29469,4.30289,4.29279,4.30098
2018-12-12,4.30098,4.30368,4.28844,4.29067
2018-12-13,4.29098,4.30013,4.28754,4.29542
2018-12-14,4.29622,4.30631,4.28967,4.29195
2018-12-17,4.29211,4.29262,4.27919,4.28291
2018-12-18,4.28285,4.28832,4.28105,4.285
2018-12-19,4.28493,4.28977,4.27989,4.28747
2018-12-20,4.28732,4.28998,4.28013,4.28494
2018-12-21,4.28491,4.29513,4.27927,4.28829
2018-12-24,4.29021,4.29273,4.27885,4.28135
2018-12-26,4.2882,4.29377,4.28145,4.28209
2018-12-27,4.28215,4.29888,4.27686,4.29585
2018-12-28,4.29552,4.3074,4.29038,4.30147
2018-12-31,4.30058,4.30784,4.28739,4.28995
2019-01-02,4.2878,4.30478,4.28678,4.29988
2019-01-03,4.29999,4.3129,4.28821,4.29283
2019-01-04,4.2923,4.30235,4.28418,4.28757
2019-01-07,4.29014,4.3001,4.28915,4.29603
2019-01-08,4.29621,4.30678,4.29568,4.29709
2019-01-09,4.29708,4.30254,4.29115,4.30094
2019-01-10,4.30096,4.30689,4.29147,4.29612
2019-01-11,4.29624,4.2993,4.29138,4.29153
2019-01-14,4.2937,4.29783,4.2879,4.2916
2019-01-15,4.29155,4.29707,4.2879,4.29411
2019-01-16,4.29403,4.29535,4.27941,4.2816
2019-01-17,4.2815,4.28966,4.28048,4.28751
2019-01-18,4.28759,4.29673,4.28529,4.28652
2019-01-21,4.28964,4.29442,4.28211,4.28654
2019-01-22,4.28625,4.29089,4.28149,4.28588
2019-01-23,4.28598,4.29376,4.28438,4.28743
2019-01-24,4.28724,4.29697,4.28538,4.28745
2019-01-25,4.28822,4.29394,4.28523,4.28738
2019-01-28,4.2869,4.29499,4.28494,4.29232
2019-01-29,4.29213,4.29803,4.29133,4.29514
2019-01-30,4.29514,4.29804,4.28247,4.28501
2019-01-31,4.28487,4.28785,4.25878,4.26184
2019-02-01,4.26173,4.29436,4.26149,4.29035
2019-02-04,4.28496,4.29221,4.27842,4.28532
2019-02-05,4.28538,4.29073,4.28442,4.28679
2019-02-06,4.28685,4.30005,4.28605,4.29401
2019-02-07,4.29401,4.30923,4.29383,4.30709
2019-02-08,4.30714,4.31463,4.3037,4.31451
2019-02-11,4.31117,4.32732,4.30881,4.32395
2019-02-12,4.32393,4.33493,4.32115,4.32817
2019-02-13,4.32828,4.34084,4.32575,4.33846
2019-02-14,4.33865,4.3423,4.32808,4.3296
2019-02-15,4.32962,4.33515,4.32178,4.33499
2019-02-18,4.33043,4.33382,4.32675,4.33008
2019-02-19,4.32997,4.33776,4.32625,4.33035
2019-02-20,4.33052,4.34533,4.32789,4.33049
2019-02-21,4.33061,4.34057,4.32618,4.33436
2019-02-22,4.33427,4.33938,4.33261,4.33824
2019-02-25,4.3378,4.34145,4.33314,4.33834
2019-02-26,4.33824,4.3388,4.32236,4.32367
2019-02-27,4.3238,4.3279,4.31182,4.31391
2019-02-28,4.31411,4.31923,4.30065,4.30378
2019-03-01,4.30389,4.3107,4.30106,4.30419
2019-03-04,4.30475,4.30561,4.29714,4.29896
2019-03-05,4.29885,4.30527,4.29442,4.30055
2019-03-06,4.30037,4.30215,4.29662,4.29803
2019-03-07,4.29809,4.31502,4.29612,4.31375
2019-03-08,4.31346,4.31631,4.29674,4.30182
2019-03-11,4.30158,4.30458,4.29413,4.29987
2019-03-12,4.29998,4.30537,4.29573,4.2978
2019-03-13,4.29801,4.30437,4.29603,4.29939
2019-03-14,4.29928,4.30586,4.29822,4.30288
2019-03-15,4.30312,4.30634,4.29811,4.29944
2019-03-18,4.29936,4.30317,4.2888,4.29105
2019-03-19,4.29147,4.29535,4.28622,4.28774
2019-03-20,4.28788,4.28969,4.27827,4.27866
2019-03-21,4.27884,4.28935,4.27763,4.28516
2019-03-22,4.28538,4.30163,4.27956,4.29915
2019-03-25,4.2992,4.301,4.28831,4.29122
2019-03-26,4.29126,4.29868,4.28875,4.29136
2019-03-27,4.2913,4.30026,4.29034,4.29247
2019-03-28,4.29267,4.30101,4.29263,4.29595
2019-03-29,4.296,4.30754,4.2925,4.30473
2019-04-01,4.30137,4.30583,4.29294,4.29421
2019-04-02,4.29451,4.30227,4.29315,4.29712
2019-04-03,4.2959,4.29788,4.28523,4.28811
2019-04-04,4.28815,4.29562,4.28711,4.28879
2019-04-05,4.28878,4.29438,4.28564,4.28999
2019-04-08,4.29197,4.2942,4.28541,4.28674
2019-04-09,4.2868,4.28897,4.28316,4.28481
2019-04-10,4.28478,4.28637,4.27904,4.28041
2019-04-11,4.28037,4.28484,4.27929,4.28308
2019-04-12,4.28313,4.28625,4.27479,4.27847
2019-04-15,4.27918,4.28183,4.27157,4.27429
2019-04-16,4.27415,4.27944,4.27212,4.27369
2019-04-17,4.27377,4.27886,4.27039,4.2707
2019-04-18,4.27062,4.28275,4.27026,4.27832
2019-04-22,4.27857,4.28542,4.27647,4.28337
2019-04-23,4.28381,4.29027,4.28186,4.28577
2019-04-24,4.28555,4.29746,4.28231,4.29668
2019-04-25,4.29668,4.29995,4.28989,4.29251
2019-04-26,4.29251,4.29691,4.28664,4.29632
2019-04-29,4.29625,4.29824,4.29023,4.29379
2019-04-30,4.29275,4.29608,4.28215,4.28569
2019-05-01,4.28571,4.28845,4.27738,4.28502
2019-05-02,4.28497,4.28797,4.27733,4.28557
2019-05-03,4.2856,4.28946,4.27519,4.27653
2019-05-06,4.28294,4.28641,4.27934,4.28212
2019-05-07,4.28239,4.29277,4.28161,4.29043
2019-05-08,4.29035,4.29479,4.28826,4.29238
2019-05-09,4.29222,4.30269,4.29078,4.29861
2019-05-10,4.29855,4.3008,4.29459,4.2972
2019-05-13,4.29689,4.30872,4.29628,4.30563
2019-05-14,4.30536,4.31157,4.30273,4.30884
2019-05-15,4.30881,4.3141,4.29935,4.29991
2019-05-16,4.29998,4.30434,4.29201,4.3016
2019-05-17,4.30225,4.30945,4.30015,4.30786
2019-05-20,4.30475,4.30645,4.29622,4.29817
2019-05-21,4.2981,4.31,4.29604,4.30603
2019-05-22,4.30603,4.31152,4.30333,4.30492
2019-05-23,4.30495,4.31126,4.30123,4.30422
2019-05-24,4.30417,4.30661,4.28958,4.29202
2019-05-27,4.29246,4.29644,4.28641,4.28978
2019-05-28,4.28973,4.29801,4.28803,4.29669
2019-05-29,4.29678,4.3039,4.29271,4.29372
2019-05-30,4.29377,4.29692,4.28556,4.2905
2019-05-31,4.29039,4.29357,4.28012,4.28159
2019-06-03,4.28238,4.28534,4.27775,4.28019
2019-06-04,4.28013,4.28461,4.27576,4.27839
2019-06-05,4.27811,4.28081,4.27298,4.27602
2019-06-06,4.27625,4.28037,4.2717,4.2727
2019-06-07,4.27262,4.28217,4.25839,4.25934
2019-06-10,4.26119,4.26577,4.25904,4.26135
2019-06-11,4.26156,4.26871,4.26015,4.26302
2019-06-12,4.26319,4.26561,4.25343,4.25465
2019-06-13,4.25475,4.26158,4.25403,4.2559
2019-06-14,4.2559,4.25866,4.25233,4.25707
2019-06-17,4.25806,4.26318,4.256,4.26074
2019-06-18,4.2608,4.26586,4.25272,4.25871
2019-06-19,4.25866,4.26947,4.25789,4.2593
2019-06-20,4.25914,4.26261,4.2516,4.25284
2019-06-21,4.25312,4.26663,4.2514,4.2542
2019-06-24,4.25692,4.25697,4.2511,4.25209
2019-06-25,4.25205,4.2586,4.25018,4.25554
2019-06-26,4.25562,4.26611,4.25485,4.26063
2019-06-27,4.26082,4.26415,4.25035,4.2513
2019-06-28,4.25115,4.25397,4.24282,4.24548
2019-07-01,4.24399,4.24739,4.23731,4.243
2019-07-02,4.24158,4.24649,4.23882,4.24291
2019-07-03,4.24291,4.24537,4.23837,4.23996
2019-07-04,4.24002,4.24457,4.23801,4.24232
2019-07-05,4.24251,4.25546,4.24162,4.24943
2019-07-08,4.25146,4.25917,4.24904,4.25689
2019-07-09,4.25679,4.27454,4.25459,4.26972
2019-07-10,4.26966,4.27569,4.26448,4.26581
2019-07-11,4.26608,4.27113,4.26438,4.26828
2019-07-12,4.26837,4.27129,4.26599,4.27095
2019-07-15,4.26968,4.27034,4.25958,4.26098
2019-07-16,4.26088,4.26259,4.25498,4.25611
2019-07-17,4.25629,4.26673,4.25593,4.26337
2019-07-18,4.26293,4.26812,4.25338,4.25429
2019-07-19,4.25429,4.2603,4.24784,4.2508
2019-07-22,4.25029,4.25427,4.2455,4.24663
2019-07-23,4.24663,4.25861,4.24575,4.25521
2019-07-24,4.2553,4.26069,4.25027,4.25237
2019-07-25,4.25235,4.26159,4.24677,4.25727
2019-07-26,4.25739,4.2768,4.25677,4.27428
2019-07-29,4.27283,4.28991,4.27053,4.2886
2019-07-30,4.2888,4.29998,4.28754,4.29744
2019-07-31,4.29756,4.29997,4.28388,4.29007
2019-08-01,4.29006,4.30966,4.28574,4.30756
2019-08-02,4.30724,4.31423,4.29809,4.30718
2019-08-05,4.30746,4.32183,4.30686,4.321
2019-08-06,4.3209,4.32232,4.30797,4.31554
2019-08-07,4.31557,4.32469,4.31452,4.32023
2019-08-08,4.32032,4.32583,4.31739,4.32123
2019-08-09,4.3214,4.32621,4.3175,4.32539
2019-08-12,4.3243,4.33013,4.3223,4.32933
2019-08-13,4.32925,4.34648,4.32695,4.3335
2019-08-14,4.33357,4.37685,4.33273,4.37263
2019-08-15,4.37285,4.39705,4.36558,4.37426
2019-08-16,4.37445,4.37447,4.32388,4.33914
2019-08-19,4.33779,4.37767,4.3374,4.36485
2019-08-20,4.36468,4.37068,4.35092,4.35542
2019-08-21,4.35537,4.36149,4.34528,4.34774
2019-08-22,4.34758,4.37805,4.34702,4.35841
2019-08-23,4.35846,4.38301,4.35108,4.37957
2019-08-26,4.37636,4.38178,4.35675,4.36084
2019-08-27,4.36097,4.37845,4.35948,4.37486
2019-08-28,4.37488,4.39241,4.37485,4.39174
2019-08-29,4.39164,4.39957,4.3794,4.38713
2019-08-30,4.38713,4.39099,4.37218,4.37451
2019-09-02,4.37887,4.37887,4.34991,4.36011
2019-09-03,4.36011,4.36959,4.34385,4.34581
2019-09-04,4.34576,4.34875,4.33176,4.34194
2019-09-05,4.34188,4.34975,4.33424,4.34116
2019-09-06,4.3417,4.34557,4.33424,4.34022
2019-09-09,4.33744,4.34153,4.33107,4.3324
2019-09-10,4.33232,4.33859,4.33071,4.33179
2019-09-11,4.33159,4.34231,4.331,4.34006
2019-09-12,4.34005,4.35799,4.3273,4.33656
2019-09-13,4.33639,4.34123,4.31677,4.32719
2019-09-16,4.32203,4.33109,4.32123,4.33045
2019-09-17,4.33063,4.3473,4.33022,4.33525
2019-09-18,4.33522,4.34476,4.33209,4.3405
2019-09-19,4.33862,4.35076,4.33549,4.33742
2019-09-20,4.33788,4.38187,4.33684,4.37564
2019-09-23,4.37533,4.39707,4.37128,4.39153
2019-09-24,4.39157,4.39623,4.37358,4.38024
2019-09-25,4.38024,4.3951,4.3788,4.38114
2019-09-26,4.38101,4.39782,4.37292,4.38599
2019-09-27,4.38599,4.39423,4.37832,4.38441
2019-09-30,4.38039,4.38421,4.36744,4.37094
2019-10-01,4.37122,4.38481,4.36745,4.38181
2019-10-02,4.38185,4.38514,4.3557,4.35764
2019-10-03,4.35761,4.37108,4.3282,4.33373
2019-10-04,4.3336,4.33489,4.31826,4.31933
2019-10-07,4.31947,4.3348,4.31842,4.3292
2019-10-08,4.32924,4.3358,4.31923,4.32092
2019-10-09,4.32139,4.32983,4.31961,4.32206
2019-10-10,4.32223,4.32662,4.30908,4.30997
2019-10-11,4.30992,4.31345,4.29847,4.30176
2019-10-14,4.30515,4.30876,4.29143,4.29523
2019-10-15,4.29516,4.29936,4.28949,4.29181
2019-10-16,4.29175,4.30075,4.28186,4.28363
2019-10-17,4.28363,4.29498,4.27824,4.28485
2019-10-18,4.28544,4.28751,4.27962,4.28118
2019-10-21,4.28245,4.28315,4.27512,4.2761
2019-10-22,4.27639,4.281,4.26754,4.27152
2019-10-23,4.27144,4.28167,4.26929,4.27428
2019-10-24,4.27437,4.28247,4.27148,4.27861
2019-10-25,4.27843,4.28079,4.27252,4.27942
2019-10-28,4.27629,4.28406,4.27018,4.27344
2019-10-29,4.27343,4.27661,4.26361,4.26638
2019-10-30,4.26636,4.27016,4.25614,4.25793
2019-10-31,4.25806,4.26445,4.255,4.26263
2019-11-01,4.26261,4.26373,4.25046,4.25144
2019-11-04,4.25224,4.26928,4.25066,4.26881
2019-11-05,4.26877,4.27154,4.26131,4.26493
2019-11-06,4.26504,4.27424,4.26318,4.26583
2019-11-07,4.26547,4.26803,4.25509,4.25883
2019-11-08,4.25888,4.26831,4.25791,4.26524
2019-11-11,4.26372,4.27676,4.26219,4.27032
2019-11-12,4.27029,4.28339,4.26969,4.28161
2019-11-13,4.28151,4.29345,4.28117,4.28703
2019-11-14,4.28693,4.29704,4.28319,4.28445
2019-11-15,4.28433,4.28771,4.27176,4.27556
2019-11-18,4.27426,4.29666,4.27362,4.29625
2019-11-19,4.29621,4.29625,4.28448,4.2851
2019-11-20,4.28529,4.29719,4.28434,4.29477
2019-11-21,4.29477,4.30027,4.29206,4.29719
2019-11-22,4.29719,4.30028,4.29405,4.29769
2019-11-25,4.29657,4.2998,4.29447,4.29753
2019-11-26,4.29759,4.30837,4.29583,4.30529
2019-11-27,4.30533,4.31333,4.30407,4.30983
2019-11-28,4.30988,4.32486,4.3067,4.31955
2019-11-29,4.31902,4.32848,4.31097,4.31466
2019-12-02,4.31433,4.31638,4.28152,4.2868
2019-12-03,4.28695,4.2915,4.27992,4.28497
2019-12-04,4.2833,4.28417,4.27716,4.28046
2019-12-05,4.28024,4.28148,4.27389,4.27676
2019-12-06,4.27671,4.28475,4.2665,4.27623
2019-12-09,4.27764,4.28923,4.27396,4.28743
2019-12-10,4.28743,4.29115,4.28629,4.2901
2019-12-11,4.29022,4.29184,4.28136,4.28287
2019-12-12,4.28296,4.28852,4.27534,4.28666
2019-12-13,4.28512,4.29045,4.26675,4.26886
2019-12-16,4.27059,4.28343,4.2557,4.25869
2019-12-17,4.25794,4.26566,4.25531,4.25996
2019-12-18,4.26003,4.27532,4.25665,4.26656
2019-12-19,4.26607,4.27335,4.25303,4.26254
2019-12-20,4.26253,4.2638,4.25471,4.25562
2019-12-23,4.25638,4.27526,4.25355,4.27296
2019-12-24,4.27287,4.27492,4.2527,4.26064
2019-12-26,4.25682,4.26351,4.25594,4.25877
2019-12-27,4.25877,4.27155,4.25465,4.26113
2019-12-30,4.26143,4.26943,4.25365,4.2543
2019-12-31,4.25455,4.2641,4.25092,4.25405
2020-01-02,4.2567,4.25805,4.23877,4.23943
2020-01-03,4.23964,4.25851,4.23757,4.24404
2020-01-06,4.24375,4.25129,4.23097,4.23154
2020-01-07,4.23159,4.25007,4.23098,4.24477
2020-01-08,4.24541,4.24941,4.23132,4.23317
2020-01-09,4.23328,4.24749,4.2324,4.2452
2020-01-10,4.24519,4.24869,4.23174,4.23432
2020-01-13,4.2365,4.24138,4.23244,4.23294
2020-01-14,4.2328,4.23666,4.21071,4.22206
2020-01-15,4.22189,4.23348,4.22109,4.23031
2020-01-16,4.23032,4.23842,4.22825,4.23133
2020-01-17,4.23137,4.24442,4.23045,4.241
2020-01-20,4.24001,4.24621,4.23758,4.2429
2020-01-21,4.24363,4.24861,4.22721,4.23115
2020-01-22,4.23119,4.24141,4.22818,4.23806
2020-01-23,4.23817,4.24882,4.23742,4.24603
2020-01-24,4.246,4.26111,4.23772,4.25823
2020-01-27,4.25573,4.27927,4.25384,4.27774
2020-01-28,4.27769,4.28283,4.26611,4.27104
2020-01-29,4.27101,4.28687,4.27002,4.28551
2020-01-30,4.28537,4.29628,4.27849,4.293
2020-01-31,4.2931,4.30723,4.29069,4.29678
2020-02-03,4.29697,4.30499,4.28927,4.29684
2020-02-04,4.29702,4.30181,4.27066,4.27416
2020-02-05,4.27404,4.27837,4.23629,4.2457
2020-02-06,4.24579,4.26019,4.24241,4.25883
2020-02-07,4.25873,4.27519,4.25769,4.27484
2020-02-10,4.27211,4.27395,4.26176,4.26445
2020-02-11,4.26445,4.26762,4.24936,4.25568
2020-02-12,4.25557,4.26134,4.24909,4.25133
2020-02-13,4.25139,4.26133,4.24515,4.24705
2020-02-14,4.24662,4.2533,4.23707,4.25036
2020-02-17,4.24985,4.26426,4.24503,4.25957
2020-02-18,4.26005,4.27764,4.25927,4.26756
2020-02-19,4.26741,4.27507,4.26482,4.26964
2020-02-20,4.26994,4.28533,4.26703,4.27991
2020-02-21,4.27975,4.29414,4.2765,4.29107
2020-02-24,4.29493,4.30699,4.29213,4.30624
2020-02-25,4.30634,4.30776,4.2886,4.30423
2020-02-26,4.30418,4.31662,4.30306,4.31602
2020-02-27,4.3161,4.32486,4.30437,4.32382
2020-02-28,4.32376,4.3373,4.32307,4.32913
2020-03-02,4.33054,4.33469,4.30842,4.31751
2020-03-03,4.31772,4.32477,4.29381,4.30592
2020-03-04,4.30597,4.30982,4.2869,4.29582
2020-03-05,4.29619,4.30865,4.28786,4.3069
2020-03-06,4.30691,4.31955,4.28916,4.30123
2020-03-09,4.31146,4.33512,4.30796,4.32494
2020-03-10,4.3247,4.33188,4.30311,4.30815
2020-03-11,4.30803,4.33121,4.30511,4.3268
2020-03-12,4.32645,4.38947,4.32599,4.37935
2020-03-13,4.37983,4.38886,4.35186,4.37771
2020-03-16,4.37381,4.45329,4.37308,4.44311
2020-03-17,4.44334,4.49724,4.43173,4.47156
2020-03-18,4.47149,4.54987,4.46021,4.49949
2020-03-19,4.5001,4.61829,4.48922,4.54374
2020-03-20,4.54324,4.58263,4.5083,4.52726
2020-03-23,4.52104,4.63472,4.50147,4.61374
2020-03-24,4.61507,4.63461,4.57678,4.60552
2020-03-25,4.60544,4.60723,4.54358,4.5669
2020-03-26,4.56678,4.59793,4.51101,4.52452
2020-03-27,4.52421,4.54595,4.51221,4.5371
2020-03-30,4.53676,4.56618,4.52967,4.54426
2020-03-31,4.54426,4.57611,4.53132,4.55781
2020-04-01,4.55907,4.60305,4.55721,4.60162
2020-04-02,4.60169,4.60471,4.55893,4.57299
2020-04-03,4.57299,4.58815,4.55814,4.58562
2020-04-06,4.58749,4.59463,4.54308,4.56213
2020-04-07,4.56098,4.56534,4.51459,4.52819
2020-04-08,4.52772,4.54631,4.52338,4.52659
2020-04-09,4.5266,4.56195,4.51781,4.54854
2020-04-13,4.55273,4.57515,4.54668,4.5594
2020-04-14,4.55931,4.5599,4.51454,4.52018
2020-04-15,4.52035,4.54647,4.51768,4.53786
2020-04-16,4.53765,4.55315,4.52634,4.5336
2020-04-17,4.5336,4.54242,4.51372,4.51999
2020-04-20,4.51872,4.5311,4.51264,4.52279
2020-04-21,4.52325,4.5382,4.52133,4.53234
2020-04-22,4.53238,4.55865,4.52427,4.54808
2020-04-23,4.54821,4.55714,4.53198,4.54233
2020-04-24,4.54172,4.54438,4.52007,4.5372
2020-04-27,4.53661,4.54044,4.51411,4.53489
2020-04-28,4.53485,4.55298,4.5341,4.5478
2020-04-29,4.54785,4.55198,4.5355,4.5452
2020-04-30,4.54518,4.55048,4.53037,4.54489
2020-05-01,4.54488,4.57229,4.54281,4.56745
2020-05-04,4.56738,4.57148,4.54595,4.54825
2020-05-05,4.54796,4.55416,4.53031,4.53616
2020-05-06,4.53622,4.55661,4.52659,4.55055
2020-05-07,4.55055,4.56363,4.54234,4.55374
2020-05-08,4.55379,4.56146,4.54528,4.55017
2020-05-11,4.5517,4.56527,4.5411,4.55919
2020-05-12,4.55919,4.56781,4.54392,4.56418
2020-05-13,4.56416,4.57273,4.55894,4.56546
2020-05-14,4.56602,4.57349,4.5564,4.56055
2020-05-15,4.56054,4.5716,4.55329,4.56773
2020-05-18,4.56627,4.56859,4.55877,4.56483
2020-05-19,4.56532,4.56583,4.54285,4.54967
2020-05-20,4.54925,4.55564,4.52979,4.53614
2020-05-21,4.53495,4.54197,4.51145,4.51343
2020-05-22,4.51348,4.52751,4.50923,4.51284
2020-05-25,4.51574,4.51743,4.49875,4.50076
2020-05-26,4.5005,4.50267,4.42594,4.43942
2020-05-27,4.44004,4.44462,4.40659,4.43244
2020-05-28,4.43236,4.45656,4.4147,4.45579
2020-05-29,4.45572,4.46092,4.43976,4.44866
2020-06-01,4.43642,4.44476,4.3963,4.40302
2020-06-02,4.40291,4.41081,4.38153,4.38558
2020-06-03,4.38582,4.41641,4.37114,4.41267
2020-06-04,4.4126,4.45567,4.40855,4.4364
2020-06-05,4.4364,4.45894,4.42472,4.43465
2020-06-08,4.43922,4.45283,4.41995,4.42404
2020-06-09,4.42465,4.45299,4.42144,4.44553
2020-06-10,4.44563,4.46891,4.44051,4.45093
2020-06-11,4.45092,4.48266,4.44652,4.47217
2020-06-12,4.47238,4.47729,4.44065,4.44416
2020-06-15,4.45053,4.46171,4.41582,4.41703
2020-06-16,4.41709,4.45374,4.41051,4.44817
2020-06-17,4.44817,4.47458,4.43829,4.46374
2020-06-18,4.46382,4.46657,4.44712,4.44945
2020-06-19,4.44961,4.47115,4.44269,4.46589
2020-06-22,4.45598,4.47086,4.43657,4.44032
2020-06-23,4.44013,4.45419,4.43098,4.44756
2020-06-24,4.44742,4.45902,4.44229,4.45514
2020-06-25,4.4547,4.47242,4.44752,4.45479
2020-06-26,4.45462,4.47418,4.45112,4.46753
2020-06-29,4.46819,4.47105,4.45369,4.45651
2020-06-30,4.45641,4.47122,4.43818,4.44672
2020-07-01,4.44667,4.48033,4.4344,4.47433
2020-07-02,4.4729,4.47871,4.46135,4.46463
2020-07-03,4.46416,4.47161,4.45584,4.46441
2020-07-06,4.46467,4.47362,4.45832,4.46431
2020-07-07,4.46483,4.48363,4.46176,4.47638
2020-07-08,4.47662,4.48595,4.47011,4.47512
2020-07-09,4.47483,4.4799,4.46092,4.47085
2020-07-10,4.47028,4.48228,4.46275,4.4654
2020-07-13,4.46492,4.49489,4.46184,4.49274
2020-07-14,4.49321,4.49558,4.47086,4.47484
2020-07-15,4.47503,4.47925,4.46731,4.4765
2020-07-16,4.47671,4.49474,4.47424,4.48427
2020-07-17,4.48427,4.48549,4.47503,4.47823
2020-07-20,4.48383,4.48674,4.45284,4.45727
2020-07-21,4.45728,4.46103,4.42707,4.43326
2020-07-22,4.43293,4.44681,4.41599,4.42183
2020-07-23,4.4219,4.42915,4.40075,4.4102
2020-07-24,4.41039,4.41752,4.40108,4.40456
2020-07-27,4.40857,4.40913,4.38626,4.39411
2020-07-28,4.39425,4.4189,4.38962,4.41155
2020-07-29,4.41155,4.42658,4.40647,4.40811
2020-07-30,4.40811,4.42075,4.39881,4.40899
2020-07-31,4.40923,4.4163,4.39941,4.41226
2020-08-03,4.41818,4.4251,4.40691,4.41183
2020-08-04,4.41181,4.41331,4.39418,4.39758
2020-08-05,4.39764,4.40483,4.3905,4.40049
2020-08-06,4.4006,4.41981,4.39518,4.41474
2020-08-07,4.41533,4.42518,4.4038,4.41329
2020-08-10,4.40851,4.41497,4.3968,4.40016
2020-08-11,4.40041,4.40933,4.39519,4.40701
2020-08-12,4.40715,4.41432,4.39561,4.40242
2020-08-13,4.40244,4.40384,4.39357,4.39863
2020-08-14,4.39863,4.40439,4.38971,4.3979
2020-08-17,4.40184,4.40375,4.3834,4.39713
2020-08-18,4.39606,4.40253,4.37518,4.38084
2020-08-19,4.38078,4.4132,4.3746,4.40368
2020-08-20,4.40357,4.40864,4.38014,4.38454
2020-08-21,4.38454,4.41222,4.3788,4.41075
2020-08-24,4.41069,4.41735,4.38881,4.3943
2020-08-25,4.39452,4.40353,4.38524,4.3976
2020-08-26,4.39761,4.42417,4.39321,4.4122
2020-08-27,4.41235,4.4215,4.39578,4.4103
2020-08-28,4.4103,4.41439,4.38187,4.38794
2020-08-31,4.38712,4.40211,4.38482,4.39695
2020-09-01,4.39691,4.399,4.3839,4.3898
2020-09-02,4.3898,4.42138,4.38474,4.41441
2020-09-03,4.41349,4.44273,4.41028,4.43568
2020-09-04,4.43573,4.47065,4.43423,4.4531
2020-09-07,4.46126,4.46601,4.43269,4.43499
2020-09-08,4.43524,4.46053,4.43277,4.45259
2020-09-09,4.45245,4.46041,4.43882,4.43999
2020-09-10,4.44003,4.4613,4.43878,4.45462
2020-09-11,4.45462,4.45697,4.44056,4.45202
2020-09-14,4.44922,4.45341,4.44069,4.44577
2020-09-15,4.44546,4.45731,4.43468,4.45538
2020-09-16,4.45538,4.45683,4.44392,4.45031
2020-09-17,4.45005,4.46104,4.44779,4.45466
2020-09-18,4.45466,4.46309,4.44803,4.45695
2020-09-21,4.45701,4.50043,4.4448,4.49436
2020-09-22,4.49372,4.51521,4.47945,4.48476
2020-09-23,4.48562,4.51889,4.4817,4.51301
2020-09-24,4.51302,4.56245,4.50851,4.55196
2020-09-25,4.55269,4.56213,4.5434,4.54972
2020-09-28,4.54858,4.59015,4.54204,4.58422
2020-09-29,4.58495,4.59715,4.50985,4.52952
2020-09-30,4.52932,4.54804,4.52196,4.52928
2020-10-01,4.52923,4.53223,4.47394,4.4807
2020-10-02,4.48065,4.50829,4.47896,4.50257
2020-10-05,4.49936,4.50486,4.48071,4.49561
2020-10-06,4.49485,4.49976,4.47358,4.48779
2020-10-07,4.48779,4.49378,4.47291,4.48278
2020-10-08,4.48283,4.49326,4.47549,4.48993
2020-10-09,4.49006,4.49064,4.46058,4.46777
2020-10-12,4.46665,4.49025,4.45535,4.45723
2020-10-13,4.45686,4.49741,4.45547,4.49314
2020-10-14,4.49311,4.51975,4.48404,4.5122
2020-10-15,4.51198,4.5617,4.51019,4.54821
2020-10-16,4.54817,4.58134,4.53297,4.54717
2020-10-19,4.54716,4.57829,4.53545,4.57438
2020-10-20,4.57433,4.59095,4.55983,4.56276
2020-10-21,4.5624,4.59427,4.55245,4.57258
2020-10-22,4.57306,4.59231,4.56595,4.57326
2020-10-23,4.57321,4.59059,4.56747,4.5688
2020-10-26,4.56907,4.58644,4.56157,4.57925
2020-10-27,4.5789,4.59201,4.57465,4.58589
2020-10-28,4.5859,4.63546,4.58283,4.63157
2020-10-29,4.63162,4.64547,4.60744,4.62576
2020-10-30,4.62478,4.6316,4.60334,4.60604
2020-11-02,4.6081,4.61694,4.59122,4.60091
2020-11-03,4.60104,4.60437,4.53097,4.54418
2020-11-04,4.54413,4.60263,4.52614,4.53887
2020-11-05,4.53827,4.54698,4.50583,4.52618
2020-11-06,4.52708,4.54221,4.50141,4.50465
2020-11-09,4.5052,4.5054,4.46011,4.48028
2020-11-10,4.4804,4.51103,4.4762,4.49996
2020-11-11,4.50054,4.50773,4.47709,4.48319
2020-11-12,4.48325,4.49493,4.47842,4.491
2020-11-13,4.491,4.50144,4.48126,4.4826
2020-11-16,4.48283,4.49588,4.46175,4.46938
2020-11-17,4.46938,4.50286,4.4686,4.48858
2020-11-18,4.48831,4.49225,4.46491,4.46659
2020-11-19,4.46701,4.48254,4.46173,4.46915
2020-11-20,4.4699,4.47566,4.45886,4.46651
2020-11-23,4.46692,4.47923,4.46044,4.47141
2020-11-24,4.46963,4.4742,4.4593,4.46456
2020-11-25,4.46408,4.47561,4.46078,4.46447
2020-11-26,4.4645,4.47895,4.46419,4.4754
2020-11-27,4.47651,4.49357,4.47465,4.48578
2020-11-30,4.48815,4.49055,4.46803,4.47892
2020-12-01,4.47891,4.48379,4.44369,4.44939
2020-12-02,4.44936,4.49139,4.44376,4.4784
2020-12-03,4.47773,4.48552,4.46364,4.47025
2020-12-04,4.46917,4.48124,4.46469,4.46786
2020-12-07,4.47028,4.48218,4.46083,4.47471
2020-12-08,4.47441,4.48827,4.44606,4.4482
2020-12-09,4.44814,4.4511,4.4176,4.43306
2020-12-10,4.43306,4.43438,4.42002,4.42748
2020-12-11,4.42738,4.45225,4.42356,4.44552
2020-12-14,4.44332,4.46448,4.42874,4.44134
2020-12-15,4.44136,4.44966,4.43205,4.43952
2020-12-16,4.44028,4.44766,4.42802,4.43829
2020-12-17,4.43835,4.44443,4.42828,4.43933
2020-12-18,4.43928,4.51804,4.43644,4.47264
2020-12-21,4.4781,4.52524,4.47663,4.49651
2020-12-22,4.49692,4.51623,4.4912,4.50504
2020-12-23,4.50467,4.51095,4.48998,4.50483
2020-12-24,4.50472,4.50965,4.49523,4.50356
2020-12-28,4.50091,4.51778,4.48094,4.49335
2020-12-29,4.49335,4.57051,4.47695,4.53808
2020-12-30,4.53808,4.60543,4.51454,4.58058
2020-12-31,4.58104,4.62237,4.54561,4.56218
2021-01-04,4.56241,4.56391,4.52648,4.55653
2021-01-05,4.55606,4.56211,4.52862,4.53653
2021-01-06,4.53634,4.53824,4.50722,4.52752
2021-01-07,4.52749,4.53048,4.49475,4.51829
2021-01-08,4.51899,4.52958,4.50763,4.50942
2021-01-11,4.51074,4.53357,4.50876,4.5255
2021-01-12,4.52548,4.53051,4.51686,4.52228
2021-01-13,4.52246,4.5459,4.51962,4.54091
2021-01-14,4.54103,4.55197,4.53369,4.54109
2021-01-15,4.5412,4.55094,4.53626,4.53841
2021-01-18,4.53883,4.54849,4.52699,4.53423
2021-01-19,4.53525,4.53856,4.52599,4.53417
2021-01-20,4.53421,4.54919,4.52287,4.53499
2021-01-21,4.53444,4.53692,4.52631,4.53249
2021-01-22,4.53228,4.54494,4.5292,4.54072
2021-01-25,4.539,4.54447,4.53247,4.54015
2021-01-26,4.54,4.55412,4.53935,4.54429
2021-01-27,4.54326,4.55556,4.54268,4.54904
2021-01-28,4.54904,4.56174,4.53808,4.54137
2021-01-29,4.54184,4.54416,4.51731,4.51952
2021-02-01,4.5201,4.52586,4.49898,4.51023
2021-02-02,4.51025,4.51247,4.47408,4.48114
2021-02-03,4.48115,4.49582,4.473,4.48513
2021-02-04,4.48526,4.50448,4.48403,4.50055
2021-02-05,4.50044,4.5048,4.48452,4.48622
2021-02-08,4.48624,4.49012,4.47355,4.47733
2021-02-09,4.47781,4.48336,4.47282,4.47509
2021-02-10,4.47489,4.49508,4.47096,4.49081
2021-02-11,4.49148,4.50761,4.49141,4.50194
2021-02-12,4.50183,4.50889,4.4943,4.49809
2021-02-15,4.49862,4.49907,4.48031,4.48425
2021-02-16,4.48466,4.50091,4.48346,4.49418
2021-02-17,4.49418,4.50541,4.48802,4.4915
2021-02-18,4.49165,4.49707,4.47855,4.48989
2021-02-19,4.48989,4.49375,4.47936,4.48252
2021-02-22,4.48487,4.49933,4.48032,4.49382
2021-02-23,4.49127,4.50984,4.49127,4.50854
2021-02-24,4.5084,4.52454,4.50385,4.50624
2021-02-25,4.50602,4.52583,4.50256,4.51781
2021-02-26,4.51775,4.52802,4.50779,4.52051
2021-03-01,4.52142,4.53694,4.50997,4.53492
2021-03-02,4.53461,4.54389,4.52911,4.54036
2021-03-03,4.54036,4.55291,4.53121,4.5426
2021-03-04,4.54255,4.56898,4.54243,4.5627
2021-03-05,4.5627,4.59968,4.56057,4.5869
2021-03-08,4.5894,4.60386,4.58253,4.59782
2021-03-09,4.59778,4.59905,4.56154,4.57041
2021-03-10,4.57019,4.57915,4.56544,4.57664
2021-03-11,4.57664,4.58798,4.56368,4.58334
2021-03-12,4.58318,4.59784,4.57963,4.58416
2021-03-15,4.58214,4.59184,4.57888,4.59015
2021-03-16,4.58995,4.59838,4.58856,4.59532
2021-03-17,4.59532,4.61761,4.59476,4.59734
2021-03-18,4.59741,4.62863,4.59458,4.62066
2021-03-19,4.62063,4.62472,4.61145,4.61429
2021-03-22,4.62231,4.62451,4.59237,4.59695
2021-03-23,4.59689,4.62048,4.58452,4.61905
2021-03-24,4.61836,4.63482,4.61562,4.62851
2021-03-25,4.62858,4.64756,4.62554,4.63446
2021-03-26,4.63419,4.65067,4.6252,4.64138
2021-03-29,4.6403,4.67834,4.62804,4.67263
2021-03-30,4.6716,4.67317,4.64358,4.65673
2021-03-31,4.65672,4.66917,4.63023,4.63237
2021-04-01,4.63244,4.6364,4.58573,4.59239
2021-04-05,4.60342,4.60907,4.58174,4.59332
2021-04-06,4.59332,4.60702,4.58646,4.59053
2021-04-07,4.59064,4.60461,4.56255,4.57487
2021-04-08,4.57493,4.57562,4.5395,4.54631
2021-04-09,4.54655,4.55441,4.52587,4.53032
2021-04-12,4.53327,4.53668,4.52032,4.52849
2021-04-13,4.52849,4.57335,4.52671,4.56623
2021-04-14,4.56625,4.56733,4.54972,4.55593
2021-04-15,4.55574,4.56183,4.54895,4.55063
2021-04-16,4.55074,4.55689,4.54048,4.54399
2021-04-19,4.54511,4.55567,4.53984,4.55172
2021-04-20,4.55172,4.5579,4.54601,4.55261
2021-04-21,4.55239,4.56314,4.54625,4.55611
2021-04-22,4.5557,4.56568,4.55252,4.56246
2021-04-23,4.5618,4.57064,4.55421,4.55506
2021-04-26,4.55229,4.56215,4.55058,4.55848
2021-04-27,4.55805,4.57433,4.55159,4.56827
2021-04-28,4.56844,4.59304,4.56727,4.57774
2021-04-29,4.57773,4.58713,4.56316,4.567
2021-04-30,4.56683,4.57135,4.54824,4.55866
2021-05-03,4.55897,4.56021,4.53763,4.54152
2021-05-04,4.54131,4.5645,4.53818,4.55687
2021-05-05,4.55684,4.58378,4.55249,4.57348
2021-05-06,4.57345,4.59076,4.5662,4.57136
2021-05-07,4.57152,4.58732,4.54908,4.55496
2021-05-10,4.55122,4.57671,4.55028,4.55862
2021-05-11,4.55854,4.57041,4.53917,4.54224
2021-05-12,4.54221,4.55676,4.53677,4.55491
2021-05-13,4.55502,4.55669,4.52111,4.52837
2021-05-14,4.52826,4.54026,4.51847,4.52906
2021-05-17,4.52864,4.54563,4.51815,4.52706
2021-05-18,4.52699,4.53427,4.51588,4.52111
2021-05-19,4.52121,4.53271,4.51532,4.52116
2021-05-20,4.52116,4.52627,4.48932,4.49425
2021-05-21,4.49363,4.5047,4.48491,4.49632
2021-05-24,4.49407,4.49542,4.47951,4.48384
2021-05-25,4.48384,4.48684,4.47808,4.48268
2021-05-26,4.48237,4.50316,4.47965,4.50107
2021-05-27,4.50082,4.50333,4.48101,4.49265
2021-05-28,4.49234,4.49431,4.48043,4.48345
2021-05-31,4.48343,4.48829,4.47761,4.47897
2021-06-01,4.47836,4.48184,4.45816,4.46071
2021-06-02,4.46066,4.47202,4.4552,4.45864
2021-06-03,4.45877,4.46543,4.44782,4.4562
2021-06-04,4.45627,4.47534,4.45453,4.45874
2021-06-07,4.459,4.47335,4.44367,4.46612
2021-06-08,4.46612,4.47397,4.46176,4.46309
2021-06-09,4.46304,4.47732,4.45069,4.4707
2021-06-10,4.47072,4.48758,4.46608,4.46939
2021-06-11,4.46939,4.50248,4.46604,4.50051
2021-06-14,4.49411,4.52116,4.48712,4.51417
2021-06-15,4.51459,4.53421,4.50064,4.52702
2021-06-16,4.52704,4.53274,4.49597,4.52408
2021-06-17,4.52398,4.56052,4.5238,4.55845
2021-06-18,4.55841,4.56486,4.53961,4.55094
2021-06-21,4.55366,4.55431,4.52293,4.52765
2021-06-22,4.52765,4.54546,4.51215,4.51447
2021-06-23,4.51456,4.54165,4.50689,4.51731
2021-06-24,4.51731,4.54128,4.51507,4.51836
2021-06-25,4.5186,4.52242,4.50425,4.51346
2021-06-28,4.5162,4.51662,4.49931,4.50163
2021-06-29,4.50158,4.52525,4.49473,4.51929
2021-06-30,4.51897,4.52608,4.50689,4.51953
2021-07-01,4.51953,4.52617,4.50459,4.51321
2021-07-02,4.5144,4.53152,4.50005,4.50848
2021-07-05,4.51612,4.51761,4.49873,4.50473
2021-07-06,4.50451,4.5179,4.49116,4.51176
2021-07-07,4.51182,4.53888,4.51065,4.52807
2021-07-08,4.52808,4.55372,4.52362,4.54427
2021-07-09,4.54454,4.55231,4.53671,4.54606
2021-07-12,4.54529,4.56119,4.53369,4.55062
2021-07-13,4.55231,4.59146,4.55066,4.58494
2021-07-14,4.58559,4.5934,4.55461,4.5676
2021-07-15,4.56766,4.58588,4.56366,4.5807
2021-07-16,4.58064,4.59059,4.57562,4.58386
2021-07-19,4.58268,4.60088,4.58082,4.59645
2021-07-20,4.59651,4.60174,4.58709,4.59282
2021-07-21,4.59282,4.60101,4.57383,4.58024
2021-07-22,4.58024,4.58103,4.55881,4.56328
2021-07-23,4.5633,4.57739,4.56277,4.57541
2021-07-26,4.57694,4.59652,4.5748,4.59103
2021-07-27,4.59103,4.59989,4.5846,4.59777
2021-07-28,4.59794,4.60129,4.5905,4.59377
2021-07-29,4.59373,4.59867,4.56698,4.57005
2021-07-30,4.57005,4.57902,4.55855,4.56992
2021-08-02,4.56641,4.57384,4.55105,4.56137
2021-08-03,4.56104,4.56448,4.54643,4.55328
2021-08-04,4.55346,4.55593,4.53401,4.54424
2021-08-05,4.5447,4.56309,4.54013,4.54159
2021-08-06,4.54192,4.57605,4.54061,4.57529
2021-08-09,4.57498,4.58003,4.56303,4.56405
2021-08-10,4.56445,4.58165,4.55726,4.57595
2021-08-11,4.57583,4.59126,4.57363,4.5795
2021-08-12,4.5795,4.59467,4.57208,4.57708
2021-08-13,4.57708,4.58248,4.56403,4.56607
2021-08-16,4.56608,4.56909,4.5578,4.56194
2021-08-17,4.56152,4.57193,4.55833,4.56364
2021-08-18,4.56346,4.56759,4.55198,4.5549
2021-08-19,4.55496,4.59196,4.55385,4.58374
2021-08-20,4.58357,4.59497,4.57939,4.583
2021-08-23,4.57657,4.59052,4.57544,4.58289
2021-08-24,4.58347,4.58795,4.57075,4.57577
2021-08-25,4.57577,4.57953,4.56586,4.57578
2021-08-26,4.57598,4.57961,4.56796,4.57355
2021-08-27,4.57404,4.58552,4.56713,4.57584
2021-08-30,4.57515,4.58005,4.55805,4.55998
2021-08-31,4.55998,4.57164,4.51476,4.52396
2021-09-01,4.52396,4.5277,4.50103,4.50642
2021-09-02,4.5067,4.51657,4.50435,4.51173
2021-09-03,4.51173,4.51884,4.50561,4.50572
2021-09-06,4.50755,4.52902,4.50679,4.52325
2021-09-07,4.52325,4.5289,4.50629,4.51221
2021-09-08,4.51215,4.52271,4.50769,4.51777
2021-09-09,4.51786,4.54684,4.51374,4.54193
2021-09-10,4.54228,4.55081,4.5377,4.54376
2021-09-13,4.54413,4.5544,4.53457,4.54994
2021-09-14,4.54988,4.55659,4.54324,4.54487
2021-09-15,4.54462,4.56796,4.54451,4.56468
2021-09-16,4.56469,4.58311,4.55856,4.57191
2021-09-17,4.57189,4.59432,4.57169,4.59025
2021-09-20,4.58932,4.61217,4.58716,4.60694
2021-09-21,4.60696,4.62964,4.59822,4.62078
2021-09-22,4.62059,4.63429,4.61402,4.62388
2021-09-23,4.62388,4.62524,4.59917,4.61046
2021-09-24,4.61036,4.62,4.60296,4.60583
2021-09-27,4.60685,4.61349,4.58893,4.59832
2021-09-28,4.5984,4.63994,4.59577,4.63614
2021-09-29,4.63608,4.6381,4.62365,4.63224
2021-09-30,4.63227,4.64793,4.58892,4.61033
2021-10-01,4.61056,4.61452,4.57539,4.57748
2021-10-04,4.57595,4.59858,4.56255,4.59588
2021-10-05,4.59519,4.62287,4.58044,4.6042
2021-10-06,4.60397,4.63127,4.54548,4.54832
2021-10-07,4.54802,4.58725,4.5393,4.58691
2021-10-08,4.58652,4.62215,4.58583,4.6053
2021-10-11,4.60461,4.61637,4.58238,4.58617
2021-10-12,4.58063,4.5929,4.57326,4.58373
2021-10-13,4.5836,4.58752,4.57016,4.57608
2021-10-14,4.57636,4.58231,4.56316,4.56935
2021-10-15,4.56921,4.57935,4.56045,4.56785
2021-10-18,4.56203,4.59086,4.5585,4.58469
2021-10-19,4.58482,4.58844,4.56988,4.58522
2021-10-20,4.58567,4.60002,4.57693,4.58482
2021-10-21,4.58483,4.60881,4.57982,4.60595
2021-10-22,4.6059,4.60921,4.59383,4.60004
2021-10-25,4.59978,4.62022,4.58803,4.61412
2021-10-26,4.61412,4.62066,4.59682,4.60861
2021-10-27,4.60919,4.62751,4.60673,4.62054
2021-10-28,4.62049,4.63112,4.60888,4.62045
2021-10-29,4.62132,4.6325,4.60923,4.6131
2021-11-01,4.61212,4.62576,4.60726,4.61706
2021-11-02,4.61713,4.62591,4.60088,4.6064
2021-11-03,4.60643,4.60886,4.57085,4.5832
2021-11-04,4.58315,4.60848,4.57964,4.60227
2021-11-05,4.60204,4.63223,4.59109,4.59775
2021-11-08,4.59958,4.60059,4.58567,4.59167
2021-11-09,4.59163,4.60155,4.58412,4.59247
2021-11-10,4.59305,4.62126,4.59192,4.61104
2021-11-11,4.61088,4.63952,4.60571,4.63659
2021-11-12,4.63689,4.65007,4.62745,4.64072
2021-11-15,4.64062,4.64777,4.62231,4.64139
2021-11-16,4.64198,4.6678,4.63875,4.6501
2021-11-17,4.64812,4.66448,4.64665,4.66176
2021-11-18,4.66187,4.67608,4.64802,4.66994
2021-11-19,4.66987,4.69949,4.6617,4.69156
2021-11-22,4.6945,4.72391,4.68387,4.70855
2021-11-23,4.70833,4.72778,4.69348,4.7033
2021-11-24,4.7033,4.70443,4.67017,4.67876
2021-11-25,4.67893,4.68315,4.66391,4.67756
2021-11-26,4.67837,4.72421,4.67523,4.71064
2021-11-29,4.71014,4.71317,4.67576,4.68242
2021-11-30,4.68269,4.68851,4.64916,4.66035
2021-12-01,4.65763,4.66069,4.60769,4.62451
2021-12-02,4.62434,4.62508,4.58776,4.5956
2021-12-03,4.59564,4.62234,4.58539,4.59937
2021-12-06,4.59801,4.60311,4.58468,4.59048
2021-12-07,4.59035,4.60308,4.58019,4.58261
2021-12-08,4.58231,4.6201,4.57921,4.61437
2021-12-09,4.61432,4.62512,4.59702,4.60621
2021-12-10,4.60621,4.62434,4.60146,4.62027
2021-12-13,4.61933,4.64236,4.6059,4.63956
2021-12-14,4.63878,4.6459,4.6206,4.63177
2021-12-15,4.63172,4.63613,4.61263,4.62202
2021-12-16,4.62206,4.64192,4.62036,4.63293
2021-12-17,4.63351,4.64035,4.62344,4.63197
2021-12-20,4.63243,4.64486,4.62284,4.62852
2021-12-21,4.62806,4.63804,4.61783,4.62106
2021-12-22,4.62147,4.63759,4.61453,4.63556
2021-12-23,4.63384,4.63782,4.6221,4.62772
2021-12-24,4.62772,4.63395,4.61314,4.62115
2021-12-27,4.62356,4.62795,4.59613,4.61679
2021-12-28,4.61406,4.61919,4.59166,4.60168
2021-12-29,4.60157,4.60559,4.59213,4.59751
2021-12-30,4.59898,4.59964,4.58666,4.59711
2021-12-31,4.59684,4.60089,4.58217,4.58921
2022-01-03,4.59028,4.59317,4.57255,4.57664
2022-01-04,4.57613,4.58224,4.56284,4.56521
2022-01-05,4.56525,4.58023,4.56399,4.57844
2022-01-06,4.57844,4.58593,4.55217,4.55491
2022-01-07,4.55491,4.55893,4.54249,4.54532
2022-01-10,4.54497,4.54887,4.5288,4.53995
2022-01-11,4.54004,4.54658,4.53615,4.53701
2022-01-12,4.53669,4.54267,4.51958,4.52599
2022-01-13,4.52577,4.54462,4.52367,4.54269
2022-01-14,4.54115,4.54429,4.53186,4.5359
2022-01-17,4.53583,4.54036,4.51715,4.52564
2022-01-18,4.52554,4.5405,4.5217,4.53486
2022-01-19,4.53592,4.54499,4.518,4.52589
2022-01-20,4.52259,4.52986,4.50954,4.52572
2022-01-21,4.52205,4.54987,4.50989,4.53074
2022-01-24,4.52625,4.58048,4.52238,4.56688
2022-01-25,4.56683,4.59515,4.56454,4.58266
2022-01-26,4.58291,4.59642,4.57945,4.58458
2022-01-27,4.58469,4.59418,4.54656,4.56126
2022-01-28,4.56059,4.59943,4.55819,4.58627
2022-01-31,4.58389,4.60144,4.57772,4.58055
2022-02-01,4.58055,4.58941,4.56412,4.57175
2022-02-02,4.5737,4.57433,4.53686,4.54049
2022-02-03,4.54055,4.54857,4.51927,4.54248
2022-02-04,4.54399,4.56748,4.53507,4.56654
2022-02-07,4.56134,4.56574,4.53316,4.53471
2022-02-08,4.53602,4.5455,4.52373,4.52579
2022-02-09,4.5261,4.53061,4.48862,4.49563
2022-02-10,4.49523,4.50802,4.48295,4.50558
2022-02-11,4.50561,4.57927,4.50188,4.56771
2022-02-14,4.57116,4.58662,4.5289,4.5516
2022-02-15,4.55461,4.559,4.49081,4.49782
2022-02-16,4.49767,4.50447,4.48249,4.50243
2022-02-17,4.50253,4.52932,4.49622,4.52647
2022-02-18,4.52636,4.53914,4.51197,4.53177
2022-02-21,4.52976,4.54464,4.508,4.54396
2022-02-22,4.54392,4.55665,4.53491,4.54763
2022-02-23,4.54744,4.58903,4.52544,4.589
2022-02-24,4.58978,4.72109,4.58672,4.63024
2022-02-25,4.63026,4.67187,4.61749,4.64053
2022-02-28,4.69636,4.71431,4.66861,4.7023
2022-03-01,4.70227,4.80841,4.67672,4.73966
2022-03-02,4.7386,4.83357,4.73096,4.74882
2022-03-03,4.74901,4.81988,4.74412,4.81752
2022-03-04,4.81928,4.90495,4.79372,4.89675
2022-03-07,4.90599,5.00341,4.90592,4.98145
2022-03-08,4.98193,4.99754,4.86058,4.90878
2022-03-09,4.90771,4.91354,4.74584,4.77451
2022-03-10,4.77833,4.85708,4.76845,4.77957
2022-03-11,4.77802,4.80794,4.77116,4.78277
2022-03-14,4.79667,4.79795,4.70826,4.73871
2022-03-15,4.73917,4.75422,4.69425,4.70729
2022-03-16,4.70663,4.71982,4.65972,4.66626
2022-03-17,4.66619,4.69862,4.6612,4.68283
2022-03-18,4.68283,4.73598,4.67917,4.71193
2022-03-21,4.71606,4.71847,4.67709,4.69544
2022-03-22,4.69533,4.70476,4.67301,4.67693
2022-03-23,4.67701,4.72873,4.67637,4.72846
2022-03-24,4.7302,4.79021,4.70499,4.77466
2022-03-25,4.77465,4.7785,4.68253,4.68318
2022-03-28,4.68878,4.73814,4.68676,4.69374
2022-03-29,4.69389,4.71607,4.63261,4.65428
2022-03-30,4.65417,4.6797,4.63151,4.64098
2022-03-31,4.64088,4.66233,4.63223,4.64762
2022-04-01,4.64707,4.65098,4.6324,4.6324
2022-04-04,4.64223,4.65034,4.61606,4.61692
2022-04-05,4.62317,4.65656,4.61705,4.6452
2022-04-06,4.64553,4.66574,4.60655,4.65938
2022-04-07,4.65938,4.66735,4.6262,4.63515
2022-04-08,4.63387,4.64958,4.62712,4.6313
2022-04-11,4.63909,4.6667,4.62481,4.66335
2022-04-12,4.66333,4.66968,4.61898,4.63833
2022-04-13,4.63734,4.64735,4.63378,4.64015
2022-04-14,4.64005,4.65519,4.62938,4.64269
2022-04-18,4.63006,4.63825,4.61233,4.6217
2022-04-19,4.62185,4.65685,4.61273,4.64474
2022-04-20,4.64441,4.65398,4.62516,4.64122
2022-04-21,4.64034,4.65619,4.62664,4.63795
2022-04-22,4.63782,4.65518,4.62921,4.65338
2022-04-25,4.6456,4.66254,4.62667,4.64495
2022-04-26,4.64186,4.7271,4.63441,4.71646
2022-04-27,4.71612,4.72628,4.68685,4.70729
2022-04-28,4.7083,4.7122,4.66866,4.69266
2022-04-29,4.69204,4.69598,4.65345,4.6742
2022-05-02,4.67883,4.70267,4.65238,4.69566
2022-05-03,4.69442,4.70868,4.68634,4.69398
2022-05-04,4.69383,4.70241,4.64147,4.65272
2022-05-05,4.65226,4.69887,4.64519,4.68401
2022-05-06,4.682,4.71808,4.67948,4.71252
2022-05-09,4.70211,4.72085,4.67852,4.69182
2022-05-10,4.69136,4.70022,4.66936,4.68079
2022-05-11,4.68112,4.6848,4.65256,4.67213
2022-05-12,4.67163,4.69294,4.65825,4.66948
2022-05-13,4.66496,4.70093,4.65952,4.69169
2022-05-16,4.68253,4.68574,4.6487,4.6594
2022-05-17,4.65909,4.66136,4.64339,4.65344
2022-05-18,4.65343,4.65953,4.63175,4.64701
2022-05-19,4.64729,4.66193,4.63591,4.64386
2022-05-20,4.64423,4.65055,4.62155,4.62622
2022-05-23,4.62778,4.6324,4.59793,4.61159
2022-05-24,4.6118,4.61605,4.59199,4.59628
2022-05-25,4.59547,4.62381,4.58665,4.60243
2022-05-26,4.60226,4.61442,4.59683,4.60647
2022-05-27,4.60642,4.61301,4.56217,4.5726
2022-05-30,4.57576,4.58876,4.55965,4.58426
2022-05-31,4.58419,4.58862,4.56452,4.58432
2022-06-01,4.58436,4.59802,4.57901,4.58988
2022-06-02,4.58758,4.60023,4.57145,4.57977
2022-06-03,4.57986,4.6005,4.57531,4.5868
2022-06-06,4.58912,4.59762,4.57949,4.58502
2022-06-07,4.58506,4.59405,4.5745,4.57528
2022-06-08,4.57523,4.59103,4.56381,4.58514
2022-06-09,4.58729,4.6096,4.57819,4.60607
2022-06-10,4.60456,4.62271,4.59332,4.61239
2022-06-13,4.60363,4.66656,4.59132,4.65356
2022-06-14,4.65258,4.66547,4.638,4.6579
2022-06-15,4.65774,4.69095,4.65052,4.66098
2022-06-16,4.6606,4.74444,4.66035,4.72961
2022-06-17,4.73085,4.73085,4.67602,4.67739
2022-06-20,4.68352,4.68402,4.63954,4.64863
2022-06-21,4.64965,4.6514,4.62672,4.63534
2022-06-22,4.63559,4.70276,4.63394,4.7004
2022-06-23,4.70018,4.72249,4.69375,4.7054
2022-06-24,4.70612,4.71659,4.68107,4.68862
2022-06-27,4.69321,4.71143,4.67297,4.68413
2022-06-28,4.68488,4.70322,4.67829,4.69745
2022-06-29,4.69832,4.69903,4.66528,4.66994
2022-06-30,4.66976,4.71047,4.64856,4.70085
2022-07-01,4.70171,4.72349,4.68193,4.6883
2022-07-04,4.69145,4.72066,4.6839,4.71238
2022-07-05,4.71143,4.77393,4.70744,4.74909
2022-07-06,4.74969,4.80263,4.74051,4.77631
2022-07-07,4.77546,4.8138,4.76054,4.78516
2022-07-08,4.78311,4.80707,4.75728,4.77882
2022-07-11,4.77889,4.81629,4.768,4.80488
2022-07-12,4.80338,4.85162,4.79878,4.817
2022-07-13,4.81441,4.84724,4.80895,4.83023
2022-07-14,4.83027,4.84341,4.80458,4.81846
2022-07-15,4.81756,4.82227,4.76855,4.78541
2022-07-18,4.77679,4.80083,4.76542,4.78932
2022-07-19,4.78819,4.7979,4.7491,4.75355
2022-07-20,4.75375,4.7913,4.74338,4.76684
2022-07-21,4.7679,4.777,4.7501,4.7628
2022-07-22,4.76296,4.77659,4.73662,4.74385
2022-07-25,4.73813,4.74253,4.69087,4.72332
2022-07-26,4.72265,4.76849,4.70629,4.76098
2022-07-27,4.76103,4.80875,4.74843,4.78074
2022-07-28,4.77971,4.79938,4.75291,4.76273
2022-07-29,4.76485,4.77204,4.72215,4.73988
2022-08-01,4.74274,4.75249,4.70754,4.71678
2022-08-02,4.71638,4.73887,4.70298,4.73172
2022-08-03,4.73173,4.73635,4.68923,4.69785
2022-08-04,4.69831,4.73578,4.69641,4.71249
2022-08-05,4.71087,4.71863,4.70272,4.70837
2022-08-08,4.71295,4.71464,4.69358,4.69744
2022-08-09,4.69698,4.71133,4.69637,4.70061
2022-08-10,4.70098,4.71683,4.6696,4.67682
2022-08-11,4.67715,4.68892,4.66624,4.68587
2022-08-12,4.68587,4.68994,4.65494,4.65934
2022-08-15,4.66219,4.69414,4.65863,4.68439
2022-08-16,4.68381,4.7065,4.66343,4.67588
2022-08-17,4.66636,4.70904,4.66228,4.70384
2022-08-18,4.70411,4.7355,4.69992,4.72639
2022-08-19,4.72821,4.76126,4.72405,4.74855
2022-08-22,4.75123,4.77815,4.74215,4.76219
2022-08-23,4.76474,4.78749,4.75842,4.77171
2022-08-24,4.76775,4.78844,4.76222,4.76956
2022-08-25,4.77038,4.77064,4.73695,4.73992
2022-08-26,4.73973,4.75829,4.73088,4.7409
2022-08-29,4.74286,4.75728,4.72605,4.73705
2022-08-30,4.73665,4.73957,4.72022,4.72561
2022-08-31,4.72542,4.73818,4.7168,4.72485
2022-09-01,4.72465,4.72998,4.70568,4.71742
2022-09-02,4.71632,4.72988,4.69595,4.72073
2022-09-05,4.71417,4.74468,4.70571,4.718
2022-09-06,4.71921,4.73298,4.70541,4.72833
2022-09-07,4.72916,4.73955,4.70563,4.71262
2022-09-08,4.71639,4.73202,4.69615,4.70667
2022-09-09,4.70653,4.73315,4.6901,4.69123
2022-09-12,4.69718,4.71415,4.68878,4.69485
2022-09-13,4.69534,4.72388,4.69081,4.71774
2022-09-14,4.71674,4.73332,4.7117,4.71634
2022-09-15,4.7162,4.73473,4.71129,4.72404
2022-09-16,4.72489,4.72729,4.71048,4.71842
2022-09-19,4.72179,4.72262,4.70344,4.70746
2022-09-20,4.70812,4.74496,4.70315,4.7266
2022-09-21,4.72688,4.78721,4.72439,4.77531
2022-09-22,4.77449,4.78934,4.74799,4.75529
2022-09-23,4.75529,4.76921,4.72891,4.76013
2022-09-26,4.74191,4.76844,4.73482,4.75716
2022-09-27,4.75649,4.79345,4.75021,4.7871
2022-09-28,4.78716,4.83249,4.78599,4.80868
2022-09-29,4.80848,4.87357,4.80681,4.85311
2022-09-30,4.853,4.89335,4.83265,4.85838
2022-10-03,4.84452,4.85886,4.80927,4.82859
2022-10-04,4.82895,4.8304,4.79102,4.81479
2022-10-05,4.81479,4.84875,4.79076,4.81816
2022-10-06,4.81884,4.89211,4.81787,4.88402
2022-10-07,4.87951,4.8903,4.85239,4.85952
2022-10-10,4.86292,4.88411,4.84389,4.85675
2022-10-11,4.85939,4.87525,4.83314,4.84805
2022-10-12,4.85069,4.86396,4.83933,4.84538
2022-10-13,4.84703,4.85771,4.79836,4.80489
2022-10-14,4.80887,4.83906,4.79096,4.8022
2022-10-17,4.81215,4.85555,4.79391,4.79702
2022-10-18,4.79623,4.821,4.78089,4.78761
2022-10-19,4.78805,4.80659,4.78281,4.80019
2022-10-20,4.80246,4.80863,4.7631,4.77056
2022-10-21,4.77115,4.7895,4.76252,4.77635
2022-10-24,4.77863,4.79335,4.76764,4.78732
2022-10-25,4.78734,4.7915,4.75714,4.76623
2022-10-26,4.76603,4.77483,4.72547,4.74385
2022-10-27,4.74402,4.76336,4.71727,4.72342
2022-10-28,4.72421,4.73742,4.71378,4.71835
2022-10-31,4.72131,4.73215,4.70557,4.71748
2022-11-01,4.71739,4.71947,4.69816,4.70277
2022-11-02,4.70277,4.71139,4.69691,4.70594
2022-11-03,4.70448,4.71527,4.69185,4.69535
2022-11-04,4.69535,4.69682,4.67618,4.68789
2022-11-07,4.68699,4.69484,4.66909,4.67135
2022-11-08,4.6711,4.69654,4.66962,4.69072
2022-11-09,4.68864,4.71824,4.68681,4.712
2022-11-10,4.71204,4.7258,4.67759,4.68803
2022-11-11,4.68845,4.69451,4.67157,4.67925
2022-11-14,4.67544,4.71815,4.67427,4.71126
2022-11-15,4.71298,4.7488,4.68286,4.72105
2022-11-16,4.71561,4.78497,4.68312,4.69795
2022-11-17,4.6992,4.71912,4.68649,4.70576
2022-11-18,4.706,4.71318,4.69389,4.69862
2022-11-21,4.70021,4.716,4.69354,4.69547
2022-11-22,4.69565,4.71756,4.69557,4.70348
2022-11-23,4.70359,4.71711,4.69329,4.70044
2022-11-24,4.70134,4.71149,4.69404,4.69814
2022-11-25,4.69716,4.70105,4.68522,4.69248
2022-11-28,4.69482,4.6978,4.67014,4.68779
2022-11-29,4.68751,4.68751,4.66862,4.67885
2022-11-30,4.67807,4.68214,4.65937,4.67079
2022-12-01,4.67079,4.70964,4.66806,4.69034
2022-12-02,4.69028,4.70128,4.67591,4.67839
2022-12-05,4.67579,4.71931,4.6702,4.71101
2022-12-06,4.71104,4.72123,4.68785,4.69143
2022-12-07,4.69179,4.7109,4.68709,4.69983
2022-12-08,4.69974,4.70265,4.67935,4.68216
2022-12-09,4.6816,4.69866,4.67638,4.68851
2022-12-12,4.69123,4.69963,4.68502,4.69084
2022-12-13,4.69173,4.70105,4.68347,4.68678
2022-12-14,4.6866,4.71479,4.67649,4.6817
2022-12-15,4.68374,4.70046,4.6779,4.69298
2022-12-16,4.6923,4.69878,4.68185,4.68649
2022-12-19,4.68957,4.69377,4.67409,4.69007
2022-12-20,4.69004,4.69675,4.66921,4.66994
2022-12-21,4.67085,4.67562,4.65101,4.66152
2022-12-22,4.66195,4.66199,4.63721,4.63941
2022-12-23,4.63904,4.65158,4.63454,4.64259
2022-12-27,4.64291,4.69614,4.64214,4.68116
2022-12-28,4.68145,4.70773,4.6749,4.68908
2022-12-29,4.68849,4.70441,4.67301,4.68387
2022-12-30,4.68346,4.69397,4.67162,4.68908
2023-01-02,4.68574,4.69571,4.66611,4.67022
2023-01-03,4.67154,4.68775,4.66676,4.67226
2023-01-04,4.6723,4.67958,4.65672,4.66787
2023-01-05,4.66849,4.6912,4.66401,4.68288
2023-01-06,4.68304,4.70854,4.68028,4.6879
2023-01-09,4.6949,4.70161,4.68207,4.6944
2023-01-10,4.69456,4.70218,4.68369,4.68906
2023-01-11,4.68819,4.69361,4.67729,4.68698
2023-01-12,4.68531,4.70229,4.68505,4.69604
2023-01-13,4.6962,4.69985,4.68321,4.69453
2023-01-16,4.6931,4.70454,4.68413,4.69406
2023-01-17,4.69405,4.70517,4.68681,4.69971
2023-01-18,4.69971,4.7209,4.69467,4.71837
2023-01-19,4.71757,4.7508,4.70157,4.7223
2023-01-20,4.72213,4.72348,4.70397,4.70645
2023-01-23,4.70759,4.72214,4.70355,4.7078
2023-01-24,4.70824,4.72009,4.7041,4.71108
2023-01-25,4.71127,4.72141,4.70591,4.71478
2023-01-26,4.7134,4.73105,4.70836,4.71138
2023-01-27,4.71111,4.71356,4.70275,4.7084
2023-01-30,4.70951,4.71629,4.70505,4.71066
2023-01-31,4.71089,4.71615,4.70576,4.70898
2023-02-01,4.70902,4.71288,4.70093,4.70101
2023-02-02,4.70126,4.71146,4.67916,4.68418
2023-02-03,4.68451,4.71921,4.68223,4.71837
2023-02-06,4.70976,4.74985,4.704,4.74225
2023-02-07,4.74028,4.77647,4.73966,4.74987
2023-02-08,4.74998,4.75178,4.72199,4.73694
2023-02-09,4.73555,4.758,4.73022,4.75379
2023-02-10,4.75368,4.7885,4.74928,4.77835
2023-02-13,4.76977,4.7975,4.76863,4.7861
2023-02-14,4.78694,4.79877,4.76058,4.77375
2023-02-15,4.77418,4.77908,4.75256,4.75897
2023-02-16,4.75788,4.78479,4.75749,4.7709
2023-02-17,4.77127,4.78195,4.75646,4.75667
2023-02-20,4.76611,4.7709,4.73833,4.74171
2023-02-21,4.7414,4.75409,4.74117,4.74976
2023-02-22,4.74954,4.76547,4.7392,4.75325
2023-02-23,4.75324,4.76064,4.72228,4.72646
2023-02-24,4.72747,4.72816,4.71652,4.71964
2023-02-27,4.7201,4.72347,4.71112,4.71345
2023-02-28,4.71424,4.72275,4.7022,4.70401
2023-03-01,4.70491,4.7074,4.66175,4.67199
2023-03-02,4.67218,4.70211,4.66557,4.70029
2023-03-03,4.70092,4.71211,4.69592,4.70826
2023-03-06,4.70855,4.71172,4.68735,4.69073
2023-03-07,4.69094,4.69309,4.6823,4.6895
2023-03-08,4.69184,4.70538,4.67155,4.68359
2023-03-09,4.68367,4.6935,4.67641,4.69154
2023-03-10,4.68878,4.69241,4.6715,4.67914
2023-03-13,4.68136,4.70445,4.66799,4.68099
2023-03-14,4.68099,4.70834,4.67863,4.70684
2023-03-15,4.70737,4.71846,4.68347,4.70256
2023-03-16,4.70269,4.71867,4.68673,4.69855
2023-03-17,4.69854,4.71024,4.69007,4.70318
2023-03-20,4.70302,4.72006,4.70075,4.70469
2023-03-21,4.70478,4.70993,4.67919,4.68591
2023-03-22,4.68595,4.69462,4.67926,4.68561
2023-03-23,4.68566,4.68876,4.67474,4.68362
2023-03-24,4.6831,4.69878,4.67857,4.68869
2023-03-27,4.68691,4.69322,4.68067,4.68589
2023-03-28,4.68571,4.6891,4.67506,4.67756
2023-03-29,4.67791,4.68995,4.67377,4.68798
2023-03-30,4.68805,4.69045,4.67308,4.6766
2023-03-31,4.6757,4.68323,4.66798,4.67907
2023-04-03,4.67648,4.68649,4.66775,4.67364
2023-04-04,4.67346,4.68209,4.66799,4.67862
2023-04-05,4.67809,4.69288,4.67355,4.68631
2023-04-06,4.68599,4.69434,4.68237,4.68598
2023-04-10,4.68108,4.69182,4.67605,4.68698
2023-04-11,4.68733,4.69253,4.66547,4.66718
2023-04-12,4.66706,4.6748,4.65041,4.65322
2023-04-13,4.65156,4.65561,4.63092,4.63867
2023-04-14,4.63918,4.65848,4.63333,4.64432
2023-04-17,4.64272,4.64507,4.62568,4.6313
2023-04-18,4.62964,4.63426,4.61587,4.62441
2023-04-19,4.62407,4.64893,4.61236,4.61936
2023-04-20,4.61862,4.62339,4.59641,4.59906
2023-04-21,4.59939,4.61407,4.59652,4.61272
2023-04-24,4.61292,4.61622,4.59683,4.6008
2023-04-25,4.60255,4.60526,4.58392,4.59292
2023-04-26,4.5929,4.60078,4.57591,4.58622
2023-04-27,4.586,4.59714,4.57139,4.5774
2023-04-28,4.57664,4.59207,4.57306,4.58643
2023-05-01,4.58512,4.61518,4.58414,4.60622
2023-05-02,4.60386,4.60644,4.56538,4.57906
2023-05-03,4.57852,4.59259,4.57128,4.58597
2023-05-04,4.58611,4.59195,4.58082,4.58912
2023-05-05,4.58913,4.59493,4.57118,4.57191
2023-05-08,4.5767,4.58075,4.55868,4.56102
2023-05-09,4.56069,4.57287,4.55031,4.55169
2023-05-10,4.55091,4.55516,4.51554,4.52049
2023-05-11,4.52042,4.54514,4.51629,4.53898
2023-05-12,4.53913,4.54718,4.5152,4.51898
2023-05-15,4.51714,4.52279,4.50128,4.50578
2023-05-16,4.50588,4.50972,4.48257,4.48628
2023-05-17,4.4858,4.52364,4.47925,4.52028
2023-05-18,4.52008,4.55477,4.51332,4.54888
2023-05-19,4.55001,4.55025,4.51529,4.54025
2023-05-22,4.54228,4.54653,4.49648,4.50406
2023-05-23,4.50416,4.50825,4.47901,4.49009
2023-05-24,4.49042,4.51251,4.47731,4.5001
2023-05-25,4.49948,4.51397,4.4979,4.50382
2023-05-26,4.50354,4.54266,4.49583,4.53139
2023-05-29,4.52631,4.53145,4.51218,4.52024
2023-05-30,4.51964,4.54051,4.51229,4.53298
2023-05-31,4.53146,4.5468,4.52397,4.5318
2023-06-01,4.5319,4.54759,4.51386,4.52082
2023-06-02,4.52141,4.52224,4.48773,4.48925
2023-06-05,4.49296,4.49652,4.46982,4.4782
2023-06-06,4.47822,4.4934,4.47331,4.47886
2023-06-07,4.47966,4.48826,4.46742,4.48493
2023-06-08,4.48537,4.4988,4.47002,4.47317
2023-06-09,4.47191,4.47535,4.43494,4.43935
2023-06-12,4.44443,4.44877,4.43102,4.44639
2023-06-13,4.44633,4.48941,4.44522,4.4824
2023-06-14,4.4824,4.49001,4.44213,4.4461
2023-06-15,4.44468,4.47723,4.44365,4.45542
2023-06-16,4.45538,4.47347,4.44304,4.46445
2023-06-19,4.46492,4.4736,4.44425,4.44845
2023-06-20,4.4485,4.45947,4.43601,4.44441
2023-06-21,4.44465,4.45018,4.43193,4.43427
2023-06-22,4.4344,4.43957,4.41962,4.42689
2023-06-23,4.42682,4.44015,4.42216,4.4385
2023-06-26,4.44125,4.44542,4.42796,4.43813
2023-06-27,4.43799,4.45524,4.42351,4.45022
2023-06-28,4.45027,4.49094,4.44569,4.48053
2023-06-29,4.47952,4.4819,4.43594,4.44705
2023-06-30,4.44705,4.46034,4.43153,4.43627
2023-07-03,4.43622,4.44544,4.42944,4.43676
2023-07-04,4.43694,4.4379,4.41414,4.43711
2023-07-05,4.43689,4.47025,4.42779,4.46418
2023-07-06,4.46418,4.50424,4.4595,4.48883
2023-07-07,4.48706,4.49339,4.44994,4.45368
2023-07-10,4.45547,4.46451,4.44066,4.44405
2023-07-11,4.44358,4.4616,4.43386,4.43817
2023-07-12,4.43745,4.45265,4.43368,4.44123
2023-07-13,4.44196,4.45254,4.4272,4.44658
2023-07-14,4.44592,4.46938,4.44421,4.45411
2023-07-17,4.45498,4.45886,4.43482,4.44308
2023-07-18,4.44307,4.45393,4.43112,4.44971
2023-07-19,4.44895,4.45873,4.43745,4.45024
2023-07-20,4.44999,4.45798,4.43697,4.45203
2023-07-21,4.45199,4.46682,4.4422,4.46186
2023-07-24,4.4629,4.46795,4.44238,4.44687
2023-07-25,4.44714,4.45394,4.42382,4.43377
2023-07-26,4.43352,4.43928,4.41593,4.42638
2023-07-27,4.42646,4.43078,4.41154,4.42118
2023-07-28,4.4206,4.43385,4.4056,4.41145
2023-07-31,4.41384,4.41515,4.39833,4.40374
2023-08-01,4.40385,4.44965,4.40176,4.44369
2023-08-02,4.44194,4.46135,4.43704,4.44669
2023-08-03,4.44647,4.47243,4.43742,4.45488
2023-08-04,4.45524,4.46792,4.43044,4.43356
2023-08-07,4.44229,4.44263,4.41172,4.42364
2023-08-08,4.42336,4.46733,4.42334,4.45289
2023-08-09,4.45261,4.47371,4.44861,4.46673
2023-08-10,4.4666,4.47382,4.43984,4.44713
2023-08-11,4.44655,4.45951,4.42563,4.43313
2023-08-14,4.43847,4.45916,4.42892,4.44775
2023-08-15,4.44747,4.49674,4.44694,4.47486
2023-08-16,4.4739,4.47861,4.44659,4.4677
2023-08-17,4.46756,4.47826,4.46133,4.46812
2023-08-18,4.46828,4.48864,4.4577,4.45945
2023-08-21,4.46109,4.48349,4.45545,4.47651
2023-08-22,4.47641,4.47791,4.45772,4.4692
2023-08-23,4.4692,4.48588,4.462,4.46654
2023-08-24,4.46672,4.48286,4.46442,4.47948
2023-08-25,4.47966,4.47984,4.45819,4.4689
2023-08-28,4.46565,4.4809,4.46208,4.47018
2023-08-29,4.4704,4.47466,4.46268,4.4652
2023-08-30,4.46521,4.47979,4.46234,4.46742
2023-08-31,4.46653,4.47975,4.46292,4.47045
2023-09-01,4.46887,4.47728,4.46408,4.46716
2023-09-04,4.46569,4.47619,4.46227,4.47335
2023-09-05,4.47367,4.49866,4.4681,4.49131
2023-09-06,4.49092,4.58791,4.48997,4.56888
2023-09-07,4.56968,4.63065,4.56722,4.62534
2023-09-08,4.62629,4.62808,4.59524,4.61809
2023-09-11,4.61716,4.65098,4.60632,4.63878
2023-09-12,4.63931,4.69663,4.63591,4.66104
2023-09-13,4.66091,4.67679,4.60669,4.62655
2023-09-14,4.62634,4.64171,4.62052,4.63359
2023-09-15,4.63376,4.64586,4.62915,4.64571
2023-09-18,4.63854,4.64745,4.6349,4.63841
2023-09-19,4.63797,4.6623,4.63797,4.65675
2023-09-20,4.65682,4.67676,4.6083,4.62127
2023-09-21,4.62105,4.64073,4.60968,4.61416
2023-09-22,4.61457,4.61673,4.58429,4.60282
2023-09-25,4.60716,4.60962,4.58308,4.60727
2023-09-26,4.60729,4.61584,4.59845,4.60518
2023-09-27,4.60519,4.64046,4.59049,4.63325
2023-09-28,4.63295,4.64402,4.62003,4.6377
2023-09-29,4.63752,4.64175,4.61662,4.61787
2023-10-02,4.61861,4.62674,4.60474,4.61524
2023-10-03,4.61511,4.63353,4.60735,4.62717
2023-10-04,4.62651,4.64947,4.59083,4.6046
2023-10-05,4.60481,4.61119,4.58544,4.60014
2023-10-06,4.60093,4.60738,4.57417,4.57639
2023-10-09,4.57909,4.58894,4.5572,4.56548
2023-10-10,4.56547,4.57074,4.53285,4.53721
2023-10-11,4.5359,4.54176,4.5127,4.52735
2023-10-12,4.52778,4.54114,4.5204,4.5357
2023-10-13,4.53803,4.55326,4.51969,4.53296
2023-10-16,4.46886,4.50571,4.44291,4.45322
2023-10-17,4.45172,4.46113,4.40971,4.42284
2023-10-18,4.42235,4.45964,4.41999,4.45613
2023-10-19,4.45667,4.46559,4.44134,4.4556
2023-10-20,4.45478,4.46985,4.44826,4.46275
2023-10-23,4.45783,4.46999,4.45179,4.46116
2023-10-24,4.46144,4.47012,4.45548,4.46209
2023-10-25,4.4623,4.49006,4.46049,4.47559
2023-10-26,4.47561,4.48268,4.44544,4.45612
2023-10-27,4.45639,4.47985,4.44989,4.46538
2023-10-30,4.46417,4.46776,4.44533,4.44725
2023-10-31,4.4472,4.45852,4.43858,4.45689
2023-11-01,4.45704,4.48028,4.45272,4.46838
2023-11-02,4.46841,4.47103,4.44206,4.4464
2023-11-03,4.4464,4.46384,4.43745,4.45844
2023-11-06,4.45746,4.46815,4.45113,4.45743
2023-11-07,4.45792,4.46541,4.44714,4.45856
2023-11-08,4.45867,4.47199,4.427,4.4436
2023-11-09,4.44139,4.45913,4.4229,4.43267
2023-11-10,4.43433,4.44124,4.415,4.4275
2023-11-13,4.42711,4.43764,4.42273,4.42785
2023-11-14,4.42793,4.4299,4.39557,4.39784
2023-11-15,4.39856,4.40453,4.38286,4.38964
2023-11-16,4.39001,4.40854,4.3633,4.37818
2023-11-17,4.37808,4.39385,4.36568,4.38524
2023-11-20,4.38747,4.38974,4.34725,4.35122
2023-11-21,4.35359,4.38018,4.34105,4.37133
2023-11-22,4.37121,4.38262,4.36024,4.36476
2023-11-23,4.3656,4.37534,4.35657,4.3688
2023-11-24,4.36886,4.37606,4.35761,4.36818
2023-11-27,4.36731,4.37198,4.34295,4.34958
2023-11-28,4.34934,4.3555,4.31703,4.3215
2023-11-29,4.32132,4.34697,4.31802,4.34327
2023-11-30,4.34406,4.36654,4.3334,4.35274
2023-12-01,4.35246,4.36717,4.32019,4.32312
2023-12-04,4.33099,4.34284,4.32483,4.33115
2023-12-05,4.33116,4.3359,4.31647,4.3232
2023-12-06,4.3228,4.34115,4.31874,4.32977
2023-12-07,4.32961,4.33856,4.3238,4.33176
2023-12-08,4.33179,4.33894,4.32566,4.33773
2023-12-11,4.33112,4.34409,4.32704,4.33554
2023-12-12,4.33594,4.34488,4.32598,4.32867
2023-12-13,4.32877,4.332,4.2928,4.30302
2023-12-14,4.30276,4.32347,4.29406,4.31139
2023-12-15,4.31042,4.33477,4.3038,4.33437
2023-12-18,4.32451,4.35287,4.32047,4.32372
2023-12-19,4.32353,4.34543,4.31958,4.32453
2023-12-20,4.32428,4.34834,4.32412,4.3436
2023-12-21,4.34375,4.3466,4.32509,4.33031
2023-12-22,4.32905,4.34653,4.32494,4.33601
2023-12-26,4.3397,4.34746,4.32535,4.33007
2023-12-27,4.33032,4.33683,4.31767,4.31951
2023-12-28,4.31955,4.34416,4.31955,4.33513
2023-12-29,4.33655,4.3496,4.33297,4.34371
2024-01-02,4.34377,4.37199,4.33734,4.37027
2024-01-03,4.37018,4.37459,4.3487,4.35434
2024-01-04,4.35397,4.3555,4.34141,4.34712
2024-01-05,4.34693,4.36383,4.33997,4.35146
2024-01-08,4.34713,4.35963,4.33104,4.33423
2024-01-09,4.33624,4.35235,4.3312,4.34665
2024-01-10,4.34598,4.35085,4.33514,4.33703
2024-01-11,4.33707,4.35889,4.33309,4.35231
2024-01-12,4.3527,4.36492,4.34812,4.35942
2024-01-15,4.35621,4.37789,4.35391,4.37018
2024-01-16,4.37024,4.39714,4.36982,4.39042
2024-01-17,4.39055,4.41251,4.3839,4.39394
2024-01-18,4.39414,4.41051,4.3842,4.38601
2024-01-19,4.38662,4.39375,4.35139,4.35324
2024-01-22,4.35677,4.36449,4.3447,4.36342
2024-01-23,4.36164,4.39338,4.35563,4.39058
2024-01-24,4.39104,4.39293,4.36871,4.38034
2024-01-25,4.38206,4.38267,4.36992,4.37386
2024-01-26,4.37422,4.38156,4.36484,4.36894
2024-01-29,4.36933,4.37366,4.3614,4.36678
2024-01-30,4.36655,4.37484,4.3466,4.35111
2024-01-31,4.35164,4.35792,4.32497,4.32943
2024-02-01,4.32938,4.34322,4.30683,4.31583
2024-02-02,4.31585,4.32989,4.30974,4.31565
2024-02-05,4.31598,4.34675,4.31376,4.34059
2024-02-06,4.34031,4.35392,4.33029,4.35023
2024-02-07,4.34851,4.35676,4.33799,4.34164
2024-02-08,4.34153,4.34692,4.30896,4.32713
2024-02-09,4.32631,4.33107,4.31063,4.32617
2024-02-12,4.32558,4.33167,4.30892,4.30895
2024-02-13,4.30771,4.34361,4.30771,4.33304
2024-02-14,4.33423,4.35087,4.33364,4.3414
2024-02-15,4.34046,4.34853,4.33642,4.34276
2024-02-16,4.34324,4.34869,4.33311,4.34037
2024-02-19,4.33494,4.34304,4.32278,4.32691
2024-02-20,4.32692,4.3338,4.31383,4.3166
2024-02-21,4.31669,4.33015,4.30981,4.31736
2024-02-22,4.31737,4.32735,4.31043,4.32249
2024-02-23,4.32329,4.33699,4.3046,4.30526
2024-02-26,4.31804,4.32371,4.30259,4.30922
2024-02-27,4.30941,4.31745,4.29789,4.30745
2024-02-28,4.30753,4.32352,4.29424,4.32058
2024-02-29,4.32078,4.32715,4.31425,4.31526
2024-03-01,4.31542,4.32262,4.31377,4.31522
2024-03-04,4.31883,4.32778,4.31464,4.32128
2024-03-05,4.3221,4.32783,4.30913,4.31289
2024-03-06,4.31248,4.3168,4.29383,4.29924
2024-03-07,4.29932,4.30906,4.29728,4.30017
2024-03-08,4.30028,4.31258,4.29507,4.30165
2024-03-11,4.30505,4.30595,4.27493,4.28264
2024-03-12,4.28221,4.2944,4.27648,4.28912
2024-03-13,4.28901,4.29232,4.28113,4.28288
2024-03-14,4.28288,4.29741,4.28211,4.29326
2024-03-15,4.29327,4.30449,4.28708,4.30219
2024-03-18,4.30189,4.32538,4.30096,4.32282
2024-03-19,4.32285,4.3255,4.31253,4.31444
2024-03-20,4.31439,4.32692,4.30555,4.30988
2024-03-21,4.30993,4.31762,4.29939,4.30559
2024-03-22,4.3056,4.32496,4.30307,4.32142
2024-03-25,4.32214,4.3233,4.30425,4.30676
2024-03-26,4.30685,4.31354,4.3044,4.31107
2024-03-27,4.31118,4.32149,4.30652,4.31431
2024-03-28,4.31439,4.32176,4.30329,4.30633
2024-04-01,4.29421,4.29965,4.2854,4.29494
2024-04-02,4.29484,4.29884,4.28744,4.2903
2024-04-03,4.29042,4.29852,4.28874,4.29229
2024-04-04,4.29227,4.29961,4.28387,4.29163
2024-04-05,4.29157,4.29393,4.27956,4.27977
2024-04-08,4.28239,4.2861,4.2576,4.26319
2024-04-09,4.26365,4.27031,4.253,4.26245
2024-04-10,4.26284,4.27009,4.25427,4.26453
2024-04-11,4.26514,4.26805,4.25395,4.26009
2024-04-12,4.26026,4.2909,4.25619,4.28797
2024-04-15,4.28528,4.3081,4.27453,4.30273
2024-04-16,4.30277,4.37274,4.30277,4.36579
2024-04-17,4.36598,4.37014,4.3292,4.33716
2024-04-18,4.33884,4.34065,4.32111,4.33664
2024-04-19,4.33653,4.36876,4.30885,4.3106
2024-04-22,4.31244,4.33049,4.30384,4.31773
2024-04-23,4.31779,4.33722,4.3077,4.30863
2024-04-24,4.30981,4.33665,4.30781,4.33518
2024-04-25,4.33591,4.33662,4.31012,4.3168
2024-04-26,4.31707,4.32918,4.31339,4.31827
2024-04-29,4.31719,4.33085,4.31287,4.31374
2024-04-30,4.31358,4.33603,4.31343,4.33419
2024-05-01,4.33501,4.3436,4.3193,4.33027
2024-05-02,4.3283,4.33741,4.31992,4.33264
2024-05-03,4.33259,4.33443,4.31504,4.3259
2024-05-06,4.32235,4.3333,4.30478,4.30854
2024-05-07,4.30846,4.31867,4.30263,4.30939
2024-05-08,4.3081,4.32317,4.29825,4.30103
2024-05-09,4.30074,4.30339,4.28313,4.28921
2024-05-10,4.28965,4.3062,4.28302,4.30571
2024-05-13,4.30028,4.30713,4.28317,4.28572
2024-05-14,4.28527,4.28781,4.26575,4.26936
2024-05-15,4.26984,4.27204,4.2592,4.26343
2024-05-16,4.26359,4.27113,4.25657,4.26086
2024-05-17,4.2603,4.27056,4.25791,4.26079
2024-05-20,4.26313,4.26504,4.25008,4.2523
2024-05-21,4.25291,4.25947,4.25034,4.25151
2024-05-22,4.25118,4.2725,4.25059,4.26953
2024-05-23,4.27032,4.27453,4.25874,4.26511
2024-05-24,4.2653,4.26583,4.2513,4.25154
2024-05-27,4.25433,4.26244,4.25125,4.25863
2024-05-28,4.2588,4.26248,4.24707,4.25427
2024-05-29,4.25382,4.28201,4.24811,4.2773
2024-05-30,4.27766,4.29547,4.27548,4.28262
2024-05-31,4.28249,4.28825,4.25971,4.27441
2024-06-03,4.27472,4.28937,4.27106,4.27422
2024-06-04,4.2742,4.31208,4.27191,4.30818
2024-06-05,4.30729,4.31526,4.28827,4.29139
2024-06-06,4.29117,4.30516,4.2728,4.28285
2024-06-07,4.28287,4.31497,4.27899,4.31488
2024-06-10,4.31617,4.33516,4.30668,4.32535
2024-06-11,4.32636,4.34796,4.32055,4.33982
2024-06-12,4.33907,4.34517,4.3185,4.33049
2024-06-13,4.33063,4.35166,4.32754,4.34692
2024-06-14,4.3465,4.38023,4.34311,4.37897
2024-06-17,4.37554,4.38099,4.34567,4.34748
2024-06-18,4.34711,4.35678,4.32801,4.33809
2024-06-19,4.33889,4.34613,4.32161,4.32431
2024-06-20,4.32392,4.33102,4.31693,4.32776
2024-06-21,4.32782,4.33622,4.31894,4.32622
2024-06-24,4.32632,4.33081,4.28879,4.29172
2024-06-25,4.29087,4.30436,4.28675,4.29907
2024-06-26,4.29998,4.31967,4.29638,4.31626
2024-06-27,4.31584,4.32124,4.30597,4.31177
2024-06-28,4.31173,4.31677,4.30558,4.31122
2024-07-01,4.32037,4.32297,4.2915,4.31649
2024-07-02,4.31649,4.33205,4.30696,4.30979
2024-07-03,4.30979,4.31212,4.29325,4.30028
2024-07-04,4.29978,4.30181,4.28035,4.28366
2024-07-05,4.28382,4.29075,4.27702,4.28277
2024-07-08,4.28844,4.29104,4.26161,4.26986
2024-07-09,4.26954,4.27111,4.25505,4.25703
2024-07-10,4.25716,4.26369,4.24829,4.26152
2024-07-11,4.26034,4.26557,4.25086,4.26096
2024-07-12,4.26065,4.2698,4.25234,4.25258
2024-07-15,4.25645,4.26137,4.24726,4.25595
2024-07-16,4.25543,4.28723,4.25422,4.28221
2024-07-17,4.28217,4.30164,4.27752,4.28875
2024-07-18,4.29177,4.29979,4.28267,4.29236
2024-07-19,4.2924,4.29456,4.2811,4.28713
2024-07-22,4.28655,4.29074,4.27486,4.27709
2024-07-23,4.27912,4.28662,4.2747,4.27731
2024-07-24,4.2773,4.30051,4.27558,4.29299
2024-07-25,4.29283,4.30457,4.28419,4.28768
2024-07-26,4.28734,4.28794,4.26729,4.27415
2024-07-29,4.27228,4.29813,4.27104,4.29418
2024-07-30,4.29405,4.29681,4.2809,4.29052
2024-07-31,4.29106,4.29945,4.28388,4.2899
2024-08-01,4.28827,4.30501,4.28546,4.30046
2024-08-02,4.30036,4.30445,4.28105,4.29229
2024-08-05,4.29129,4.31804,4.28964,4.30177
2024-08-06,4.30093,4.32148,4.29028,4.31011
2024-08-07,4.30995,4.3268,4.30228,4.32394
2024-08-08,4.32416,4.32762,4.3177,4.31988
2024-08-09,4.32165,4.33114,4.31769,4.31891
2024-08-12,4.32368,4.32529,4.29988,4.30617
2024-08-13,4.30654,4.30986,4.28193,4.29009
2024-08-14,4.29016,4.29789,4.28174,4.29127
2024-08-15,4.29086,4.29235,4.27558,4.28843
2024-08-16,4.28824,4.29218,4.26201,4.26281
2024-08-19,4.27212,4.27378,4.26272,4.26616
2024-08-20,4.26772,4.28186,4.263,4.27835
2024-08-21,4.27796,4.29161,4.27366,4.28028
2024-08-22,4.2806,4.29045,4.27434,4.28256
2024-08-23,4.28231,4.28647,4.26376,4.2649
2024-08-26,4.27898,4.28538,4.26426,4.28206
2024-08-27,4.28196,4.29069,4.27532,4.28317
2024-08-28,4.28326,4.30394,4.28145,4.29564
2024-08-29,4.29499,4.29844,4.28305,4.2886
2024-08-30,4.28828,4.28918,4.27415,4.28204
2024-09-02,4.28321,4.29006,4.26634,4.26816
2024-09-03,4.26821,4.28409,4.26787,4.27895
2024-09-04,4.27928,4.28325,4.2738,4.27519
2024-09-05,4.27559,4.28441,4.26704,4.28158
2024-09-06,4.28025,4.28448,4.27431,4.28232
2024-09-09,4.28149,4.28613,4.27158,4.27486
2024-09-10,4.27378,4.28727,4.27378,4.2788
2024-09-11,4.27834,4.29691,4.27609,4.28736
2024-09-12,4.28787,4.30452,4.28327,4.2837
2024-09-13,4.28479,4.29575,4.27768,4.28048
2024-09-16,4.28133,4.2839,4.27003,4.27711
2024-09-17,4.27706,4.28238,4.26478,4.27377
2024-09-18,4.2737,4.28605,4.26548,4.27175
2024-09-19,4.27225,4.27693,4.26484,4.27507
2024-09-20,4.27533,4.28077,4.26944,4.2696
2024-09-23,4.27095,4.28203,4.26851,4.27035
2024-09-24,4.2703,4.27251,4.25327,4.25592
2024-09-25,4.25597,4.27137,4.25325,4.26819
2024-09-26,4.26755,4.27962,4.26254,4.27496
2024-09-27,4.27503,4.28023,4.27072,4.27648
2024-09-30,4.27434,4.28551,4.26861,4.28204
2024-10-01,4.28196,4.29111,4.27995,4.28807
2024-10-02,4.28789,4.29984,4.28547,4.29475
2024-10-03,4.29463,4.31166,4.29297,4.30863
2024-10-04,4.30842,4.3184,4.30473,4.31698
2024-10-07,4.31289,4.32567,4.312,4.32291
2024-10-08,4.32212,4.32415,4.30097,4.30426
2024-10-09,4.30432,4.31026,4.29107,4.29619
2024-10-10,4.29625,4.30862,4.29314,4.30151
2024-10-11,4.3014,4.30411,4.28764,4.29116
2024-10-14,4.29333,4.29642,4.28663,4.29373
2024-10-15,4.2933,4.29659,4.29013,4.29223
2024-10-16,4.29214,4.30334,4.29183,4.2997
2024-10-17,4.29992,4.32144,4.29872,4.30606
2024-10-18,4.30602,4.31158,4.30083,4.30573
2024-10-21,4.30448,4.3213,4.30448,4.31987
2024-10-22,4.3197,4.32524,4.3096,4.32181
2024-10-23,4.32053,4.34919,4.32019,4.34549
2024-10-24,4.34539,4.34823,4.33854,4.34424
2024-10-25,4.34421,4.35454,4.34209,4.34794
2024-10-28,4.34592,4.3541,4.34482,4.34961
2024-10-29,4.34945,4.35557,4.33658,4.33971
2024-10-30,4.33987,4.35769,4.32853,4.35482
2024-10-31,4.35438,4.35568,4.34558,4.35242
2024-11-01,4.35251,4.36471,4.35171,4.36313
2024-11-04,4.35633,4.36035,4.33572,4.35493
2024-11-05,4.35518,4.36736,4.35277,4.35512
2024-11-06,4.35534,4.3756,4.33977,4.35291
2024-11-07,4.35291,4.35486,4.30875,4.31306
2024-11-08,4.31347,4.33,4.31151,4.32718
2024-11-11,4.32519,4.36532,4.32457,4.35657
2024-11-12,4.35641,4.36747,4.34845,4.35246
2024-11-13,4.35477,4.35834,4.33453,4.3394
2024-11-14,4.33883,4.34519,4.32086,4.32444
2024-11-15,4.324,4.32941,4.3152,4.31717
2024-11-18,4.33272,4.33866,4.31194,4.31715
2024-11-19,4.31545,4.33592,4.31319,4.33374
2024-11-20,4.33371,4.3437,4.32713,4.33503
2024-11-21,4.3368,4.35302,4.33243,4.34415
2024-11-22,4.34536,4.34865,4.33354,4.33579
2024-11-25,4.34097,4.34151,4.30657,4.31296
2024-11-26,4.31296,4.32653,4.30299,4.30667
2024-11-27,4.30608,4.31354,4.29924,4.3041
2024-11-28,4.30398,4.31659,4.30304,4.30755
2024-11-29,4.30756,4.30851,4.29,4.29515
2024-12-02,4.29964,4.30407,4.28119,4.28479
2024-12-03,4.28522,4.29984,4.28317,4.29467
2024-12-04,4.295,4.30007,4.27741,4.2805
2024-12-05,4.2805,4.28109,4.25753,4.26845
2024-12-06,4.2684,4.27223,4.26325,4.26657
2024-12-09,4.26991,4.27157,4.25497,4.25609
2024-12-10,4.25579,4.27103,4.25579,4.25808
2024-12-11,4.25794,4.27287,4.25717,4.27232
2024-12-12,4.2721,4.28298,4.2621,4.27498
2024-12-13,4.27498,4.27984,4.2609,4.2622
2024-12-16,4.26382,4.26534,4.25396,4.25572
2024-12-17,4.25555,4.2721,4.25523,4.27063
2024-12-18,4.27059,4.2727,4.25495,4.26823
2024-12-19,4.26864,4.26921,4.24784,4.25734
2024-12-20,4.25749,4.26884,4.24858,4.26001
2024-12-23,4.26194,4.27759,4.25205,4.2675
2024-12-24,4.26678,4.27607,4.25484,4.26149
2024-12-26,4.25876,4.26872,4.25697,4.26391
2024-12-27,4.2628,4.27803,4.2608,4.27088
2024-12-30,4.27073,4.27856,4.26162,4.27601
2024-12-31,4.27562,4.27931,4.26952,4.27592
2025-01-02,4.27891,4.27966,4.26522,4.27274
2025-01-03,4.27339,4.27765,4.2677,4.26841
2025-01-06,4.27182,4.27411,4.24615,4.25315
2025-01-07,4.25279,4.2649,4.24661,4.25965
2025-01-08,4.25965,4.27823,4.25834,4.27485
2025-01-09,4.27533,4.28417,4.2599,4.26101
2025-01-10,4.26214,4.27308,4.26042,4.26559
2025-01-13,4.26507,4.27663,4.26483,4.26957
2025-01-14,4.26996,4.27786,4.26195,4.26436
2025-01-15,4.26435,4.27763,4.25502,4.25899
2025-01-16,4.25701,4.27093,4.25491,4.26596
2025-01-17,4.26657,4.27071,4.255,4.26134
2025-01-20,4.26021,4.26286,4.24933,4.25329
2025-01-21,4.25396,4.25975,4.24748,4.25059
2025-01-22,4.25141,4.25323,4.22098,4.22519
2025-01-23,4.22494,4.22725,4.20945,4.21426
2025-01-24,4.21501,4.21859,4.20889,4.21124
2025-01-27,4.21452,4.22527,4.21042,4.21405
2025-01-28,4.21405,4.21865,4.19964,4.20214
2025-01-29,4.20182,4.218,4.19839,4.20309
2025-01-30,4.20317,4.21007,4.19801,4.20264
2025-01-31,4.20274,4.22745,4.20152,4.2191
2025-02-03,4.21898,4.23789,4.21525,4.22773
2025-02-04,4.22725,4.2367,4.20801,4.21075
2025-02-05,4.20955,4.21393,4.19349,4.20091
2025-02-06,4.20087,4.20999,4.1884,4.19039
2025-02-07,4.1905,4.19997,4.18587,4.19324
2025-02-10,4.19202,4.1952,4.17287,4.18399
2025-02-11,4.18471,4.18966,4.17085,4.17324
2025-02-12,4.17338,4.17654,4.15587,4.16414
2025-02-13,4.16441,4.18023,4.1571,4.17021
2025-02-14,4.17092,4.17276,4.15803,4.15957
2025-02-17,4.16755,4.17226,4.15651,4.15846
2025-02-18,4.15861,4.16801,4.14746,4.1488
2025-02-19,4.14878,4.18273,4.14874,4.17552
2025-02-20,4.17668,4.1801,4.15582,4.16251
2025-02-21,4.16312,4.17121,4.15552,4.16337
2025-02-24,4.16172,4.16631,4.13662,4.14382
2025-02-25,4.14539,4.14766,4.13099,4.14224
2025-02-26,4.14195,4.1484,4.1333,4.13837
2025-02-27,4.1375,4.16737,4.1273,4.16279
2025-02-28,4.16223,4.20061,4.14674,4.19529
2025-03-03,4.18007,4.1929,4.15536,4.15839
2025-03-04,4.15831,4.18248,4.15424,4.16891
2025-03-05,4.17011,4.17341,4.14403,4.15608
2025-03-06,4.15595,4.18069,4.15315,4.17427
2025-03-07,4.1723,4.18167,4.15537,4.1728
2025-03-10,4.16822,4.20388,4.16664,4.1993
2025-03-11,4.19938,4.2052,4.18675,4.20051
2025-03-12,4.20045,4.20688,4.18848,4.18988
2025-03-13,4.18988,4.20159,4.18013,4.18443
2025-03-14,4.18371,4.18923,4.169,4.18583
2025-03-17,4.18325,4.19088,4.17677,4.18415
2025-03-18,4.18419,4.19092,4.17373,4.18179
2025-03-19,4.18181,4.20629,4.17797,4.18971
2025-03-20,4.18968,4.20547,4.18027,4.19277
2025-03-21,4.19312,4.20265,4.18525,4.19427
2025-03-24,4.19235,4.19859,4.16737,4.1721
2025-03-25,4.17179,4.17767,4.15841,4.16355
2025-03-26,4.16348,4.19363,4.16212,4.18467
2025-03-27,4.18457,4.20056,4.18093,4.18451
2025-03-28,4.1845,4.18722,4.17269,4.18021
2025-03-31,4.17626,4.19064,4.17309,4.18487
2025-04-01,4.18445,4.19228,4.17928,4.18492
2025-04-02,4.18499,4.18968,4.16369,4.17936
2025-04-03,4.17834,4.23069,4.17333,4.22298
2025-04-04,4.22229,4.27384,4.21996,4.27061
2025-04-07,4.26621,4.30536,4.26061,4.29516
2025-04-08,4.29498,4.30344,4.26418,4.2727
2025-04-09,4.27305,4.29975,4.22764,4.23754
2025-04-10,4.23664,4.27265,4.23491,4.26331
2025-04-11,4.26268,4.30258,4.25921,4.28054
2025-04-14,4.2893,4.29344,4.27155,4.28443
2025-04-15,4.28322,4.29958,4.27428,4.29514
2025-04-16,4.29535,4.30972,4.27547,4.2778
2025-04-17,4.27809,4.2929,4.27159,4.27828
2025-04-21,4.27703,4.28743,4.267,4.27005
2025-04-22,4.2701,4.29113,4.26768,4.28603
2025-04-23,4.28635,4.29663,4.27519,4.28347
2025-04-24,4.28202,4.28876,4.26554,4.27234
2025-04-25,4.27228,4.28438,4.26233,4.27265
2025-04-28,4.27428,4.28247,4.26333,4.26973
2025-04-29,4.27012,4.27495,4.25864,4.2691
2025-04-30,4.27037,4.28748,4.266,4.27732
2025-05-01,4.27573,4.29223,4.27573,4.28368
2025-05-02,4.28378,4.28611,4.2677,4.27711
2025-05-05,4.27902,4.28102,4.25939,4.26851
2025-05-06,4.26737,4.2866,4.26258,4.27534
2025-05-07,4.27488,4.28153,4.26632,4.27158
2025-05-08,4.27027,4.27506,4.24765,4.25514
2025-05-09,4.25521,4.25521,4.23036,4.23283
2025-05-12,4.23979,4.25144,4.22711,4.24105
2025-05-13,4.24009,4.25617,4.23322,4.24018
2025-05-14,4.24,4.25026,4.2264,4.23072
2025-05-15,4.23196,4.25334,4.22972,4.2474
2025-05-16,4.24796,4.27148,4.23751,4.26602
2025-05-19,4.26864,4.29114,4.24548,4.24912
2025-05-20,4.24743,4.25796,4.23595,4.23785
2025-05-21,4.23782,4.25168,4.237,4.24218
2025-05-22,4.24225,4.25441,4.24041,4.24931
2025-05-23,4.24908,4.26413,4.24547,4.25711
2025-05-26,4.25464,4.25726,4.23936,4.24468
2025-05-27,4.24391,4.25795,4.23878,4.24821
2025-05-28,4.24719,4.2535,4.23544,4.24047
2025-05-29,4.24078,4.24517,4.23356,4.24103
2025-05-30,4.24012,4.25417,4.24012,4.24938
2025-06-02,4.2694,4.27615,4.24626,4.25309
2025-06-03,4.25119,4.28134,4.25119,4.27286
2025-06-04,4.27056,4.29058,4.26942,4.27658
2025-06-05,4.27632,4.28706,4.27402,4.28257
2025-06-06,4.2825,4.29152,4.27982,4.29038
2025-06-09,4.2865,4.29159,4.26565,4.26933
2025-06-10,4.26941,4.27361,4.25194,4.25954
2025-06-11,4.25984,4.26772,4.24449,4.25153
2025-06-12,4.25163,4.27362,4.25048,4.26678
2025-06-13,4.26666,4.28026,4.26133,4.27319
2025-06-16,4.2696,4.27413,4.26,4.27129
2025-06-17,4.27129,4.28122,4.26997,4.27527
2025-06-18,4.27465,4.27908,4.26869,4.27505
2025-06-19,4.27515,4.27999,4.27296,4.27552
2025-06-20,4.27506,4.27836,4.25937,4.26748
2025-06-23,4.27371,4.28093,4.26531,4.27396
2025-06-24,4.27388,4.27549,4.24953,4.25268
2025-06-25,4.25215,4.25576,4.24669,4.24935
2025-06-26,4.25027,4.25286,4.23941,4.24286
2025-06-27,4.24263,4.24485,4.23503,4.24129
2025-06-30,4.2412,4.2473,4.23622,4.24394
2025-07-01,4.2445,4.25612,4.23768,4.25084
2025-07-02,4.24967,4.26986,4.2449,4.26287
2025-07-03,4.26223,4.26808,4.2365,4.24175
2025-07-04,4.24156,4.25257,4.23967,4.24345
2025-07-07,4.24264,4.25411,4.24096,4.25025
2025-07-08,4.25038,4.25184,4.2414,4.24469
2025-07-09,4.24491,4.24794,4.23837,4.24431
2025-07-10,4.24452,4.25548,4.24244,4.2524
2025-07-11,4.25225,4.27049,4.24904,4.26409
2025-07-14,4.26674,4.27508,4.2533,4.25711
2025-07-15,4.25568,4.26558,4.25057,4.26223
2025-07-16,4.26223,4.2646,4.2492,4.2548
2025-07-17,4.25509,4.26046,4.25185,4.2576
2025-07-18,4.25767,4.25926,4.24264,4.24503
2025-07-21,4.24844,4.24908,4.23878,4.24463
2025-07-22,4.24438,4.25742,4.24352,4.25248
2025-07-23,4.25236,4.2569,4.24962,4.25018
2025-07-24,4.25024,4.2604,4.24856,4.25764
2025-07-25,4.25666,4.25752,4.24667,4.24942
2025-07-28,4.24771,4.26718,4.24651,4.26327
2025-07-29,4.26091,4.28628,4.2593,4.27951
2025-07-30,4.27899,4.28017,4.26692,4.27248
2025-07-31,4.27248,4.27822,4.26401,4.27663
2025-08-01,4.27667,4.28612,4.26547,4.27233
2025-08-04,4.27026,4.27988,4.26745,4.27454
2025-08-05,4.27434,4.28671,4.27222,4.28065
2025-08-06,4.28071,4.28518,4.27165,4.273
2025-08-07,4.273,4.27641,4.25121,4.25612
2025-08-08,4.25708,4.25708,4.24345,4.24614
2025-08-11,4.24506,4.26022,4.2433,4.2556
2025-08-12,4.25486,4.26345,4.25318,4.2552
2025-08-13,4.25556,4.26048,4.24849,4.25326
2025-08-14,4.25403,4.26531,4.25168,4.2613
2025-08-15,4.26029,4.26438,4.25497,4.25864
2025-08-18,4.25795,4.26203,4.24561,4.25042
2025-08-19,4.25041,4.25223,4.23921,4.24458
2025-08-20,4.24449,4.25414,4.24449,4.24827
2025-08-21,4.24867,4.25846,4.24678,4.25564
2025-08-22,4.25483,4.2682,4.25176,4.26107
2025-08-25,4.26182,4.26691,4.25712,4.26086
2025-08-26,4.25984,4.26866,4.2561,4.25833
2025-08-27,4.25838,4.27613,4.25734,4.26658
2025-08-28,4.26665,4.27162,4.26074,4.26334
2025-08-29,4.26263,4.26943,4.26117,4.26304
2025-09-01,4.26415,4.26441,4.25314,4.26304
2025-09-02,4.26304,4.26836,4.25685,4.26152
2025-09-03,4.26208,4.26518,4.25025,4.25304
2025-09-04,4.25284,4.25919,4.24696,4.24998
2025-09-05,4.25131,4.25488,4.24551,4.24993
2025-09-08,4.25314,4.25494,4.24535,4.24723
2025-09-09,4.25007,4.25702,4.24705,4.2479
2025-09-10,4.24812,4.26807,4.24782,4.26158
2025-09-11,4.26184,4.26842,4.25316,4.2549
2025-09-12,4.25509,4.26076,4.25049,4.25466
2025-09-15,4.2549,4.25682,4.24406,4.2489
2025-09-16,4.24826,4.25516,4.24639,4.25041
2025-09-17,4.25214,4.25653,4.24835,4.25295
2025-09-18,4.2532,4.2649,4.25241,4.26038
2025-09-19,4.26044,4.26877,4.25985,4.26243
2025-09-22,4.26629,4.26712,4.25379,4.25657
2025-09-23,4.2581,4.26075,4.25417,4.25836
2025-09-24,4.2589,4.27083,4.25821,4.26824
2025-09-25,4.26824,4.27547,4.25872,4.2715
2025-09-26,4.27227,4.27408,4.26414,4.26751
2025-09-29,4.26872,4.27239,4.26381,4.26916
2025-09-30,4.26921,4.27373,4.26167,4.26589
2025-10-01,4.2656,4.26845,4.2546,4.26053
2025-10-02,4.26075,4.26462,4.25397,4.25854
2025-10-03,4.25843,4.25971,4.25219,4.25285
2025-10-06,4.25367,4.25665,4.2501,4.25414
2025-10-07,4.25527,4.26018,4.25118,4.25337
2025-10-08,4.2531,4.2595,4.2494,4.25412
2025-10-09,4.25441,4.25962,4.25192,4.25693
2025-10-10,4.2556,4.26917,4.25392,4.26447
2025-10-13,4.26344,4.267,4.25629,4.25951
2025-10-14,4.2594,4.26804,4.2593,4.26235
2025-10-15,4.26233,4.26252,4.24935,4.25366
2025-10-16,4.2546,4.256,4.24554,4.24789
2025-10-17,4.24823,4.26021,4.23989,4.24093
2025-10-20,4.24722,4.24877,4.23379,4.23648
2025-10-21,4.23738,4.24444,4.23415,4.24084
2025-10-22,4.2408,4.24599,4.22288,4.233
2025-10-23,4.233,4.23657,4.22647,4.23025
2025-10-24,4.2306,4.24682,4.22562,4.2434
2025-10-27,4.24101,4.24726,4.23168,4.23446
2025-10-28,4.23453,4.24102,4.22924,4.23185
2025-10-29,4.23185,4.24579,4.23073,4.24227
2025-10-30,4.24227,4.24701,4.24059,4.24533
2025-10-31,4.24538,4.25973,4.24302,4.25523
2025-11-03,4.25574,4.2583,4.25091,4.25461
2025-11-04,4.25458,4.26212,4.25348,4.26077
2025-11-05,4.26073,4.2621,4.25043,4.25486
2025-11-06,4.25485,4.25763,4.24881,4.24976
2025-11-07,4.24961,4.25083,4.23947,4.2395
2025-11-10,4.24109,4.24177,4.23222,4.23502
2025-11-11,4.23658,4.2369,4.22681,4.23102
2025-11-12,4.22998,4.23761,4.22729,4.23367
2025-11-13,4.23368,4.23493,4.2261,4.23176
2025-11-14,4.23149,4.23598,4.22236,4.22551
2025-11-17,4.22592,4.23507,4.22031,4.23453
2025-11-18,4.23489,4.24623,4.23012,4.23836
2025-11-19,4.2395,4.24532,4.22293,4.22879
2025-11-20,4.22839,4.23789,4.22577,4.23511
2025-11-21,4.23569,4.2533,4.23424,4.23845
2025-11-24,4.23809,4.23918,4.22984,4.23536
2025-11-25,4.23557,4.23742,4.21829,4.22413
2025-11-26,4.2243,4.23648,4.22017,4.2327
2025-11-27,4.23263,4.23507,4.22361,4.22901
2025-11-28,4.23016,4.24024,4.22831,4.23596
2025-12-01,4.23549,4.23866,4.22593,4.22936
2025-12-02,4.22941,4.24488,4.22897,4.23288
2025-12-03,4.23297,4.23397,4.22269,4.22613
2025-12-04,4.22619,4.23531,4.22503,4.23314
2025-12-05,4.23311,4.23447,4.22686,4.23062
2025-12-08,4.22941,4.24215,4.22731,4.23736
2025-12-09,4.23742,4.23927,4.22645,4.227
2025-12-10,4.22693,4.22905,4.22287,4.22445
2025-12-11,4.22454,4.23098,4.22297,4.2258
2025-12-12,4.22622,4.22955,4.22182,4.22404
2025-12-15,4.22314,4.22456,4.21549,4.2186
2025-12-16,4.2186,4.22771,4.21132,4.21287
2025-12-17,4.21289,4.21967,4.20843,4.21297
2025-12-18,4.21205,4.21381,4.20062,4.2031
2025-12-19,4.20383,4.21274,4.20172,4.20528
2025-12-22,4.20633,4.21997,4.20264,4.21652
2025-12-23,4.2164,4.23216,4.21591,4.22299
2025-12-24,4.22342,4.22547,4.2109,4.2142
2025-12-26,4.21558,4.22505,4.21378,4.21614
2025-12-29,4.21516,4.23292,4.21395,4.22703
2025-12-30,4.22665,4.23052,4.21491,4.22385
2025-12-31,4.22362,4.22714,4.21636,4.21661
