Date,Open,High,Low,Close
2016-01-04,3.93198,3.98896,3.92353,3.96943
2016-01-05,3.96953,4.01952,3.96634,4.00486
2016-01-06,4.00507,4.05118,3.99855,4.03686
2016-01-07,4.03684,4.03811,3.97205,3.97911
2016-01-08,3.97858,4.02413,3.97735,3.99598
2016-01-11,3.98427,4.02141,3.97793,4.00615
2016-01-12,4.00565,4.03043,3.99693,4.01973
2016-01-13,4.01973,4.0334,3.99484,4.00117
2016-01-14,4.00071,4.04878,3.98718,4.0459
2016-01-15,4.04601,4.10888,4.01384,4.10327
2016-01-18,4.1094,4.12711,4.08663,4.09522
2016-01-19,4.09535,4.10161,4.06222,4.07643
2016-01-20,4.07643,4.13455,4.06187,4.12906
2016-01-21,4.12869,4.15202,4.10801,4.13217
2016-01-22,4.13221,4.14686,4.09926,4.12993
2016-01-25,4.13332,4.13495,4.11394,4.12717
2016-01-26,4.12717,4.15579,4.09155,4.09337
2016-01-27,4.09336,4.12471,4.09153,4.11175
2016-01-28,4.11135,4.11874,4.06792,4.07242
2016-01-29,4.07292,4.09473,4.05783,4.07996
2016-02-01,4.08762,4.09605,4.02788,4.04002
2016-02-02,4.04002,4.04937,4.01055,4.04753
2016-02-03,4.04757,4.04757,3.97102,3.98568
2016-02-04,3.98253,3.992,3.93394,3.94843
2016-02-05,3.94845,3.96908,3.92567,3.953
2016-02-08,3.96055,4.00158,3.93811,3.9711
2016-02-09,3.97127,3.98944,3.92377,3.94069
2016-02-10,3.94076,3.95313,3.89979,3.90622
2016-02-11,3.90618,3.93929,3.88733,3.90975
2016-02-12,3.91002,3.92943,3.90225,3.90684
2016-02-15,3.9128,3.95436,3.91186,3.93725
2016-02-16,3.93725,3.96295,3.93085,3.9537
2016-02-17,3.95365,3.95999,3.93832,3.95119
2016-02-18,3.95119,3.96273,3.93346,3.95596
2016-02-19,3.95573,3.95844,3.92437,3.9254
2016-02-22,3.93352,3.9686,3.9303,3.95231
2016-02-23,3.95231,3.97929,3.94777,3.97636
2016-02-24,3.97634,3.98708,3.96388,3.97437
2016-02-25,3.97437,3.9747,3.94494,3.95254
2016-02-26,3.95146,4.00238,3.936,3.99372
2016-02-29,4.00145,4.0054,3.9834,3.99756
2016-03-01,3.99697,4.00434,3.97953,3.98407
2016-03-02,3.98415,4.00455,3.97095,3.97701
2016-03-03,3.97701,3.9895,3.95535,3.9616
2016-03-04,3.96237,3.9668,3.92122,3.92765
2016-03-07,3.9352,3.95923,3.93024,3.93278
2016-03-08,3.9328,3.9394,3.91043,3.92825
2016-03-09,3.92865,3.94239,3.91175,3.92737
2016-03-10,3.92731,3.96651,3.87034,3.88047
2016-03-11,3.8804,3.89372,3.8355,3.84936
2016-03-14,3.84685,3.8627,3.84345,3.8533
2016-03-15,3.8533,3.87545,3.84999,3.86139
2016-03-16,3.86159,3.89198,3.81759,3.82435
2016-03-17,3.8243,3.83323,3.7659,3.77903
2016-03-18,3.77903,3.79494,3.77024,3.78119
2016-03-21,3.78256,3.79375,3.77389,3.78962
2016-03-22,3.78962,3.81484,3.78095,3.79474
2016-03-23,3.79471,3.81982,3.7924,3.81244
2016-03-24,3.81244,3.8401,3.80835,3.81916
2016-03-28,3.81931,3.8212,3.78539,3.79699
2016-03-29,3.79718,3.8057,3.75656,3.76166
2016-03-30,3.76166,3.78282,3.74327,3.76855
2016-03-31,3.76824,3.7824,3.71794,3.72815
2016-04-01,3.72814,3.74044,3.70513,3.73549
2016-04-04,3.72802,3.73785,3.71498,3.72303
2016-04-05,3.72393,3.75524,3.72076,3.7464
2016-04-06,3.7469,3.76614,3.73292,3.74688
2016-04-07,3.74688,3.78734,3.72572,3.78047
2016-04-08,3.77955,3.78345,3.758,3.76744
2016-04-11,3.76638,3.76958,3.73143,3.74969
2016-04-12,3.74998,3.78406,3.73881,3.76733
2016-04-13,3.76711,3.80775,3.76305,3.80122
2016-04-14,3.80152,3.83527,3.79914,3.819
2016-04-15,3.81895,3.82355,3.79481,3.807
2016-04-18,3.80031,3.81221,3.79798,3.80635
2016-04-19,3.80645,3.8117,3.77343,3.78421
2016-04-20,3.78335,3.78791,3.76429,3.78235
2016-04-21,3.78166,3.8354,3.77903,3.82916
2016-04-22,3.82911,3.89715,3.82098,3.88727
2016-04-25,3.88794,3.92946,3.87935,3.9137
2016-04-26,3.91405,3.92127,3.85416,3.87175
2016-04-27,3.87167,3.90191,3.86107,3.872
2016-04-28,3.87205,3.88725,3.85551,3.87306
2016-04-29,3.87306,3.87658,3.81207,3.8206
2016-05-02,3.8183,3.82479,3.79868,3.79982
2016-05-03,3.7998,3.82622,3.76883,3.82063
2016-05-04,3.8207,3.84093,3.81085,3.8322
2016-05-05,3.83175,3.88647,3.82143,3.86331
2016-05-06,3.86324,3.89317,3.85676,3.88809
2016-05-09,3.88855,3.89533,3.86457,3.89431
2016-05-10,3.89431,3.89739,3.87211,3.88534
2016-05-11,3.88549,3.88939,3.86396,3.8735
2016-05-12,3.87287,3.8881,3.86436,3.88044
2016-05-13,3.88027,3.90883,3.86832,3.9001
2016-05-16,3.8805,3.88409,3.84352,3.86303
2016-05-17,3.86303,3.86594,3.84468,3.86324
2016-05-18,3.86335,3.92535,3.8629,3.91947
2016-05-19,3.91952,3.94125,3.91338,3.93948
2016-05-20,3.93948,3.94964,3.92879,3.93617
2016-05-23,3.93781,3.9738,3.92743,3.96105
2016-05-24,3.96115,3.98738,3.95925,3.97351
2016-05-25,3.9729,3.97621,3.94356,3.95037
2016-05-26,3.95037,3.95466,3.93085,3.93806
2016-05-27,3.93806,3.94826,3.9244,3.94766
2016-05-30,3.94845,3.95445,3.94293,3.94596
2016-05-31,3.94702,3.95512,3.92066,3.94105
2016-06-01,3.94105,3.94943,3.91765,3.9195
2016-06-02,3.9196,3.93475,3.91289,3.93191
2016-06-03,3.93191,3.9419,3.85912,3.86254
2016-06-06,3.85615,3.8769,3.82572,3.83579
2016-06-07,3.83579,3.8401,3.81515,3.83309
2016-06-08,3.83305,3.8359,3.78292,3.79181
2016-06-09,3.79136,3.83477,3.7852,3.8308
2016-06-10,3.83075,3.88844,3.82965,3.88788
2016-06-13,3.88427,3.91525,3.87731,3.90925
2016-06-14,3.90925,3.9658,3.90523,3.95358
2016-06-15,3.95353,3.96383,3.91408,3.93034
2016-06-16,3.93034,4.00035,3.91974,3.94205
2016-06-17,3.94205,3.95414,3.90794,3.91868
2016-06-20,3.90665,3.90665,3.86292,3.87926
2016-06-21,3.87926,3.92583,3.8608,3.91054
2016-06-22,3.91054,3.91523,3.85262,3.85737
2016-06-23,3.85731,3.87242,3.79045,3.80041
2016-06-24,3.80041,4.12774,3.79292,4.01345
2016-06-27,4.0277,4.07026,4.00475,4.04943
2016-06-28,4.04943,4.05845,3.98048,3.99644
2016-06-29,3.996,4.0097,3.97173,3.97403
2016-06-30,3.97375,3.99912,3.93701,3.93833
2016-07-01,3.93833,3.96932,3.93626,3.9627
2016-07-04,3.9613,3.99331,3.95066,3.97893
2016-07-05,3.97923,4.02416,3.97746,4.01205
2016-07-06,4.0116,4.03365,3.99188,4.00296
2016-07-07,4.00294,4.01413,3.98893,4.00201
2016-07-08,4.00203,4.0231,3.97578,3.99275
2016-07-11,3.99173,4.01507,3.98821,4.00178
2016-07-12,4.00255,4.00625,3.97063,3.97223
2016-07-13,3.97223,3.98985,3.96275,3.97115
2016-07-14,3.97132,3.976,3.95099,3.96714
2016-07-15,3.96719,3.99275,3.95485,3.98435
2016-07-18,4.00242,4.00242,3.94265,3.9456
2016-07-19,3.94599,3.98605,3.9449,3.97583
2016-07-20,3.97668,3.991,3.96235,3.96934
2016-07-21,3.96934,3.97135,3.94901,3.95375
2016-07-22,3.9541,3.98318,3.94555,3.97127
2016-07-25,3.97766,3.98375,3.96453,3.9664
2016-07-26,3.96688,3.9729,3.95688,3.96926
2016-07-27,3.96942,3.9897,3.9472,3.95285
2016-07-28,3.95285,3.9561,3.92601,3.9397
2016-07-29,3.93935,3.94078,3.88769,3.89642
2016-08-01,3.89796,3.9074,3.89546,3.9055
2016-08-02,3.90484,3.90742,3.85025,3.85375
2016-08-03,3.854,3.86145,3.83701,3.8388
2016-08-04,3.8392,3.8663,3.83895,3.8526
2016-08-05,3.8526,3.8734,3.83691,3.86015
2016-08-08,3.86165,3.8709,3.84788,3.85305
2016-08-09,3.8531,3.85624,3.8322,3.8342
2016-08-10,3.83385,3.83457,3.81184,3.81345
2016-08-11,3.81345,3.83045,3.8094,3.82595
2016-08-12,3.82592,3.82945,3.79955,3.82845
2016-08-15,3.82175,3.8289,3.806,3.8172
2016-08-16,3.81695,3.81879,3.76925,3.7903
2016-08-17,3.79035,3.8191,3.7847,3.8002
2016-08-18,3.80008,3.8008,3.77711,3.77965
2016-08-19,3.77965,3.81435,3.7773,3.80865
2016-08-22,3.8069,3.827,3.80067,3.80731
2016-08-23,3.80675,3.8142,3.7916,3.8113
2016-08-24,3.8113,3.8343,3.80925,3.82534
2016-08-25,3.82534,3.8445,3.8136,3.83945
2016-08-26,3.8395,3.8721,3.81615,3.8685
2016-08-29,3.8673,3.88885,3.85525,3.88254
2016-08-30,3.88257,3.91705,3.88025,3.91085
2016-08-31,3.91085,3.91825,3.89895,3.91011
2016-09-01,3.91011,3.92921,3.89034,3.89504
2016-09-02,3.89464,3.92515,3.88741,3.9135
2016-09-05,3.91759,3.9181,3.8884,3.895
2016-09-06,3.89505,3.89865,3.8482,3.85238
2016-09-07,3.85218,3.85741,3.83389,3.8435
2016-09-08,3.84365,3.84675,3.80745,3.84089
2016-09-09,3.84089,3.87897,3.8311,3.8649
2016-09-12,3.85612,3.88615,3.84935,3.87085
2016-09-13,3.87085,3.8851,3.8575,3.88155
2016-09-14,3.88155,3.88335,3.84631,3.8554
2016-09-15,3.8553,3.86625,3.83173,3.84934
2016-09-16,3.84934,3.86876,3.84257,3.86436
2016-09-19,3.864,3.86421,3.83616,3.84555
2016-09-20,3.84568,3.8586,3.83013,3.85736
2016-09-21,3.85723,3.86899,3.83155,3.83315
2016-09-22,3.83305,3.83558,3.79931,3.81991
2016-09-23,3.81962,3.83996,3.8106,3.82991
2016-09-26,3.82898,3.83913,3.80743,3.81735
2016-09-27,3.8173,3.83145,3.80979,3.81711
2016-09-28,3.81699,3.84085,3.81632,3.83021
2016-09-29,3.83,3.84807,3.82365,3.83508
2016-09-30,3.83509,3.87196,3.82086,3.82375
2016-10-03,3.82269,3.83819,3.81551,3.83173
2016-10-04,3.83174,3.85545,3.83,3.84443
2016-10-05,3.8439,3.84868,3.82572,3.83625
2016-10-06,3.8365,3.84569,3.83353,3.8371
2016-10-07,3.83733,3.85805,3.81851,3.82545
2016-10-10,3.82706,3.83907,3.82362,3.8294
2016-10-11,3.82939,3.87954,3.82755,3.87612
2016-10-12,3.87563,3.91311,3.86992,3.90185
2016-10-13,3.90195,3.9226,3.88196,3.88502
2016-10-14,3.88502,3.92751,3.88482,3.92709
2016-10-17,3.92894,3.94311,3.9207,3.929
2016-10-18,3.92935,3.94116,3.91413,3.9299
2016-10-19,3.92955,3.93882,3.92195,3.92859
2016-10-20,3.92859,3.96264,3.92427,3.95162
2016-10-21,3.95172,3.98507,3.94925,3.98
2016-10-24,3.97731,3.98628,3.95878,3.97259
2016-10-25,3.97259,3.97595,3.95185,3.9664
2016-10-26,3.9664,3.97278,3.94949,3.96604
2016-10-27,3.96605,3.98465,3.9561,3.97975
2016-10-28,3.98004,3.98215,3.94635,3.9495
2016-10-31,3.94965,3.96051,3.91961,3.92543
2016-11-01,3.92548,3.9311,3.88359,3.89052
2016-11-02,3.89057,3.90327,3.8844,3.89723
2016-11-03,3.89723,3.90895,3.88059,3.8865
2016-11-04,3.8866,3.89847,3.8824,3.88569
2016-11-07,3.90215,3.9289,3.8905,3.9204
2016-11-08,3.9203,3.93754,3.91289,3.93084
2016-11-09,3.93084,3.98066,3.84369,3.97655
2016-11-10,3.97624,4.02825,3.96085,4.0146
2016-11-11,4.01605,4.09559,4.00372,4.0758
2016-11-14,4.08538,4.13497,4.07265,4.1162
2016-11-15,4.1166,4.1355,4.0709,4.1104
2016-11-16,4.1104,4.18036,4.0903,4.16125
2016-11-17,4.1612,4.18249,4.1263,4.17728
2016-11-18,4.1771,4.20961,4.17269,4.19004
2016-11-21,4.19555,4.19746,4.15991,4.1645
2016-11-22,4.16455,4.17941,4.1457,4.15623
2016-11-23,4.15628,4.20858,4.14194,4.20082
2016-11-24,4.2012,4.21265,4.1784,4.1892
2016-11-25,4.1892,4.19778,4.15195,4.17203
2016-11-28,4.16742,4.18941,4.13604,4.16645
2016-11-29,4.16695,4.1944,4.1633,4.1647
2016-11-30,4.16462,4.21679,4.16035,4.20465
2016-12-01,4.20465,4.22446,4.1863,4.21274
2016-12-02,4.21269,4.22573,4.1986,4.20403
2016-12-05,4.25652,4.26757,4.16577,4.1804
2016-12-06,4.18045,4.19262,4.15505,4.16049
2016-12-07,4.1598,4.16875,4.11422,4.1209
2016-12-08,4.1209,4.1981,4.10564,4.1847
2016-12-09,4.1847,4.23025,4.17374,4.21515
2016-12-12,4.2148,4.22625,4.17767,4.18274
2016-12-13,4.18274,4.1966,4.16222,4.1645
2016-12-14,4.1645,4.2244,4.14701,4.2135
2016-12-15,4.21385,4.2792,4.2136,4.25435
2016-12-16,4.25425,4.26354,4.21572,4.23077
2016-12-19,4.2358,4.2591,4.2152,4.252
2016-12-20,4.24839,4.26895,4.2393,4.2436
2016-12-21,4.2434,4.2499,4.219,4.23074
2016-12-22,4.23009,4.242,4.19875,4.23564
2016-12-23,4.23559,4.2378,4.20648,4.21647
2016-12-27,4.21707,4.22805,4.20374,4.2073
2016-12-28,4.20725,4.24815,4.19335,4.22899
2016-12-29,4.22964,4.23115,4.19885,4.1998
2016-12-30,4.1998,4.20685,4.14382,4.18547
2017-01-02,4.19469,4.22531,4.18389,4.21685
2017-01-03,4.21685,4.24217,4.2055,4.21493
2017-01-04,4.21492,4.2211,4.16105,4.1658
2017-01-05,4.16595,4.17608,4.11275,4.11677
2017-01-06,4.11667,4.14115,4.10763,4.13545
2017-01-09,4.13785,4.17115,4.13198,4.13932
2017-01-10,4.13937,4.14745,4.11804,4.14179
2017-01-11,4.14377,4.17995,4.11407,4.1304
2017-01-12,4.1304,4.13443,4.09487,4.1211
2017-01-13,4.11646,4.1319,4.0944,4.11982
2017-01-16,4.1258,4.14345,4.1199,4.12715
2017-01-17,4.1272,4.1277,4.0713,4.0734
2017-01-18,4.07295,4.1079,4.07278,4.10075
2017-01-19,4.10075,4.12468,4.09351,4.10205
2017-01-20,4.10285,4.11222,4.0788,4.08525
2017-01-23,4.0822,4.08325,4.05538,4.05845
2017-01-24,4.0584,4.08006,4.05807,4.07317
2017-01-25,4.07378,4.0789,4.04856,4.05105
2017-01-26,4.05087,4.08009,4.04352,4.06852
2017-01-27,4.0681,4.07926,4.04349,4.05316
2017-01-30,4.0461,4.0781,4.03855,4.05005
2017-01-31,4.05015,4.0586,3.99724,4.00257
2017-02-01,4.00257,4.02335,3.99465,3.9985
2017-02-02,3.99849,4.01394,3.9764,4.00935
2017-02-03,4.00995,4.01525,3.978,3.99395
2017-02-06,3.9893,4.00665,3.9836,3.99635
2017-02-07,3.9965,4.04078,3.99415,4.0305
2017-02-08,4.0305,4.05886,4.02675,4.03484
2017-02-09,4.03489,4.05553,4.02934,4.05167
2017-02-10,4.05148,4.05441,4.03131,4.0387
2017-02-13,4.04115,4.07155,4.03685,4.06956
2017-02-14,4.06936,4.08573,4.04087,4.06814
2017-02-15,4.06807,4.08847,4.0645,4.0696
2017-02-16,4.0696,4.07129,4.04179,4.0447
2017-02-17,4.04455,4.0827,4.0399,4.08148
2017-02-20,4.07615,4.08188,4.06185,4.06935
2017-02-21,4.0694,4.09637,4.067,4.07761
2017-02-22,4.07738,4.09853,4.06542,4.07224
2017-02-23,4.07222,4.09032,4.06017,4.06655
2017-02-24,4.0667,4.08555,4.05768,4.0844
2017-02-27,4.0854,4.0901,4.05534,4.07285
2017-02-28,4.0728,4.08087,4.05663,4.0722
2017-03-01,4.0723,4.09203,4.04665,4.05705
2017-03-02,4.05705,4.09656,4.05705,4.08975
2017-03-03,4.0899,4.09883,4.04698,4.05263
2017-03-06,4.05325,4.0789,4.0484,4.07004
2017-03-07,4.07001,4.08314,4.0607,4.0743
2017-03-08,4.0746,4.09167,4.07155,4.0883
2017-03-09,4.0885,4.09485,4.0689,4.08975
2017-03-10,4.0913,4.0921,4.05387,4.06
2017-03-13,4.0585,4.07575,4.0474,4.06546
2017-03-14,4.06518,4.07946,4.0605,4.06985
2017-03-15,4.06985,4.0723,4.01405,4.0171
2017-03-16,4.0169,4.03115,3.9938,4.0004
2017-03-17,4.00045,4.00667,3.9811,3.9882
2017-03-20,3.9885,3.98979,3.9662,3.9739
2017-03-21,3.9739,3.97875,3.94253,3.95585
2017-03-22,3.9561,3.97834,3.95185,3.965
2017-03-23,3.9649,3.9706,3.94954,3.95585
2017-03-24,3.9558,3.96425,3.9394,3.9462
2017-03-27,3.93785,3.94,3.89927,3.91015
2017-03-28,3.9102,3.92475,3.89242,3.92197
2017-03-29,3.9219,3.9474,3.91725,3.92505
2017-03-30,3.92505,3.94675,3.92257,3.94265
2017-03-31,3.94295,3.9723,3.9409,3.96555
2017-04-03,3.9724,3.98886,3.95666,3.96925
2017-04-04,3.96945,4.00155,3.9665,3.9813
2017-04-05,3.98133,3.98431,3.9613,3.9672
2017-04-06,3.9669,3.98825,3.95792,3.98005
2017-04-07,3.97985,3.99254,3.9623,3.98825
2017-04-10,3.98855,4.00459,3.98645,3.9966
2017-04-11,3.9973,4.0113,3.99153,4.00423
2017-04-12,4.00423,4.0095,3.97546,3.98145
2017-04-13,3.98085,4.00522,3.9768,4.0016
2017-04-14,4.0015,4.0065,3.98821,3.99573
2017-04-17,3.98955,3.99965,3.98068,3.98602
2017-04-18,3.98501,3.99375,3.9414,3.94224
2017-04-19,3.9421,3.97694,3.9408,3.9746
2017-04-20,3.97505,3.98339,3.95642,3.98237
2017-04-21,3.98365,4.00374,3.97695,3.98887
2017-04-24,3.89215,3.93327,3.8903,3.90635
2017-04-25,3.90615,3.91115,3.85765,3.86215
2017-04-26,3.86235,3.89326,3.85695,3.87445
2017-04-27,3.8747,3.89306,3.8596,3.88125
2017-04-28,3.88135,3.88825,3.85485,3.8792
2017-05-02,3.874,3.8763,3.84144,3.846
2017-05-03,3.84405,3.86554,3.8363,3.86554
2017-05-04,3.86584,3.8686,3.8404,3.853
2017-05-05,3.8522,3.85612,3.82315,3.82485
2017-05-08,3.82385,3.87475,3.8115,3.87265
2017-05-09,3.87265,3.89728,3.8644,3.8882
2017-05-10,3.8873,3.89165,3.87192,3.87454
2017-05-11,3.87454,3.898,3.86562,3.89058
2017-05-12,3.89059,3.89117,3.85724,3.85778
2017-05-15,3.85032,3.85712,3.82134,3.82434
2017-05-16,3.82434,3.82434,3.74543,3.76548
2017-05-17,3.7642,3.78448,3.74889,3.74984
2017-05-18,3.75031,3.80542,3.7475,3.80006
2017-05-19,3.79929,3.8013,3.73932,3.74324
2017-05-22,3.7488,3.76153,3.72261,3.73495
2017-05-23,3.73407,3.76195,3.72537,3.75487
2017-05-24,3.75673,3.76292,3.72005,3.72254
2017-05-25,3.72244,3.73423,3.71145,3.72401
2017-05-26,3.7245,3.74876,3.7165,3.7455
2017-05-29,3.74045,3.75349,3.72757,3.74637
2017-05-30,3.74635,3.76848,3.72378,3.733
2017-05-31,3.7338,3.74035,3.71354,3.71934
2017-06-01,3.71905,3.75089,3.71355,3.73905
2017-06-02,3.73905,3.74139,3.70455,3.7078
2017-06-05,3.7083,3.73341,3.70564,3.72154
2017-06-06,3.72155,3.73827,3.71285,3.71815
2017-06-07,3.7183,3.74485,3.7168,3.73726
2017-06-08,3.73727,3.75373,3.73255,3.74805
2017-06-09,3.7482,3.76188,3.7338,3.73958
2017-06-12,3.73466,3.74831,3.72836,3.74274
2017-06-13,3.74218,3.74725,3.73422,3.74145
2017-06-14,3.74145,3.75079,3.71333,3.74164
2017-06-15,3.74164,3.8034,3.73845,3.79833
2017-06-16,3.79831,3.8003,3.75632,3.75824
2017-06-19,3.7598,3.78635,3.75294,3.7825
2017-06-20,3.7825,3.82015,3.77623,3.8144
2017-06-21,3.81432,3.82208,3.79645,3.80907
2017-06-22,3.80905,3.81655,3.7849,3.78615
2017-06-23,3.78619,3.79925,3.76828,3.77165
2017-06-26,3.7756,3.77726,3.74965,3.75774
2017-06-27,3.7578,3.76656,3.72467,3.7417
2017-06-28,3.74172,3.74715,3.70972,3.71775
2017-06-29,3.71792,3.73075,3.70349,3.708
2017-06-30,3.7078,3.71395,3.69615,3.7054
2017-07-03,3.7059,3.74245,3.70265,3.73752
2017-07-04,3.73737,3.748,3.72377,3.73168
2017-07-05,3.73179,3.75646,3.72413,3.72697
2017-07-06,3.72697,3.73897,3.70419,3.71239
2017-07-07,3.71277,3.7251,3.69692,3.71215
2017-07-10,3.72024,3.72424,3.70655,3.71761
2017-07-11,3.71756,3.72822,3.69393,3.69754
2017-07-12,3.69754,3.71521,3.68647,3.70771
2017-07-13,3.70783,3.7208,3.6933,3.7053
2017-07-14,3.70535,3.70815,3.6645,3.6647
2017-07-17,3.66866,3.67997,3.65837,3.6612
2017-07-18,3.66123,3.66335,3.62397,3.63617
2017-07-19,3.63605,3.6598,3.6347,3.65401
2017-07-20,3.65397,3.66859,3.61135,3.62167
2017-07-21,3.62167,3.66039,3.60978,3.65813
2017-07-24,3.65755,3.66478,3.63372,3.66376
2017-07-25,3.66375,3.66523,3.63315,3.65879
2017-07-26,3.65891,3.66865,3.61391,3.61722
2017-07-27,3.61723,3.65136,3.60942,3.64037
2017-07-28,3.64036,3.64201,3.6127,3.61794
2017-07-31,3.62099,3.63038,3.59139,3.59473
2017-08-01,3.59475,3.60849,3.59063,3.60207
2017-08-02,3.6021,3.60916,3.57536,3.59156
2017-08-03,3.59158,3.59824,3.56708,3.5742
2017-08-04,3.57373,3.61541,3.56764,3.60362
2017-08-07,3.60015,3.60907,3.59124,3.60485
2017-08-08,3.60485,3.63516,3.59704,3.6295
2017-08-09,3.6293,3.65102,3.62391,3.62849
2017-08-10,3.62849,3.65058,3.62685,3.63535
2017-08-11,3.63535,3.65176,3.61724,3.6252
2017-08-14,3.6288,3.64335,3.61888,3.63913
2017-08-15,3.63911,3.66721,3.63203,3.65581
2017-08-16,3.65573,3.66096,3.61923,3.62595
2017-08-17,3.626,3.65269,3.61915,3.64065
2017-08-18,3.64049,3.65272,3.63008,3.63076
2017-08-21,3.63646,3.64556,3.612,3.62169
2017-08-22,3.62159,3.64199,3.61813,3.632
2017-08-23,3.63205,3.64155,3.62269,3.62915
2017-08-24,3.62905,3.63719,3.60698,3.61115
2017-08-25,3.61115,3.61759,3.56527,3.57282
2017-08-28,3.5567,3.575,3.54361,3.5505
2017-08-29,3.5504,3.56282,3.5298,3.55494
2017-08-30,3.55494,3.5818,3.55019,3.5774
2017-08-31,3.57745,3.60133,3.56305,3.5632
2017-09-01,3.56335,3.58816,3.53879,3.58563
2017-09-04,3.5829,3.58566,3.55703,3.56455
2017-09-05,3.56445,3.57015,3.54865,3.55339
2017-09-06,3.55331,3.56841,3.54825,3.5612
2017-09-07,3.56082,3.5645,3.52629,3.53685
2017-09-08,3.53646,3.53781,3.5132,3.5284
2017-09-11,3.5308,3.55308,3.52619,3.55115
2017-09-12,3.5509,3.57495,3.54665,3.55805
2017-09-13,3.55805,3.60831,3.5496,3.60222
2017-09-14,3.60154,3.62184,3.5872,3.59085
2017-09-15,3.59075,3.5953,3.56304,3.58257
2017-09-18,3.5838,3.59948,3.57696,3.591
2017-09-19,3.59095,3.59125,3.56627,3.5692
2017-09-20,3.56915,3.60753,3.55666,3.59785
2017-09-21,3.59712,3.6063,3.57536,3.57935
2017-09-22,3.57945,3.58345,3.55766,3.57352
2017-09-25,3.5837,3.61964,3.57535,3.60975
2017-09-26,3.60985,3.65108,3.60393,3.6388
2017-09-27,3.6388,3.68398,3.63315,3.6822
2017-09-28,3.68225,3.69505,3.65074,3.66235
2017-09-29,3.66235,3.66833,3.62924,3.64897
2017-10-02,3.65075,3.6816,3.6461,3.6732
2017-10-03,3.6732,3.68799,3.65984,3.67653
2017-10-04,3.67656,3.6784,3.64454,3.65527
2017-10-05,3.65535,3.68099,3.64975,3.67425
2017-10-06,3.67451,3.6952,3.6724,3.67391
2017-10-09,3.67427,3.68031,3.65745,3.66104
2017-10-10,3.66104,3.66684,3.62821,3.63703
2017-10-11,3.63649,3.63999,3.59849,3.60005
2017-10-12,3.60005,3.6154,3.59576,3.60687
2017-10-13,3.60681,3.6103,3.57809,3.59485
2017-10-16,3.59929,3.60793,3.5797,3.58848
2017-10-17,3.58872,3.60641,3.58739,3.60086
2017-10-18,3.60087,3.60594,3.58597,3.5913
2017-10-19,3.59115,3.60173,3.57024,3.5751
2017-10-20,3.57505,3.601,3.57027,3.59938
2017-10-23,3.5957,3.6097,3.58984,3.59977
2017-10-24,3.59982,3.61268,3.59189,3.60879
2017-10-25,3.60879,3.61433,3.58185,3.58992
2017-10-26,3.59002,3.65465,3.5844,3.65091
2017-10-27,3.65091,3.67259,3.64713,3.6613
2017-10-30,3.66384,3.66384,3.64199,3.65055
2017-10-31,3.6505,3.65635,3.63537,3.63866
2017-11-01,3.63876,3.6489,3.63396,3.6441
2017-11-02,3.64413,3.64425,3.62504,3.63227
2017-11-03,3.63227,3.66107,3.62735,3.65686
2017-11-06,3.655,3.66477,3.64841,3.65071
2017-11-07,3.65071,3.67182,3.6487,3.66019
2017-11-08,3.66019,3.66417,3.64698,3.65475
2017-11-09,3.65477,3.65715,3.63188,3.63315
2017-11-10,3.6332,3.64363,3.618,3.6237
2017-11-13,3.62525,3.64064,3.6222,3.63155
2017-11-14,3.63166,3.63386,3.59876,3.60105
2017-11-15,3.60105,3.60525,3.57949,3.60465
2017-11-16,3.60507,3.60587,3.59295,3.6002
2017-11-17,3.59997,3.60268,3.58463,3.58973
2017-11-20,3.59925,3.6114,3.58721,3.60407
2017-11-21,3.60414,3.61033,3.58979,3.59578
2017-11-22,3.59624,3.59645,3.56145,3.56495
2017-11-23,3.56511,3.56618,3.5472,3.55138
2017-11-24,3.55159,3.55644,3.52381,3.52755
2017-11-27,3.52736,3.54088,3.51574,3.53721
2017-11-28,3.53734,3.55271,3.52868,3.548
2017-11-29,3.54795,3.55491,3.52898,3.54597
2017-11-30,3.5462,3.56177,3.51905,3.5347
2017-12-01,3.53465,3.5515,3.52369,3.543
2017-12-04,3.54523,3.5551,3.5396,3.54587
2017-12-05,3.5453,3.56475,3.54002,3.55844
2017-12-06,3.5585,3.57828,3.55186,3.5693
2017-12-07,3.56926,3.57827,3.56488,3.57497
2017-12-08,3.57419,3.58503,3.56566,3.56891
2017-12-11,3.56484,3.57286,3.55868,3.56695
2017-12-12,3.56695,3.59743,3.56388,3.58582
2017-12-13,3.58582,3.59371,3.56485,3.56635
2017-12-14,3.56624,3.58995,3.55918,3.58985
2017-12-15,3.5898,3.58985,3.5695,3.57775
2017-12-18,3.58668,3.58783,3.55465,3.5706
2017-12-19,3.56916,3.57327,3.54193,3.5478
2017-12-20,3.5478,3.55558,3.5275,3.54155
2017-12-21,3.5415,3.54475,3.53322,3.53639
2017-12-22,3.5367,3.55131,3.53285,3.5347
2017-12-26,3.53452,3.54568,3.52993,3.53911
2017-12-27,3.53915,3.54177,3.51616,3.521
2017-12-28,3.52105,3.52265,3.49144,3.50038
2017-12-29,3.50015,3.50045,3.47105,3.48035
2018-01-02,3.47615,3.47987,3.44885,3.4515
2018-01-03,3.45145,3.47246,3.44895,3.4535
2018-01-04,3.45383,3.45613,3.4353,3.43544
2018-01-05,3.43559,3.45609,3.42965,3.44925
2018-01-08,3.45071,3.49062,3.4455,3.4855
2018-01-09,3.48581,3.5155,3.48358,3.51198
2018-01-10,3.51123,3.51542,3.48087,3.494
2018-01-11,3.494,3.49866,3.46082,3.46145
2018-01-12,3.4615,3.46375,3.42084,3.42085
2018-01-15,3.41761,3.42416,3.3899,3.40135
2018-01-16,3.4007,3.42612,3.39734,3.403
2018-01-17,3.40298,3.42421,3.38618,3.4241
2018-01-18,3.42425,3.4244,3.39465,3.399
2018-01-19,3.39895,3.41551,3.39135,3.41505
2018-01-22,3.40324,3.4152,3.39792,3.39848
2018-01-23,3.39874,3.4132,3.38685,3.38865
2018-01-24,3.3887,3.3896,3.34275,3.34773
2018-01-25,3.3479,3.35381,3.3076,3.3486
2018-01-26,3.34825,3.34825,3.31389,3.33148
2018-01-29,3.32945,3.35972,3.32407,3.34855
2018-01-30,3.34782,3.36308,3.32717,3.35194
2018-01-31,3.35294,3.35429,3.32558,3.3455
2018-02-01,3.34555,3.35208,3.31779,3.32177
2018-02-02,3.32163,3.3551,3.31928,3.34585
2018-02-05,3.35326,3.36505,3.33304,3.36053
2018-02-06,3.36048,3.38595,3.34022,3.35685
2018-02-07,3.35694,3.4037,3.34817,3.40335
2018-02-08,3.40325,3.42431,3.38903,3.42265
2018-02-09,3.4225,3.43714,3.40445,3.4193
2018-02-12,3.41805,3.41886,3.38834,3.3914
2018-02-13,3.39125,3.3927,3.36891,3.37374
2018-02-14,3.37362,3.40575,3.33395,3.33581
2018-02-15,3.33626,3.3399,3.31879,3.32335
2018-02-16,3.32423,3.35659,3.30895,3.35182
2018-02-19,3.34933,3.354,3.32942,3.33292
2018-02-20,3.33279,3.36815,3.3313,3.36368
2018-02-21,3.3638,3.3988,3.36062,3.3984
2018-02-22,3.39825,3.41299,3.38113,3.39045
2018-02-23,3.39051,3.404,3.38565,3.39538
2018-02-26,3.3951,3.39877,3.37486,3.38534
2018-02-27,3.38564,3.41799,3.37623,3.41046
2018-02-28,3.41046,3.42967,3.40837,3.42485
2018-03-01,3.4249,3.44616,3.41212,3.41225
2018-03-02,3.41208,3.42351,3.39807,3.39937
2018-03-05,3.39385,3.41745,3.39385,3.39605
2018-03-06,3.39605,3.39927,3.3681,3.37064
2018-03-07,3.37058,3.40202,3.36837,3.3901
2018-03-08,3.3901,3.41936,3.37668,3.41415
2018-03-09,3.41433,3.42394,3.40067,3.40685
2018-03-12,3.40557,3.41852,3.39566,3.40852
2018-03-13,3.40855,3.41713,3.39397,3.39805
2018-03-14,3.39805,3.40924,3.38981,3.3961
2018-03-15,3.39601,3.42773,3.39201,3.42322
2018-03-16,3.42332,3.43855,3.41686,3.43204
2018-03-19,3.4318,3.44117,3.41606,3.4242
2018-03-20,3.42415,3.4566,3.41854,3.45434
2018-03-21,3.45439,3.45673,3.42329,3.42591
2018-03-22,3.42586,3.43591,3.41059,3.42676
2018-03-23,3.42688,3.43468,3.41566,3.42256
2018-03-26,3.42205,3.42473,3.3855,3.39175
2018-03-27,3.3915,3.4104,3.37903,3.39575
2018-03-28,3.39564,3.41945,3.38966,3.41534
2018-03-29,3.41547,3.42875,3.40922,3.4208
2018-03-30,3.42075,3.42349,3.41011,3.42045
2018-04-02,3.418,3.42829,3.41094,3.4221
2018-04-03,3.42205,3.43404,3.41036,3.41825
2018-04-04,3.4182,3.42954,3.41295,3.42021
2018-04-05,3.42026,3.43766,3.41912,3.4272
2018-04-06,3.42735,3.43534,3.41489,3.41728
2018-04-09,3.41953,3.42448,3.40037,3.4033
2018-04-10,3.40325,3.41096,3.38639,3.391
2018-04-11,3.3911,3.39128,3.37761,3.38318
2018-04-12,3.38318,3.39887,3.37991,3.38995
2018-04-13,3.39007,3.39488,3.37552,3.37791
2018-04-16,3.37975,3.382,3.35289,3.3552
2018-04-17,3.35525,3.37395,3.34654,3.36416
2018-04-18,3.36416,3.37699,3.35755,3.36446
2018-04-19,3.36456,3.38136,3.36014,3.37448
2018-04-20,3.3747,3.4048,3.37305,3.39756
2018-04-23,3.39775,3.44735,3.39704,3.4414
2018-04-24,3.44129,3.44812,3.43608,3.43892
2018-04-25,3.43881,3.48262,3.43804,3.47544
2018-04-26,3.47585,3.49668,3.46427,3.49315
2018-04-27,3.4931,3.50802,3.4696,3.47081
2018-04-30,3.4698,3.51165,3.46656,3.50917
2018-05-01,3.50917,3.57078,3.50603,3.56546
2018-05-02,3.56546,3.57966,3.53535,3.57187
2018-05-03,3.57257,3.57963,3.55193,3.56255
2018-05-04,3.56255,3.57616,3.54091,3.55085
2018-05-07,3.55053,3.5779,3.54302,3.57411
2018-05-08,3.57411,3.61948,3.56627,3.60883
2018-05-09,3.60895,3.63373,3.58437,3.59725
2018-05-10,3.59725,3.60035,3.54826,3.56529
2018-05-11,3.56627,3.57821,3.55756,3.57033
2018-05-14,3.56856,3.583,3.5529,3.58219
2018-05-15,3.58229,3.63853,3.57868,3.62789
2018-05-16,3.62799,3.64939,3.61465,3.61675
2018-05-17,3.61675,3.64756,3.60792,3.6425
2018-05-18,3.64245,3.66133,3.62566,3.65554
2018-05-21,3.65496,3.67415,3.63629,3.637
2018-05-22,3.63704,3.64808,3.61335,3.63695
2018-05-23,3.63685,3.695,3.63268,3.6766
2018-05-24,3.677,3.68521,3.65392,3.6758
2018-05-25,3.67655,3.70611,3.66327,3.7008
2018-05-28,3.6879,3.70681,3.66655,3.69855
2018-05-29,3.69855,3.76263,3.6958,3.7533
2018-05-30,3.75468,3.7663,3.68875,3.68963
2018-05-31,3.68968,3.7088,3.67034,3.69246
2018-06-01,3.69139,3.71451,3.67809,3.69182
2018-06-04,3.6909,3.69396,3.64852,3.65205
2018-06-05,3.65208,3.67823,3.64427,3.6522
2018-06-06,3.652,3.65295,3.61755,3.6233
2018-06-07,3.62335,3.62862,3.59698,3.6234
2018-06-08,3.6244,3.65751,3.62071,3.63572
2018-06-11,3.6328,3.63385,3.61095,3.62102
2018-06-12,3.62102,3.64964,3.61647,3.64355
2018-06-13,3.64385,3.65171,3.62235,3.6275
2018-06-14,3.62745,3.7061,3.60495,3.70217
2018-06-15,3.70194,3.71614,3.68125,3.69226
2018-06-18,3.69273,3.70802,3.68857,3.70355
2018-06-19,3.70365,3.74072,3.6965,3.7212
2018-06-20,3.721,3.73853,3.71457,3.72895
2018-06-21,3.72905,3.76165,3.71724,3.7282
2018-06-22,3.72835,3.73195,3.69487,3.70855
2018-06-25,3.7047,3.72655,3.70102,3.71193
2018-06-26,3.71195,3.72859,3.70361,3.72386
2018-06-27,3.72395,3.77283,3.70899,3.7649
2018-06-28,3.7649,3.7839,3.75925,3.7742
2018-06-29,3.7745,3.7749,3.73495,3.74564
2018-07-02,3.74386,3.80124,3.73545,3.7806
2018-07-03,3.78065,3.78745,3.76105,3.7688
2018-07-04,3.7687,3.77682,3.75355,3.75894
2018-07-05,3.75886,3.7603,3.71475,3.7225
2018-07-06,3.72265,3.72989,3.70201,3.70649
2018-07-09,3.70913,3.70954,3.6598,3.67263
2018-07-10,3.67262,3.7025,3.66445,3.67585
2018-07-11,3.6758,3.72641,3.67222,3.71933
2018-07-12,3.71981,3.7207,3.68932,3.7017
2018-07-13,3.70172,3.72842,3.69166,3.69177
2018-07-16,3.69405,3.69615,3.66856,3.67315
2018-07-17,3.6732,3.68975,3.66074,3.6856
2018-07-18,3.68565,3.716,3.68316,3.70175
2018-07-19,3.70175,3.74238,3.69844,3.7262
2018-07-20,3.72623,3.74059,3.68103,3.68246
2018-07-23,3.69105,3.70529,3.67712,3.701
2018-07-24,3.70105,3.71806,3.66892,3.6809
2018-07-25,3.681,3.69384,3.65989,3.66895
2018-07-26,3.66895,3.68496,3.65112,3.68375
2018-07-27,3.68375,3.6971,3.66915,3.67481
2018-07-30,3.6742,3.68098,3.64368,3.64905
2018-07-31,3.64822,3.6598,3.64208,3.65888
2018-08-01,3.65898,3.66897,3.64701,3.65618
2018-08-02,3.65638,3.69086,3.65215,3.689
2018-08-03,3.6891,3.70227,3.66562,3.68274
2018-08-06,3.6795,3.70899,3.67765,3.68605
2018-08-07,3.68585,3.68585,3.66335,3.6711
2018-08-08,3.6711,3.68395,3.66109,3.67235
2018-08-09,3.6722,3.71317,3.67111,3.7104
2018-08-10,3.71035,3.77735,3.7097,3.76618
2018-08-13,3.77931,3.79546,3.75142,3.77101
2018-08-14,3.77096,3.79913,3.75306,3.79455
2018-08-15,3.7945,3.84081,3.78678,3.80869
2018-08-16,3.80864,3.81207,3.77135,3.78474
2018-08-17,3.78464,3.79666,3.75097,3.75592
2018-08-20,3.7589,3.77498,3.749,3.75014
2018-08-21,3.75014,3.75104,3.69311,3.70535
2018-08-22,3.70575,3.71885,3.68036,3.68225
2018-08-23,3.68235,3.72078,3.68113,3.71638
2018-08-24,3.71628,3.71985,3.67303,3.67774
2018-08-27,3.67912,3.68884,3.64966,3.65807
2018-08-28,3.65797,3.66286,3.63696,3.65235
2018-08-29,3.65257,3.67756,3.64974,3.66217
2018-08-30,3.66217,3.69432,3.65882,3.68445
2018-08-31,3.6844,3.71397,3.66891,3.70651
2018-09-03,3.70853,3.71345,3.68784,3.69526
2018-09-04,3.69525,3.73864,3.69411,3.72171
2018-09-05,3.72186,3.74239,3.70828,3.72097
2018-09-06,3.72105,3.73615,3.70121,3.72036
2018-09-07,3.72033,3.74086,3.69298,3.73212
2018-09-10,3.73465,3.74889,3.71562,3.7187
2018-09-11,3.7187,3.72732,3.69486,3.71047
2018-09-12,3.71035,3.72786,3.69469,3.70325
2018-09-13,3.70322,3.71681,3.67576,3.68313
2018-09-14,3.68315,3.70748,3.66672,3.70337
2018-09-17,3.70284,3.70839,3.67443,3.68011
2018-09-18,3.68002,3.68739,3.66511,3.67436
2018-09-19,3.6743,3.68377,3.6623,3.67139
2018-09-20,3.67145,3.67645,3.64048,3.64299
2018-09-21,3.64301,3.66826,3.63666,3.66623
2018-09-24,3.66895,3.67378,3.64046,3.6564
2018-09-25,3.6564,3.66883,3.63677,3.64555
2018-09-26,3.6456,3.65256,3.62114,3.63981
2018-09-27,3.6398,3.66904,3.6333,3.66894
2018-09-28,3.66897,3.69876,3.66255,3.6865
2018-10-01,3.68534,3.70408,3.67929,3.70194
2018-10-02,3.70185,3.73545,3.70055,3.72107
2018-10-03,3.72107,3.75209,3.69736,3.7424
2018-10-04,3.7422,3.75615,3.7284,3.74326
2018-10-05,3.7432,3.75311,3.72355,3.7375
2018-10-08,3.73592,3.76465,3.73349,3.75405
2018-10-09,3.7542,3.77789,3.73947,3.74265
2018-10-10,3.74266,3.7531,3.73604,3.74919
2018-10-11,3.74904,3.74904,3.71364,3.72035
2018-10-12,3.72084,3.72614,3.7061,3.71865
2018-10-15,3.72063,3.72349,3.69577,3.70601
2018-10-16,3.70596,3.71249,3.69017,3.70309
2018-10-17,3.70306,3.73247,3.70005,3.73125
2018-10-18,3.73125,3.76328,3.72522,3.75825
2018-10-19,3.758,3.76565,3.72505,3.73165
2018-10-22,3.73325,3.74557,3.71304,3.74361
2018-10-23,3.7436,3.75814,3.73475,3.74465
2018-10-24,3.7448,3.78887,3.7435,3.78445
2018-10-25,3.78438,3.794,3.77001,3.79025
2018-10-26,3.79025,3.80886,3.77383,3.77812
2018-10-29,3.78055,3.8075,3.7728,3.80555
2018-10-30,3.80565,3.81998,3.7997,3.81815
2018-10-31,3.81815,3.8411,3.8119,3.83704
2018-11-01,3.83711,3.83856,3.78421,3.79148
2018-11-02,3.79154,3.7999,3.7705,3.78263
2018-11-05,3.78156,3.7975,3.76816,3.7739
2018-11-06,3.77395,3.78551,3.7655,3.7696
2018-11-07,3.76958,3.7775,3.73005,3.7514
2018-11-08,3.75145,3.77184,3.74114,3.76639
2018-11-09,3.76632,3.79372,3.76418,3.78252
2018-11-12,3.78974,3.8382,3.78402,3.8373
2018-11-13,3.83715,3.83785,3.79839,3.79985
2018-11-14,3.79985,3.81472,3.78196,3.79722
2018-11-15,3.79722,3.81275,3.77182,3.78878
2018-11-16,3.78884,3.81165,3.7702,3.77905
2018-11-19,3.77977,3.79437,3.77412,3.78157
2018-11-20,3.78159,3.79694,3.77319,3.7918
2018-11-21,3.7917,3.79269,3.76229,3.77811
2018-11-22,3.77792,3.77934,3.7624,3.7648
2018-11-23,3.7648,3.79063,3.7563,3.78748
2018-11-26,3.78535,3.79518,3.76681,3.79156
2018-11-27,3.79151,3.81042,3.78414,3.8013
2018-11-28,3.80106,3.81349,3.76306,3.77035
2018-11-29,3.77047,3.78587,3.76031,3.76455
2018-11-30,3.76455,3.79706,3.76071,3.79117
2018-12-03,3.78494,3.7856,3.76204,3.76732
2018-12-04,3.76719,3.78383,3.74796,3.7753
2018-12-05,3.77555,3.78759,3.76946,3.7737
2018-12-06,3.77401,3.7914,3.75017,3.7628
2018-12-07,3.76275,3.77655,3.75412,3.76219
2018-12-10,3.76514,3.78383,3.74719,3.7831
2018-12-11,3.78315,3.80467,3.7696,3.79953
2018-12-12,3.79953,3.80132,3.76729,3.7735
2018-12-13,3.7735,3.78841,3.76527,3.7819
2018-12-14,3.78235,3.81395,3.78005,3.79713
2018-12-17,3.79624,3.79668,3.77028,3.77436
2018-12-18,3.7743,3.78082,3.75732,3.7687
2018-12-19,3.7686,3.77336,3.74269,3.76736
2018-12-20,3.76738,3.76987,3.72964,3.74255
2018-12-21,3.74253,3.77592,3.73299,3.77524
2018-12-24,3.77418,3.7759,3.74142,3.74885
2018-12-26,3.75726,3.77669,3.75428,3.77085
2018-12-27,3.77099,3.78034,3.74905,3.75865
2018-12-28,3.75828,3.76613,3.74366,3.75858
2018-12-31,3.75931,3.76806,3.7391,3.74105
2019-01-02,3.74041,3.79614,3.73016,3.7909
2019-01-03,3.79083,3.8013,3.76044,3.7676
2019-01-04,3.76722,3.78643,3.75614,3.76007
2019-01-07,3.76035,3.76282,3.74148,3.74356
2019-01-08,3.74346,3.76799,3.74129,3.75583
2019-01-09,3.75578,3.75791,3.72123,3.72393
2019-01-10,3.72394,3.73843,3.71814,3.73625
2019-01-11,3.7364,3.74917,3.72128,3.74363
2019-01-14,3.74505,3.75277,3.73641,3.7431
2019-01-15,3.74305,3.77433,3.73447,3.76473
2019-01-16,3.76473,3.76833,3.75215,3.7574
2019-01-17,3.75732,3.7707,3.75512,3.76465
2019-01-18,3.76485,3.7791,3.76059,3.77184
2019-01-21,3.77411,3.77955,3.76523,3.76997
2019-01-22,3.7698,3.77981,3.76755,3.7717
2019-01-23,3.77183,3.77874,3.76604,3.76724
2019-01-24,3.76724,3.80159,3.76639,3.79371
2019-01-25,3.79382,3.79487,3.75458,3.75549
2019-01-28,3.75738,3.76957,3.74938,3.7563
2019-01-29,3.7558,3.76518,3.74875,3.7561
2019-01-30,3.7561,3.76102,3.72389,3.7322
2019-01-31,3.73195,3.7325,3.70769,3.72365
2019-02-01,3.72331,3.74648,3.71996,3.74389
2019-02-04,3.74051,3.75182,3.73615,3.7473
2019-02-05,3.74735,3.76085,3.7455,3.7584
2019-02-06,3.75875,3.78353,3.75715,3.77748
2019-02-07,3.77748,3.7999,3.77748,3.7973
2019-02-08,3.79735,3.81089,3.79381,3.81036
2019-02-11,3.8096,3.8394,3.80346,3.83418
2019-02-12,3.83433,3.84475,3.81853,3.82022
2019-02-13,3.82039,3.85635,3.81544,3.85411
2019-02-14,3.85437,3.85962,3.83183,3.83321
2019-02-15,3.83323,3.857,3.82842,3.83638
2019-02-18,3.83484,3.8359,3.81966,3.82835
2019-02-19,3.82839,3.84597,3.81399,3.81889
2019-02-20,3.81904,3.83349,3.8095,3.81685
2019-02-21,3.81709,3.83216,3.80893,3.82308
2019-02-22,3.8233,3.8328,3.81595,3.82832
2019-02-25,3.82633,3.82895,3.81361,3.81904
2019-02-26,3.819,3.82295,3.79199,3.79493
2019-02-27,3.79509,3.80518,3.78524,3.79326
2019-02-28,3.79344,3.79685,3.77195,3.785
2019-03-01,3.78419,3.79159,3.77333,3.78635
2019-03-04,3.78388,3.80265,3.7823,3.79168
2019-03-05,3.79158,3.80956,3.7901,3.8056
2019-03-06,3.80548,3.80993,3.79504,3.80075
2019-03-07,3.80076,3.85942,3.79831,3.85438
2019-03-08,3.85356,3.85612,3.82164,3.82965
2019-03-11,3.82892,3.8343,3.81592,3.81755
2019-03-12,3.81765,3.82656,3.80352,3.80682
2019-03-13,3.80692,3.81466,3.79223,3.79223
2019-03-14,3.79214,3.81066,3.79214,3.80585
2019-03-15,3.80585,3.80891,3.79215,3.79615
2019-03-18,3.79586,3.79901,3.78222,3.78565
2019-03-19,3.78602,3.7873,3.77391,3.77656
2019-03-20,3.77655,3.78138,3.73963,3.74622
2019-03-21,3.74621,3.78064,3.74099,3.7667
2019-03-22,3.76702,3.8143,3.75756,3.8044
2019-03-25,3.80595,3.80808,3.78722,3.79263
2019-03-26,3.79254,3.81035,3.78973,3.80588
2019-03-27,3.80578,3.82103,3.80479,3.81575
2019-03-28,3.81584,3.83163,3.81303,3.82597
2019-03-29,3.82602,3.83997,3.81951,3.83745
2019-04-01,3.8311,3.83606,3.82234,3.83336
2019-04-02,3.83341,3.84391,3.83023,3.8356
2019-04-03,3.83426,3.83595,3.81008,3.81595
2019-04-04,3.81615,3.8305,3.81308,3.82208
2019-04-05,3.82203,3.82875,3.81313,3.82418
2019-04-08,3.82659,3.8268,3.80135,3.80675
2019-04-09,3.80685,3.80925,3.79648,3.8038
2019-04-10,3.8038,3.81256,3.79374,3.79625
2019-04-11,3.7963,3.80643,3.79138,3.8047
2019-04-12,3.8047,3.80483,3.7757,3.78726
2019-04-15,3.78588,3.78682,3.77552,3.78215
2019-04-16,3.78215,3.78979,3.77681,3.78662
2019-04-17,3.78662,3.79043,3.77465,3.78
2019-04-18,3.7801,3.81357,3.778,3.80903
2019-04-22,3.80665,3.80941,3.80148,3.8047
2019-04-23,3.80505,3.83228,3.80405,3.81866
2019-04-24,3.8186,3.85579,3.81602,3.85163
2019-04-25,3.85163,3.86441,3.846,3.8551
2019-04-26,3.8551,3.8594,3.8412,3.85397
2019-04-29,3.85322,3.85445,3.83555,3.83942
2019-04-30,3.83871,3.84348,3.815,3.82155
2019-05-01,3.8214,3.82993,3.80045,3.82605
2019-05-02,3.82605,3.83677,3.8152,3.83597
2019-05-03,3.836,3.8485,3.8168,3.81851
2019-05-06,3.8288,3.83175,3.82209,3.82502
2019-05-07,3.82498,3.8431,3.8174,3.83273
2019-05-08,3.83278,3.839,3.82528,3.8343
2019-05-09,3.8342,3.84638,3.82178,3.83165
2019-05-10,3.8316,3.83295,3.81935,3.82614
2019-05-13,3.82406,3.83775,3.81939,3.83515
2019-05-14,3.835,3.84647,3.82855,3.84465
2019-05-15,3.84462,3.8562,3.83541,3.83739
2019-05-16,3.83758,3.85314,3.82425,3.8498
2019-05-17,3.84995,3.86104,3.84685,3.8598
2019-05-20,3.8568,3.86,3.8461,3.8488
2019-05-21,3.84865,3.86715,3.84697,3.8576
2019-05-22,3.8576,3.86682,3.84958,3.86001
2019-05-23,3.86008,3.87732,3.84825,3.84875
2019-05-24,3.84875,3.8523,3.82712,3.82938
2019-05-27,3.829,3.83878,3.82708,3.8321
2019-05-28,3.8321,3.85095,3.83151,3.84812
2019-05-29,3.84815,3.8633,3.84655,3.85585
2019-05-30,3.85585,3.85855,3.8483,3.85488
2019-05-31,3.85485,3.85579,3.83019,3.83271
2019-06-03,3.8344,3.83702,3.80093,3.8065
2019-06-04,3.80645,3.81258,3.79623,3.80178
2019-06-05,3.80153,3.8125,3.78347,3.80878
2019-06-06,3.80898,3.8161,3.7819,3.78877
2019-06-07,3.78875,3.79998,3.75385,3.7581
2019-06-10,3.76169,3.77794,3.75998,3.76665
2019-06-11,3.76692,3.77566,3.76023,3.76348
2019-06-12,3.76363,3.77218,3.7559,3.76792
2019-06-13,3.76801,3.77761,3.76496,3.77379
2019-06-14,3.77379,3.80048,3.76796,3.79863
2019-06-17,3.79742,3.80103,3.78783,3.79709
2019-06-18,3.79701,3.81286,3.79118,3.80418
2019-06-19,3.80413,3.81147,3.78805,3.79295
2019-06-20,3.79276,3.79345,3.75937,3.76605
2019-06-21,3.76605,3.77384,3.73966,3.74085
2019-06-24,3.7429,3.7429,3.7296,3.731
2019-06-25,3.73099,3.75175,3.7264,3.74317
2019-06-26,3.7432,3.75664,3.7397,3.74565
2019-06-27,3.74607,3.754,3.73724,3.73957
2019-06-28,3.73957,3.74265,3.72752,3.7336
2019-07-01,3.73395,3.76228,3.73212,3.75879
2019-07-02,3.75753,3.76294,3.74733,3.75824
2019-07-03,3.75824,3.76679,3.74772,3.75885
2019-07-04,3.75865,3.76423,3.75295,3.75925
2019-07-05,3.7591,3.79638,3.75845,3.78531
2019-07-08,3.78665,3.80014,3.7828,3.7954
2019-07-09,3.7954,3.814,3.79315,3.80944
2019-07-10,3.80939,3.81277,3.78727,3.79051
2019-07-11,3.79038,3.79526,3.78055,3.79288
2019-07-12,3.79287,3.79864,3.78395,3.78923
2019-07-15,3.7884,3.79058,3.77798,3.78375
2019-07-16,3.78375,3.8009,3.78265,3.7963
2019-07-17,3.79634,3.80555,3.79393,3.79726
2019-07-18,3.79686,3.80152,3.77175,3.77232
2019-07-19,3.77232,3.79548,3.7709,3.78882
2019-07-22,3.7885,3.79418,3.78343,3.7885
2019-07-23,3.78855,3.8181,3.78819,3.8156
2019-07-24,3.8156,3.82666,3.81188,3.8162
2019-07-25,3.81636,3.82827,3.80615,3.8189
2019-07-26,3.81913,3.84642,3.8182,3.84215
2019-07-29,3.83961,3.85432,3.8341,3.84795
2019-07-30,3.84795,3.86048,3.84565,3.85235
2019-07-31,3.85225,3.87958,3.84671,3.87505
2019-08-01,3.875,3.90032,3.8702,3.88642
2019-08-02,3.88647,3.89227,3.86994,3.87836
2019-08-05,3.87706,3.88186,3.84997,3.85325
2019-08-06,3.85325,3.86221,3.8412,3.8524
2019-08-07,3.85225,3.86279,3.84427,3.85663
2019-08-08,3.85688,3.86778,3.84781,3.86046
2019-08-09,3.86061,3.86526,3.8523,3.86102
2019-08-12,3.86039,3.87605,3.85403,3.85981
2019-08-13,3.85996,3.88112,3.85906,3.8787
2019-08-14,3.8787,3.92945,3.87585,3.92448
2019-08-15,3.92463,3.9475,3.9156,3.93858
2019-08-16,3.93858,3.94035,3.90075,3.91169
2019-08-19,3.9103,3.94371,3.90948,3.93932
2019-08-20,3.93952,3.94516,3.92207,3.92436
2019-08-21,3.92436,3.93127,3.91452,3.92105
2019-08-22,3.92095,3.94948,3.91608,3.93325
2019-08-23,3.9332,3.94504,3.92108,3.93141
2019-08-26,3.92546,3.93529,3.91796,3.92864
2019-08-27,3.92797,3.94873,3.92384,3.94464
2019-08-28,3.94448,3.96453,3.94422,3.96311
2019-08-29,3.96302,3.9748,3.95441,3.96719
2019-08-30,3.96724,3.99755,3.96361,3.98041
2019-09-02,3.98315,3.98804,3.96768,3.97463
2019-09-03,3.97463,3.99845,3.9582,3.9609
2019-09-04,3.9609,3.96327,3.92726,3.93475
2019-09-05,3.9347,3.94601,3.9132,3.93405
2019-09-06,3.93362,3.93907,3.9241,3.93645
2019-09-09,3.9331,3.9388,3.91715,3.92095
2019-09-10,3.92105,3.92986,3.918,3.92053
2019-09-11,3.92039,3.94905,3.92009,3.94225
2019-09-12,3.94224,3.96236,3.91038,3.9196
2019-09-13,3.91949,3.92223,3.89485,3.90672
2019-09-16,3.90331,3.93771,3.90235,3.93655
2019-09-17,3.9366,3.94692,3.91507,3.9156
2019-09-18,3.91561,3.94199,3.91196,3.9341
2019-09-19,3.93235,3.94133,3.91974,3.9281
2019-09-20,3.92869,3.97974,3.92185,3.97133
2019-09-23,3.9714,4.0096,3.96489,3.9941
2019-09-24,3.99413,4.00026,3.97189,3.97494
2019-09-25,3.97494,4.00957,3.97452,4.00318
2019-09-26,4.0031,4.02076,3.99477,4.0173
2019-09-27,4.0173,4.0217,3.99943,4.00709
2019-09-30,4.00372,4.0226,3.9976,4.01056
2019-10-01,4.01081,4.0246,4.00052,4.0083
2019-10-02,4.00874,4.01608,3.97429,3.97565
2019-10-03,3.97575,3.99132,3.9373,3.94998
2019-10-04,3.95015,3.95159,3.9318,3.93331
2019-10-07,3.934,3.95369,3.92981,3.94598
2019-10-08,3.946,3.95355,3.93756,3.94388
2019-10-09,3.94439,3.9467,3.93216,3.93865
2019-10-10,3.93885,3.93905,3.9118,3.915
2019-10-11,3.915,3.9182,3.88878,3.89778
2019-10-14,3.9009,3.9102,3.8888,3.8959
2019-10-15,3.89605,3.9074,3.88503,3.89057
2019-10-16,3.89047,3.90022,3.86442,3.86846
2019-10-17,3.86842,3.87714,3.84101,3.85039
2019-10-18,3.85055,3.85323,3.83463,3.83568
2019-10-21,3.8384,3.84177,3.82636,3.83562
2019-10-22,3.83524,3.8445,3.83068,3.8395
2019-10-23,3.83951,3.85325,3.83533,3.83959
2019-10-24,3.83973,3.85778,3.82848,3.85276
2019-10-25,3.85273,3.8645,3.84315,3.86196
2019-10-28,3.85875,3.86485,3.84766,3.85058
2019-10-29,3.85062,3.86192,3.83592,3.8394
2019-10-30,3.8393,3.84813,3.81688,3.8177
2019-10-31,3.81782,3.82582,3.81105,3.82239
2019-11-01,3.82237,3.82391,3.80549,3.80759
2019-11-04,3.80843,3.83813,3.8043,3.83809
2019-11-05,3.83775,3.85603,3.82797,3.85098
2019-11-06,3.85103,3.85827,3.84599,3.85401
2019-11-07,3.85402,3.85835,3.84445,3.85442
2019-11-08,3.85437,3.87307,3.85351,3.86981
2019-11-11,3.8689,3.87813,3.8673,3.871
2019-11-12,3.87093,3.89117,3.86988,3.88835
2019-11-13,3.88847,3.90168,3.88726,3.89442
2019-11-14,3.89446,3.90761,3.8855,3.88715
2019-11-15,3.88717,3.89172,3.86593,3.8678
2019-11-18,3.86752,3.88273,3.86521,3.88027
2019-11-19,3.8802,3.88034,3.86663,3.86812
2019-11-20,3.86825,3.88564,3.8675,3.87748
2019-11-21,3.87753,3.88955,3.87219,3.88453
2019-11-22,3.88453,3.90206,3.87671,3.89886
2019-11-25,3.89815,3.90661,3.89363,3.9019
2019-11-26,3.902,3.91199,3.8999,3.9055
2019-11-27,3.90575,3.9213,3.90515,3.91591
2019-11-28,3.91596,3.93039,3.91115,3.92293
2019-11-29,3.92262,3.93329,3.90949,3.9162
2019-12-02,3.91461,3.91759,3.86295,3.87012
2019-12-03,3.87017,3.87645,3.86002,3.86659
2019-12-04,3.86512,3.86886,3.84989,3.86384
2019-12-05,3.8636,3.86425,3.84931,3.85139
2019-12-06,3.85135,3.87834,3.84555,3.8664
2019-12-09,3.86823,3.87695,3.86364,3.87464
2019-12-10,3.87464,3.87685,3.86452,3.86727
2019-12-11,3.86742,3.87241,3.84192,3.84692
2019-12-12,3.84747,3.86073,3.82757,3.83292
2019-12-13,3.83325,3.84227,3.82138,3.84001
2019-12-16,3.83725,3.85029,3.8161,3.82315
2019-12-17,3.82295,3.8327,3.812,3.81947
2019-12-18,3.81965,3.84484,3.81929,3.83821
2019-12-19,3.83811,3.83973,3.82605,3.8319
2019-12-20,3.83189,3.84655,3.82565,3.84231
2019-12-23,3.84215,3.85498,3.83625,3.85284
2019-12-24,3.85289,3.85565,3.83532,3.84378
2019-12-26,3.83795,3.8457,3.83135,3.838
2019-12-27,3.838,3.8403,3.80993,3.81282
2019-12-30,3.81164,3.81268,3.79236,3.79837
2019-12-31,3.79795,3.80139,3.78555,3.7938
2020-01-02,3.79557,3.80601,3.789,3.79476
2020-01-03,3.79494,3.82615,3.79182,3.80232
2020-01-06,3.80236,3.80677,3.77898,3.77957
2020-01-07,3.77957,3.8107,3.7792,3.80785
2020-01-08,3.80778,3.81922,3.79957,3.81015
2020-01-09,3.8108,3.82696,3.80705,3.82225
2020-01-10,3.8222,3.83174,3.80439,3.80725
2020-01-13,3.81137,3.81526,3.79967,3.80131
2020-01-14,3.80105,3.80347,3.78345,3.79462
2020-01-15,3.79442,3.8012,3.7824,3.794
2020-01-16,3.79357,3.80345,3.78822,3.79918
2020-01-17,3.79918,3.82602,3.79857,3.82322
2020-01-20,3.82305,3.83091,3.81784,3.82345
2020-01-21,3.8234,3.83205,3.80914,3.81768
2020-01-22,3.81772,3.83016,3.81455,3.82031
2020-01-23,3.8206,3.84865,3.81843,3.84053
2020-01-24,3.84055,3.86538,3.83469,3.86132
2020-01-27,3.8582,3.88569,3.8553,3.88235
2020-01-28,3.8823,3.88776,3.87263,3.87503
2020-01-29,3.875,3.89891,3.87445,3.89219
2020-01-30,3.89214,3.89408,3.88335,3.89065
2020-01-31,3.89065,3.90374,3.87348,3.87436
2020-02-03,3.87608,3.89175,3.87381,3.88525
2020-02-04,3.88545,3.89112,3.86586,3.8697
2020-02-05,3.86972,3.87664,3.84977,3.85977
2020-02-06,3.85985,3.88371,3.8561,3.87835
2020-02-07,3.8783,3.90619,3.87675,3.90485
2020-02-10,3.90343,3.91548,3.89091,3.90828
2020-02-11,3.9082,3.91159,3.89033,3.89744
2020-02-12,3.89738,3.91373,3.89483,3.91042
2020-02-13,3.91043,3.92559,3.90697,3.91773
2020-02-14,3.91738,3.92248,3.9071,3.92215
2020-02-17,3.92163,3.93699,3.91588,3.93048
2020-02-18,3.931,3.96104,3.93045,3.95338
2020-02-19,3.9532,3.96315,3.9472,3.95023
2020-02-20,3.95036,3.9718,3.94558,3.96748
2020-02-21,3.96749,3.97202,3.94555,3.95525
2020-02-24,3.96577,3.98267,3.95886,3.9682
2020-02-25,3.96821,3.97404,3.94913,3.95572
2020-02-26,3.95567,3.9711,3.95005,3.96599
2020-02-27,3.96598,3.96685,3.92647,3.9297
2020-02-28,3.92965,3.9545,3.92137,3.92137
2020-03-02,3.91793,3.92626,3.86262,3.87587
2020-03-03,3.87606,3.89164,3.83708,3.8547
2020-03-04,3.8547,3.87047,3.83605,3.85863
2020-03-05,3.85875,3.8623,3.82739,3.83504
2020-03-06,3.83405,3.84404,3.78142,3.80392
2020-03-09,3.78611,3.80045,3.75672,3.78091
2020-03-10,3.78078,3.82712,3.78078,3.80929
2020-03-11,3.80945,3.84629,3.79389,3.84302
2020-03-12,3.84267,3.96587,3.8218,3.91825
2020-03-13,3.91846,3.96305,3.88609,3.94125
2020-03-16,3.91928,3.98838,3.90775,3.97849
2020-03-17,3.97857,4.08941,3.96839,4.0592
2020-03-18,4.0586,4.20103,4.04132,4.11546
2020-03-19,4.1157,4.29943,4.08988,4.26048
2020-03-20,4.25988,4.29723,4.1685,4.2314
2020-03-23,4.24078,4.30796,4.19021,4.29327
2020-03-24,4.29405,4.29987,4.21935,4.25955
2020-03-25,4.25897,4.28027,4.17805,4.19694
2020-03-26,4.19797,4.20697,4.08048,4.09935
2020-03-27,4.09957,4.13178,4.06664,4.07246
2020-03-30,4.0775,4.14199,4.07083,4.11342
2020-03-31,4.11342,4.16205,4.11246,4.13216
2020-04-01,4.13325,4.21353,4.13104,4.20399
2020-04-02,4.20332,4.22818,4.1788,4.21255
2020-04-03,4.21255,4.25195,4.20582,4.2417
2020-04-06,4.24279,4.2515,4.19693,4.2264
2020-04-07,4.22534,4.23014,4.13885,4.15774
2020-04-08,4.1571,4.19017,4.15241,4.16949
2020-04-09,4.1695,4.19655,4.14978,4.16196
2020-04-13,4.16065,4.19927,4.1531,4.17978
2020-04-14,4.17975,4.17975,4.11132,4.11626
2020-04-15,4.11628,4.18333,4.11272,4.15981
2020-04-16,4.15962,4.20598,4.15624,4.17404
2020-04-17,4.17404,4.19488,4.14857,4.15893
2020-04-20,4.15569,4.17733,4.1442,4.16095
2020-04-21,4.16085,4.19354,4.16085,4.17433
2020-04-22,4.17437,4.21615,4.16329,4.20224
2020-04-23,4.20236,4.22281,4.18825,4.21387
2020-04-24,4.21376,4.23135,4.18444,4.19741
2020-04-27,4.19205,4.19629,4.16232,4.18679
2020-04-28,4.18721,4.2057,4.16966,4.20235
2020-04-29,4.20244,4.20329,4.17466,4.17958
2020-04-30,4.17952,4.19136,4.13555,4.14946
2020-05-01,4.15003,4.1647,4.13793,4.1599
2020-05-04,4.16285,4.1873,4.15904,4.17206
2020-05-05,4.17184,4.20163,4.15926,4.18384
2020-05-06,4.18394,4.22143,4.17889,4.2149
2020-05-07,4.2149,4.23567,4.2013,4.2041
2020-05-08,4.2041,4.21299,4.18022,4.19903
2020-05-11,4.20167,4.22415,4.1883,4.21844
2020-05-12,4.21844,4.22977,4.18298,4.20776
2020-05-13,4.2072,4.22604,4.1895,4.2202
2020-05-14,4.22017,4.2414,4.21797,4.21997
2020-05-15,4.21996,4.23212,4.20635,4.2225
2020-05-18,4.22129,4.22715,4.17665,4.18134
2020-05-19,4.18185,4.18635,4.14772,4.16505
2020-05-20,4.16581,4.1667,4.1201,4.13179
2020-05-21,4.12957,4.14243,4.1086,4.1227
2020-05-22,4.12284,4.15255,4.12022,4.139
2020-05-25,4.14396,4.154,4.12495,4.1312
2020-05-26,4.13119,4.13282,4.02832,4.04427
2020-05-27,4.04457,4.0579,4.01714,4.02692
2020-05-28,4.0272,4.03878,4.00433,4.02184
2020-05-29,4.02178,4.02515,3.98822,4.00709
2020-06-01,3.99202,3.99807,3.9512,3.95523
2020-06-02,3.95513,3.96457,3.91791,3.9261
2020-06-03,3.9261,3.94651,3.89561,3.92723
2020-06-04,3.92735,3.97808,3.8881,3.91344
2020-06-05,3.91344,3.93836,3.8904,3.92799
2020-06-08,3.92982,3.94476,3.90988,3.91811
2020-06-09,3.91843,3.95338,3.90889,3.92082
2020-06-10,3.92145,3.93525,3.89201,3.91259
2020-06-11,3.91254,3.96407,3.90771,3.96002
2020-06-12,3.96021,3.97442,3.9215,3.94855
2020-06-15,3.95861,3.97215,3.89977,3.90006
2020-06-16,3.90011,3.9642,3.88991,3.94966
2020-06-17,3.94966,3.98545,3.9364,3.97014
2020-06-18,3.97039,3.98365,3.95205,3.971
2020-06-19,3.97123,4.00059,3.95457,3.99219
2020-06-22,3.98409,4.00198,3.93975,3.94229
2020-06-23,3.9423,3.95853,3.91365,3.9328
2020-06-24,3.9329,3.96204,3.92393,3.95835
2020-06-25,3.95809,3.99265,3.9571,3.97171
2020-06-26,3.97192,3.99063,3.96459,3.97878
2020-06-29,3.98165,3.98375,3.95608,3.96451
2020-06-30,3.96451,3.98905,3.94544,3.95887
2020-07-01,3.95874,3.98706,3.948,3.97701
2020-07-02,3.9756,3.97926,3.94905,3.97218
2020-07-03,3.97194,3.9836,3.96124,3.9702
2020-07-06,3.96722,3.97142,3.93724,3.94699
2020-07-07,3.94749,3.97185,3.93764,3.9705
2020-07-08,3.97045,3.97569,3.94665,3.9488
2020-07-09,3.94881,3.96678,3.93096,3.96202
2020-07-10,3.96161,3.97746,3.94221,3.95161
2020-07-13,3.9498,3.96175,3.9371,3.95968
2020-07-14,3.96018,3.9657,3.92071,3.92448
2020-07-15,3.92438,3.92675,3.90292,3.9224
2020-07-16,3.92267,3.94601,3.91271,3.94019
2020-07-17,3.94019,3.94109,3.91317,3.91545
2020-07-20,3.92555,3.9261,3.8899,3.8949
2020-07-21,3.89495,3.89909,3.84122,3.84408
2020-07-22,3.84375,3.85987,3.81009,3.82095
2020-07-23,3.8207,3.82804,3.78596,3.80323
2020-07-24,3.80342,3.80859,3.78257,3.7833
2020-07-27,3.7852,3.78675,3.72719,3.73952
2020-07-28,3.73942,3.7691,3.7296,3.76376
2020-07-29,3.76376,3.77675,3.73385,3.73799
2020-07-30,3.73799,3.76143,3.71995,3.72304
2020-07-31,3.72289,3.75114,3.69908,3.74482
2020-08-03,3.75165,3.77954,3.74125,3.75138
2020-08-04,3.75079,3.75843,3.7231,3.72765
2020-08-05,3.7277,3.72875,3.69385,3.70847
2020-08-06,3.70858,3.73015,3.68898,3.71712
2020-08-07,3.71696,3.75271,3.71635,3.74428
2020-08-10,3.74,3.7529,3.73097,3.74819
2020-08-11,3.7484,3.75899,3.72655,3.75276
2020-08-12,3.75275,3.76348,3.72469,3.73585
2020-08-13,3.73584,3.7364,3.70658,3.723
2020-08-14,3.723,3.73255,3.71351,3.7153
2020-08-17,3.71678,3.7181,3.6973,3.70304
2020-08-18,3.70276,3.70461,3.6606,3.67145
2020-08-19,3.6714,3.71997,3.66244,3.71838
2020-08-20,3.71868,3.72415,3.6942,3.69665
2020-08-21,3.69665,3.75019,3.68575,3.73943
2020-08-24,3.7385,3.74578,3.70794,3.72705
2020-08-25,3.72727,3.7321,3.70634,3.71602
2020-08-26,3.71607,3.74612,3.71255,3.7295
2020-08-27,3.72945,3.75143,3.69904,3.73116
2020-08-28,3.73116,3.73577,3.68109,3.6878
2020-08-31,3.684,3.69755,3.66478,3.68275
2020-09-01,3.68285,3.68802,3.65609,3.68379
2020-09-02,3.68379,3.73825,3.6798,3.72338
2020-09-03,3.72361,3.76003,3.72205,3.74287
2020-09-04,3.74296,3.79336,3.74191,3.76033
2020-09-07,3.76785,3.77641,3.74978,3.75355
2020-09-08,3.75354,3.78718,3.74989,3.78176
2020-09-09,3.78164,3.79123,3.75564,3.76165
2020-09-10,3.76155,3.77559,3.73282,3.76825
2020-09-11,3.76825,3.76825,3.74531,3.75991
2020-09-14,3.7579,3.75815,3.74109,3.74645
2020-09-15,3.7461,3.76255,3.73004,3.76025
2020-09-16,3.76025,3.77398,3.74294,3.76685
2020-09-17,3.76682,3.79392,3.75615,3.76089
2020-09-18,3.76089,3.77021,3.74817,3.76153
2020-09-21,3.76228,3.83504,3.7515,3.8185
2020-09-22,3.8184,3.85121,3.80948,3.83084
2020-09-23,3.83139,3.87661,3.82836,3.87009
2020-09-24,3.87014,3.91997,3.86304,3.89994
2020-09-25,3.90065,3.92413,3.89106,3.91335
2020-09-28,3.91205,3.93647,3.89497,3.93001
2020-09-29,3.93063,3.93989,3.84845,3.8579
2020-09-30,3.85792,3.88953,3.84935,3.86325
2020-10-01,3.86325,3.86778,3.80518,3.8146
2020-10-02,3.8146,3.85283,3.81295,3.84429
2020-10-05,3.84115,3.8442,3.805,3.81591
2020-10-06,3.81569,3.82886,3.79495,3.82499
2020-10-07,3.82494,3.83028,3.80321,3.81005
2020-10-08,3.81005,3.82489,3.80019,3.81815
2020-10-09,3.8183,3.8183,3.77365,3.77866
2020-10-12,3.7799,3.803,3.77187,3.77273
2020-10-13,3.77273,3.83203,3.7712,3.82555
2020-10-14,3.82575,3.85279,3.81811,3.84074
2020-10-15,3.84065,3.8999,3.8384,3.88393
2020-10-16,3.8839,3.90433,3.86844,3.8806
2020-10-19,3.87955,3.89003,3.87214,3.88722
2020-10-20,3.88722,3.90041,3.85315,3.85891
2020-10-21,3.8586,3.87847,3.83775,3.85568
2020-10-22,3.85568,3.88254,3.8507,3.86875
2020-10-23,3.86875,3.88824,3.85081,3.85145
2020-10-26,3.8584,3.88477,3.85024,3.8784
2020-10-27,3.87801,3.89955,3.86612,3.89287
2020-10-28,3.89288,3.95554,3.89135,3.94225
2020-10-29,3.9423,3.97163,3.92929,3.96386
2020-10-30,3.96302,3.96944,3.94483,3.95484
2020-11-02,3.95734,3.97135,3.94505,3.95255
2020-11-03,3.95266,3.9554,3.86895,3.87455
2020-11-04,3.87455,3.9543,3.85649,3.87234
2020-11-05,3.8716,3.87698,3.80388,3.8282
2020-11-06,3.82932,3.83989,3.7864,3.79188
2020-11-09,3.78941,3.80274,3.74734,3.79135
2020-11-10,3.79145,3.82452,3.78138,3.80746
2020-11-11,3.80777,3.82041,3.79689,3.8065
2020-11-12,3.8065,3.81885,3.79162,3.8037
2020-11-13,3.8037,3.81075,3.78742,3.78798
2020-11-16,3.78683,3.79704,3.76331,3.7697
2020-11-17,3.7697,3.7942,3.768,3.7836
2020-11-18,3.78351,3.78924,3.75718,3.76873
2020-11-19,3.76873,3.7914,3.7586,3.76484
2020-11-20,3.76487,3.77148,3.75562,3.76634
2020-11-23,3.76695,3.79315,3.7524,3.77669
2020-11-24,3.77532,3.77629,3.74999,3.7542
2020-11-25,3.7538,3.76478,3.74273,3.74685
2020-11-26,3.7467,3.7649,3.73965,3.75755
2020-11-27,3.75848,3.76965,3.74854,3.75043
2020-11-30,3.75088,3.75731,3.72656,3.7541
2020-12-01,3.75418,3.75543,3.68123,3.68565
2020-12-02,3.6855,3.72113,3.67996,3.69723
2020-12-03,3.69668,3.7064,3.67225,3.6808
2020-12-04,3.68,3.69055,3.67091,3.68429
2020-12-07,3.68588,3.71054,3.67445,3.69495
2020-12-08,3.6947,3.7103,3.67272,3.67435
2020-12-09,3.67425,3.67872,3.64299,3.66955
2020-12-10,3.66955,3.6697,3.64182,3.64652
2020-12-11,3.64657,3.676,3.63862,3.6692
2020-12-14,3.66187,3.684,3.64059,3.65673
2020-12-15,3.65675,3.66699,3.64514,3.6535
2020-12-16,3.65395,3.66335,3.62674,3.6386
2020-12-17,3.63865,3.64125,3.61702,3.61884
2020-12-18,3.61888,3.68952,3.61713,3.65258
2020-12-21,3.6608,3.72984,3.66015,3.67405
2020-12-22,3.67385,3.71041,3.66985,3.7035
2020-12-23,3.7032,3.7076,3.6831,3.6954
2020-12-24,3.69527,3.701,3.68525,3.69729
2020-12-28,3.69228,3.70815,3.66213,3.68028
2020-12-29,3.68028,3.7262,3.65655,3.70353
2020-12-30,3.70353,3.74504,3.6753,3.72484
2020-12-31,3.72475,3.76072,3.70018,3.7346
2021-01-04,3.72685,3.72936,3.68932,3.71945
2021-01-05,3.71911,3.72244,3.68135,3.6892
2021-01-06,3.68891,3.69115,3.6522,3.67254
2021-01-07,3.67234,3.69423,3.66058,3.68358
2021-01-08,3.68352,3.7016,3.6726,3.68907
2021-01-11,3.69213,3.73344,3.69213,3.7239
2021-01-12,3.72375,3.73005,3.70255,3.7051
2021-01-13,3.70525,3.73803,3.70014,3.73522
2021-01-14,3.7355,3.75567,3.72723,3.73695
2021-01-15,3.73695,3.76175,3.73581,3.75767
2021-01-18,3.75788,3.77194,3.74989,3.75407
2021-01-19,3.75514,3.75791,3.73338,3.73851
2021-01-20,3.7385,3.7522,3.72546,3.74481
2021-01-21,3.74431,3.74591,3.72234,3.7254
2021-01-22,3.72539,3.73599,3.72017,3.7322
2021-01-25,3.73024,3.74832,3.72274,3.73872
2021-01-26,3.73878,3.75582,3.73464,3.73645
2021-01-27,3.73601,3.77465,3.73369,3.75678
2021-01-28,3.75678,3.77206,3.73863,3.7464
2021-01-29,3.7467,3.75586,3.71861,3.72404
2021-02-01,3.72655,3.74141,3.72192,3.73925
2021-02-02,3.73922,3.74532,3.71924,3.72069
2021-02-03,3.72065,3.74358,3.71523,3.7271
2021-02-04,3.72712,3.76469,3.72479,3.76147
2021-02-05,3.76147,3.76577,3.72287,3.72343
2021-02-08,3.72394,3.73378,3.7095,3.71502
2021-02-09,3.71542,3.7163,3.6918,3.6924
2021-02-10,3.69241,3.70879,3.68283,3.7055
2021-02-11,3.70558,3.71796,3.70059,3.71054
2021-02-12,3.71054,3.72568,3.70697,3.71196
2021-02-15,3.71055,3.71238,3.69293,3.6976
2021-02-16,3.69765,3.71746,3.68543,3.71336
2021-02-17,3.71336,3.74303,3.71326,3.72915
2021-02-18,3.72917,3.73542,3.71048,3.7135
2021-02-19,3.7135,3.71629,3.69092,3.69956
2021-02-22,3.69894,3.7167,3.69215,3.6954
2021-02-23,3.69335,3.71423,3.6921,3.71107
2021-02-24,3.71091,3.73233,3.69987,3.70386
2021-02-25,3.70395,3.7196,3.68075,3.70835
2021-02-26,3.70835,3.74715,3.70835,3.7466
2021-03-01,3.74428,3.76731,3.73015,3.7633
2021-03-02,3.76305,3.78452,3.75043,3.75724
2021-03-03,3.75724,3.77708,3.74581,3.76559
2021-03-04,3.7655,3.81779,3.76469,3.81017
2021-03-05,3.81017,3.8619,3.80994,3.84951
2021-03-08,3.85037,3.88254,3.84201,3.88038
2021-03-09,3.88085,3.88535,3.83347,3.83997
2021-03-10,3.83974,3.85452,3.83223,3.83747
2021-03-11,3.83747,3.84215,3.81356,3.82475
2021-03-12,3.82485,3.85502,3.82295,3.83254
2021-03-15,3.83502,3.85476,3.82699,3.8493
2021-03-16,3.84895,3.86637,3.84324,3.86099
2021-03-17,3.86099,3.88267,3.8347,3.83795
2021-03-18,3.8381,3.88485,3.83305,3.87729
2021-03-19,3.87726,3.89136,3.86568,3.876
2021-03-22,3.8893,3.89356,3.84505,3.85206
2021-03-23,3.85215,3.90142,3.84348,3.8988
2021-03-24,3.89813,3.92189,3.89807,3.91854
2021-03-25,3.9186,3.94671,3.91255,3.93623
2021-03-26,3.93614,3.95001,3.92574,3.93575
2021-03-29,3.93511,3.97317,3.92555,3.97185
2021-03-30,3.9713,3.97992,3.95475,3.97416
2021-03-31,3.97414,3.9831,3.93994,3.94988
2021-04-01,3.9499,3.95562,3.89365,3.8999
2021-04-05,3.91585,3.9234,3.87856,3.8882
2021-04-06,3.8882,3.90454,3.86398,3.8666
2021-04-07,3.8667,3.87655,3.83191,3.85424
2021-04-08,3.85424,3.85606,3.80854,3.81554
2021-04-09,3.81565,3.83583,3.80114,3.80601
2021-04-12,3.80999,3.81849,3.79413,3.80144
2021-04-13,3.80144,3.84404,3.79986,3.82111
2021-04-14,3.82113,3.8219,3.79833,3.80329
2021-04-15,3.80304,3.8124,3.7956,3.80251
2021-04-16,3.80251,3.81168,3.78658,3.79269
2021-04-19,3.79517,3.80673,3.7729,3.7813
2021-04-20,3.7813,3.78755,3.769,3.78276
2021-04-21,3.78263,3.8025,3.77841,3.78535
2021-04-22,3.7851,3.80377,3.77471,3.7967
2021-04-23,3.79615,3.80233,3.7642,3.76462
2021-04-26,3.76301,3.78023,3.7586,3.7715
2021-04-27,3.77106,3.78765,3.77062,3.77883
2021-04-28,3.77883,3.80757,3.77107,3.77531
2021-04-29,3.7753,3.78497,3.76087,3.76727
2021-04-30,3.76713,3.79375,3.75848,3.79148
2021-05-03,3.79001,3.79382,3.7612,3.76451
2021-05-04,3.76432,3.80305,3.76427,3.79373
2021-05-05,3.79371,3.82144,3.78553,3.80902
2021-05-06,3.809,3.81883,3.78621,3.78943
2021-05-07,3.78947,3.79945,3.74025,3.7439
2021-05-10,3.74015,3.76453,3.73907,3.75772
2021-05-11,3.75747,3.76803,3.73538,3.73854
2021-05-12,3.73856,3.7746,3.73663,3.77333
2021-05-13,3.77342,3.77458,3.73881,3.74795
2021-05-14,3.748,3.75083,3.72365,3.72977
2021-05-17,3.7292,3.74215,3.72129,3.72509
2021-05-18,3.72499,3.72699,3.69412,3.69836
2021-05-19,3.69844,3.71894,3.69261,3.713
2021-05-20,3.713,3.71845,3.67296,3.6749
2021-05-21,3.6744,3.69729,3.67035,3.6895
2021-05-24,3.68995,3.69165,3.66529,3.6702
2021-05-25,3.6702,3.6714,3.65365,3.65935
2021-05-26,3.65925,3.69396,3.65375,3.6911
2021-05-27,3.69085,3.69695,3.67131,3.68402
2021-05-28,3.6839,3.69706,3.67257,3.67656
2021-05-31,3.67592,3.68282,3.66191,3.66317
2021-06-01,3.66285,3.66758,3.64016,3.65203
2021-06-02,3.65199,3.67578,3.6476,3.65105
2021-06-03,3.6512,3.68349,3.64819,3.67453
2021-06-04,3.67454,3.69481,3.66118,3.66406
2021-06-07,3.66525,3.67673,3.65585,3.6632
2021-06-08,3.6632,3.67455,3.66072,3.66634
2021-06-09,3.66634,3.67583,3.64977,3.67085
2021-06-10,3.67095,3.68884,3.66326,3.67125
2021-06-11,3.67125,3.72185,3.66492,3.71666
2021-06-14,3.71146,3.73113,3.70438,3.72455
2021-06-15,3.7249,3.74096,3.71145,3.73235
2021-06-16,3.73235,3.77725,3.7072,3.772
2021-06-17,3.772,3.83149,3.769,3.8286
2021-06-18,3.8282,3.84508,3.81015,3.83458
2021-06-21,3.83805,3.84225,3.79706,3.7987
2021-06-22,3.7987,3.81905,3.77849,3.781
2021-06-23,3.7809,3.80959,3.77565,3.78718
2021-06-24,3.78722,3.80623,3.78269,3.78715
2021-06-25,3.78698,3.78973,3.768,3.77966
2021-06-28,3.7834,3.78901,3.77013,3.7743
2021-06-29,3.77453,3.80353,3.77165,3.79715
2021-06-30,3.79783,3.8198,3.78774,3.81105
2021-07-01,3.81105,3.82072,3.79411,3.8087
2021-07-02,3.80975,3.83429,3.79206,3.79961
2021-07-05,3.8051,3.80909,3.79195,3.7975
2021-07-06,3.79758,3.8216,3.78143,3.81645
2021-07-07,3.8165,3.85065,3.8124,3.83935
2021-07-08,3.83945,3.85094,3.82855,3.8365
2021-07-09,3.8365,3.8449,3.82664,3.82683
2021-07-12,3.82745,3.84967,3.82127,3.83631
2021-07-13,3.8376,3.89888,3.8331,3.8928
2021-07-14,3.89335,3.89753,3.84765,3.8588
2021-07-15,3.85885,3.88484,3.85529,3.8777
2021-07-16,3.87783,3.89031,3.8731,3.88322
2021-07-19,3.88075,3.9019,3.87982,3.89607
2021-07-20,3.89606,3.91211,3.89088,3.89825
2021-07-21,3.89825,3.91386,3.87641,3.88262
2021-07-22,3.88262,3.88624,3.85414,3.87665
2021-07-23,3.87708,3.89169,3.87454,3.88704
2021-07-26,3.88715,3.90153,3.88246,3.8898
2021-07-27,3.88975,3.90783,3.87849,3.8904
2021-07-28,3.89055,3.90819,3.87785,3.87815
2021-07-29,3.87835,3.88275,3.8422,3.84405
2021-07-30,3.84405,3.85658,3.82992,3.85285
2021-08-02,3.84825,3.8525,3.82875,3.84195
2021-08-03,3.8419,3.84443,3.82715,3.8381
2021-08-04,3.83825,3.8451,3.81036,3.8394
2021-08-05,3.83911,3.85599,3.83338,3.8376
2021-08-06,3.83794,3.89172,3.83643,3.89101
2021-08-09,3.8902,3.89755,3.87762,3.88811
2021-08-10,3.88836,3.90934,3.88206,3.90425
2021-08-11,3.9041,3.92167,3.8935,3.90045
2021-08-12,3.90045,3.91368,3.89363,3.90155
2021-08-13,3.90155,3.90155,3.86804,3.87043
2021-08-16,3.87053,3.88097,3.86819,3.87345
2021-08-17,3.87305,3.90025,3.87073,3.89685
2021-08-18,3.89665,3.902,3.8776,3.88975
2021-08-19,3.88975,3.92988,3.88775,3.9251
2021-08-20,3.92505,3.93619,3.91551,3.9164
2021-08-23,3.91265,3.92033,3.89903,3.9016
2021-08-24,3.902,3.91003,3.88529,3.89215
2021-08-25,3.89215,3.90518,3.88305,3.88735
2021-08-26,3.88725,3.89602,3.88026,3.89095
2021-08-27,3.891,3.90111,3.87565,3.87903
2021-08-30,3.8784,3.88165,3.8618,3.8652
2021-08-31,3.865,3.86595,3.81771,3.83065
2021-09-01,3.83065,3.83865,3.79696,3.80626
2021-09-02,3.80627,3.81317,3.79846,3.79912
2021-09-03,3.79975,3.80515,3.78632,3.7926
2021-09-06,3.7945,3.81624,3.79185,3.8102
2021-09-07,3.81025,3.81665,3.8023,3.80974
2021-09-08,3.8093,3.82834,3.80665,3.82265
2021-09-09,3.82305,3.8502,3.81724,3.84082
2021-09-10,3.84082,3.84882,3.83538,3.84652
2021-09-13,3.8467,3.8653,3.84625,3.85225
2021-09-14,3.85215,3.86075,3.8405,3.8495
2021-09-15,3.84957,3.86895,3.8445,3.86312
2021-09-16,3.86311,3.89928,3.85734,3.88482
2021-09-17,3.88481,3.91709,3.88313,3.9131
2021-09-20,3.9127,3.9334,3.9127,3.92861
2021-09-21,3.92823,3.9472,3.91955,3.94069
2021-09-22,3.94067,3.95954,3.92915,3.95425
2021-09-23,3.95439,3.95754,3.91884,3.92755
2021-09-24,3.92755,3.9418,3.923,3.93098
2021-09-27,3.93147,3.93675,3.92097,3.93074
2021-09-28,3.93072,3.97427,3.92859,3.9676
2021-09-29,3.96775,3.99837,3.96029,3.99415
2021-09-30,3.9944,4.0164,3.9592,3.98072
2021-10-01,3.98073,3.99006,3.94427,3.9467
2021-10-04,3.94604,3.95827,3.92267,3.95526
2021-10-05,3.9543,3.98395,3.94825,3.97025
2021-10-06,3.97005,4.0066,3.9353,3.93625
2021-10-07,3.93599,3.9705,3.9278,3.9691
2021-10-08,3.9689,3.99895,3.96738,3.97995
2021-10-11,3.97924,3.99542,3.95945,3.96915
2021-10-12,3.9644,3.97647,3.96065,3.97515
2021-10-13,3.9754,3.97714,3.94236,3.94545
2021-10-14,3.94565,3.95151,3.93165,3.9396
2021-10-15,3.9393,3.94993,3.92821,3.93671
2021-10-18,3.93237,3.95967,3.92915,3.9487
2021-10-19,3.94863,3.95116,3.91915,3.9421
2021-10-20,3.9423,3.95215,3.92975,3.9357
2021-10-21,3.9358,3.965,3.92686,3.96185
2021-10-22,3.9619,3.96456,3.94855,3.95084
2021-10-25,3.9518,3.9837,3.93538,3.97368
2021-10-26,3.97368,3.9843,3.95588,3.97525
2021-10-27,3.97575,3.98845,3.96827,3.98235
2021-10-28,3.98235,3.99786,3.95005,3.95515
2021-10-29,3.9559,3.9978,3.95348,3.9907
2021-11-01,3.98921,3.99888,3.97524,3.97949
2021-11-02,3.97955,3.98541,3.96518,3.97818
2021-11-03,3.97816,3.97952,3.94455,3.9471
2021-11-04,3.94719,3.99421,3.94458,3.98359
2021-11-05,3.98339,4.01091,3.97275,3.9748
2021-11-08,3.9773,3.98021,3.95584,3.96321
2021-11-09,3.96322,3.9709,3.95331,3.9616
2021-11-10,3.96169,4.02173,3.96074,4.01668
2021-11-11,4.01663,4.0503,4.0099,4.04969
2021-11-12,4.04995,4.06281,4.04097,4.05432
2021-11-15,4.05525,4.087,4.03755,4.08345
2021-11-16,4.08355,4.11656,4.07922,4.10725
2021-11-17,4.10545,4.12885,4.10535,4.1189
2021-11-18,4.1183,4.12014,4.1009,4.10665
2021-11-19,4.10659,4.16333,4.10207,4.15611
2021-11-22,4.16008,4.1949,4.1551,4.1899
2021-11-23,4.1899,4.20125,4.17332,4.181
2021-11-24,4.181,4.18775,4.15601,4.17715
2021-11-25,4.1773,4.17869,4.15641,4.17341
2021-11-26,4.17339,4.1919,4.15735,4.15987
2021-11-29,4.16835,4.17725,4.1434,4.14755
2021-11-30,4.14765,4.14993,4.09702,4.11015
2021-12-01,4.10775,4.11428,4.0644,4.08589
2021-12-02,4.08588,4.08651,4.04785,4.06646
2021-12-03,4.0665,4.09327,4.04966,4.0669
2021-12-06,4.06535,4.08195,4.0557,4.06854
2021-12-07,4.0682,4.09145,4.0649,4.0667
2021-12-08,4.0663,4.0772,4.04945,4.0684
2021-12-09,4.0684,4.08701,4.06177,4.0788
2021-12-10,4.0788,4.1005,4.07115,4.08252
2021-12-13,4.08354,4.11213,4.0826,4.112
2021-12-14,4.1113,4.11874,4.08916,4.11445
2021-12-15,4.11445,4.1232,4.0889,4.09243
2021-12-16,4.09251,4.1025,4.0782,4.0887
2021-12-17,4.08972,4.12213,4.07889,4.12213
2021-12-20,4.1222,4.12335,4.09545,4.10355
2021-12-21,4.10347,4.107,4.08786,4.09629
2021-12-22,4.09675,4.1074,4.08306,4.09348
2021-12-23,4.09173,4.0999,4.08205,4.08489
2021-12-24,4.08489,4.09245,4.07249,4.0845
2021-12-27,4.08468,4.09165,4.0591,4.07593
2021-12-28,4.07348,4.07805,4.05455,4.06977
2021-12-29,4.06972,4.08284,4.044,4.05128
2021-12-30,4.05313,4.06968,4.04549,4.05966
2021-12-31,4.05965,4.0622,4.02812,4.0341
2022-01-03,4.03605,4.05765,4.03246,4.05161
2022-01-04,4.0512,4.06096,4.03238,4.04528
2022-01-05,4.0455,4.04842,4.02479,4.04798
2022-01-06,4.04803,4.05955,4.01955,4.03205
2022-01-07,4.03205,4.03493,3.9985,4.0007
2022-01-10,4.0015,4.02209,3.9965,4.00805
2022-01-11,4.00795,4.01485,3.98955,3.99075
2022-01-12,3.99043,3.9999,3.95035,3.9559
2022-01-13,3.95575,3.96655,3.9428,3.965
2022-01-14,3.96365,3.98195,3.9513,3.97372
2022-01-17,3.9741,3.98105,3.9542,3.96745
2022-01-18,3.9671,4.01,3.96015,4.00328
2022-01-19,4.00422,4.0133,3.9814,3.99025
2022-01-20,3.98739,4.00595,3.97164,4.00065
2022-01-21,3.9974,4.0104,3.9747,3.9948
2022-01-24,3.99035,4.04856,3.98976,4.0321
2022-01-25,4.0321,4.07695,4.02982,4.05446
2022-01-26,4.0545,4.08365,4.04995,4.07835
2022-01-27,4.07845,4.1037,4.07644,4.09245
2022-01-28,4.09185,4.12355,4.08997,4.1132
2022-01-31,4.11282,4.12166,4.0748,4.0782
2022-02-01,4.07825,4.08325,4.05081,4.05615
2022-02-02,4.05797,4.05812,4.00973,4.0167
2022-02-03,4.0168,4.0281,3.95614,3.97085
2022-02-04,3.97199,3.99992,3.9551,3.98645
2022-02-07,3.98097,3.99482,3.96175,3.96329
2022-02-08,3.9648,3.98395,3.96168,3.96387
2022-02-09,3.96409,3.96853,3.92445,3.9361
2022-02-10,3.93575,3.95977,3.913,3.94256
2022-02-11,3.94263,4.03945,3.94221,4.02721
2022-02-14,4.02995,4.05515,3.99985,4.02625
2022-02-15,4.02883,4.03248,3.95326,3.96015
2022-02-16,3.95993,3.96664,3.93821,3.95795
2022-02-17,3.95795,3.98761,3.9493,3.98388
2022-02-18,3.98401,4.01055,3.96765,4.00155
2022-02-21,4.00171,4.0191,3.9621,4.01891
2022-02-22,4.0184,4.03305,3.99411,4.01497
2022-02-23,4.01489,4.05943,3.98845,4.05943
2022-02-24,4.06012,4.24163,4.0578,4.13536
2022-02-25,4.13566,4.18125,4.11135,4.11907
2022-02-28,4.2116,4.22265,4.16864,4.19083
2022-03-01,4.19085,4.31091,4.16766,4.26247
2022-03-02,4.26142,4.35524,4.25622,4.27071
2022-03-03,4.27088,4.36075,4.26714,4.35335
2022-03-04,4.35499,4.48641,4.35033,4.47808
2022-03-07,4.49695,4.6203,4.49117,4.58941
2022-03-08,4.59035,4.60473,4.44264,4.50282
2022-03-09,4.50199,4.51151,4.29492,4.31329
2022-03-10,4.31679,4.3975,4.30745,4.34979
2022-03-11,4.34843,4.38715,4.32507,4.3837
2022-03-14,4.38929,4.39541,4.29107,4.3336
2022-03-15,4.33345,4.34135,4.2841,4.29305
2022-03-16,4.29245,4.30613,4.21957,4.235
2022-03-17,4.2348,4.25925,4.1978,4.2211
2022-03-18,4.2211,4.2884,4.21177,4.26425
2022-03-21,4.26992,4.2745,4.22788,4.26055
2022-03-22,4.26045,4.28485,4.23405,4.2394
2022-03-23,4.2399,4.29815,4.23651,4.2977
2022-03-24,4.29895,4.35555,4.28115,4.3384
2022-03-25,4.3382,4.34155,4.2626,4.26385
2022-03-28,4.26824,4.31532,4.26692,4.2721
2022-03-29,4.2721,4.2945,4.17098,4.1976
2022-03-30,4.1976,4.2071,4.14961,4.15915
2022-03-31,4.1593,4.20915,4.15014,4.1994
2022-04-01,4.19895,4.21182,4.1911,4.19311
2022-04-04,4.20516,4.22505,4.19515,4.20735
2022-04-05,4.213,4.27015,4.2077,4.25918
2022-04-06,4.2593,4.28573,4.21366,4.27549
2022-04-07,4.27549,4.2809,4.2331,4.26049
2022-04-08,4.2588,4.28262,4.25461,4.2576
2022-04-11,4.2532,4.28804,4.24775,4.28455
2022-04-12,4.2842,4.29955,4.26086,4.2835
2022-04-13,4.28295,4.29383,4.25635,4.26091
2022-04-14,4.26063,4.32337,4.24315,4.28734
2022-04-18,4.28372,4.2971,4.26721,4.2882
2022-04-19,4.2882,4.31427,4.27754,4.30465
2022-04-20,4.30444,4.31425,4.26054,4.27767
2022-04-21,4.27542,4.28925,4.2467,4.2799
2022-04-22,4.28015,4.316,4.27001,4.3115
2022-04-25,4.29983,4.35675,4.2934,4.3356
2022-04-26,4.3329,4.44095,4.3201,4.43295
2022-04-27,4.43235,4.4749,4.41225,4.45955
2022-04-28,4.45975,4.49295,4.41987,4.4692
2022-04-29,4.46865,4.47325,4.39902,4.43105
2022-05-02,4.43568,4.4778,4.41655,4.46877
2022-05-03,4.4674,4.48645,4.4397,4.45961
2022-05-04,4.45961,4.47245,4.36988,4.37909
2022-05-05,4.37875,4.4733,4.37005,4.44335
2022-05-06,4.442,4.4805,4.43206,4.4677
2022-05-09,4.46118,4.49398,4.42551,4.44358
2022-05-10,4.44305,4.4531,4.4192,4.44525
2022-05-11,4.44505,4.45073,4.40545,4.44315
2022-05-12,4.44286,4.50309,4.44056,4.4982
2022-05-13,4.49385,4.52779,4.4803,4.5105
2022-05-16,4.50308,4.5063,4.4624,4.4645
2022-05-17,4.4649,4.4671,4.40305,4.4109
2022-05-18,4.41075,4.44465,4.40196,4.44138
2022-05-19,4.4416,4.4455,4.38485,4.38775
2022-05-20,4.38796,4.4051,4.37539,4.382
2022-05-23,4.38097,4.384,4.30768,4.31405
2022-05-24,4.31405,4.32775,4.27421,4.2823
2022-05-25,4.28187,4.33796,4.27879,4.30891
2022-05-26,4.30919,4.32418,4.28965,4.2924
2022-05-27,4.29263,4.3007,4.25417,4.26008
2022-05-30,4.2623,4.26599,4.2377,4.25367
2022-05-31,4.25364,4.2882,4.2523,4.2712
2022-06-01,4.2712,4.32095,4.26467,4.30866
2022-06-02,4.3065,4.3106,4.25435,4.26109
2022-06-03,4.26109,4.29295,4.25175,4.27845
2022-06-06,4.27968,4.29451,4.267,4.28711
2022-06-07,4.28739,4.3052,4.27245,4.27361
2022-06-08,4.27376,4.29422,4.2535,4.2783
2022-06-09,4.28035,4.34045,4.2613,4.3377
2022-06-10,4.3362,4.3958,4.3207,4.3849
2022-06-13,4.37772,4.47816,4.36749,4.47067
2022-06-14,4.46985,4.48145,4.4289,4.472
2022-06-15,4.47185,4.5127,4.44105,4.46163
2022-06-16,4.4611,4.54475,4.45255,4.4805
2022-06-17,4.48205,4.49115,4.45454,4.45725
2022-06-20,4.46442,4.47022,4.41075,4.4221
2022-06-21,4.42205,4.42427,4.3858,4.39969
2022-06-22,4.39972,4.46822,4.39865,4.44907
2022-06-23,4.44878,4.49423,4.4384,4.4718
2022-06-24,4.4718,4.48163,4.4396,4.4404
2022-06-27,4.44606,4.45741,4.4156,4.42526
2022-06-28,4.42597,4.46805,4.41358,4.46437
2022-06-29,4.46515,4.4796,4.4428,4.4724
2022-06-30,4.4724,4.52043,4.45345,4.48525
2022-07-01,4.48525,4.5387,4.48155,4.4954
2022-07-04,4.5014,4.52993,4.4888,4.52135
2022-07-05,4.52115,4.65685,4.51335,4.62305
2022-07-06,4.62622,4.72108,4.6177,4.69006
2022-07-07,4.68955,4.7278,4.66525,4.70865
2022-07-08,4.70635,4.76505,4.67525,4.69515
2022-07-11,4.69602,4.79149,4.6901,4.78665
2022-07-12,4.78515,4.8507,4.77315,4.79996
2022-07-13,4.7969,4.84225,4.76545,4.80295
2022-07-14,4.80295,4.83935,4.7933,4.80937
2022-07-15,4.8078,4.815,4.73065,4.7463
2022-07-18,4.7356,4.74425,4.6866,4.72045
2022-07-19,4.71915,4.7406,4.6284,4.64745
2022-07-20,4.64765,4.70788,4.62395,4.68274
2022-07-21,4.68355,4.69155,4.62915,4.65663
2022-07-22,4.65674,4.7089,4.6222,4.6456
2022-07-25,4.63842,4.65655,4.5782,4.6211
2022-07-26,4.62045,4.71305,4.60435,4.70495
2022-07-27,4.70495,4.74935,4.6783,4.6865
2022-07-28,4.6854,4.74041,4.6672,4.6714
2022-07-29,4.67335,4.6821,4.61383,4.63744
2022-08-01,4.64035,4.64996,4.58305,4.59775
2022-08-02,4.59695,4.66035,4.58328,4.65515
2022-08-03,4.6552,4.66345,4.59735,4.61946
2022-08-04,4.61946,4.65255,4.59605,4.59935
2022-08-05,4.59745,4.6438,4.5898,4.62585
2022-08-08,4.63081,4.63724,4.5975,4.60795
2022-08-09,4.60755,4.6182,4.5876,4.60231
2022-08-10,4.60285,4.6217,4.50795,4.5406
2022-08-11,4.5407,4.55345,4.51425,4.53912
2022-08-12,4.53912,4.55935,4.53392,4.54105
2022-08-15,4.54405,4.61475,4.53945,4.60985
2022-08-16,4.60955,4.64576,4.58075,4.59849
2022-08-17,4.58832,4.63687,4.58259,4.62189
2022-08-18,4.6223,4.69643,4.61385,4.68535
2022-08-19,4.6865,4.73575,4.68295,4.7294
2022-08-22,4.73256,4.80019,4.7253,4.78896
2022-08-23,4.79152,4.8232,4.76445,4.78608
2022-08-24,4.78215,4.81525,4.76629,4.78459
2022-08-25,4.7857,4.78725,4.74287,4.75102
2022-08-26,4.75087,4.7637,4.70529,4.75721
2022-08-29,4.7621,4.79128,4.7156,4.73739
2022-08-30,4.73755,4.74495,4.70305,4.7175
2022-08-31,4.7175,4.75035,4.6828,4.70088
2022-09-01,4.69965,4.76036,4.6904,4.74304
2022-09-02,4.74212,4.75195,4.6824,4.74278
2022-09-05,4.75433,4.79335,4.74612,4.751
2022-09-06,4.7505,4.7844,4.71295,4.77406
2022-09-07,4.7748,4.796,4.70192,4.70885
2022-09-08,4.71234,4.74675,4.69646,4.7078
2022-09-09,4.70785,4.7085,4.652,4.66994
2022-09-12,4.6565,4.67236,4.60435,4.639
2022-09-13,4.63985,4.73555,4.6172,4.7336
2022-09-14,4.73207,4.74663,4.7085,4.7254
2022-09-15,4.72535,4.7475,4.71481,4.72575
2022-09-16,4.7265,4.74705,4.70303,4.71225
2022-09-19,4.71411,4.73429,4.6917,4.69465
2022-09-20,4.69545,4.76176,4.68135,4.7405
2022-09-21,4.7405,4.8682,4.73734,4.85248
2022-09-22,4.85175,4.87545,4.8138,4.83395
2022-09-23,4.83395,4.9215,4.82325,4.91156
2022-09-26,4.90295,4.96882,4.88121,4.9504
2022-09-27,4.9498,5.00409,4.91367,4.98879
2022-09-28,4.9887,5.06062,4.9275,4.93982
2022-09-29,4.93928,5.05094,4.93881,4.94285
2022-09-30,4.94274,4.99169,4.9261,4.9573
2022-10-03,4.94525,4.96441,4.8969,4.91551
2022-10-04,4.91573,4.9233,4.81205,4.82235
2022-10-05,4.82235,4.9159,4.80814,4.87425
2022-10-06,4.8746,4.99472,4.85485,4.98649
2022-10-07,4.98208,5.00848,4.94684,4.99025
2022-10-10,4.9952,5.0411,4.98312,5.00527
2022-10-11,5.00785,5.02742,4.94533,4.99539
2022-10-12,4.9983,5.0133,4.97745,4.99225
2022-10-13,4.99395,5.03426,4.89726,4.91478
2022-10-14,4.9189,4.97588,4.89225,4.9371
2022-10-17,4.94807,4.98357,4.8713,4.87455
2022-10-18,4.87345,4.90012,4.8508,4.85435
2022-10-19,4.8547,4.91875,4.8491,4.91142
2022-10-20,4.9134,4.92819,4.84183,4.87495
2022-10-21,4.87545,4.93238,4.83441,4.84337
2022-10-24,4.83421,4.88545,4.8304,4.84942
2022-10-25,4.84901,4.8571,4.76821,4.78211
2022-10-26,4.78195,4.7971,4.70329,4.70555
2022-10-27,4.70553,4.75525,4.69995,4.73901
2022-10-28,4.7399,4.76327,4.7232,4.7344
2022-10-31,4.74133,4.78025,4.73112,4.7724
2022-11-01,4.7724,4.77484,4.7279,4.76255
2022-11-02,4.76255,4.7957,4.71155,4.7946
2022-11-03,4.79345,4.8431,4.77918,4.81495
2022-11-04,4.81485,4.81767,4.70151,4.7073
2022-11-07,4.72282,4.73254,4.65715,4.66296
2022-11-08,4.66196,4.7042,4.6408,4.6564
2022-11-09,4.6543,4.71735,4.64738,4.70645
2022-11-10,4.7063,4.749,4.5863,4.59706
2022-11-11,4.59738,4.61524,4.51558,4.51748
2022-11-14,4.531,4.569,4.51708,4.5639
2022-11-15,4.56574,4.61623,4.47642,4.56325
2022-11-16,4.55769,4.62595,4.49975,4.5197
2022-11-17,4.5209,4.57425,4.50715,4.5404
2022-11-18,4.54055,4.56056,4.52395,4.55125
2022-11-21,4.5529,4.60725,4.55035,4.58435
2022-11-22,4.5843,4.59485,4.56385,4.56445
2022-11-23,4.56465,4.5703,4.5182,4.52135
2022-11-24,4.52135,4.52955,4.50125,4.5134
2022-11-25,4.51345,4.53143,4.4992,4.50788
2022-11-28,4.52415,4.54039,4.45945,4.5326
2022-11-29,4.53215,4.5335,4.49726,4.53
2022-11-30,4.52915,4.54272,4.47705,4.487
2022-12-01,4.487,4.51538,4.4493,4.4571
2022-12-02,4.45705,4.4969,4.439,4.44165
2022-12-05,4.43695,4.4955,4.4129,4.4889
2022-12-06,4.4888,4.50475,4.45485,4.4825
2022-12-07,4.48285,4.49575,4.45365,4.47228
2022-12-08,4.4722,4.48195,4.43259,4.43512
2022-12-09,4.43455,4.4648,4.4204,4.45223
2022-12-12,4.4504,4.4716,4.43385,4.45195
2022-12-13,4.45275,4.4589,4.39355,4.40777
2022-12-14,4.40756,4.43602,4.37915,4.383
2022-12-15,4.38495,4.43515,4.36761,4.41477
2022-12-16,4.4133,4.42597,4.39528,4.42435
2022-12-19,4.42695,4.43545,4.39745,4.42105
2022-12-20,4.4209,4.43386,4.38708,4.39545
2022-12-21,4.39634,4.40485,4.3757,4.39513
2022-12-22,4.39545,4.39545,4.36623,4.3773
2022-12-23,4.3767,4.3844,4.3633,4.373
2022-12-27,4.36557,4.4229,4.3546,4.39909
2022-12-28,4.39912,4.4265,4.394,4.41675
2022-12-29,4.4164,4.4219,4.37521,4.3931
2022-12-30,4.39275,4.41055,4.3632,4.38031
2023-01-02,4.38063,4.39813,4.36745,4.3784
2023-01-03,4.37705,4.45505,4.37035,4.42944
2023-01-04,4.4291,4.4319,4.389,4.40075
2023-01-05,4.401,4.45595,4.38995,4.4506
2023-01-06,4.4508,4.48177,4.40105,4.4034
2023-01-09,4.4114,4.41286,4.3647,4.3738
2023-01-10,4.37375,4.38215,4.35425,4.3674
2023-01-11,4.367,4.37529,4.34315,4.3567
2023-01-12,4.35555,4.37068,4.32052,4.32855
2023-01-13,4.32885,4.3472,4.31355,4.33395
2023-01-16,4.33291,4.35505,4.3152,4.337
2023-01-17,4.3371,4.35945,4.31635,4.35477
2023-01-18,4.35477,4.376,4.3195,4.3721
2023-01-19,4.3712,4.4017,4.3425,4.35995
2023-01-20,4.35995,4.36465,4.33365,4.33515
2023-01-23,4.33165,4.3443,4.31326,4.33065
2023-01-24,4.33105,4.35043,4.32281,4.3273
2023-01-25,4.32755,4.34304,4.31668,4.3197
2023-01-26,4.3184,4.3453,4.31402,4.32586
2023-01-27,4.32565,4.34261,4.3198,4.33335
2023-01-30,4.33644,4.34591,4.31331,4.3411
2023-01-31,4.3414,4.36247,4.32765,4.33524
2023-02-01,4.33524,4.33905,4.27595,4.27812
2023-02-02,4.2785,4.30429,4.26345,4.29395
2023-02-03,4.29449,4.37203,4.2869,4.37149
2023-02-06,4.3643,4.43356,4.3611,4.42065
2023-02-07,4.41918,4.47399,4.41091,4.42685
2023-02-08,4.42674,4.43056,4.39458,4.42155
2023-02-09,4.42055,4.43295,4.39165,4.42625
2023-02-10,4.42615,4.47976,4.42165,4.4744
2023-02-13,4.4654,4.4933,4.46015,4.46265
2023-02-14,4.46335,4.47205,4.41167,4.44695
2023-02-15,4.44735,4.47217,4.43134,4.45222
2023-02-16,4.4512,4.48605,4.4407,4.47115
2023-02-17,4.4715,4.50146,4.44712,4.44769
2023-02-20,4.45748,4.4656,4.4327,4.4373
2023-02-21,4.4373,4.4658,4.43424,4.4605
2023-02-22,4.46046,4.48338,4.44775,4.48179
2023-02-23,4.4817,4.49313,4.4549,4.46065
2023-02-24,4.46181,4.4836,4.45013,4.47478
2023-02-27,4.47555,4.4827,4.4365,4.44385
2023-02-28,4.4448,4.45815,4.41932,4.44635
2023-03-01,4.44703,4.45375,4.36715,4.37887
2023-03-02,4.37905,4.44381,4.37745,4.43495
2023-03-03,4.43529,4.4473,4.42115,4.4271
2023-03-06,4.43113,4.43315,4.3851,4.391
2023-03-07,4.3912,4.44815,4.3805,4.4441
2023-03-08,4.44585,4.46355,4.42116,4.44195
2023-03-09,4.4419,4.444,4.42085,4.4333
2023-03-10,4.43065,4.4353,4.36892,4.39885
2023-03-13,4.37764,4.41035,4.35028,4.36354
2023-03-14,4.36354,4.39365,4.35655,4.3856
2023-03-15,4.38605,4.46987,4.37392,4.44531
2023-03-16,4.44531,4.46125,4.40994,4.42738
2023-03-17,4.42737,4.43488,4.40092,4.40943
2023-03-20,4.40762,4.43353,4.38447,4.3876
2023-03-21,4.3876,4.39897,4.34509,4.35085
2023-03-22,4.35085,4.3606,4.29105,4.31535
2023-03-23,4.3154,4.32721,4.28355,4.3232
2023-03-24,4.3234,4.3792,4.31917,4.35768
2023-03-27,4.3502,4.35985,4.33867,4.33975
2023-03-28,4.33902,4.3414,4.31045,4.3143
2023-03-29,4.3147,4.33113,4.31016,4.32399
2023-03-30,4.32385,4.33128,4.28185,4.28779
2023-03-31,4.28743,4.31835,4.27788,4.31426
2023-04-03,4.31266,4.3425,4.28103,4.28684
2023-04-04,4.2862,4.29626,4.26313,4.27065
2023-04-05,4.27005,4.30475,4.26311,4.29681
2023-04-06,4.29648,4.30775,4.28305,4.29178
2023-04-10,4.29325,4.32918,4.28669,4.3157
2023-04-11,4.31535,4.31615,4.2702,4.27715
2023-04-12,4.277,4.2799,4.22876,4.23328
2023-04-13,4.23165,4.23705,4.19015,4.19926
2023-04-14,4.19976,4.23051,4.18425,4.22338
2023-04-17,4.22222,4.24285,4.21255,4.2384
2023-04-18,4.23665,4.24208,4.20755,4.21455
2023-04-19,4.2142,4.23844,4.2032,4.21605
2023-04-20,4.21515,4.2222,4.18405,4.19274
2023-04-21,4.19247,4.2114,4.18982,4.19724
2023-04-24,4.1978,4.20394,4.16159,4.16517
2023-04-25,4.1666,4.19416,4.1567,4.18489
2023-04-26,4.18461,4.1912,4.12543,4.15351
2023-04-27,4.15331,4.17415,4.13851,4.1515
2023-04-28,4.1507,4.1807,4.14315,4.16199
2023-05-01,4.16021,4.2017,4.15849,4.19629
2023-05-02,4.19475,4.19961,4.1587,4.16195
2023-05-03,4.1615,4.16281,4.13769,4.14525
2023-05-04,4.1453,4.17186,4.13362,4.16648
2023-05-05,4.16671,4.17406,4.143,4.14946
2023-05-08,4.15188,4.15329,4.13078,4.14465
2023-05-09,4.14458,4.17723,4.14294,4.15149
2023-05-10,4.15555,4.15923,4.10525,4.11575
2023-05-11,4.1158,4.16432,4.10805,4.15753
2023-05-12,4.15793,4.16933,4.14654,4.16415
2023-05-15,4.16334,4.16882,4.13908,4.14325
2023-05-16,4.14315,4.1496,4.11392,4.1301
2023-05-17,4.1297,4.18045,4.12473,4.17
2023-05-18,4.16951,4.22945,4.16655,4.22323
2023-05-19,4.22412,4.2247,4.1722,4.20141
2023-05-22,4.19419,4.20578,4.15959,4.16561
2023-05-23,4.16551,4.18463,4.15707,4.16776
2023-05-24,4.16814,4.19675,4.1508,4.18598
2023-05-25,4.18521,4.2134,4.18521,4.198
2023-05-26,4.1977,4.23415,4.18958,4.22318
2023-05-29,4.22135,4.2302,4.20035,4.2203
2023-05-30,4.22245,4.23548,4.20847,4.22317
2023-05-31,4.22175,4.26419,4.22175,4.24044
2023-06-01,4.24006,4.2545,4.19785,4.20143
2023-06-02,4.20182,4.20182,4.16975,4.19239
2023-06-05,4.1957,4.20506,4.17276,4.18016
2023-06-06,4.17975,4.20752,4.16912,4.18793
2023-06-07,4.18863,4.20186,4.16365,4.192
2023-06-08,4.19225,4.20154,4.14601,4.14851
2023-06-09,4.1475,4.15579,4.12336,4.13186
2023-06-12,4.13511,4.14055,4.10788,4.13322
2023-06-13,4.13309,4.16185,4.1203,4.1543
2023-06-14,4.1538,4.16685,4.0944,4.10441
2023-06-15,4.10284,4.13373,4.05875,4.07148
2023-06-16,4.07148,4.09435,4.055,4.08265
2023-06-19,4.08347,4.0915,4.06566,4.0728
2023-06-20,4.0727,4.08529,4.05571,4.07068
2023-06-21,4.07072,4.0789,4.03315,4.03644
2023-06-22,4.03685,4.04816,4.02155,4.04043
2023-06-23,4.04043,4.0915,4.03631,4.07542
2023-06-26,4.07336,4.0763,4.05855,4.0691
2023-06-27,4.06905,4.07189,4.03339,4.0602
2023-06-28,4.06028,4.11855,4.05686,4.10504
2023-06-29,4.10415,4.11832,4.06427,4.09316
2023-06-30,4.09316,4.11383,4.06066,4.06505
2023-07-03,4.06665,4.08555,4.05643,4.0661
2023-07-04,4.0663,4.07838,4.04889,4.07838
2023-07-05,4.07825,4.11758,4.06405,4.11199
2023-07-06,4.11199,4.15335,4.10295,4.12235
2023-07-07,4.12039,4.13379,4.0578,4.06099
2023-07-10,4.06474,4.07703,4.03749,4.0399
2023-07-11,4.03955,4.06175,4.0232,4.03199
2023-07-12,4.0313,4.04015,3.98046,3.9905
2023-07-13,3.99109,3.99109,3.9564,3.96125
2023-07-14,3.96045,3.98614,3.9557,3.96764
2023-07-17,3.96645,3.97279,3.9467,3.9538
2023-07-18,3.95355,3.96641,3.93556,3.96263
2023-07-19,3.96195,3.98226,3.95152,3.97318
2023-07-20,3.97296,4.00494,3.96372,3.9982
2023-07-21,3.99805,4.02034,3.99209,4.01052
2023-07-24,4.01012,4.02855,3.9944,4.0189
2023-07-25,4.0194,4.02351,4.00036,4.00956
2023-07-26,4.00973,4.01589,3.9837,3.99241
2023-07-27,3.99241,4.03633,3.96355,4.0275
2023-07-28,4.02697,4.0464,3.9936,4.00205
2023-07-31,4.00572,4.0087,3.98484,4.00395
2023-08-01,4.00405,4.0573,4.0025,4.03287
2023-08-02,4.03245,4.0846,4.03245,4.06495
2023-08-03,4.06475,4.09685,4.0589,4.06857
2023-08-04,4.06883,4.0807,4.01456,4.0278
2023-08-07,4.03405,4.0442,4.0163,4.02
2023-08-08,4.02007,4.08337,4.0198,4.06464
2023-08-09,4.06431,4.07994,4.05213,4.06925
2023-08-10,4.0692,4.07318,4.0261,4.04877
2023-08-11,4.0485,4.05636,4.02335,4.04974
2023-08-14,4.05393,4.09755,4.04264,4.0783
2023-08-15,4.0783,4.12288,4.07438,4.10365
2023-08-16,4.10277,4.11127,4.07201,4.10555
2023-08-17,4.10535,4.11716,4.0933,4.1099
2023-08-18,4.1099,4.13045,4.09813,4.10155
2023-08-21,4.10255,4.1184,4.09535,4.10817
2023-08-22,4.10812,4.1258,4.07939,4.12083
2023-08-23,4.12083,4.14675,4.1059,4.11185
2023-08-24,4.11191,4.1463,4.10666,4.14272
2023-08-25,4.14323,4.15445,4.11475,4.13688
2023-08-28,4.13597,4.1453,4.12445,4.1316
2023-08-29,4.1318,4.1462,4.09865,4.10435
2023-08-30,4.10455,4.1217,4.07821,4.08891
2023-08-31,4.08787,4.1309,4.08499,4.12316
2023-09-01,4.1217,4.14698,4.10395,4.14598
2023-09-04,4.14468,4.1485,4.12965,4.14399
2023-09-05,4.14421,4.2011,4.14245,4.18845
2023-09-06,4.188,4.2852,4.18165,4.26015
2023-09-07,4.2609,4.32935,4.25625,4.32364
2023-09-08,4.32493,4.3267,4.28905,4.31618
2023-09-11,4.30953,4.338,4.2927,4.31495
2023-09-12,4.3146,4.3836,4.31,4.33186
2023-09-13,4.33186,4.3561,4.28825,4.31175
2023-09-14,4.3116,4.35991,4.30289,4.35365
2023-09-15,4.35365,4.3596,4.33633,4.3582
2023-09-18,4.3533,4.3599,4.33765,4.338
2023-09-19,4.33788,4.365,4.33715,4.3603
2023-09-20,4.36085,4.37615,4.29597,4.33365
2023-09-21,4.3334,4.36605,4.324,4.32889
2023-09-22,4.3285,4.34545,4.297,4.32425
2023-09-25,4.32826,4.358,4.30675,4.34965
2023-09-26,4.3497,4.36334,4.34135,4.35639
2023-09-27,4.35603,4.41903,4.34535,4.41006
2023-09-28,4.4099,4.41925,4.38171,4.3896
2023-09-29,4.3896,4.3925,4.3562,4.36773
2023-10-02,4.37275,4.40843,4.35425,4.40415
2023-10-03,4.40386,4.43355,4.3987,4.4214
2023-10-04,4.4209,4.448,4.36204,4.3827
2023-10-05,4.38245,4.38745,4.35928,4.36095
2023-10-06,4.36182,4.3897,4.31643,4.32163
2023-10-09,4.33805,4.36089,4.31299,4.3208
2023-10-10,4.32075,4.32745,4.26872,4.27825
2023-10-11,4.2777,4.2826,4.25025,4.263
2023-10-12,4.26345,4.31276,4.25194,4.307
2023-10-13,4.30905,4.32569,4.30065,4.31157
2023-10-16,4.24668,4.2797,4.20944,4.21735
2023-10-17,4.21565,4.2337,4.1689,4.18093
2023-10-18,4.1813,4.23575,4.17985,4.22935
2023-10-19,4.22975,4.2381,4.1951,4.21035
2023-10-20,4.21025,4.22633,4.2014,4.21317
2023-10-23,4.20705,4.21979,4.1783,4.1817
2023-10-24,4.18185,4.21965,4.17005,4.2125
2023-10-25,4.21342,4.245,4.20737,4.23516
2023-10-26,4.23518,4.25505,4.21445,4.2193
2023-10-27,4.21955,4.25065,4.21041,4.22434
2023-10-30,4.227,4.23075,4.18735,4.19074
2023-10-31,4.19069,4.2223,4.16233,4.2128
2023-11-01,4.21275,4.2526,4.2114,4.22406
2023-11-02,4.22401,4.22421,4.1698,4.18785
2023-11-03,4.18785,4.1983,4.14075,4.1545
2023-11-06,4.1568,4.16313,4.14075,4.15747
2023-11-07,4.15785,4.18245,4.1556,4.16735
2023-11-08,4.1671,4.18981,4.14055,4.1498
2023-11-09,4.14812,4.17105,4.129,4.15437
2023-11-10,4.15589,4.16455,4.13108,4.14362
2023-11-13,4.1436,4.1547,4.13345,4.13841
2023-11-14,4.13841,4.14235,4.03905,4.0441
2023-11-15,4.04425,4.06405,4.03022,4.0459
2023-11-16,4.04613,4.0692,4.00705,4.03385
2023-11-17,4.0338,4.0421,4.01935,4.0201
2023-11-20,4.0215,4.02715,3.9728,3.9767
2023-11-21,3.97839,4.01235,3.96125,4.00625
2023-11-22,4.0065,4.0312,3.99555,4.0093
2023-11-23,4.01025,4.013,3.99144,4.00565
2023-11-24,4.00567,4.01565,3.9854,3.9911
2023-11-27,3.988,3.99883,3.96435,3.97059
2023-11-28,3.9703,3.98124,3.92345,3.93085
2023-11-29,3.93055,3.96335,3.9216,3.9585
2023-11-30,3.95933,4.00784,3.952,3.99635
2023-12-01,3.99595,4.0101,3.96706,3.97364
2023-12-04,3.98015,4.014,3.97589,3.9973
2023-12-05,3.99745,4.0129,3.9828,4.00385
2023-12-06,4.00348,4.02756,3.99845,4.02085
2023-12-07,4.0207,4.02825,4.00585,4.01335
2023-12-08,4.01315,4.04195,4.01121,4.03
2023-12-11,4.02417,4.03679,4.015,4.02752
2023-12-12,4.02793,4.03165,4.0059,4.00944
2023-12-13,4.00931,4.01835,3.94645,3.95575
2023-12-14,3.95565,3.9584,3.91732,3.92223
2023-12-15,3.92128,3.97846,3.91647,3.97846
2023-12-18,3.96885,3.99008,3.95517,3.95851
2023-12-19,3.95848,3.9672,3.93634,3.93723
2023-12-20,3.93707,3.97628,3.93707,3.96908
2023-12-21,3.96889,3.97434,3.92862,3.93375
2023-12-22,3.93239,3.94868,3.92487,3.93728
2023-12-26,3.93968,3.94796,3.91697,3.92164
2023-12-27,3.92175,3.92798,3.88673,3.88935
2023-12-28,3.88942,3.92349,3.88487,3.91884
2023-12-29,3.91994,3.93713,3.91295,3.93417
2024-01-02,3.93325,3.9955,3.931,3.99425
2024-01-03,3.99395,4.0052,3.9782,3.98695
2024-01-04,3.98606,3.98872,3.96055,3.97085
2024-01-05,3.97085,4.0054,3.94865,3.97775
2024-01-08,3.9712,3.9886,3.9453,3.95795
2024-01-09,3.95935,3.9813,3.95135,3.97717
2024-01-10,3.9766,3.9818,3.95149,3.9526
2024-01-11,3.9526,3.98645,3.94522,3.96646
2024-01-12,3.96681,3.99005,3.9596,3.9807
2024-01-15,3.97825,4.00125,3.97305,3.99115
2024-01-16,3.99102,4.04361,3.99045,4.0365
2024-01-17,4.03696,4.06479,4.03025,4.03785
2024-01-18,4.03758,4.061,4.03115,4.03345
2024-01-19,4.03349,4.04195,3.99485,3.9956
2024-01-22,3.999,4.01033,3.98589,4.0098
2024-01-23,4.00816,4.05869,3.99045,4.0452
2024-01-24,4.04555,4.04567,3.99851,4.0239
2024-01-25,4.02545,4.04335,4.01415,4.03229
2024-01-26,4.03269,4.04885,4.01586,4.025
2024-01-29,4.0286,4.04959,4.0218,4.0307
2024-01-30,4.03023,4.0439,4.0074,4.0125
2024-01-31,4.01295,4.02915,3.9789,4.00355
2024-02-01,4.0035,4.02392,3.96605,3.96935
2024-02-02,3.96929,4.01515,3.95585,3.99842
2024-02-05,4.00321,4.05255,4.0015,4.0402
2024-02-06,4.0401,4.0595,4.024,4.045
2024-02-07,4.04351,4.04571,4.02625,4.0303
2024-02-08,4.03039,4.0396,4.00335,4.0153
2024-02-09,4.01432,4.019,3.9978,4.01077
2024-02-12,4.01015,4.01995,3.99615,3.99988
2024-02-13,3.9988,4.0559,3.9988,4.04553
2024-02-14,4.04675,4.0673,4.04355,4.04702
2024-02-15,4.04584,4.05165,4.02605,4.03115
2024-02-16,4.0316,4.05035,4.01985,4.02755
2024-02-19,4.02285,4.0295,4.0124,4.0141
2024-02-20,4.01425,4.02135,3.98625,3.9933
2024-02-21,3.99335,4.00765,3.98586,3.9902
2024-02-22,3.99025,4.0026,3.9599,3.99417
2024-02-23,3.99454,4.0095,3.97659,3.9781
2024-02-26,3.9901,3.99567,3.96265,3.97145
2024-02-27,3.9717,3.9834,3.95955,3.9718
2024-02-28,3.97212,3.99325,3.96985,3.98625
2024-02-29,3.9864,3.99981,3.97565,3.99365
2024-03-01,3.9938,4.00235,3.98075,3.98175
2024-03-04,3.98409,3.9876,3.9746,3.98121
2024-03-05,3.98127,3.9893,3.96632,3.97245
2024-03-06,3.97219,3.97743,3.93978,3.94488
2024-03-07,3.94495,3.9561,3.92645,3.9281
2024-03-08,3.92813,3.9443,3.9162,3.9333
2024-03-11,3.9358,3.93595,3.90985,3.9199
2024-03-12,3.9195,3.93515,3.90995,3.925
2024-03-13,3.9249,3.92955,3.90675,3.9117
2024-03-14,3.9117,3.9465,3.90955,3.94445
2024-03-15,3.9445,3.95353,3.93793,3.9511
2024-03-18,3.95151,3.9803,3.948,3.9761
2024-03-19,3.9761,3.9883,3.96945,3.9707
2024-03-20,3.97065,3.99258,3.94198,3.9423
2024-03-21,3.94235,3.9684,3.93695,3.9639
2024-03-22,3.96395,4.003,3.9614,3.9985
2024-03-25,3.9988,4.0014,3.97165,3.97405
2024-03-26,3.97425,3.98205,3.96515,3.97965
2024-03-27,3.97975,3.9969,3.9757,3.98967
2024-03-28,3.98967,4.0088,3.98214,3.99167
2024-04-01,3.98065,4.00594,3.97325,3.9976
2024-04-02,3.9974,4.00715,3.9811,3.9822
2024-04-03,3.98264,3.9913,3.95843,3.96205
2024-04-04,3.962,3.96308,3.93995,3.9598
2024-04-05,3.95975,3.96945,3.94825,3.9498
2024-04-08,3.95082,3.95709,3.92085,3.9257
2024-04-09,3.92612,3.93468,3.91215,3.9256
2024-04-10,3.9261,3.9772,3.9157,3.96963
2024-04-11,3.9699,3.98395,3.9595,3.9716
2024-04-12,3.9715,4.03565,3.9715,4.03073
2024-04-15,4.02881,4.0537,4.009,4.04975
2024-04-16,4.04955,4.12316,4.04932,4.11212
2024-04-17,4.11202,4.1178,4.0593,4.06425
2024-04-18,4.06563,4.07525,4.0438,4.0743
2024-04-19,4.07431,4.11455,4.03665,4.04565
2024-04-22,4.04632,4.0668,4.03465,4.05345
2024-04-23,4.0532,4.068,4.0236,4.0257
2024-04-24,4.02639,4.05565,4.02181,4.0526
2024-04-25,4.0529,4.05825,4.01835,4.02345
2024-04-26,4.02355,4.05055,4.0171,4.03573
2024-04-29,4.03573,4.0493,4.02145,4.0236
2024-04-30,4.02353,4.0646,4.02286,4.06245
2024-05-01,4.06345,4.0738,4.02517,4.0423
2024-05-02,4.03982,4.0585,4.0273,4.0398
2024-05-03,4.03975,4.04015,3.99385,4.01875
2024-05-06,4.0157,4.02701,3.99425,4.0008
2024-05-07,4.00073,4.0149,3.9911,4.0065
2024-05-08,4.0053,4.026,3.9965,4.0013
2024-05-09,4.00095,4.00935,3.97335,3.97835
2024-05-10,3.97875,3.99743,3.9724,3.9971
2024-05-13,3.99176,3.99756,3.96414,3.97205
2024-05-14,3.9713,3.97505,3.9426,3.9465
2024-05-15,3.94705,3.9479,3.91425,3.91715
2024-05-16,3.9173,3.93065,3.91155,3.92078
2024-05-17,3.92019,3.93902,3.91685,3.9188
2024-05-20,3.92215,3.92225,3.91104,3.9156
2024-05-21,3.91605,3.9261,3.9129,3.91635
2024-05-22,3.91605,3.94809,3.9141,3.9444
2024-05-23,3.9448,3.9494,3.924,3.9437
2024-05-24,3.94384,3.94691,3.91788,3.91883
2024-05-27,3.92279,3.9296,3.91318,3.92291
2024-05-28,3.92228,3.92428,3.9007,3.91795
2024-05-29,3.91743,3.96365,3.9139,3.95915
2024-05-30,3.9593,3.97725,3.94289,3.95295
2024-05-31,3.9529,3.9652,3.9152,3.93915
2024-06-03,3.94045,3.96042,3.9169,3.92005
2024-06-04,3.9201,3.96391,3.9138,3.95965
2024-06-05,3.95905,3.9699,3.94433,3.9476
2024-06-06,3.9474,3.9605,3.92246,3.9328
2024-06-07,3.9326,3.9951,3.92839,3.995
2024-06-10,4.00671,4.03705,3.99745,4.01775
2024-06-11,4.01865,4.05165,4.01155,4.0399
2024-06-12,4.0392,4.04325,3.98657,4.00489
2024-06-13,4.0051,4.0512,4.00195,4.0476
2024-06-14,4.04725,4.10351,4.0471,4.0902
2024-06-17,4.08788,4.09805,4.04755,4.0508
2024-06-18,4.05038,4.06635,4.02355,4.03885
2024-06-19,4.0396,4.04855,4.0201,4.02445
2024-06-20,4.02405,4.04473,4.0215,4.0429
2024-06-21,4.04295,4.0626,4.03645,4.04615
2024-06-24,4.04625,4.051,3.99245,3.9984
2024-06-25,3.9978,4.02559,3.9949,4.0128
2024-06-26,4.01365,4.0479,4.00998,4.04125
2024-06-27,4.04071,4.04234,4.02125,4.0277
2024-06-28,4.0277,4.038,4.0158,4.025
2024-07-01,4.02415,4.02745,3.9872,4.0193
2024-07-02,4.0193,4.04305,4.00812,4.01075
2024-07-03,4.01075,4.01453,3.9731,3.98665
2024-07-04,3.98626,3.98835,3.95885,3.9621
2024-07-05,3.96181,3.9684,3.94665,3.95035
2024-07-08,3.9634,3.96348,3.93012,3.9439
2024-07-09,3.94386,3.9459,3.932,3.9363
2024-07-10,3.93646,3.93945,3.9252,3.935
2024-07-11,3.93391,3.93721,3.90185,3.92105
2024-07-12,3.92083,3.92852,3.89745,3.8992
2024-07-15,3.90855,3.91255,3.89145,3.90605
2024-07-16,3.9055,3.93805,3.9035,3.92885
2024-07-17,3.92885,3.93365,3.91925,3.92075
2024-07-18,3.9233,3.9409,3.92108,3.93885
2024-07-19,3.93885,3.94715,3.93165,3.94056
2024-07-22,3.93817,3.94195,3.92528,3.9274
2024-07-23,3.92915,3.95022,3.92645,3.94055
2024-07-24,3.94065,3.96865,3.94065,3.96014
2024-07-25,3.95999,3.97325,3.94286,3.95335
2024-07-26,3.95289,3.95335,3.9281,3.93645
2024-07-29,3.93555,3.9782,3.92931,3.9675
2024-07-30,3.96734,3.97346,3.9515,3.96742
2024-07-31,3.96795,3.97774,3.95235,3.96219
2024-08-01,3.96065,3.99211,3.9595,3.9849
2024-08-02,3.9848,3.99145,3.92565,3.93315
2024-08-05,3.9294,3.9561,3.91394,3.92731
2024-08-06,3.9265,3.96155,3.91915,3.9437
2024-08-07,3.9437,3.96207,3.94277,3.9582
2024-08-08,3.95841,3.9769,3.9458,3.95695
2024-08-09,3.95846,3.96652,3.95169,3.95545
2024-08-12,3.95985,3.96165,3.93082,3.93905
2024-08-13,3.93939,3.9423,3.89782,3.90285
2024-08-14,3.9026,3.90607,3.87862,3.89655
2024-08-15,3.89625,3.9119,3.88266,3.90799
2024-08-16,3.90824,3.91078,3.8665,3.8666
2024-08-19,3.87448,3.87529,3.84735,3.8489
2024-08-20,3.84944,3.85573,3.84084,3.84415
2024-08-21,3.84391,3.8629,3.8306,3.8394
2024-08-22,3.83955,3.86145,3.83483,3.8541
2024-08-23,3.85395,3.85536,3.80947,3.81084
2024-08-26,3.82342,3.84045,3.808,3.8366
2024-08-27,3.83661,3.84295,3.82625,3.8298
2024-08-28,3.82985,3.87545,3.8294,3.86295
2024-08-29,3.86258,3.87866,3.85182,3.871
2024-08-30,3.87074,3.87859,3.8564,3.87392
2024-09-02,3.87691,3.885,3.8541,3.8554
2024-09-03,3.85552,3.88335,3.8548,3.8739
2024-09-04,3.8743,3.87745,3.85455,3.8574
2024-09-05,3.85755,3.86525,3.83855,3.85405
2024-09-06,3.85289,3.8683,3.8331,3.86195
2024-09-09,3.86275,3.8809,3.85935,3.873
2024-09-10,3.8723,3.89115,3.87065,3.8829
2024-09-11,3.88245,3.90339,3.8709,3.893
2024-09-12,3.8935,3.91015,3.86785,3.86815
2024-09-13,3.86878,3.87365,3.85603,3.86388
2024-09-16,3.86559,3.8659,3.83455,3.84225
2024-09-17,3.8422,3.8516,3.82905,3.84529
2024-09-18,3.84509,3.8518,3.81264,3.8424
2024-09-19,3.84285,3.86214,3.81665,3.82995
2024-09-20,3.83015,3.83895,3.82055,3.82505
2024-09-23,3.82705,3.86,3.8234,3.84305
2024-09-24,3.843,3.84755,3.8053,3.807
2024-09-25,3.80705,3.83946,3.79845,3.83375
2024-09-26,3.83335,3.8393,3.82027,3.8252
2024-09-27,3.82522,3.84435,3.8131,3.8306
2024-09-30,3.82943,3.8525,3.81785,3.84505
2024-10-01,3.84505,3.8842,3.8434,3.8737
2024-10-02,3.8735,3.89479,3.8701,3.88725
2024-10-03,3.88711,3.9122,3.88631,3.90515
2024-10-04,3.90525,3.9429,3.90109,3.93311
2024-10-07,3.93221,3.94735,3.93002,3.9392
2024-10-08,3.93855,3.94046,3.9186,3.9202
2024-10-09,3.92025,3.93545,3.9129,3.92655
2024-10-10,3.9266,3.94644,3.92415,3.93335
2024-10-11,3.93325,3.9365,3.91585,3.92485
2024-10-14,3.92835,3.94325,3.92075,3.93606
2024-10-15,3.9357,3.9469,3.9312,3.9404
2024-10-16,3.94039,3.96035,3.93991,3.9579
2024-10-17,3.9581,3.9965,3.95737,3.9752
2024-10-18,3.97528,3.98018,3.96021,3.9633
2024-10-21,3.96398,3.99632,3.96053,3.994
2024-10-22,3.9937,4.00665,3.97755,4.00205
2024-10-23,4.00101,4.0388,4.00024,4.02995
2024-10-24,4.02985,4.03455,4.01165,4.01175
2024-10-25,4.0118,4.02952,4.00865,4.0274
2024-10-28,4.02549,4.0379,4.0167,4.02265
2024-10-29,4.0225,4.03722,4.0103,4.01075
2024-10-30,4.01075,4.0206,3.98635,4.01045
2024-10-31,4.01011,4.01559,3.99322,3.99815
2024-11-01,3.99805,4.0276,3.9934,4.0273
2024-11-04,4.0035,4.0088,3.97377,4.00325
2024-11-05,4.00315,4.00955,3.9834,3.98635
2024-11-06,3.9864,4.0875,3.9824,4.05692
2024-11-07,4.05692,4.065,3.98496,3.9918
2024-11-08,3.992,4.05055,3.99194,4.03745
2024-11-11,4.03685,4.09991,4.03654,4.08814
2024-11-12,4.08803,4.11108,4.08803,4.09775
2024-11-13,4.09985,4.1167,4.06945,4.108
2024-11-14,4.1075,4.138,4.08506,4.10632
2024-11-15,4.10578,4.10912,4.0793,4.1007
2024-11-18,4.1132,4.11425,4.0661,4.0734
2024-11-19,4.07176,4.11925,4.0702,4.09013
2024-11-20,4.0901,4.12775,4.08426,4.1118
2024-11-21,4.11344,4.1534,4.1061,4.14685
2024-11-22,4.148,4.20375,4.13165,4.16315
2024-11-25,4.14405,4.14954,4.09825,4.10915
2024-11-26,4.10915,4.14227,4.0829,4.10636
2024-11-27,4.10611,4.11147,4.06525,4.073
2024-11-28,4.073,4.0934,4.0716,4.08175
2024-11-29,4.0811,4.08155,4.05585,4.05877
2024-12-02,4.06988,4.0997,4.06915,4.082
2024-12-03,4.0821,4.09495,4.07285,4.0867
2024-12-04,4.08725,4.09475,4.05815,4.07225
2024-12-05,4.07225,4.07355,4.02311,4.03175
2024-12-06,4.03155,4.0468,4.01275,4.0389
2024-12-09,4.04215,4.05485,4.0188,4.03265
2024-12-10,4.03217,4.05905,4.0282,4.0443
2024-12-11,4.0439,4.07305,4.03998,4.06985
2024-12-12,4.0696,4.08635,4.05495,4.0828
2024-12-13,4.0825,4.09264,4.0515,4.0604
2024-12-16,4.0618,4.06935,4.0447,4.04925
2024-12-17,4.0492,4.07421,4.0404,4.06975
2024-12-18,4.06975,4.1246,4.05285,4.1233
2024-12-19,4.12361,4.12463,4.08195,4.1073
2024-12-20,4.10737,4.11712,4.0781,4.08481
2024-12-23,4.0838,4.11675,4.07802,4.1012
2024-12-24,4.10027,4.1139,4.09,4.09854
2024-12-26,4.09394,4.1063,4.08653,4.09051
2024-12-27,4.08957,4.10775,4.0894,4.0965
2024-12-30,4.09365,4.1206,4.07675,4.10938
2024-12-31,4.109,4.13585,4.0977,4.12993
2025-01-02,4.1317,4.18084,4.11415,4.16199
2025-01-03,4.16287,4.1644,4.14055,4.1416
2025-01-06,4.14605,4.15105,4.07145,4.0935
2025-01-07,4.0932,4.1224,4.07355,4.11855
2025-01-08,4.11855,4.1606,4.11635,4.1429
2025-01-09,4.14365,4.16575,4.13495,4.1363
2025-01-10,4.13752,4.18265,4.13505,4.16379
2025-01-13,4.16305,4.1954,4.1558,4.1615
2025-01-14,4.1603,4.17465,4.13445,4.13735
2025-01-15,4.1377,4.14888,4.11237,4.1376
2025-01-16,4.13575,4.1581,4.1314,4.14095
2025-01-17,4.1415,4.15031,4.1218,4.14705
2025-01-20,4.1455,4.15142,4.07525,4.08415
2025-01-21,4.0843,4.11594,4.0728,4.07625
2025-01-22,4.0765,4.09065,4.04875,4.0589
2025-01-23,4.05905,4.06765,4.03376,4.04545
2025-01-24,4.0466,4.0498,4.0031,4.0125
2025-01-27,4.0195,4.0373,4.00585,4.01755
2025-01-28,4.01755,4.04515,4.0173,4.02925
2025-01-29,4.0289,4.0611,4.021,4.0331
2025-01-30,4.0331,4.04866,4.01406,4.04555
2025-01-31,4.04581,4.07481,4.03878,4.0668
2025-02-03,4.11505,4.14025,4.08455,4.08745
2025-02-04,4.08715,4.1235,4.05232,4.05715
2025-02-05,4.0558,4.0595,4.0255,4.03775
2025-02-06,4.03775,4.06316,4.0311,4.03555
2025-02-07,4.03565,4.0712,4.02695,4.06011
2025-02-10,4.07157,4.07215,4.04109,4.0596
2025-02-11,4.0603,4.07044,4.01845,4.02745
2025-02-12,4.0277,4.04765,3.98967,4.01
2025-02-13,4.0103,4.02875,3.98201,3.98408
2025-02-14,3.98491,3.99399,3.95633,3.96452
2025-02-17,3.97184,3.97941,3.95847,3.9679
2025-02-18,3.9678,3.98865,3.96701,3.96935
2025-02-19,3.9694,4.01945,3.96643,4.0053
2025-02-20,4.00633,4.0111,3.96136,3.96505
2025-02-21,3.96575,3.98486,3.9609,3.97997
2025-02-24,3.97285,3.97581,3.94817,3.95803
2025-02-25,3.95987,3.96375,3.9369,3.9397
2025-02-26,3.93935,3.95655,3.92704,3.94597
2025-02-27,3.94502,4.0076,3.93835,4.00445
2025-02-28,4.00504,4.05168,3.98141,4.0442
2025-03-03,4.0179,4.0335,3.95957,3.96487
2025-03-04,3.96487,3.97704,3.91738,3.92542
2025-03-05,3.92655,3.9361,3.84767,3.85151
2025-03-06,3.85117,3.87858,3.83861,3.868
2025-03-07,3.86629,3.8745,3.82181,3.84679
2025-03-10,3.84179,3.88521,3.83534,3.87565
2025-03-11,3.8754,3.8754,3.83086,3.8481
2025-03-12,3.84805,3.86193,3.835,3.84771
2025-03-13,3.84771,3.8802,3.84427,3.8557
2025-03-14,3.855,3.86587,3.821,3.8478
2025-03-17,3.84416,3.85088,3.82805,3.83115
2025-03-18,3.83115,3.84306,3.8138,3.82185
2025-03-19,3.82145,3.86209,3.82018,3.84071
2025-03-20,3.84071,3.88614,3.82988,3.86171
2025-03-21,3.86196,3.8873,3.85911,3.87745
2025-03-24,3.8746,3.8789,3.85209,3.86216
2025-03-25,3.86184,3.87118,3.84367,3.85911
2025-03-26,3.85918,3.89948,3.856,3.89725
2025-03-27,3.89727,3.89855,3.86835,3.87584
2025-03-28,3.87583,3.88657,3.8542,3.85953
2025-03-31,3.86095,3.8842,3.84987,3.86775
2025-04-01,3.8674,3.88585,3.86275,3.87705
2025-04-02,3.877,3.8835,3.81965,3.85977
2025-04-03,3.8588,3.87003,3.75816,3.82105
2025-04-04,3.82091,3.90983,3.80732,3.9026
2025-04-07,3.90651,3.94296,3.87808,3.93575
2025-04-08,3.93555,3.93913,3.8907,3.89898
2025-04-09,3.8992,3.89925,3.8552,3.86955
2025-04-10,3.86873,3.884,3.78835,3.8083
2025-04-11,3.8078,3.80815,3.74445,3.7744
2025-04-14,3.79102,3.79116,3.74592,3.7731
2025-04-15,3.7725,3.81154,3.76277,3.8068
2025-04-16,3.80675,3.80675,3.7509,3.75335
2025-04-17,3.7534,3.77805,3.75065,3.76301
2025-04-21,3.75075,3.75384,3.7003,3.7097
2025-04-22,3.70965,3.77207,3.69826,3.77175
2025-04-23,3.7724,3.79098,3.75184,3.78255
2025-04-24,3.7816,3.78693,3.74755,3.75165
2025-04-25,3.7517,3.77957,3.75032,3.7613
2025-04-28,3.7623,3.77418,3.73198,3.73856
2025-04-29,3.7389,3.7561,3.73579,3.7492
2025-04-30,3.74992,3.7856,3.7445,3.77589
2025-05-01,3.77445,3.80277,3.77251,3.7949
2025-05-02,3.79445,3.80102,3.75471,3.78338
2025-05-05,3.78447,3.7872,3.7522,3.77147
2025-05-06,3.7706,3.78895,3.75444,3.7592
2025-05-07,3.7584,3.78473,3.75304,3.77565
2025-05-08,3.77489,3.79325,3.76245,3.78986
2025-05-09,3.78986,3.79526,3.7518,3.76008
2025-05-12,3.78093,3.83377,3.76337,3.82404
2025-05-13,3.82356,3.8319,3.78303,3.79031
2025-05-14,3.79015,3.7951,3.76895,3.7851
2025-05-15,3.78614,3.80482,3.76935,3.79605
2025-05-16,3.79615,3.83375,3.78202,3.82624
2025-05-19,3.8192,3.837,3.7725,3.77918
2025-05-20,3.77795,3.78958,3.75491,3.7559
2025-05-21,3.7559,3.75895,3.73429,3.7443
2025-05-22,3.7443,3.77845,3.73986,3.76675
2025-05-23,3.76645,3.77287,3.7391,3.74624
2025-05-26,3.74275,3.74323,3.72439,3.72795
2025-05-27,3.728,3.7513,3.71917,3.74867
2025-05-28,3.7478,3.7643,3.74175,3.75396
2025-05-29,3.7543,3.78174,3.72621,3.73005
2025-05-30,3.72925,3.75649,3.72439,3.74174
2025-06-02,3.76059,3.76263,3.713,3.71751
2025-06-03,3.71605,3.76319,3.71421,3.75567
2025-06-04,3.75398,3.77055,3.74035,3.7459
2025-06-05,3.74535,3.75445,3.7232,3.742
2025-06-06,3.7421,3.77065,3.73637,3.76468
2025-06-09,3.76194,3.76516,3.73423,3.73785
2025-06-10,3.73785,3.7545,3.71567,3.7282
2025-06-11,3.7283,3.73617,3.6942,3.70072
2025-06-12,3.70074,3.70835,3.67043,3.68175
2025-06-13,3.68165,3.723,3.6711,3.6997
2025-06-16,3.70182,3.70581,3.67445,3.69374
2025-06-17,3.69374,3.72668,3.69298,3.72339
2025-06-18,3.72295,3.7304,3.70655,3.723
2025-06-19,3.72306,3.73863,3.71682,3.7193
2025-06-20,3.71909,3.72051,3.69614,3.70563
2025-06-23,3.72417,3.73641,3.68962,3.69145
2025-06-24,3.69135,3.6921,3.65197,3.66295
2025-06-25,3.6629,3.66835,3.64325,3.64545
2025-06-26,3.64624,3.6471,3.6121,3.62672
2025-06-27,3.62652,3.63187,3.60816,3.62293
2025-06-30,3.61445,3.62306,3.6001,3.60215
2025-07-01,3.6021,3.6184,3.5844,3.60113
2025-07-02,3.60029,3.63139,3.59782,3.6138
2025-07-03,3.61335,3.62848,3.59995,3.6077
2025-07-04,3.60745,3.61156,3.59903,3.60375
2025-07-07,3.60122,3.63917,3.59878,3.62984
2025-07-08,3.62989,3.6343,3.60521,3.6207
2025-07-09,3.62095,3.62905,3.6166,3.6205
2025-07-10,3.62068,3.64705,3.61197,3.63345
2025-07-11,3.63335,3.65246,3.62947,3.64817
2025-07-14,3.65596,3.66451,3.63713,3.64973
2025-07-15,3.64847,3.67809,3.63605,3.67415
2025-07-16,3.67415,3.68462,3.63453,3.65668
2025-07-17,3.65705,3.6799,3.65355,3.67085
2025-07-18,3.67085,3.67085,3.6417,3.65246
2025-07-21,3.65147,3.654,3.62209,3.62985
2025-07-22,3.62985,3.64319,3.61665,3.61935
2025-07-23,3.61875,3.63247,3.60935,3.611
2025-07-24,3.6109,3.62815,3.6081,3.62439
2025-07-25,3.62343,3.6333,3.61752,3.61841
2025-07-28,3.61071,3.6794,3.60853,3.67825
2025-07-29,3.6764,3.71969,3.67241,3.70565
2025-07-30,3.70537,3.7483,3.6945,3.745
2025-07-31,3.745,3.74908,3.72322,3.74565
2025-08-01,3.74585,3.75505,3.68405,3.69282
2025-08-04,3.68385,3.70305,3.68265,3.6946
2025-08-05,3.6935,3.70995,3.6892,3.69835
2025-08-06,3.6984,3.70205,3.66294,3.6652
2025-08-07,3.6652,3.66826,3.64431,3.6485
2025-08-08,3.64917,3.65857,3.63854,3.64704
2025-08-11,3.64482,3.6751,3.63615,3.6636
2025-08-12,3.66255,3.67529,3.6376,3.6449
2025-08-13,3.64508,3.64604,3.62455,3.6335
2025-08-14,3.63415,3.66616,3.62951,3.65736
2025-08-15,3.65656,3.65918,3.63233,3.63952
2025-08-18,3.63492,3.64919,3.63479,3.64462
2025-08-19,3.64473,3.64933,3.62906,3.6442
2025-08-20,3.64415,3.65657,3.63745,3.6458
2025-08-21,3.64605,3.67007,3.64421,3.66613
2025-08-22,3.66575,3.68035,3.62483,3.63566
2025-08-25,3.6354,3.6726,3.63171,3.6668
2025-08-26,3.66608,3.67855,3.64895,3.6567
2025-08-27,3.65715,3.6911,3.6555,3.66627
2025-08-28,3.66611,3.67185,3.6471,3.65034
2025-08-29,3.6497,3.6629,3.64229,3.64409
2025-09-01,3.64769,3.64837,3.62725,3.64045
2025-09-02,3.6404,3.6743,3.6365,3.6606
2025-09-03,3.66114,3.6712,3.64005,3.64717
2025-09-04,3.64697,3.65735,3.64433,3.64824
2025-09-05,3.64923,3.6494,3.61295,3.62681
2025-09-08,3.62921,3.63496,3.61008,3.61113
2025-09-09,3.61321,3.63078,3.60638,3.62715
2025-09-10,3.6274,3.6492,3.6267,3.64235
2025-09-11,3.64235,3.6564,3.62322,3.62585
2025-09-12,3.6258,3.63953,3.61885,3.62522
2025-09-15,3.62715,3.63137,3.60685,3.6112
2025-09-16,3.61075,3.6128,3.5792,3.58255
2025-09-17,3.58368,3.60308,3.56572,3.59947
2025-09-18,3.59938,3.62663,3.5911,3.6146
2025-09-19,3.6144,3.63715,3.61322,3.62828
2025-09-22,3.63165,3.63777,3.60612,3.60736
2025-09-23,3.60795,3.61376,3.60034,3.60435
2025-09-24,3.60411,3.64038,3.60342,3.6358
2025-09-25,3.6358,3.6697,3.62425,3.66297
2025-09-26,3.66319,3.66477,3.64501,3.64564
2025-09-29,3.64755,3.64775,3.63109,3.64049
2025-09-30,3.64065,3.6449,3.62665,3.63463
2025-10-01,3.63466,3.63729,3.61608,3.6313
2025-10-02,3.6313,3.64622,3.61928,3.63416
2025-10-03,3.63406,3.63527,3.61755,3.62213
2025-10-06,3.6282,3.65075,3.62583,3.63301
2025-10-07,3.63304,3.6508,3.63011,3.64858
2025-10-08,3.64835,3.66755,3.64698,3.65817
2025-10-09,3.65814,3.6876,3.65161,3.68078
2025-10-10,3.67985,3.68706,3.66908,3.67222
2025-10-13,3.67073,3.68813,3.6635,3.68088
2025-10-14,3.68097,3.69696,3.67002,3.67185
2025-10-15,3.67186,3.67368,3.64984,3.65309
2025-10-16,3.65331,3.65421,3.63208,3.63425
2025-10-17,3.63439,3.6417,3.62618,3.6338
2025-10-20,3.64115,3.64857,3.63007,3.63806
2025-10-21,3.63893,3.6581,3.63464,3.65432
2025-10-22,3.65432,3.66223,3.6356,3.64512
2025-10-23,3.64512,3.65491,3.63758,3.64118
2025-10-24,3.64123,3.65697,3.63553,3.64811
2025-10-27,3.64705,3.65482,3.63271,3.63473
2025-10-28,3.6347,3.64472,3.62553,3.63224
2025-10-29,3.63224,3.66522,3.62917,3.65593
2025-10-30,3.6559,3.67642,3.6457,3.66983
2025-10-31,3.66984,3.69602,3.66534,3.6883
2025-11-03,3.6899,3.6998,3.68637,3.69289
2025-11-04,3.69286,3.71374,3.6897,3.71008
2025-11-05,3.71008,3.71379,3.70038,3.70223
2025-11-06,3.70226,3.70273,3.67895,3.68095
2025-11-07,3.6804,3.68611,3.6614,3.66603
2025-11-10,3.66918,3.67314,3.65698,3.6644
2025-11-11,3.66553,3.6682,3.64305,3.652
2025-11-12,3.65132,3.66018,3.64993,3.65274
2025-11-13,3.6525,3.65605,3.6268,3.63663
2025-11-14,3.6363,3.64805,3.6323,3.63613
2025-11-17,3.63595,3.65498,3.63376,3.65364
2025-11-18,3.65351,3.66629,3.64626,3.66083
2025-11-19,3.66131,3.67462,3.6465,3.66481
2025-11-20,3.6644,3.67776,3.66352,3.67341
2025-11-21,3.67427,3.69787,3.66767,3.67998
2025-11-24,3.68095,3.68459,3.66261,3.67468
2025-11-25,3.67515,3.68049,3.64597,3.6509
2025-11-26,3.65089,3.665,3.64097,3.6503
2025-11-27,3.65033,3.65503,3.6445,3.64683
2025-11-28,3.64789,3.66819,3.64427,3.65147
2025-12-01,3.65135,3.65653,3.62865,3.64324
2025-12-02,3.64325,3.65944,3.63982,3.64131
2025-12-03,3.64133,3.64133,3.61924,3.62108
2025-12-04,3.62108,3.63729,3.61913,3.63519
2025-12-05,3.63517,3.63828,3.62439,3.63309
2025-12-08,3.63152,3.64961,3.62344,3.64172
2025-12-09,3.64162,3.64488,3.63205,3.63551
2025-12-10,3.63554,3.63785,3.61031,3.61203
2025-12-11,3.61208,3.62117,3.59045,3.59983
2025-12-12,3.60031,3.60605,3.59484,3.59821
2025-12-15,3.59775,3.60063,3.58408,3.58987
2025-12-16,3.58987,3.59615,3.57371,3.58603
2025-12-17,3.58572,3.60307,3.58237,3.58856
2025-12-18,3.5876,3.5914,3.57387,3.58489
2025-12-19,3.58505,3.59814,3.58292,3.59128
2025-12-22,3.59058,3.59142,3.58256,3.58572
2025-12-23,3.58562,3.59348,3.57836,3.58032
2025-12-24,3.58078,3.58479,3.56954,3.57876
2025-12-26,3.57792,3.58791,3.57483,3.58065
2025-12-29,3.581,3.59841,3.57615,3.59191
2025-12-30,3.5907,3.59604,3.58417,3.59596
2025-12-31,3.59607,3.60486,3.58768,3.58986
